post_id,platform,search_keyword,title,content,price,upload_date,view_count,like_count,comment_count
229822961,중고나라,이사 정리,죠죠의 기묘한 모험 이치방쿠지 쿠죠 죠타로,"제일복권(이치방쿠지) 죠죠의 기묘한 모험 -STAND RUSH!- 시리즈의 메인 주인공, A상 쿠죠 죠타로 피규어 판매합니다. 

3부 죠타로 특유의 늠름한 자태와 압도적인 위압감이 MASTERLISE 조형으로 완벽하게 재현된 제품입니다. 근육 묘사나 옷의 질감이 정말 훌륭해서 장식장에 하나만 둬도 존재감이 엄청납니다!

상태 좋습니다. 3월쯤 미개봉 상태로 구매해서 전시중인 제품입니다.",60000,2026.06.19,2,0,0
229410976,중고나라,이사 정리,MSP 죠르노 죠바나 피규어,"단순 개봉 상태입니다. 상태 좋고 사이즈 커서 전시효과도 좋아요.
편하게 연락 주세요",45000,2026.06.19,34,1,0
229822603,중고나라,이사 정리,캐논 RF100-400mm F5.6-6.8 알백사 판매합니다.,"상품명 : 캐논 RF100-400mm F5.6-F8.0 IS USM + 니콘 아크레스트 II + 호환후드 판매합니다. ( 박스없음 )

구매시기 : 2024-08-22 ( 직접구매 ) , 보증기간 : ~ 2026-08-22

주력 화각이 아니라, 자주 사용하지않고 가끔 들고나간게 전부인것같습니다. 
확인해보니 내부 먼지 몇개 있는것말고는 도장이나 컨디션은 큰 긁힘 없이 매우 깨끗하고 좋습니다. 
필터만 10만원가량 하는 제품 ( 니콘 아크레스트 II , 67mm ) 체결해두었으며, 보증기간역시 남았습니다. 

동탄 1동 직거래 , 세종시 조치원 직거래 , 강남 을지대병원앞 직거래 가능합니다. 
혹은 반품불가 택배거래로 판매합니다. ( 택배비는 판매자 부담 )

010-52삼팔-영삼55 로 문자주세요. 렌즈등 거래 내역 많으니 사기는 아닙니다. 

네고 문의 할 경우 답장 해 드리지 않습니다.",800000,2026.06.19,8,0,0
229579175,중고나라,이사 정리,로보휠 프로 신형(새상품),"로보휠 프로입니다 
자동으로 접히고 펼치는게 가능하고 리모컨 조종 기능도 있어요 구입하고 3번정도 사용했어요
직거래만 가능하며 충전기 자동펌프 배터리는 2개에요
하나는 아예 새거이고요 배터리는 별도로 판매해요",2600000,2026.06.19,36,0,4
229821599,중고나라,이사 정리,"ps4 블러드본,위처3 고티,다크소울3 게임 타이틀 일괄 팝니다~~~~~","상태 : 매우좋음.
직거래: 대전 산내동에서만 가능합니다.
네고X,반품X.",60000,2026.06.19,11,0,0
227667368,중고나라,이사 정리,(미개봉)폴메디슨 판텔라 왁싱크림 160ml,"작년에 온라인쇼핑몰에서 개당 11000원에 구매한 제품입니다
미개봉은 5개, 20%정도 남은 사용품 1개 있습니다

2년넘게 사용하면서 저에게는 아무 문제 없었으나 사람에 따라선 피부자극이나 트러블이 일어날수 있으니 주의해주세요!

미개봉 5개는 개당 5000원, 사용한 제품은 1000원에 판매합니다

개별판매 가능합니다
전부 구매하시는분 환영합니다

택배거래 직거래 둘 다 가능합니다
택배거래시 당일에 바로 보내드립니다
직거래시 조치원역에서 가능합니다
언제든 연락주세요!

배송비는 3000원이라 써놨으나 실제 거래할때 나온만큼만 부담해주시면 됩니다",5000,2026.06.19,14,0,0
227664228,중고나라,이사 정리,EBSi 윤혜정 개념의 나비효과 입문편+수능개념 세트,"혜정쌤의 개념의 나비효과 입문편+수능개념 세트입니다
최신판(24년도)이 아닌 구판(19년도)입니다
새책이 아닙니다ㅠ 아래 유의점을 꼭 확인해주시고 구매부탁드립니다 (아래내용과 함께 사진도 참고 부탁드려요)

1. 책표지가 더럽습니다
과거 책표지에 유성펜으로 다짐글을 적었는데 이제와서 지우려하니 잘 안 지워져서 그냥 같은 유성펜으로 덮어씌웠습니다ㅠ

2. 입문편만 해당되는데 시문학만 58쪽까지 풀었습니다
볼펜으로 풀었고 답과 풀이를 적었습니다 (수능개념편은 아예 안 풀었습니다)
추가로 입문편 표지가 약간 더럽습니다

이런 하자사유들로 인해 싸게 판매합니다
따로는 판매하지않고 일괄로 판매합니다!
세개 다 합쳐서 1500원입니다

택배거래 직거래 둘 다 가능합니다
택배거래시 당일에 바로 보내드립니다
직거래시 조치원역에서 가능합니다
언제든 연락주세요
(제 판매물품중에 다른 미사용교제도 판매하고 있으니 관심있으시다면 한번 들러주세요!)

배송비는 3000원이라 써놨으나 실제 거래할때 나온만큼만 부담해주시면 됩니다",1500,2026.06.19,27,0,0
227664037,중고나라,이사 정리,(미개봉)치카두 어금니치간칫솔 5개,"2달전에 온라인쇼핑몰에서 개당 500원 초반쯤에 구매했던 제품입니다
총 5개이며 미개봉입니다
따로 팔진않고 한꺼번에 전부 판매합니다!

택배거래 직거래 둘 다 가능합니다
택배거래시 당일에 바로 보내드립니다
직거래시 조치원역에서 가능합니다
언제든 연락주세요!

배송비는 3000원이라 써놨으나 실제 거래할때 나온만큼만 부담해주시면 됩니다",2000,2026.06.19,36,0,0
227663979,중고나라,이사 정리,(미사용)수능 기출문제집교제 모음,"*판매완료된 교제는 실시간으로 지우고 있습니다 사진속에 있는 모든 교제는 현재 판매중인 교제들입니다*

수능을 안 보게되어 판매합니다
사놓고 포장만 뜯고 한번도 사용하지않아 새책입니다
26년에 있을 27수능까지 대비가능한 기출문제집입니다

문제집 종류는 사진속에 있는대로 입니다
올림포스, 수능특강, 수능완성, 마더텅, 완자
과목은 수학(상+하), 미적분, 물리학1, 화학1, 국어 독서+문학+화법과 작문, 영어+듣기+독해 이렇게 있습니다
사진속에 있는걸 전부 판매합니다

나온지 몇년지난 책이기도하고 빨리 판매하고싶어 책종류와 관계없이 개당 2000원에 판매합니다
개별판매 가능합니다
대량 구매하시는분 환영합니다

택배거래 직거래 둘 다 가능합니다
택배거래시 당일에 바로 보내드립니다
직거래시 조치원역에서 가능합니다

24시간 언제든 연락주세요!

배송비는 3000원이라 써놨으나 실제 거래할때 나온만큼만 부담해주시면 됩니다",2000,2026.06.19,52,0,1
227662048,중고나라,이사 정리,(거의새제품)BANGE 하드케이스 백팩,"반년전에 47000원주고 구매한 제품입니다
BANGE 브랜드입니다
노트북 가지고다니려고 구매했었고 이제는 노트북을 팔아버려서 가방도 안 쓰게되어 판매합니다
(사실 야심차게 구매해놓고 정작 가지고 다닌게 일주일에 한번 있을까말까할 정도로 가끔씩만 썻습니다 들고나간 횟수가 총 20회도 안됩니다 그래서 사용감이 거의 없습니다)

가방도 가볍고 하드케이스도 튼튼합니다 잠금장치도 있습니다
깨끗하게 썻고 바닥에도 내려놓은적 없습니다
청소해놨고 내용물도 다 비웠습니다

택배거래 직거래 둘 다 가능합니다
택배거래시 당일에 바로 보내드립니다
직거래시 조치원역에서 가능합니다
언제든 연락주세요!

배송비는 3000원이라 써놨으나 실제 거래할때 나온만큼만 부담해주시면 됩니다",20000,2026.06.19,49,0,0
229820061,중고나라,이사 정리,로열캔닌4kg 닭 고양이사료 2개,"로열캐닌 건조어 4키로 2개 닭 입니다실내용 고양이 사료예요. 새상품입니다 갑자기 무지개다리건너서ㅜ처분합니다 구매한지는 7주일밖에안됐습니다 구매가는 126.000원주고 구매했는데 100.000원에 2개 같이 판매합니다. 고양이에게 딱 맞는 제품이에요.
내고 안되요 직거래로 현금만받을게요 고맙습니다",100000,2026.06.19,3,0,0
229775537,중고나라,이사 정리,(미개봉) 닌텐도스위치2 + 포켓몬스터 za 일괄 판매,"사이트유도 중국인거래x

오늘받은 새상품 미개봉 입니다
대전직거래나 택배(착불)
일괄급처",750000,2026.06.19,32,1,2
229819624,중고나라,이사 정리,네이버 포인트삽니다,"선물식으로 삽니다 선받아여 사기치는거 없어요 
안전거래가능합니다 
구매하고싶은 가구가 있어서 포인트사요
100만포인트 사요",800000,2026.06.19,2,0,0
229454421,중고나라,이사 정리,"이사 정리 합니다. 새 제품 스텐 밀폐용기6종세트 택포함 29,000원 입니다 .","스테인리스 밀폐용기 대용량 세트예요. 다양한 사이즈의 용기들이 포장되어 있어서 실용적으로 사용하기 좋을 것 같아요. 새 제품 상태로 깔끔하게 보관되어 있습니다.

24시간 아무때나 쳇 주세요 쳇 이여서 답변이 늦더라도 조금만 기다려주세요.

주소지 전송시 대화창 옆에 있는 +버튼 누르면 주소 전송 버튼 나와요. 그거 누르면 됩니다. 그냥 보내면 보이지 않게 나와요. 참고 바랍니다.",29000,2026.06.19,40,0,0
229282556,중고나라,이사 정리,스페셜라이즈드 에스웍스 타막 SL7 56사이즈,"21년 1차구입후 처음 100~150키로 주행후 봉인상태

클릿으로인한 초기 자빠링흔적있습니다 프레임 아니고 휠이랑 레버쪽에만 기스있습니다

무광블랙 카멜레온색입니다

그외 신품급 상태입니다(배터리 충전기 전부다있습니다)

스램레드 12단이며 에스웍스 카본 물통게이지포함

코로나대 구입해서 7개월 대기타고 할인1도없이구입했습니다

(페달 듀라에이스)

쿼크파워미터 기본포함

완차 상태이며 판매전 모든 정비 셋팅 완료되어 바로 타시면 됩니다 타이어는 상처있음

대차안하고 판매만합니다

가까운곳 예약금 받고 가져다드립니다_

쌉소리하면 바로차단

네고없으니 네고문의는 서로 피곤합니다_",7990000,2026.06.19,1096,0,0
229717370,중고나라,이사 정리,죠죠 이치방쿠지 귀도 미스타,"죠죠의 기묘한 모험 이치방쿠지 귀도 미스타 피규어입니다. 꼼꼼하게 포장해서 보내드립니다. 

매물 거의 없어서 희소성 있는 피규어입니다.

도색미스 안보이고, 박스 제외 모든 구성품 있습니다.

편하게 연락 주세요",120000,2026.06.19,68,0,1
229682269,중고나라,이사 정리,[이사정리] 각종 명품상자 쇼핑백 나이키박스 아이폰박스 도서 중고책,"이사준비중이라 일부 정리할 예정입니다
제 상점의 상품들 검색해보시고 필요한 상품 문의주세요

직접 오시거나 대량구매시 저렴하게 판매가능합니다
물품 소재지 서울 강동구

개별구매 혹은 택배구매는 기존에 올려져 있는 가격과 큰 차이 없습니다",10000,2026.06.19,26,0,0
229478646,중고나라,이사 정리,HG 건드노드 반다이/건담/건프라/미개봉,"박스에 이상 없음 / 모두 검수 완료

거래 후 단순 변심으로 인한 환불은 일절 받지 않습니다

타 제품과 교환 및 네고 안 받습니다",23000,2026.06.19,37,1,0
229812675,중고나라,이사 정리,HG 캠퍼 어메이징 반다이/건담/건프라/미개봉,"박스에 이상 없음 / 모두 검수 완료

거래 후 단순 변심으로 인한 환불은 일절 받지 않습니다

타 제품과 교환 및 네고X / 결제 문의 가능",24000,2026.06.19,4,1,0
229414382,중고나라,이사 정리,문호스트레이독스 러버 마스코트 문스독/굿즈/미개봉,"DEAD APPLE 러버 마스코트 세트 A, B, C / 미개봉

거래 후 단순 변심으로 인한 환불은 일절 받지 않습니다

타 제품과 교환 및 네고X / 구매 문의 가능",56000,2026.06.19,25,0,0
229784840,중고나라,이사 정리,HG 건탱크 초기형 반다이/건담/건프라/미개봉,"박스에 이상 없음 / 모두 검수 완료

거래 후 단순 변심으로 인한 환불은 일절 받지 않습니다

타 제품과 교환 및 네고X",29000,2026.06.19,11,0,0
229784851,중고나라,이사 정리,HG 건담 7호기 반다이/건담/건프라/미개봉,"박스에 이상 없음 / 모두 검수 완료

거래 후 단순 변심으로 인한 환불은 일절 받지 않습니다

타 제품과 교환 및 네고X",28000,2026.06.19,16,0,0
229811365,중고나라,이사 정리,멍낭연구소 반려동물 만화책 1권,귀여운 고양이와 강아지 캐릭터가 나오는 반려동물 만화책이에요. 표지 상태도 깨끗하고 내용도 알차서 아이들이 좋아할 것 같아요!,7000,2026.06.19,4,0,0
228504249,중고나라,이사 정리,"5600, 256ssd,gtx1060 반본체(미개봉) 판매합니다.","안녕하세요.
미개봉 몇가지를 포함하여 반본체 판매합니다.
미개봉은 모두 4월 말에 컴퓨존에서 구매했습니다.

1. cpu : 5600 정품 멀티팩(미개봉)
2. 쿨러 : DEEPCOOL AG400 Digial(미개봉)
3. 메인보드 : Asus PRIME A520-A II 대원시티에스(미개봉)
4. HDD : WD 2T(미개봉, 3월에 구입)
5. SSD : 삼성 PM9A1 새거(크리스탈인포 보시면 사용시간 0입니다)
6. 파워 : 마이크로닉스 Astro GD 650W 80plus Gold(풀 모듈러)
7. VGA : 갤럭시 GTX1060 3G",550000,2026.06.19,388,3,2
228694786,중고나라,이사 정리,"WD 2T(테라), 4T하드 hdd 미개봉 3개 판매합니다.","3월에 구입한 HDD 판매합니다.
모두 미개봉입니다.

1. WD purple 2T(wd23purz) : 150,000
2. WD Blue 2T(wd20ezbx) : 140,000
3. WD purple 4T(wd44purz) : 220,000

모두 국내정품이고 도우정보와 대원CTS에서 
AS받을수 있습니다.",150000,2026.06.19,404,5,0
229807320,중고나라,이사 정리,나이트 그리폰,방치해서 하자없고 상태 좋습니다,35000,2026.06.19,6,1,0
229107156,중고나라,이사 정리,업소용 착화기 숯대감 겸용,"24년식 최신형 숯대감

금액 100만원

도시가스, LPG 둘 다 사용가능

010 9282 238영",950000,2026.06.19,91,0,1
229247591,중고나라,이사 정리,반다이 MG 시난주,"시난주 판매합니다, 박스만 열어본 미개봉 상품이에요.

택배가능, 착불입니다.

* 직거래장소 조치원입니다.",56000,2026.06.19,156,0,3
126110216,중고나라,이사 정리,오시아지거 인피니티 B652 판매 윤성정품,"👆중고나라 앱이 있다는 걸 아시나요? 상단 중고나라 앱 다운받기 클릭! 
👆앱에서 구매를 원하는 댓글이 달릴 수도 있어요! 더보기 클릭하고 미리 알아두기! 
─────────────────── 
※ 유튜브, 블로그, 인스타그램 등 상품 정보 제공 목적 링크 가능(외부 거래를 유도하는 링크 제외) 
※ 등록한 게시글이 회원의 신고를 받거나 이상거래로 모니터링 될 경우 중고나라 사기통합조회 DB로 수집/활용될 수 있습니다.


오시아지거 인피니티 B652
원피스 로드입니다.

상태 좋고. 윤성정품. 미사용 보증서 있습니다. ~
30만원

직거래 원합니다. 
직거래 세종 조치원 입니다.",300000,2026.06.19,88,0,1
229505618,중고나라,이사 정리,23 염월 프리미엄150PG 우핸 직수. 염프,"23 염월 프리미엄150PG 우핸 
직수 상품 입니다

본체는 신동품이라 보셔도 무방합니다 
핸들 노브에만 아주 약간 사용감 있습니다

필요 하신 분 연락주세요",250000,2026.06.19,213,7,4
229505146,중고나라,이사 정리,23 염월 프리미엄150PG 우핸 윤성점품. 염프,"23 염월 프리미엄150PG 우핸 
윤성정품 입니다

신동품이라 보셔도 무방합니다 
기스 같은거 없습니다

필요 하신 분 연락주세요",300000,2026.06.19,139,5,1
229540708,중고나라,이사 정리,"오시아지거리미티드 B62-2,3 / 2,3파워","오시아지거리미티드 B62-2,3 / 2,3파워

오시아지거 리미티드 B62-2 직수 / 45만원
오시아지거 리미티드 B62-3 직수 / 47만원
오시아지거 리미티드 B62-3 윤성 / 53만원
시마노 로드케이스 BR-035U 195W / 8만원

원피스로드와 케이스 입니다
전체적으로 깨끗하고 눈에 띄는 기스 없으나 
사용한 것이니 약간의 사용감은 있습니다
버트부 PPF필름 작업해서 사용했습니다

보증서 0
케이스(천집) 0
가급적 직거래가 좋겠지만 사진상의 
시마노케이스(8만) 함께 구매하시면 택배 가능합니다",450000,2026.06.19,110,3,1
216696481,중고나라,이사 정리,울란지 CA25 쿨링팬 ulanzi ca25 카메라,"울란지 CA25 쿨링팬 ulanzi ca25 카메라 쿨링팬 

위 사진들은 제가 사용하려고 개봉한것을 촬영한 것이고
구매시 
미사용 미개봉 상품으로 보내드려요!",48000,2026.06.19,114,0,1
229533565,중고나라,이사 정리,에스프레소 수동 EC155 (미사용 보관품) 팝니다.,"에스프레소 반자동 드롱기 EC155 이에요. 
박스 포장 그대로 보관만 하던 미사용 상태로 깨끗합니다. 홈카페 즐기시는 분께 추천드려요!

드롱기 EC155 반자동 에스프레소 머신은 입문용으로 인기가 높은 가성비 좋은 수동(반자동) 가정용 커피머신입니다.

주요 핵심 특징

15바(Bar)의 고압력 추출: 가정용 머신임에도 15바의 높은 압력을 지원하여 안정적인 에스프레소 성분 추출이 가능합니다.

가압식(Pressurized) 포타필터: 분쇄도나 탬핑 실력이 조금 미숙하더라도 인위적으로 내부 압력을 만들어내어 풍부한 크레마를 형성해 줍니다.

듀얼 기능 필터 홀더: 분쇄 원두(그라운드 커피) 뿐만 아니라, 간편한 하드 파드(E.S.E. pod) 커피도 함께 사용할 수 있어 호환성이 좋습니다.

내장형 스팀 노블(카푸치노 시스템): 우유 거품을 만들 수 있는 스팀 회전 노즐이 있어 라떼나 카푸치노 등 밀크 베리에이션 음료 제조가 가능합니다.

콤팩트한 미니 사이즈: 주방 공간을 많이 차지하지 않는 작은 크기로 원룸이나 좁은 공간에 배치하기 유리합니다.

스테인리스 스틸 보일러: 내부 보일러가 내구성이 높은 스테인리스 스틸 재질로 되어 있어 위생적이고 오래 사용할 수 있습니다.

기타문의는 채팅 또는 공일공:사팔팔삼:칠팔오이 메세지 주세요.",55000,2026.06.19,46,1,4
229799334,중고나라,이사 정리,플라우드 노트핀 S AI 녹음기 PLAUD NOTEPIN S 64GB,"회의 때 사용하려고 삿는데, 회의할일이 없어져서 판매합니다. 
2달 되었고 풀박스입니다. 
세종 대전 청주 직거래도 가능합니다.",220000,2026.06.19,22,0,2
229796677,중고나라,이사 정리,맥북 프로 m5 24gb 512gb 박스x,"사용감 거의 없이 깨끗합니다

사진 요청시 찍어보여드리겠습니다",2000000,2026.06.19,26,0,2
229207454,중고나라,이사 정리,메리다 리엑토6000 DIS105 로드자전거,"메리다 리엑토6000 dis105 전동 구동계 블랙 판매합니다
25년 4월 구매 후 봄에 700키로 주행 후 가을에 20키로 주행 후 실내보관만 하고있어 판매합니다 아들과 함께 타주려고 구매하여 올해는 힘들어서 못타겠어 판매합니다 함께구매한 메트헬맷(10만원 후반 블랙)함께 드리겠습니다
평일에는 세종시 거래 주말에는 미리 연락주시면 천안시 직거래 가능합니다
1시간 이내거리 가져다 드릴수 있습니다
타면서 넘어진적 없어 당연히 기스 없습니다
(옆에 자전거는 아들용 리엑토4000입니다)",2300000,2026.06.19,318,3,2
229430547,중고나라,이사 정리,1톤트럭캠퍼(차량제외),"포터2 봉고3 차량을 기반으로 제작된 트럭캠퍼 캠핑카 입니다
내부에는 TV, 에어컨, 싱크대 등 편의시설이 갖춰져 있어 편안한 캠핑을 즐기실 수 있어요
아늑한 우드톤 인테리어로 따뜻하고 포근한 분위기를 선사합니다
캠핑이나 차박을 좋아하시는 분들께 추천드려요
-한전전기인입
-양방향절체기
-태양광200w
-mppt태양광 컨트롤러
-순수정현파인버터1200w
_가정용벽걸이에어컨6평
-맥스팬
-무시동히터5k
-바닥난방
-TV
-금영 업소용 노래방
-씽크대
-청수탱크90리터 오수90리터
배터리는 없습니다
협의후 설치 가능
사용하시던 파워뱅크 가져오시면 장착 가능합니다.
한전전기 인입으로 농막으로 사용해도 좋을 듯 합니다
문의 010 오사56 일공28",15000000,2026.06.19,193,3,0
229306903,중고나라,이사 정리,"맥스튜디오 M3 울트라 ultra 96GB 2TB 32코어 cpu, 80코어 gpu","맥스튜디오 M3 울트라 칩셋입니다.
RAM 96GB, 32코어 cpu, 80코어 gpu 입니다.
저장용량 2TB입니다.
아직 싱글코어 점수도 현재 나온 맥 중
가장 좋은 걸로 알고 있습니다.
2026년 2월 21일 주문해,
2026년 2월 22일에 받은 상품이고,
애케플 넉넉합니다...!
3d 디자인 작업용으로 구매했는데,
렌더러들이 모두 엔비디아 기반이다보니
제 주사용처에는
제성능을 하지 못하는 것 같아 판매합니다.
코어수도 높고, 웬만한 환경에선 진짜 튼튼하게 버팁니다.

가능하다면 만나뵙고 직접 확인하신 뒤 거래하는 게 좋을 것 같습니다.
직거래는 세종시 조치원읍 홍대 쪽에서 가능하며,
택배거래는 가능은 하나, 구매자님도 저도 조금 불안한 거래가 되지 않을까 싶어, 조금 기피하고 싶긴 합니다...!
가격은 시세 선에서 판매하고 싶습니다.",8700000,2026.06.19,4210,17,2
229582480,중고나라,이사 정리,마샬 스텐모어 3 새상품_정품 아니면 100% 환불,"마샬 스텐모어 3 새상품 판매합니다!
(ㅇㅈㄱㅈ시 수수료로 가격 인상)

정품이 아니거나, 미개봉이 아닐 시, 7일 이내 100% 환불 가능합니다!",450000,2026.06.19,25,0,0
229228246,중고나라,이사 정리,오토테크닉 스트럿바,"오토테그닉 스트럿바 입니다
F바디 M2에 사용 했습니다
볼트자국 외 기스 없습니다
이제 단종되서 신품은 구매 불가 입니다
검색 좀만하시면 자세한 설명 나올꺼에요..^^",200000,2026.06.19,10,0,1
229791617,중고나라,이사 정리,ASUS 4060TI 8GB,"asus 4060ti 8gb입니다
1년정도 썼고 무리는 안시켰어요
박스는 본가에 놔둬서 필요하시면 좀 걸립니다
보증서 설명서 다 있어요",440000,2026.06.18,24,2,2
229723506,중고나라,이사 정리,대림/씨티에이스2 딱 80만원 대한민국 최고의 명차 시티에이스 팝니다,"80만원에 신차같은 확실한 명차 느낌이 확 다르실것입니다
놓치지 마시고 먼저보시는분이 사가세요
뒤공구통은 열쇄 분실로 떼고 대신 고급 헬멧 새거 드려요

대림 씨티에이스2
2015년식
15000km
01공-팔팔23-일삼17
전화나 문자주세요
서류완비",800000,2026.06.18,39,1,0
228675891,중고나라,이사 정리,와후 키커무브 스마트 트레이너,"와후 키커무브 스마트 트레이너 판매해요
사진에 보이는 구성품 입니다

사진에 보이는 와후 제품은 서비스 입니다
선이 무브에 찝혀서 절연테이프 감은 부분이 있습니다
사진 첨부 해두었으니 참고해주세요

작동은 이상 없고 환불 교환 안받으니 고민 많이 해보시고 구매 요청주세요~
(서비스 제품 문제로 환불 교환 안받습니다)
와후 센서랑/로드 여분으로 있던 스프라켓

스마트로라 타보신분은 아시겠지만 고정형보더 더 자전거 타는 느낌나고 프레임에 무리도 안갑니다.
 개인 사정으로 얼마 못달린거 같습니다 로드 접으면서 방출 합니다",800000,2026.06.18,168,4,4
229662716,중고나라,이사 정리,[상태좋음] 소니 A7M3 9천컷,"박스도 함께 있고 상태 양호해요. 

구매 후 사용 빈도가 많지 않아 전체적으로 상태 좋습니다.

셔터컷 확인 결과 9000컷으로 매우 적은 편이며, 사진/영상 촬영 모두 정상 작동합니다.

메모리카드는 없습니다! 원하시면 3만원으로 추가 해 드립니다! 

■ 구성품

소니 A7M3 바디

정품 박스

배터리 , 더미 배터리

충전기

스트랩

바디캡

렌즈 후드

블로워


■ 상태

센서 상태 양호

AF 및 각종 기능 정상 작동

LCD / EVF 이상 없음

버튼 및 다이얼 이상 없음

큰 찍힘이나 파손 없음

셔터컷도 적어 오래 사용하실 분께 추천드립니다.



판매가 : 125만원


대전 직거래 & 택배 거래 가능합니다.

네고 문의는 정중히 부탁드립니다.



관심 있으신 분은 편하게 채팅 주세요 !!!",1250000,2026.06.18,113,0,2
229789195,중고나라,이사 정리,"홀로라이브 이치방쿠지 시라카미 후부키,오오카미 미오 일괄","사라카미 후부키, 오오카미 미오 피규어, 아크릴보드 일괄 판매합니다
미개봉 소장 중이며 하위상도 같이 넣어드립니다",130000,2026.06.18,35,1,1
229193025,중고나라,이사 정리,ps4 더 위처3 와일드헌터 고티 게임 타이틀 팝니다~~~~~,"ps4 더 위처3 와일드헌터 고티.
 상태: 매우좋음.
 가격 15,000원.

*네고 문의 답변 안합니다.

반값택배: 2,000원추가. (gs25만 가능).
일반택배: 4,000원추가.
직거래: 대전 산내동에서만 가능 합니다.",15000,2026.06.18,39,2,0
229395614,중고나라,이사 정리,ps4 다크소울3 고티 팝니다~~~~~,"ps4 다크소울3 고티 에디션.
상태: 매우좋음.

*네고 문의 답변 안합니다.",18000,2026.06.18,64,3,1
229395717,중고나라,이사 정리,ps4 블러드본 올드헌터스 팝니다~~~~~,"ps4 블러드본 올드헌터스.
상태: 매우좋음.

*네고 문의 답변 안합니다.",30000,2026.06.18,66,4,0
229177445,중고나라,이사 정리,ps4 게임 타이틀 팝니다~~~~~,"ps4
 세키로. (판매완료)
 레드데드리뎀션 (판매완료)
 더 위처3 와일드헌터(고티) 1.5만.
 다크소울3 고티 1.8만.
 블러드본 (올드 헌터 에디션) 3만.

반값택배 2,000원추가.(gs25 편의점만 가능)
일반택배 4,000원추가.
직거래: 대전 산내동에서만 가능 합니다.

*네고 문의 답변 안합니다.",123456,2026.06.18,193,2,0
229562935,중고나라,이사 정리,애플워치 울트라3 오션밴드 티타늄 블랙 스트랩 미개봉 팝니다~~~~~,"울트라3에 동봉되어 있던 제품 입니다.
미개봉. 새상품.
색상: 티타늄 블랙.
네고x,반품X.

반값택배: gs25만 가능합니다.

직거래: 대전 산내동에서만 가능 합니다.

*네고문의 답변 안합니다.",110000,2026.06.18,304,0,0
229686388,중고나라,이사 정리,"세종)I7-8700, 1060, 램 16gb, 256gb 완본체 pc","< 상품설명 > 
26년 2월에 중고로 반본체 업어와서 세팅하고 사용하다가 상위트림으로 업그레이드 하는김에 처분합니다.

CPU 기본쿨러 장착되어 있었는데 발열을 잡질 못해서 듀얼타워 공랭으로 설치하였습니다. [26년 2월 서멀 재도포]
바로 실행가능한 완본체입니다.
 
[구동인증 필요하시면 인증 후 컴퓨터 포맷해서 드립니다.]

< PC 사양 > 
CPU : Intel I7-8700
메인보드 : PRIME B360M-A
GPU : GTX 1060 3GB
SSD : PCle 3.0 NVME M.2 SSD 256GB [fanxiang S500PRO]
램 : 삼성 DDR4 8GB 2장 PC4-2400T
CPU 쿨러 : 쿨러마스터 HYPER T620S ARGB (공랭 듀얼타워)

***
상품은 새상품이 아닌 중고상품입니다. 구동확인까지하고 가져가서 고장났다 이러면 안 받아줍니다.
단순변심 환불 불가입니다.

택배 배송은 파손우려 및 포장이 어려워 불가합니다.",260000,2026.06.18,66,0,2
229760432,중고나라,이사 정리,ATK A9 MINI+,"실사용 기간 2일 미만이고 사용하면서 문제 생긴 부분 없었습니다. 
paw3955 master 센서이고 센서 위치 조정 가능합니다. 
그립테이프는 westlab 0.3mm 붙여져있고 같이 들어있던 도트 피트, 그립테이프는 미사용 새상품 입니다. 
매직아이스 plus 도트 피트도 서비스로 같이 드리겠습니다. (중고)
입금일 기준 다음 날까지 우체국 택배로 보내드립니다. (휴일 제외)
안전결제X 괜찮으신 분만 연락 부탁드립니다. 
환불X",59000,2026.06.18,79,3,2
229713602,중고나라,이사 정리,로보휠 폴드10 (새상품),"로보휠 폴드10 최신형입니다
449만원에 구입
구입 후 실사용 2회 정도로 사용감이 거의 없어요
트렁크에 싣고 내리는 과정에서 생긴 미세한 생활기스는 있어요 전체적으로 상태 매우 좋습니다
타이어는 거의 새것과 동일한 상태이고 배터리도 성능 저하 없이 새것 수준이에요
충전기, 공기주입기, 설명서 등 구성품 모두 다 있어요
직거래만 가능하고 구매 의사 있으신 분만 연락 부탁드립니다",3300000,2026.06.18,24,1,1
229780697,중고나라,이사 정리,올뉴마티즈 팝니다.,"올뉴마티즈 08년식 
오토
잘굴러갑니다 . 브래이크 잘됩니다.
정비 잘하였고 필요하신분 있을가해서 
판매 합니다.
010 
4279 
3350",1000000,2026.06.18,12,1,0
228974582,중고나라,이사 정리,삼성 갤럭시 A16,"삼성 갤럭시 a16
정상해지 공기계
25년 1월 개통한 자급제기기
중고 사용감 있으며
액정잔상이나 번인은 없습니다
배터리상태도 좋습니다
기기단품입니다
안심거래x
O1O 3946 OO69",100000,2026.06.18,319,4,9
229711650,중고나라,이사 정리,캠핑용 냉장고 미개봉 50리터,"50리터. 미개봉 새제품입니다

bldc 제품

가정 차량용 모두다 가능 합니다",170000,2026.06.18,98,1,0
229394982,중고나라,이사 정리,다이슨 코랄 스트라이너. 미사용,"다이슨 코랄 스트라이너. 미사용 박스개봉

선물로 받았으나. 기존 사용 제품이 있어서 내놓습니다

다이슨 정식 서비스 가능 합니다

직거래 대전 입니다",280000,2026.06.18,71,1,2
228284368,중고나라,이사 정리,주술회전 미개봉 곤니치와 링 가챠 게토 스구루 이에이리 쇼코 2종 일괄,스구루와 쇼코 각각 3중복이 떠서 처분합니다... 2종 일괄로 판매하며 미개봉이에요.,11800,2026.06.18,29,0,0
228524478,중고나라,이사 정리,미개봉 별의 커비 에피린 메지루시,"캡슐, 띠지 전부 있는 미개봉 제품입니다. 문의 없으시면 바로 결제해주세요.",4500,2026.06.18,29,0,0
228524708,중고나라,이사 정리,산리오 미개봉 포차코 포챠코 골판지 시계 가챠,캡슐 띠지 모두 있는 미개봉 제품입니다. 문의 없으시면 바로결제해주세요.,7500,2026.06.18,37,2,0
228524587,중고나라,이사 정리,미개봉 산리오 쿠로미 스시 초밥 가챠,캡슐 띠지 전부 있는 미개봉 제품입니다. 중복 떠서 판매해요. 문의 없으시면 바로 결제해주세요.,4000,2026.06.18,26,0,0
226858122,중고나라,이사 정리,포켓몬 도감 모양 닌텐도칩 케이스 48p,"휴대용 게임기 XL용 메모리카드 전용 케이스예요. 여러 개의 메모리카드를 깔끔하게 보관할 수 있고, 상태도 양호합니다.


💾 다양한 메모리 카드 수납 가능

SD 카드, microSD 카드 등을 깔끔하게 정리할 수 있는 멀티 슬롯 구성!

• SD 카드 슬롯: 48개

• microSD 카드 슬롯: 48개

📏 제품 사이즈

• 가로: 약 6.3인치 (약 16cm)

• 세로: 약 3.5인치 (약 8.9cm)

• 두께: 약 1.2인치 (약 3cm)",15000,2026.06.18,49,0,0
227177464,중고나라,이사 정리,포켓몬스터 피카츄 카드케이스줄/악세사리,"안녕하세요
피카츄 카드케이스 입니다
카드 홀드 크기 11x7 

종류 2가지 1개당 4000원입니다

줄길이 총45쌘치

일택 +3600
반택 +1800

궁금사항 잇으시면 톡주세요",4000,2026.06.18,40,1,1
229772995,중고나라,이사 정리,나루토지갑 개구리지갑 동전지갑,"안녕하세요

나루토 개구리 동전 지갑 입니다

크기는 12쌘치 정도 되는거 같아요

집에 인테리어나 이색적인 아이템이 필요하신분들이나

재미잇게 선물 정도로는 좋을꺼같습니다

궁금사항잇으시면 톡 주십시오
1개 4.000원
3개 10.000원 

반택 +1.800
일택 +3.600
상점 30.000원이상구매시 무료배송 해드립니다.
선물 좋아요",4000,2026.06.18,4,0,0
229772988,중고나라,이사 정리,캐릭터 고양이 키링 인형 가방고리 악세사리,"캐릭터의 귀여운 블랙 고양이 키링 인형이에요! 눈이 크게 뜨이고 귀도 달콤해서 가방이나 열쇠에 달아서 사용하기 좋아요. 상태 양호하고 깨끗합니다.

🐾 귀여운 블랙고양이 삑삑 키링 인형

포근한 촉감 + 귀여움 + 재미까지 모두 담긴 블랙고양이 키링!

포슬포슬한 블랙 퍼(fur) 소재의 작은 고양이가 앙증맞은 생선 인형을 꼭 껴안고 있는 디자인으로, 가방이나 열쇠에 달기만 해도 시선 집중!
인형 속에는 누르면 ‘삑삑’ 소리가 나는 삑삑이가 내장되어 있어 귀여움과 재미를 동시에 느낄 수 있어요.

⸻

✔ 상품 특징
 • 포근한 극세사 퍼소재
부드럽고 폭신한 촉감으로 누구나 좋아할 느낌!
 • 대형 눈망울 포인트 디자인
귀여움을 극대화하는 반짝반짝 자수 눈망울.
 • 생선 인형을 껴안은 고양이 모양
귀여움 + 디테일 모두 살린 매력적인 디자인.
 • 삑삑 소리 장착!
고양이 몸을 눌러주면 삑삑 소리가 나서
키링 이상의 재미 요소까지!
 • 튼튼한 카라비너 고리 + 스트랩 포함
가방, 파우치, 열쇠, 에어팟 케이스 어디든 간편하게 탈부착 가능.
 • 가벼운 무게
부담 없이 데일리 포인트 아이템으로 딱!

⸻

✔ 추천 사용처
 • 백팩, 숄더백, 크로스백 포인트 장식
 • 자동차 키·집 열쇠 키링
 • 학생, 어린이 선물용
 • 고양이 좋아하는 분들 위한 귀여운 데일리 굿즈",4000,2026.06.18,3,0,0
229772979,중고나라,이사 정리,스폰지밥 수세미 욕실청소 악세사리용품,"🧽💛 스폰지밥 얼굴 수세미 – 귀엽고 실용적인 주방 필수템!

주방에 놓기만 해도 화사해지는 스폰지밥 얼굴 수세미!
톡톡 튀는 귀여운 디자인과 폭신한 촉감으로 설거지가 더 즐거워져요.
아이부터 어른까지 모두 좋아하는 인기 캐릭터 디자인으로 주방 분위기를 환하게 만들어줍니다.

⸻

📏 제품 정보
 • 크기: 가로 8.2cm × 세로 10cm
 • 소재: 부드러운 스펀지 소재
 • 색상: 생동감 넘치는 옐로우
 • 특징: 가벼움 · 폭신함 · 손에 착 붙는 그립감

⸻

🌟 제품 특징

✔ 귀여운 스폰지밥 디자인
보기만 해도 웃음이 나는 스폰지밥 얼굴! 아이들도 좋아하는 디자인으로 설거지가 즐거워져요.

✔ 폭신폭신·말랑말랑 사용감
부드럽고 탄력이 있어 접시, 컵, 조리도구 등 다양한 식기 세척에 딱!
손에 무리 없이 편안하게 사용할 수 있어요.

✔ 뛰어난 세정력
스펀지 특유의 거품력으로 적은 세제 사용만으로도 깨끗하게 세척됩니다.

✔ 주방 인테리어 효과
놓아두기만 해도 포인트 역할을 하는 귀여운 디자인!
촬영 소품·선물용으로도 인기 만점입니다.

⸻

🧼 이런 분들께 추천해요!
 • 주방 분위기를 귀엽게 꾸미고 싶은 분
 • 스폰지밥 캐릭터를 좋아하는 분
 • 아이와 함께 설거지 시간을 즐겁게 만들고 싶은 분
 • 선물용·소품용 귀여운 수세미를 찾는 분",1100,2026.06.18,7,0,0
229772974,중고나라,이사 정리,슈퍼마리오 무드등 벽돌 아이템 조명 인테리어,"캐릭터 디자인의 귀여운 무음 모션 램프예요. 손으로 누르면 음악이 나오는 특별한 조명으로 아이들이 정말 좋아할 것 같아요. 상태 양호하고 정상 작동합니다!

궁금사항잇으시면 톡주세요",9900,2026.06.18,3,0,0
229772965,중고나라,이사 정리,헌터라이센스 키링/목걸이 (카드케이스),"사진보시면 다 나와잇어요

끈길이는 총 45쌘치

가방에 매달아두 되고 목에 걸어도 됩니다

궁금사항 잇으시면 톡 주세여

일택 +3600
반택 + 1800",4500,2026.06.18,3,0,0
229772958,중고나라,이사 정리,B급 포켓몬 캐릭터 뱃지 세트 5종세트,"인기 포켓몬들이 그려진 귀여운 뱃지 5개 세트예요! 피카츄, 스파이가리, 구름이끼 등 다양한 포켓몬 캐릭터가 포함되어 있어서 포켓몬 좋아하시는 분들께 딱일 것 같아요. 상태도 깨끗하고 컬렉션용이나 실용적으로 사용하기 좋을 거예요.

궁금사항 톡주세요",8500,2026.06.18,2,0,0
227324668,중고나라,이사 정리,도라에몽 뱃지 4종 브로치 악세사리 가방장식,"제품 이름처럼 도라에몽 뱃지 4종 세트입니다. 가방이나 옷에 달면 귀여움을 더할 수 있어요. 퀄리티 좋은 뱃지들 저렴하게 데려가세요!

궁금사항잇으시면 톡 주세요",8800,2026.06.18,34,2,0
229649517,중고나라,이사 정리,베스트슬립 모션베드 퀸 사이즈,"베스트슬립 모션베드 퀸사이즈 판매합니다

* 브랜드: 베스트슬립
* 사이즈: 퀸(Q)
* 구매시기: 2019년
* 상태: 방수커버를 항상 사용하여 깨끗하게 관리했습니다.
* 구성품: 리모컨 포함
* 기능: 모션베드 모든 기능 정상 작동, 이상 없음

6월 29일 수령 가능하신 분만 연락 부탁드립니다.베스트슬립 모션베드 퀸사이즈 판매합니다

네고 가능 연락주세요
지역은 세종시 조치원 입니다
직거래 희망 합니다",300000,2026.06.18,49,0,3
229237240,중고나라,이사 정리,요넥스 나노스피드 7000,"요넥스 나노스피드 7000
그립 새로 감으셔야 합니다.
상태는 좋아요.
가방은 오래 되어서 벗겨지고 세월에 흔적 많아요.
택포 10만에 팝니다.",150000,2026.06.18,95,1,5
229594189,중고나라,이사 정리,(이사정리) (새상품) 자라 스타디움 코트 블랙 L사이즈,"📢 제목에 ""제조사/ 브랜드 명""과 “상품명(ex. 숄더 핸드백)”을 넣어 작성하면, 보다 빠른 판매가 가능합니다! 
📢 게시글 작성 시 배송 방법에 “직거래”와 “내 위치” 설정할 경우, 보다 빠른 판매가 가능합니다! 


(새상품) 자라 스타디움 코트 블랙 L사이즈 
디테일 예뻐서 샀는데 저에겐 좀 무리네요~
시착후 보관만 해왔습니다. 
105정도 입으시면 될거 같네요
기능원단에 안감멜빵으로 더울땐 메고 다닐수 있고
투웨이지퍼, 몸판에만 분리된 5개의 포켓 
암튼 이것저것 많이 붙어 있습니다. 
반품X 환불X

일반택배 +4000원
반값택배 +2000원",49000,2026.06.18,14,0,0
228796176,중고나라,이사 정리,(이사정리) 자라 라이더 퀼팅 누빔 자켓 라지(100-105),"자라 라이더 퀼팅 누빔 자켓 라지(100-105)
재질 탄탄하고 지금 입기 딱 좋습니다. 
사이즈는 자크가 두개라 안쪽으로 잠그면 100
바깥쪽으로 잠그면 105 되겠네요~~ 
저는 밥먹기전 안쪽 밥먹고는 바깥쪽으로 ㅋ 
상태좋습니다.",39000,2026.06.18,25,0,0
228617130,중고나라,이사 정리,(이사정리) 본(BON) 남성 데님 자켓 100-105사이즈,"📢 제목에 ""제조사/ 브랜드 명""과 “상품명”을 넣어 작성하면, 보다 빠른 판매가 가능합니다! 
📢 게시글 작성 시 배송 방법에 “직거래”와 “내 위치” 설정할 경우, 보다 빠른 판매가 가능합니다! 


본(BON) 남성 데님 자켓 100-105사이즈
데님스타일 자켓 사이즈미스로 2-3번 입고 
보관중 판매합니다. 
텍표기는 105사이즈이나 
날씬 105 나 100 입으시는분 잘맞겠네요~~

일반택배 +4000원
반값택배 +2000원










🚨회원님의 거래 게시글을 노린 중고나라 운영진 사칭 피싱 사이트를 주의하세요🚨",29000,2026.06.18,26,0,0
228617114,중고나라,이사 정리,(이사정리) 모두스비벤디 남성 패딩 모직자켓 새상품 95-100사이즈,"모두스비벤디 남성 패딩 모직자켓 새상품 95-100사이즈
텍만 제거하고 1-2회 짧게 착용
압축패딩이 들어있어 따뜻하고 코듀로이 장식으로 멋져요
좀 크게나와 95 여유사이즈 / 100 정사이즈 추천

일반택배 +4000원
반값택배 +2000원",29000,2026.06.18,63,0,0
228617081,중고나라,이사 정리,(이사정리) 자라 남성 자켓 다크네이비 L사이즈,"※ 카페 상품 게시글은 자동으로 중고나라 앱/사이트에 노출합니다. 노출을 원하지 않으실 경우 고객센터로 문의 바랍니다. 
※ 등록한 게시글이 회원의 신고를 받거나 이상거래로 모니터링 될 경우 중고나라 사기통합조회 DB로 수집/활용될 수 있습니다. 
─────────────────── 
📢 제목에 ""제조사/ 브랜드 명""과 “상품명(ex. 숄더 핸드백)”을 넣어 작성하면, 보다 빠른 판매가 가능합니다! 
📢 게시글 작성 시 배송 방법에 “직거래”와 “내 위치” 설정할 경우, 보다 빠른 판매가 가능합니다! 
👆 오늘 작성가능한 게시글 수가 부족하다면, 상단에 ""중고나라 앱 다운받기""를 통해서 앱에서 작성해 보세요!


자라 남성 자켓 다크네이비 L사이즈 
1회 짧게 착용후 보관만한 제품
네오플렌 재질로 따뜻하고 내구성 좋습니다. 
등판 안감 매쉬소재
105정핏 / 100여유핏
반품X 환불X

일반택배 +4000원
반값택배 +2000원",29000,2026.06.18,37,0,0
228617062,중고나라,이사 정리,(이사정리) 본(BON) 남성 데님 누빔코트 105사이즈,"※ 카페 상품 게시글은 자동으로 중고나라 앱/사이트에 노출합니다. 노출을 원하지 않으실 경우 고객센터로 문의 바랍니다. 
※ 등록한 게시글이 회원의 신고를 받거나 이상거래로 모니터링 될 경우 중고나라 사기통합조회 DB로 수집/활용될 수 있습니다. 
─────────────────── 
📢 제목에 ""제조사/ 브랜드 명""과 “상품명(ex. 숄더 핸드백)”을 넣어 작성하면, 보다 빠른 판매가 가능합니다! 
📢 게시글 작성 시 배송 방법에 “직거래”와 “내 위치” 설정할 경우, 보다 빠른 판매가 가능합니다! 
👆 오늘 작성가능한 게시글 수가 부족하다면, 상단에 ""중고나라 앱 다운받기""를 통해서 앱에서 작성해 보세요!

본(BON) 남성 데님 누빔코트 105사이즈
사이즈가 작아 한두번 입고 보관중인 제품
필요하신분 연락주세요~~
날씬 105 나 100 입으시는분 추천드립니다. 

일반택배 +4000원
반값택배 +2000원",29000,2026.06.18,23,0,0
228314215,중고나라,이사 정리,(이사정리) 모두스비벤디 남성 코트 100-105사이즈 판매,"코트가 많아 몇번 입고 체중증가로 보관만 했습니다. 
부드럽고 따뜻합니다. 
체결된 목도리는 탈부착 가능하고 펼치면 뒷목을 감싸줘
느낌있고 포근합니다. 
사이즈는 100이나 날씬105나 100이신분들 추천드립니다.",29000,2026.06.18,33,0,0
228314193,중고나라,이사 정리,(이사정리) BON(본) 코트 100-105사이즈 판매,"코트가 많아 두번정도 입었고 체중증가로 보관만 했습니다. 
부드럽고 따뜻합니다. 
사이즈는 105이나 날씬105나 100이신분들 추천드립니다.",29000,2026.06.18,33,0,0
228314172,중고나라,이사 정리,(이사정리) BON(본) 코트 100-105사이즈,"코트가 많아 두번정도 입었고 체중증가로 보관만 했습니다. 
부드럽고 따뜻합니다. 
사이즈는 105이나 날씬105나 100이신분들 추천드립니다.",29000,2026.06.18,35,0,0
228377549,중고나라,이사 정리,(이사정리) 모드스비벤디 카멜 캐시미어 코트 100사이즈 추천,"모두스비벤디 카멜 캐시미어 코트 
사이즈 105이나 슬림핏이라 100 추천드립니다. 
작아서 보관만 해왔습니다. 
색감 너무 좋구요~~ 재질 부드럽습니다. 
거의 새상품입니다.",29000,2026.06.18,32,0,0
229186072,중고나라,이사 정리,(이사정리) (새상품) 자라 트렌치코트 겨울용 프라다원단 L사이즈,"※ 카페 상품 게시글은 자동으로 중고나라 앱/사이트에 노출합니다. 노출을 원하지 않으실 경우 고객센터로 문의 바랍니다. 
※ 등록한 게시글이 회원의 신고를 받거나 이상거래로 모니터링 될 경우 중고나라 사기통합조회 DB로 수집/활용될 수 있습니다. 
─────────────────── 
📢 제목에 ""제조사/ 브랜드 명""과 “상품명(ex. 숄더 핸드백)”을 넣어 작성하면, 보다 빠른 판매가 가능합니다! 
📢 게시글 작성 시 배송 방법에 “직거래”와 “내 위치” 설정할 경우, 보다 빠른 판매가 가능합니다! 
👆 오늘 작성가능한 게시글 수가 부족하다면, 상단에 ""중고나라 앱 다운받기""를 통해서 앱에서 작성해 보세요!


(새상품) 자라 트렌치코트 겨울용 프라다원단 L사이즈
크게나와서 105사이즈 잘 맞으실거 같네요
내피는 조끼아니고 팔까지 붙은 깔깔이로 
탈부착 가능하고 프라다원단이라 탄탄하고 
디테일 좋습니다. 
다크네이비 색상
텍제거후 집에서 시착 몇번하고 보관만 했습니다. 

일반택배 +4000원
반값택배 +2000원",39000,2026.06.18,29,0,0
229661399,중고나라,이사 정리,(이사정리) 모드스비벤디 남성 모직코트 105사이즈,"※ 카페 상품 게시글은 자동으로 중고나라 앱/사이트에 노출합니다. 노출을 원하지 않으실 경우 고객센터로 문의 바랍니다. 
※ 등록한 게시글이 회원의 신고를 받거나 이상거래로 모니터링 될 경우 중고나라 사기통합조회 DB로 수집/활용될 수 있습니다. 
─────────────────── 
📢 제목에 ""제조사/ 브랜드 명""과 “상품명(ex. 숄더 핸드백)”을 넣어 작성하면, 보다 빠른 판매가 가능합니다! 
📢 게시글 작성 시 배송 방법에 “직거래”와 “내 위치” 설정할 경우, 보다 빠른 판매가 가능합니다! 
👆 오늘 작성가능한 게시글 수가 부족하다면, 상단에 ""중고나라 앱 다운받기""를 통해서 앱에서 작성해 보세요!

모드스비벤디 남성 모직코트 105사이즈
사이즈가 작아 텍제거후 외부착용 없는 보관제품
필요하신분 연락주세요~~
날씬 105 나 100 입으시는분 추천드립니다. 

일반택배 +4000원
반값택배 +2000원",29000,2026.06.18,27,0,0
227914807,중고나라,이사 정리,"rep피트니스 바벨, 20kg바벨 , 2200mm , 파워바","랩피트니스
20년도 신품 구매하였습니다
2.2m 20kg 파워리프팅용 바벨입니다

대전 낭월동 직거래합니다",100000,2026.06.18,278,4,5
225041137,중고나라,이사 정리,이사정리) 포켓몬 파스텔 꼬부기 중형인형,"기본적으로 편의점 택배로 접수해드리고 제쪽에서도 최대한 성심껏 포장해드리겠습니다. 

오락실, 뽑기샵 인형이라 이염, 얼룩이 있을 수도 있고 제가 발견하지 못한 부분도 있을 수 있다는 점 당부드립니다. 

결제 전에 배송방식을 상의하고 가격을 수정하니 구매 전 채팅으로 먼저 연락해주시길 바랍니다.

중고거래 특성상 환불이 어렵다는 점 참고바랍니다.",7000,2026.06.17,82,0,0
229645828,중고나라,이사 정리,르반떼 순정 패드 + 리어디스크 정품,"마세라티 르반떼 리어디스크 + 패드 미개봉 새제품입니다. 정품 박스 포장 상태 그대로 보관되어 있어요. 센터 정품 부품입니다.

품번
670031771
670105705
673012302

가까운곳 직거래 선호합니다.
르반x 그란루쏘 차량이에요.
다른 차량 호환 여부는 잘 모르니 확인후 챗주세요.",350000,2026.06.17,29,0,1
229498259,중고나라,이사 정리,메디니아 MM1100 측정기+검사지,"메디니아 MM1100 당측정기.
메디니아 MS-2 당검사지.
새제품입니다.

순수 국내 기술로 자동 인식 코드가 있으며 빠른 측정 5초, 소량 혈액 0.5ul로 측정이 가능해요
검사지 제거 버튼이 있어 편리하게 사용하실 수 있습니다
건강 관리에 관심 있으신 분들께 추천드려요",10000,2026.06.17,15,0,0
229365421,중고나라,이사 정리,"보쉬 에어필터 A 3030 모닝어반,캐스퍼","기아 모닝 JA 어반 1.0 Mpi용 정품 에어필터입니다. 박스 포장 상태로 새 제품이며, 차량 내부 공기를 깨끗하게 관리할 수 있어요.
보쉬 에어필터 A 3030 새 제품입니다
- Kia 모닝 (JA) Urban 1.0 Mpi에 적합합니다
- 캐스퍼 차량에도 호환됩니다
엔진을 보호하고 깨끗한 공기를 공급하여 쾌적한 운전을 도와줍니다
개당 5000원 2개 있어요.
캐스퍼 터보는 호환이 안됀다해서 올립니다.
새제품입니다.
95620010",5000,2026.06.17,18,0,0
227809376,중고나라,이사 정리,접지2구 콘센트 보호커버 새제품,"접지2구 콘센트 보호커버 새제품
창고정리 중 발견해서 팔아요
중간중간 오염 있긴한데 새거고 기능에 문제 없어요
6개 있고요. 개당900원

편의점 반값택배는 문의주세요.",900,2026.06.17,34,1,0
227184664,중고나라,이사 정리,담ㅂ케이스 2개 일괄,"담ㅂ케이스 2개 다해서 가격입니다.
- 검정, 갈색
- HAOJUE 브랜드
크기 약 900*850mm",1000,2026.06.17,36,0,0
227711674,중고나라,이사 정리,인텔 코어2 듀오 E8300 CPU,"인텔 코어2 듀오 E8300 CPU입니다. 2.83GHz 클럭 속도를 가지고 있으며, 문서 작업이나 영상 시청 등 일상적인 용도로 사용하기에 충분한 성능을 제공해요. 사진에서 보이는 것처럼 깔끔한 상태를 유지하고 있습니다. 가성비 좋은 CPU를 찾으시는 분들께 추천드려요
인텔 코어2 듀오 E8300 CPU입니다
2.83GHz 클럭 속도에 6MB 캐시, 1333MHz FSB를 지원합니다",1300,2026.06.17,42,0,0
227809523,중고나라,이사 정리,전화선 세제품,"전화선
깔끔하게 정리된 상태로 사진과 같이 보내드려요.
개당1000
2개 있음",800,2026.06.17,12,0,0
227822830,중고나라,이사 정리,도루코 커터칼날 10개입 18mm,"도루코 커터칼날 18mm 10개입 새제품이에요
사진에서 보시는 것처럼 칼날이 10개 들어있어요
새제품이라 날카롭고 좋아요
작업용으로 사용하기 좋은 칼날이에요
창고정리하다 팝니다
1개 오염있지만 사용문제 없어요.",900,2026.06.17,35,0,0
227822860,중고나라,이사 정리,커터칼날 커터날 S형 10개입,"작업 시 꼭 필요한 커터날 S형이에요
10개입 들어있어요
2곽있어요. 개당500원.
깔끔하게 사용하기 좋은 제품이랍니다
정밀한 작업이 필요하신 분들께 추천드려요",500,2026.06.17,37,0,0
227822867,중고나라,이사 정리,평화 커터칼,"평화 커터칼 NO.210 새제품입니다

사진에서 확인 가능하듯 새제품입니다

다양한 작업에 유용하게 사용하실 수 있어요",500,2026.06.17,23,0,0
227867583,중고나라,이사 정리,계측기 줄자 7.5m,"줄자입니다. 길이를 잴 때 사용해요. 사진에서 보이는 그대로입니다. 다양한 곳에서 활용하기 좋은 줄자입니다
사용감 많지만 기능 문제 없어요",3500,2026.06.17,29,0,0
226610158,중고나라,이사 정리,아비타 레이더 NT1 비접촉식 체온계,"아비타 레이더 NT1 비접촉식 체온계입니다
생활 스크래치 있습니다
대만제조
인터넷에 최저가로 37600원이네요.
반값택배, 직거래, 택배가능",12000,2026.06.17,63,0,0
229091055,중고나라,이사 정리,진해성 Romance,"진해성 Romance 앨범입니다
2024년 11월에 제작되었습니다",2000,2026.06.17,11,0,0
227822817,중고나라,이사 정리,라벨스티커 LATECH 인덱스 라벨 202개입,"다양한 사이즈와 디자인의 인덱스 라벨 202개
물건 정리나 문서 분류 시 유용하게 사용할 수 있어요
깔끔하게 정리하고 싶은 분들께 추천드려요
사이즈 27×34mm
제가 조금 써서 17시트 202장입니다",500,2026.06.17,21,0,0
227822809,중고나라,이사 정리,캐논 전자계산기 HS-102H,"깔끔한 디자인의 캐논 전자계산기 HS-102H 판매해요
사진에서 보이는 것처럼 기본적인 계산 기능 모두 잘 작동해요
업무나 학업용으로 사용하기 좋은 제품이에요
계산이 필요한 모든 분들께 추천드려요

사이즈 10×16cm
사용감 있어요",1000,2026.06.17,54,0,0
227809657,중고나라,이사 정리,금강 마그네틱 소켓 SKH08 새제품,"금강 마그네틱 소켓 SKH08 제품이에요
3/8인치 규격에 155mm 길이입니다
사진에서 보이는 그대로의 제품이에요
정비나 DIY 작업 시 유용하게 사용하실 수 있어요
자석있음.
새제품인데 보관 잘못해서 녹이 있어요",3500,2026.06.17,29,0,0
227822853,중고나라,이사 정리,필립스 Essential PL-L 36W/865 형광등,"사진에서 보시는 것처럼 새 상품입니다
36W의 밝기로 공간을 환하게 비춰줄 거예요
새 형광등으로 교체하고 싶으신 분들께 추천드려요

창고 정리하다 나와서 팔아요. 상자 오염있는데 새제품이예요.
개당 2200원입니다. 3개 있습니다.",2500,2026.06.17,73,0,0
227896463,중고나라,이사 정리,ANCO 전기워머 보온플레이트,"독일에서 만들어진 ANCO 듀얼 워머예요
220V-2x450W, 240V-2x535W 사양으로 따뜻하게 음식을 유지 할 수 있어요
사진에서 보이는 것처럼 깔끔한 디자인이 매력적이랍니다
온도센서가 있어 켜졌다 꺼졌다하면서 보온 유지 시켜줘요
보온플레이트",14000,2026.06.17,25,0,0
227896624,중고나라,이사 정리,웨스팅하우스 12L 스팀 오븐 WHT103,"웨스팅하우스 12L 스팀 오븐 WHT103 모델입니다

- 스팀 기능으로 겉바속촉을 즐길 수 있어요
- 12L 용량으로 다양한 요리가 가능합니다
- 급수구와 베이킹 트레이 포함되어 있습니다

약간의 사용감은 있지만, 전체적으로 깨끗하게 사용했습니다

시중 10만원정도 제품임.
사이즈 360mm*300mm*205mm(h)",14000,2026.06.17,58,1,0
227822788,중고나라,이사 정리,Toplus 30mm 라미네이트 자물쇠 새제품,"튼튼한 Toplus 30mm 라미네이트 자물쇠예요
2개의 열쇠가 포함되어 있어요
안전하게 보관하고 싶으신 물건이 있다면 추천드려요
포장재 변색됐지만 새제품입니다",2500,2026.06.17,19,0,0
227184502,중고나라,이사 정리,일회용라이터 215개,"라이터 여러 개 판매합니다
다양한 색상이 있습니다
총215개
폐업정리고요. 모두 작동돼고 불 켜져요. 확인했음.
직거래,택배,반값택배",8000,2026.06.17,77,0,2
227456583,중고나라,이사 정리,토리버치 엘라 캔버스 레더 토트백,"토리버치 엘라 캔버스 레더 토트백이에요.

내부 수납공간이 넉넉해서 실용적이에요
깔끔한 디자인으로 어디에나 잘 어울려요
데일리로 들기 좋은 가방을 찾으시는 분들께 추천드려요.
소재 소가죽(페블레더), 캔버스
사이즈 약40cm x 29cm 폭 약15cm
손잡이높이 약19cm

부모님이 미국에서 선물 받아서 한 번도 안 쓴 정품인데요. 보관을 잘못하셔서 옆에 한쪽이 변색되었어요.(사진참고)
찾아보니 30후반대 가격이더라고요",110000,2026.06.17,91,0,0
227485062,중고나라,이사 정리,구찌 마몬트 탑핸들 가방,"구찌 마몬트 탑핸들 가방입니다
색상은 핑크색이며, 스트랩 포함입니다
내부에 약간의 얼룩이 있고, 가방 모서리 부분에 사용감이 있습니다(사진 참고)
베트남에서 샀음.
사이즈 대략 32cm*24cm",90000,2026.06.17,191,5,0
227484961,중고나라,이사 정리,루이비통 블랙 가죽 쇼퍼백,"루이비통 블랙 가죽 쇼퍼백입니다
내부에 수납 공간이 분리되어 있어 물건을 정리하기 용이합니다
가죽 소재로 고급스러움을 더했습니다
자물쇠 디테일이 포인트입니다
사용감은 있지만 전체적으로 양호한 상태입니다
베트남에서 샀음.
사이즈 대략 45cm*36cm",90000,2026.06.17,116,2,0
228672123,중고나라,이사 정리,화이트 유선 이어폰,"깔끔한 화이트 색상의 유선 이어폰이에요

사진에서 보이는 것처럼 볼륨 조절 버튼과 마이크 기능이 포함되어 있어요

음악 감상이나 통화 시 편리하게 사용하실 수 있답니다

선명한 사운드를 경험하고 싶으신 분들께 추천드려요",2500,2026.06.17,58,1,0
229234072,중고나라,이사 정리,독일산 노란색 부직포 행주 116장,"독일에서 온 부직포 행주예요
깨끗하고 흡수력이 좋아요
주방 청소나 설거지할 때 유용하게 사용할 수 있어요
여러 장 필요하신 분들께 추천드려요

총 116장입니다. 노란색. 장당200원.",23000,2026.06.17,18,0,0
229233753,중고나라,이사 정리,MCM 펫 캐리어 가방 블랙,"MCM 로고 패턴이 돋보이는 펫 캐리어 가방이에요
반려동물과 함께 외출할 때 편하게 사용할 수 있어요
내부 쿠션과 통풍창이 있어 반려동물이 편안함을 느낄 수 있답니다
반려동물과 함께하는 소중한 시간을 더욱 특별하게 만들어 줄 아이템이에요

사이즈 약 40 x 30x 27cm(h)
입구쪽 헤짐 있습니다.(사진참고)
대체적으로 깨끗합니다.
6만원대에 샀습니다. 정품은 아닙니다.",12000,2026.06.17,32,0,0
228615799,중고나라,이사 정리,CEA-G480T 소니 터프메모리 미개봉,"26년 04월 소니스토어서 구매, 미개봉 새상품",450000,2026.06.17,189,1,1
224700943,중고나라,이사 정리,네파 안전화 (280),"네파 안전화 GT-36N 카키 색상 새상품입니다
박스채 그대로 보관중입니다
- 접지력이 우수하여 미끄럼 방지에 효과적입니다
- 발의 피로도를 줄여주는 쿠셔닝이 좋습니다
착용샷 때문에 한번 그자리서 1분 착용
280 한개 있습니다",30000,2026.06.17,155,0,2
229738142,중고나라,이사 정리,튜닝 전동킥보드,"가격: 140만원 
거래는 직거래 선호합니다
전주인분이 맞춤제작한 모델이고 전부 좋은 부품으로만 맞췄습니다 맞춤제작하는데 400정도 들었다고합니다

최고속도 90km이고 1~3단까지 있어서 속도 조절도 편리합니다 듀얼모드키면 진짜 엄청빠릅니다

베터리는 30ah이고 72v 입니다 서비스로 30ah베터리 한개 더 드리겠습니다 총60ah 입니다 베터리 한개로 100km정도 정속주행 된다고 합니다

튜닝: led 튜닝 ,조명 튜닝, 댐퍼튜닝 등등 되어있습니다 댐퍼가 달려있어서 고속으로 달릴때 핸들 털림을 방지해줍니다
현재까지 탄 km는 700km대로 거의 세제품 이라고 보시면 됩니다 빠르게 판매합니다
충전기는 고속 충전기 드립니다

쿨거시네고 가능합니다
언제나 찔러봐주세요",1400000,2026.06.17,31,1,0
229013392,중고나라,이사 정리,창모완 마징카이저 합금 가조립,"안녕하세요, 창모완 마징카이저 가조립 프라모델 판매합니다!

- 궁극니퍼 고퀄리티 깔끔 가조립
- 합금 관절 적용 짱짱함
- 파손 및 분실 x, 정크ㆍ설명서 일괄 제공
- 제작 직후 판매하는 새제품 (05.26 제작)
- LED, 건전지 (몸통, 팔) 장착 완료 

택배비 포함 가격입니다!

감사합니다😊",145000,2026.06.17,375,11,3
229733678,중고나라,이사 정리,"가면라이더 shf,진골 팔아요~","킥호퍼16
팡조커13
데이브레이크8.5
제로원 메탈 클러스터 호퍼 판완
진 버닝팔콘6

택포입니다

@킥호퍼 팡조커 일괄로 거래시 27에 드립니다~",12345,2026.06.17,112,4,0
228831388,중고나라,이사 정리,가격내림 시마노 전동릴 비스마스타 2000EJ 팝니다,90==>80==>75 가격내림 윤성정품 비스마스타 2000EJ 팝니다 대구지깅 2-3회 사용했습니다 깨끗합니다 3호 8합사 만땅으로 감겨있습니다 한글 지원합니다 다른 사이트 올려달라는 사기꾼들 연락하지 마세요 고발조치 합니다 대전직거래 그외 착불입니다,750000,2026.06.17,116,3,2
229732765,중고나라,이사 정리,제로원 메탈 클러스터 호퍼 shf,"하자없음

상자하고 부속품 다 있습니다",75000,2026.06.17,22,2,1
229731691,중고나라,이사 정리,아미텍 PARTNER C2 전술 손전등 새상품,"ARMYTEK PARTNER C2 TACTICAL LIGHT
아미텍 파트너 C2 전술 손전등
국내 정품으로 AS 8년 남았고 하자 확인만 하였습니다.
여분으로 구비해놨다가 보관만해서 방출합니다. 
모든 구성품이 포함되어 있습니다.

https://www.armytek.co.kr/common/product.html?pno=114196947",78000,2026.06.17,8,0,0
229715070,중고나라,이사 정리,삼성 갤럭시북5울트라 16인치 1GB 램32G,"삼성 갤럭시북5울트라 16인치 1GB 램32G

갴럭시북 프로5 모델명은 NT960XHZ-A72AG 이구요
16인치 
인텔울트라코어7 258V 
1TB 
램32기가 
터치스크린입니다.
제조년월은 25년12월이고 
올해 초에 구입했습니다
구성품은 노트북과 충전기입니다.
집에서만 잠시잠시 사용해서 기스 없이 아주 깔끔합니다

직.거.래",1200000,2026.06.16,62,1,3
229715081,중고나라,이사 정리,ps5 pro(신공정)+주변기기+게임디스크10개,"ps5 pro(신공정)+주변기기+게임디스크10개

플레이스테이션 5 프로 본체(최신 7122버전)
디스크드라이버
듀얼센스 무선 컨트롤러 추가(본품 포함 2개)
듀얼센스 충전 거치대
본체 led 스탠드
 
게임 10개(일괄)
용과같이 0
갓오브워
언차티드4
스텔라블레이드
붉은사막
메기솔5
레데리2
gta5
용과같이 극
사이버펑크

원구매자고 실사용 시간 하루도 안됩니다
ps5 기본에서 붉사하려고 업글했는데 사놓고 전혀 즐길 시간이 없네요. 
박싱후 그냥 보관중.
게임까지 하시면 1년은 추가 비용없이 즐기실 수 있어요. 더 사실게 없음
게임 따로 안팝니다(귀찮...)

직.거.래",990000,2026.06.16,261,3,8
229724465,중고나라,이사 정리,"iptime T5008SE, Extender-AX300Q 등 미개봉 몇가지 판매합니다.","안녕하세요. 미개봉 및 새거 몇 가지 판매합니다.

Extender-AX3000Q : 박스 미개봉 - 55,000
Extender-AX3000Q : 박스없으나 미사용 새거 - 50,000
T5008SE : 박스미개봉 - 65,000
T5004 : 박스미개봉 -40,000",55000,2026.06.16,15,0,0
227425243,중고나라,이사 정리,뷰소닉 wpd-900 판매합니다.,"안녕하세요.
미개봉 뷰소닉 wpd-900판매합니다. 
택비포함입니다.",150000,2026.06.16,81,0,2
229723485,중고나라,이사 정리,하이닉스 골드 P31 500G,"안녕하세요.
잘 사용하던 Ssd 판매합니다.",100000,2026.06.16,78,3,2
226845420,중고나라,이사 정리,스노우라인 카텐트 카니발용,"스노우라인 카텐트 올뉴, 더뉴, 4세대 카니발에 모두 맞아요.
차량용 텐트로 차박시 매우 유용하게 사용할수 있는데 구성품이나 용도는 사진을 참고하세요.
미개봉으로 조치원에서 직접 구매하면 97000원이고 택배 배송 원하시면 10만원에 판매합니다.",97000,2026.06.16,99,1,0
229723056,중고나라,이사 정리,삼성 16g(3200) * 2 = 32G 판매합니다.,"안녕하세요.
잘 사용하던 램 판매합니다.
삼성 16g(3200) * 2 = 32G입니다.",200000,2026.06.16,21,0,3
228300758,중고나라,이사 정리,프랙탈 디자인 140mm 다이나믹 x2 gp-14 케이스팬 팝니다.,"프랙탈 디자인 케이스팬 변경 후 남은 겁니다.
사용한적 없는 새 상품입니다.
케이스팬 장착 나사는 필요하시면 수량 맞춰서 같이 드려요.

팬 더 있으니 필요하신 만큼 드릴 수 있습니다.
개당 8000원이고 직거래는 대전에서 합니다.
택배 시 파손면책 동의 하에 5000원 추가합니다.",32000,2026.06.16,155,3,1
229697203,중고나라,이사 정리,올리브영 5만원권 판매(1장남았어요),"올리브영 5만원권 
4만5천원에 판매합니다.
1장 있어요
2027.06.17 까지입니다.
에눌안되용",45000,2026.06.16,33,0,3
229705285,중고나라,이사 정리,올리브영 5만원권 (1장남앗어요),"유효기간 2027.06.17
5만원권 4만5천원에 판매합니다.
1장남아있어요",45000,2026.06.16,22,0,4
225510613,중고나라,이사 정리,레고 마인크래프트 21266 네더 용암 전투,"미개봉 새상품 입니다.
입금일 기준 다음 날까지 우체국 택배로 보내드립니다. (휴일 제외)
안전결제X 괜찮으신 분만 연락 부탁드립니다. 
환불X",2900,2026.06.16,223,7,1
229718538,중고나라,이사 정리,아티산 키83 XSOFT XXL,"6월 4일에 구매해서 2주일 정도 사용했습니다. 
사용하면서 감도 변화 못느꼈고 문제 생긴 부분도 없습니다. 
입금일 기준 다음 날까지 우체국 택배로 보내드립니다. (휴일 제외)
안전결제X 괜찮으신 분만 연락 부탁드립니다. 
환불X",29000,2026.06.16,59,1,2
229485434,중고나라,이사 정리,피나렐로 풀카본 검빨로드,"풀카본 피나렐로 15년식인가 할겁니다 저도 친한 자전거에 미친후배한테 구매한거라 정확한 년식은 몰라요
구동계 스램포스구요 기스 없고 넘어짐 없습니다 거의 타지않고 자리만 차지해서 팝니다. 구매가격은 한 8백들었다는데 저도 듣기만한거라 잘몰라요~ 사이즈가 54인가 해요~ 기억이잘~
후배는178cm정도 됩니다",1800000,2026.06.16,156,0,0
205183101,중고나라,이사 정리,HG 1/144 드라고나 플러스 리프터팜,"📢 제목에 ""제조사/ 브랜드 명""과 ""상품명”를 넣어 작성하면, 보다 빠른 판매가 가능합니다! 
📢 게시글 작성 시 배송 방법에 “직거래”와 “내 위치” 설정할 경우, 보다 빠른 판매가 가능합니다! 
👆 오늘 작성가능한 게시글 수가 부족하다면, 상단에 ""중고나라 앱 다운받기""를 통해서 앱에서 작성해 주세요!
미개봉입니다
네고안받습니다 
노리턴 거래입니다",55000,2026.06.16,234,7,1
228990079,중고나라,이사 정리,그랑조 피닉스 포세이돈 피규어 뱃지 브로치 3종세트,로봇 피규어들의 멋진 뱃지 3개 세트예요! 상태 양호하고 컬렉션용으로 완벽해요. 로봇 애니메이션 팬이라면 꼭 소장해야 할 아이템입니다.,9000,2026.06.16,15,0,0
226573890,중고나라,이사 정리,게살버거 지갑 KRABBY PATTY 햄버거,"스폰지밥 집게리아 게살버거 지갑 입니다

크기는 사진속에 있습니다

약간 볼륨감잇어서 리얼 햄버거 같아요 

궁금사항 톡주세요

일택 +3600
반택 +1800",10000,2026.06.16,60,0,0
227083179,중고나라,이사 정리,포켓몬도감/닌텐도 카드칩케이스 p16,"궁금사항은 톡으로 연락주세요

겉은 플라스틱 인거같아요
속은 실리콘? 같은 느낌입니다

번택 +1800
일택 + 3600

4개이상시 무료배송가능합니다",7000,2026.06.16,101,1,0
228455053,중고나라,이사 정리,메모리 카드 보관 가방 휴대용 케이스,"메모리 카드 보관 가방 
휴대용 케이스 거치대 지갑
CF, SD, 마이크로 SD
SDHC, MS, DS 게임 액세서리,
22 슬롯

용도는 다양하게 사용하셔두 됩니다
휴대성이 너무 좋아요

일택+ 3600
반택 +1800",3500,2026.06.16,13,0,0
228260097,중고나라,이사 정리,포켓몬스터 케릭터 메카닉 뱃지 6종세트,"인기 캐릭터들이 메카닉 디자인으로 되어있는 귀여운 뱃지 세트예요. 상태 양호하고 컬렉션용이나 소품 장식용으로 좋을 것 같아요!

일택 +3000
반택 +2000",8400,2026.06.16,27,1,0
228903315,중고나라,이사 정리,포켓몬빵 띠부씰 5종,포켓몬 카드들이에요. 오렌지색 패키지에 들어있는 상태로 보관상태 양호합니다. 포켓몬 수집하시는 분께 추천해요!,15000,2026.06.16,24,0,0
227463247,중고나라,이사 정리,헌터x헌터 곤 목걸이,"✨ 헌터X헌터 그리드 아일랜드 아이템 팬던트 목걸이 ✨

✔ 사이즈: 가로 2.6cm × 세로 3.7cm
✔ 무게: 약 10.5g
✔ 소재: 합금 + 유리 돔 세팅
✔ 색상: 골드 프레임 & 블루 크로스 디자인

🎮 애니메이션 헌터X헌터 그리드 아일랜드 편에 등장하는 아이템을 그대로 구현한 팬던트 목걸이입니다.
거북이 모양의 프레임 속 신비로운 블루 크로스 문양이 특징이며, 애니 속의 아이템을 현실에서 소장할 수 있는 특별한 굿즈입니다.

🎁 특징
 • 헌터X헌터 팬이라면 소장 가치 100%
 • 애니메이션 속 아이템 디자인 그대로 재현
 • 가볍고 편안한 착용감 (10.5g)
 • 코스프레, 애니 굿즈 컬렉션, 선물용으로 추천

🔥 팬들에게는 소장 아이템, 코스프레 유저에게는 완성도를 높여주는 필수 아이템!
데일리 패션 목걸이로 착용해도 세련된 분위기를 연출할 수 있습니다.",7000,2026.06.16,47,2,0
227812291,중고나라,이사 정리,주술회전 고죠/케토 야옹이 삑삑이 키링,"주술회전 고죠 사토루, 게토 스구루 인형 키링입니다. 흰색, 회색 두가지 색상 있으며, 고죠는 선글라스 끼고 있습니다. 가방이나 에어팟에 달고 다니기 좋아요! 문의 없으시면 바로 안전결제해주시면
 됩니다!

1개 가격입니다
사진속과 종류는 2가지 입니다
궁금사항잇으시면 톡주세요",4500,2026.06.16,23,0,0
228774366,중고나라,이사 정리,피카츄 캔버스 /가방,"귀여운 피카츄 캔버스 입니다

일택 +3600
반택 +1800

궁금사항 톡주세요",4000,2026.06.16,7,0,0
227049310,중고나라,이사 정리,소장용)유희왕 1세대 추억의카드 1세트 55장/금박,"사진 참고 해용
추억용으로 전시가 좋습니다.
유희왕 ㅡ듀얼몬스터즈 인기 카드들입니다
정말 이쁘요!

크기 ㅡ59mmx86mm

재질 ㅡ 플라스틱

일택 ㅡ 3600원
반택 ㅡ1800원

궁금사항 알려주세요",10000,2026.06.16,80,1,1
226259081,중고나라,이사 정리,마인크래프트 미니횃불(무드등) 키링 +usb충전선,"안녕하세요

이쁜 키링 입니다

마인크래프트속에 나오는 무드등 작은버전 입니다

키링으로 어디든 걸어서 다닐수 잇습니다

충전타입입니다

반택 +1800
일택 +3600

궁금사항잇으시먄 톡주세용",4500,2026.06.16,85,1,1
227049301,중고나라,이사 정리,비트코인 동전,"안녕하세요
골드랑 실버 있습니다 개당 900입니다
크기는 5쌘치정도됩니다 무게는 25그램

개당650



30.000원이상 주문시 무료배송 됩니다
상점 물건들이랑 같이 구매하셔두 됩니다",650,2026.06.16,47,0,0
229707341,중고나라,이사 정리,다이노엠페러ex,"다이노엠페러ex입니다.

방차해서 하자 없고 상태 좋습니다.

 티라노 썬더랑 교환도 받습니다~",40000,2026.06.16,23,1,0
229706982,중고나라,이사 정리,발롱블루 42mm,"까르띠에 발롱블루 오토 42mm 
리테일가 : 12,200,000 (1220만원)
가죽스트랩 버클(정품), 
메탈스트랩 (에프터, 여분코 4코이상)
잘 사용하지 않아 판매합니다
구성품: 시계, 보증서(하와이 까르띠에 매장)

실물이 다 안담길 정도로 예쁨니다

사제 보증서 아닌 까르띠에 정품보증서 매물중에는 최저가 장담합니다 ( 42mm 기준)


사실 분만 연락부탁드려요",4600000,2026.06.16,35,0,0
224551012,중고나라,이사 정리,쿠디에어텐트13.6 외 용품들..,"에어텐트 사고 총 4회 사용
비오는날 사용한적 없고 엄청 깨끗합니다.
사업을 해 시간이 없어 캠핑 빈도수가 적어서 판매 합니다.
수동펌프도 가지고 잇고 
텐트 우레탄 창 한번도 사용 안해서 그대로 잇습니다.
텐트 케리어확장가방 

총 105 네고x
지역은 대전입니다.감사합니다.문의주세요",1050000,2026.06.16,581,10,11
229704864,중고나라,이사 정리,pc램 팝니다. DDR4 16GB PC4 2400T 19200,"정품 DDR4 16GB 메모리입니다. 

상태 양호하고 정상 작동 확인했어요. 

컴퓨터 업그레이드나 새 제품 구매하실 분께 추천드립니다.

 1개 남았습니다.",100000,2026.06.16,25,0,0
228756499,중고나라,이사 정리,필립스 전기면도기 SP9883프레스티지 S급 박풀 판매합니다.,"필립스 전기면도기 SP9883프레스티지 S급 박풀 판매합니다.
구매후 1회 사용한 제품입니다
면도기 본체와 충전기외에 다른 구성품은 미사용입니다.
비닐포장지 하나까지 그대로 모두 다 있습니다.
세척기계,세척액1개도 미사용 새제품
그대로 들어있습니다.
필립스 홈페이지에 제품 등록하시면 5년 as가능합니다.
가격은 25만원에 조치원 직거래로 판매합니다.
010-삼삼30-7392 입니다.
제 아이디 검색해보시면 중고나라에 거래내역많고 한번도 불미스런일 없었습니다.
※사기꾼들 연락하면 욕 엄청먹는다※",250000,2026.06.16,137,1,4
227509749,중고나라,이사 정리,코페르 포에버 기초라인. 사니엘 물먹패드 판매합니다!,"✅️★★★3개이상부터 거래가능★★★
✅️ 수량은 한번씩 추가됩니다!! 

안심거래❌️ 애눌❌️
직거래⭕️ (제가있는곳으로 오셔야해요)
택배거래⭕️ (로젠4.000원)


사니엘 👇

물먹 (르메이엘) 29.1.5 ㅡ 9개 (개당 22.000원) 6개남음

코페르 👇

팩투폼 27.12.15 ㅡ 11개 (개당 16.000원) 5개남음
때국물 27.3.25 ㅡ 7개 (개당 13.000원) 5개남음
더마앰플 27.3.31 ㅡ 8개 (개당 35.000원) 4개남음
시그니처앰플 28.1.6 ㅡ 9개 (개당 37.000원) 3개남음
솔루션 28.1.13 ㅡ 11개 (개당 30.000원) 4개남음
멜라크림 28.9.22 ㅡ 6개(개당 33.000원 ) 4개남음
딥프팅앰플 27.12.03 ㅡ 7개 (개당 28.000원) 1개남음
360리프팅크림 27.12.01 ㅡ7개 (개당 28.000원) 1개남음
미스트 27.3.25 ㅡ 3개 (개당 22.000원) 1개남음
선크림 27.12.16 ㅡ 10개 (개당 22.000원) 1개남음
선드랩핑 27.8.18 ㅡ 2개 (개당 20.000원) 
멜더sos시스템 28.6.60 ㅡ 7개 (개당 38.000원) 1개남음


코페르 공홈에보시면 원가격과 자체할인가격 
보실수있습니다!!
판매제품 공구가 개당 구매가격보다 저렴합니다!!
많이 쟁겨놔서 저렴하게 제가쓸것 놔두고 정리합니다^^
효능,효과,성분등은 코페르 공홈에 찾아보시면 되세요~!!
모공,기미, 유수분밸런스, 피부장벽, 탄력, 주름, 홍조,미백 
리프팅 위주입니다!!!",123453,2026.06.16,91,0,3
229313331,중고나라,이사 정리,[이사정리] 레티나 스테인리스 테이블 보틀 새상품,"레티나 스테인리스 스틸 테이블 보틀 1L입니다. 만원인가 컬러비용 따로주고 추가한 제품입니다. 
새상품이고 원박스 그대로라 택배 직거래 둘다 가능합니다.",11000,2026.06.16,28,0,0
229060345,중고나라,이사 정리,혼스 무선침구청소기 베베가드 프리,"혼스 무선 침구청소기 판매해요
택비포함 직거래는 조치원입니다.
원가 48900원에삿구요
택비포함 35000원
5천원은 택비라 생각하시고
직거래하심 5천원은 빼드려요~
완전새상품 열어만 봤어요~",35000,2026.06.16,21,0,0
229699490,중고나라,이사 정리,GNT GT-100 에어드라이어,GNT GT-100 에어드라이어,800000,2026.06.16,14,0,1
225569338,중고나라,이사 정리,코토부키야 미소녀 할리퀸 피규어 팝니다,"코토부키야 미소녀 할리퀸 팝니다.

상태 좋습니다

코토부키야 미소녀 제품 대량 판매중입니다

@ 개인간 거래 입니다. 매너있는 거래가 기본 입니다^^
중고피규어에서 칼박스, 미세도색미스등 
예민하신분은 새제품 구매 바랍니다@
찔러보기, 네고 무조건 차단.

일반,안전 다 가능합니다.

응 3사3일 오808",71000,2026.06.16,97,1,1
225591509,중고나라,이사 정리,코토부키야 미소녀 데드풀 피규어 팝니다.,"코토부키야 미소녀 데드풀 팝니다.

상태 좋습니다. 헤드 2개 입니다.

코토부키야 미소녀 대량 판매중입니다.

@ 개인간 거래 입니다. 매너있는 거래가 기본 입니다^^
중고피규어에서 칼박스, 미세도색미스등 
예민하신분은 새제품 구매 바랍니다@
찔러보기, 네고 무조건 차단.

일반,안전 다 가능합니다.

응 3사3일 오808",82000,2026.06.16,179,3,0
225567480,중고나라,이사 정리,코토부키야 미소녀 시라누이마이 팝니다.,"코토부키야 미소녀 시라누이마이 팝니다.

짧은전시고, 특이사항 없습니다.

코토부키야 다른 제품도 많이 판매중입니다.

@개인간 거래입니다. 매너거래가 기본입니다.
중고피규어에서 칼박스, 미세도색미스등 예민하신분은
새제품 구매 바랍니다@
찔러보기, 네고 무조건 차단.

응 3사3일 오8ㅇ8",77000,2026.06.16,192,4,0
225592336,중고나라,이사 정리,코토부키야 미소녀 레이븐 피규어 팝니다.,"코토부키야 미소녀 레이븐 팝니다.

상태 양호합니다. 

코토부키야 미소녀 대량 판매중입니다.

@ 개인간 거래 입니다. 매너있는 거래가 기본 입니다.
최대한 가격 낮추어 판매중입니다.
중고피규어에서 칼박스, 미세도색미스등 
예민하신분은 새제품 구매 바랍니다@
찔러보기, 네고 무조건 차단.

일반,안전 다 가능합니다.

응 3사3일 오808",72000,2026.06.16,82,1,0
225592487,중고나라,이사 정리,코토부키야 미소녀 토르 피규어 팝니다,"코토부키야 미소녀 토르 팝니다.

상태 양호합니다. 헤드 2개입니다

코토부키야 미소녀 대량 판매중입니다.

@ 개인간 거래 입니다. 매너있는 거래가 기본 입니다.
최대한 가격 낮추어 판매중입니다.
중고피규어에서 칼박스, 미세도색미스등 
예민하신분은 새제품 구매 바랍니다@
찔러보기, 네고 무조건 차단.

일반,안전 다 가능합니다.

응 3사3일 오808",83000,2026.06.16,90,0,0
225592705,중고나라,이사 정리,코토부키야 미소녀 도미노 피규어 팝니다,"코토부키야 미소녀 도미노 팝니다.

상태 양호합니다. 

코토부키야 미소녀 대량 판매중입니다.

@ 개인간 거래 입니다. 매너있는 거래가 기본 입니다.
최대한 가격 낮추어 판매중입니다.
중고피규어에서 칼박스, 미세도색미스등 
예민하신분은 새제품 구매 바랍니다@
찔러보기, 네고 무조건 차단.

일반,안전 다 가능합니다.

응 3사3일 오808",73000,2026.06.16,79,1,0
225591972,중고나라,이사 정리,코토부키야 미소녀 사일록 피규어 팝니다,"코토부키야 미소녀 사일록 팝니다.

상태 양호합니다. DC 코믹스 라인 최고 레어템 입니다.

코토부키야 미소녀 대량 판매중입니다.

@ 개인간 거래 입니다. 매너있는 거래가 기본 입니다.
최대한 가격 낮추어 판매중입니다.
중고피규어에서 칼박스, 미세도색미스등 
예민하신분은 새제품 구매 바랍니다@
찔러보기, 네고 무조건 차단.

일반,안전 다 가능합니다.

응 3사3일 오808",132000,2026.06.16,205,6,0
228940963,중고나라,이사 정리,[급처] 콜트 Action PJ 베이스,,90000,2026.06.16,50,0,0
229579787,중고나라,이사 정리,에쿠스 15년식 19인치 터빈휠 18인치로 교환원합니다.,"안녕하세요.
혹시 에쿠스 후기형 19인치로 교환하시려는 분 계실까요?
제차가 2015년식 프레스티지 19인치 휠인데
18인치로 다운하려고 합니다.

 타이어 종류는 컨티넨탈 ContiproContact입니다.
사이즈는 245/45/19(앞), 275/40/19(뒤) 이렇게 되고 앞은 24년 28주차. 뒤는 24년 23주차입니다. 2개는 육안으로 보이는 기스는 없고 1개는 아주 작은 기스 있고....한개만 좀 갈린 흔적이 있네요. 

에쿠스 순정18인치로 교환원합니다.
타이어 상태는 상관없습니다.
지역 및 금액은 협의하시죠.",10000,2026.06.16,65,0,0
229216836,중고나라,이사 정리,럭셔리 스퀘어 시계,"까르띠에 산토스 콤비 오토매틱입니다
세월의 흔적은 있지만 여전히 이쁩니다
2004년 3월에 구매한 제품입니다
클래식하고 세련된 디자인으로 어떤 스타일에나 잘 어울려요
오버홀 되었구요
오토매틱 입니다~
흔한 물건은 아닙니다 
케이스 보증서 여분코 모두있습니다",6700000,2026.06.16,58,3,1
228844624,중고나라,이사 정리,이사정리) 포켓몬 뮤 윙크 중형인형,"기본적으로 편의점 택배로 접수해드리고 제쪽에서도 최대한 성심껏 포장해드리겠습니다. 

오락실, 뽑기샵 인형이라 이염, 얼룩이 있을 수도 있고 제가 발견하지 못한 부분도 있을 수 있다는 점 당부드립니다. 

결제 전에 배송방식을 상의하고 가격을 수정하니 구매 전 채팅으로 먼저 연락해주시길 바랍니다.

중고거래 특성상 환불이 어렵다는 점 참고바랍니다.",7000,2026.06.15,18,0,0
229591607,중고나라,이사 정리,beast x miao,"실사용 기간 3시간 미만이고 영수증 보유중입니다. (펀키스 정발 구매)
마우스 본체, 동글만 꺼내서 사용했고 그 외 구성품들은 미사용 새상품 입니다. 
westlab 0.3mm 그립테이프 + westlab 블루 도트피트 붙여놨습니다. 
westlab 블루 여분 피트도 서비스로 같이 드리겠습니다. 
사용하면서 문제 생긴 부분 없었습니다. 
입금일 기준 다음 날까지 우체국 택배로 보내드립니다. (휴일 제외)
안전결제X 괜찮으신 분만 연락 부탁드립니다. 
환불X",99000,2026.06.15,83,1,2
229680094,중고나라,이사 정리,몬테라 CVT2 그란데 코트(올리브),"몬테라 CVT2 그란데 코트(올리브)
26.6.5 구매
2회 조립 외 사용없음(촬영 위해 1회 사용..)

직거래 시 13.5
세종(시청~조치원), 대전(반석~노은)",140000,2026.06.15,31,0,1
229584791,중고나라,이사 정리,포칼 솔로6(ST6 신형) 1조 판매,"중고 2차구매입니다. 최초구매자분 23년12월 구매하셨고 전 24년 12.30일 구매했어요.
포칼 솔로6 ST6 신형 스피커 1조 판매합니다.
하자없고 상태 깨끗합니다. 쓰던상태라 먼지 살짝 앉아있는데..
닦으면 멀끔하고 기스나 하자 없습니다.
(사진에 나온 파케나 XLR 케이블은 구성품 아닙니다)

구성품은 스피커2통(1조) , 기본 파워케이블 입니다.

양쪽 베릴륨 트윗 상처없이 매끈하고 우퍼나 좌우소리 멀쩡하게나옵니다.
전 판매자분이 한쪽스피커 앰프 나가서 공식섭센에서 내부앰프만 교체하셨다고 들었네요.
소리 정말좋고 니어필드 작업용으로 나온스피커라 책상 pcfi에서 이보다 좋을순없다 생각합니다.
엄청 고민많이 했고 팔고나면 다시 상태좋은거 구할수있나 싶긴하네요 ㅠ

최근 집에서 크게 못듣게 되어서 헤드폰이나 이어폰쪽으로 관심을 돌리다보니
자연스럽게 잘 안듣게 되더라구요. 작은 음량으로 듣는것도 뭔가 아쉽고 저보다 더 크게
빵빵 틀어주실수있는분께 보내드리는게 좋지않나 싶어 판매합니다.

무게가 있어 어지간하면 직거래 하고싶습니다. 와서 들어보시고 가져가는게 제일 좋지않나싶어요.
직거래 경북 문경 나머지는 택배거래합니다.
택배거래시 파손면책 동의하신다는 전제하에 진행하며 택배사의 실수로인한 파손 책임져드리지 못합니다.
초기 상자 가지고있어서 거기 넣어서 보내드립니다.

가격은 택포250입니다.
안전거래 가능합니다. 
안전거래시 판매자수수료 1프로의 일부를 택배비로 부과합니다.",2500000,2026.06.15,59,2,0
228944878,중고나라,이사 정리,체인소맨 버디 스토리 초판 미개봉,체인소맨 버디 스토리 초판 미개봉입니다.,22000,2026.06.15,36,0,0
228470160,중고나라,이사 정리,"후지모토 타츠키 단편집 초판 17-21, 22-26 미개봉","후지모토 타츠키 단편집 초판 미개봉 입니다.
17-21 편, 22-26편",15000,2026.06.15,36,1,0
229008965,중고나라,이사 정리,아미텍 파트너 C2 전술 손전등 민트급,"ARMYTEK PARTNER C2 TACTICAL LIGHT 국내 정품으로 AS 9년 남았고 새상품입니다.

여분으로 구비해놨다가 보관만해서 방출합니다. 모든 구성품이 포함되어 있습니다

https://www.armytek.co.kr/common/product.html?pno=114196947",77000,2026.06.15,27,0,0
221903313,중고나라,이사 정리,레고 76012 배트맨 배트모빌,"레고 슈퍼히어로 시리즈의 배트맨 배트모빌 세트예요. 박스 상태가 깨끗하고 미개봉 새제품으로 보입니다. 배트맨 팬이라면 놓칠 수 없는 아이템이에요!

레고 DC 슈퍼히어로즈 76012 배트맨: 리들러 추격전입니다
- 6-12세
- 304 피스
미개봉 새상품입니다

해외판이며 출시한지 10년이 넘어 박스는 양호하지만 세월감 보입니다",100000,2026.06.15,158,2,1
227961253,중고나라,이사 정리,레고 79117 새제품 (조립용),"레고 79117 닌자가북이 새제품입니다.

누락없는 새제품입니다만 보관 부주의로 박스훼손이 있어

조립용 추천합니다.

택배비 포함가입니다",200000,2026.06.15,123,3,0
227961405,중고나라,이사 정리,레고 79116 새제품,"레고 79116 새제품입니다.

14년도 제품으로 세월감 있으며 조립용 추천합니다.
마트에서 구매한 제품이라 박스 테이핑 및 도난방지 텍 있습니다

택배비 포함가입니다.",180000,2026.06.15,91,1,0
227961514,중고나라,이사 정리,레고 79115 새제품,"레고 79115 새제품입니다.

14년도 제품으로 세월감 있으며 조립용 추천합니다.
마트에서 구매한 제품이라 박스 테이핑 및 도난방지 텍 있습니다

택배비 포함가입니다.",150000,2026.06.15,65,0,0
227286572,중고나라,이사 정리,레고 79110 새제품,"레고 론 레인저 79110 새제품 입니다
9세부터 14세까지 사용 가능합니다
2013년 2월에 출시 제조되었습니다
KC인증을 받은 제품입니다

12년 전 출시한 단종제품입니다.
박스상태는 세월대비 양호하고 씰 늘어짐 없는편입니다.

현재 3개 판매로 잔여재고 2개있음",120000,2026.06.15,154,3,1
227962778,중고나라,이사 정리,레고 넥소나이츠 얼티밋시리즈 20개일괄 급처,"레고 넥소나이츠 얼티밋 시리즈 새제품입니다.

일괄 20개 50만 택배비 포함 급처분가입니다.",500000,2026.06.15,254,5,0
229500686,중고나라,이사 정리,레고 스타워즈 스노우스피더 75049,"레고 스타워즈 스노우스피더 세트예요. 박스 상태가 깨끗하고 미니피규어들도 모두 포함되어 있어 보여요. 레고 팬이라면 놓칠 수 없는 아이템이에요!

레고 스타워즈 스노우스피더 75049입니다
7-12세 이용 가능합니다
박스에 보관되어 있습니다

2014년도 제품 박스라 세월감은 있어요
새상품이며 재고 1개 남았습니다",110000,2026.06.15,53,1,0
221904213,중고나라,이사 정리,레고 75139 스타워즈 새상품,"스타워즈 75139 미개봉 새제품이에요. 박스 상태도 깨끗하고 완전 새 상품입니다. 스타워즈 팬이라면 꼭 가져야 할 아이템이에요!

레고 스타워즈 75139 새제품입니다
2015년 11월에 제조되었으며, 3세 이상 사용 가능합니다
스타워즈 시리즈를 좋아하시는 분들께 추천드려요

박스 씰 양호한편 입니다",100000,2026.06.15,161,3,0
227961070,중고나라,이사 정리,레고 7347 NIB 새제품,"레고7347 새제품입니다.

12년도 제품이라 박스상태가 안좋습니다.
씰 한쪽이 떨어지고 박스상태는 사진과 같습니다.

조립용 추천드리며 택배비 포함가입니다",120000,2026.06.15,82,2,0
229676397,중고나라,이사 정리,레고 스타워즈 75080 AAT 새제품,"레고 스타워즈 75080 AAT 세트입니다. 박스 상태가 깨끗하고 미개봉 새제품입니다. 스타워즈 팬이라면 놓칠 수 없는 멋진 탱크 모델이에요!

레고 스타워즈 75080 AAT 제품입니다
7-12세 이용 가능하며, 미개봉 새제품입니다
스타워즈 시리즈를 좋아하시는 분들께 추천드려요

14년 출시제품

홈플러스에서 구매했던건데 마트에서 박스에 테잎을 사방팔방 감았네요...

박스 고려 및 네이버 최저가 고려하여 개당 6만에 내놓습니다.
잔여재고 1개 판매 완료로 5개이며

5개 재고 일괄시 25만에 드립니다",60000,2026.06.15,39,1,0
229674846,중고나라,이사 정리,엔진 분무기6마력,"엔진으로 만든 6마력예요. 바퀴가 달려있어서 이동이 편리하고 호스도 포함되어 있어요. 사용감은 있지만 작동에는 문제없을 것 같아요.
판매지역. 대구광역시군위군 
전화번호 ☎️ 010삼오공팔사팔구구",400000,2026.06.15,34,0,1
229674798,중고나라,이사 정리,레고76052 배트케이브 새제품,"레고 DC 슈퍼히어로즈 배트맨 클래식 TV 시리즈 배트케이브 76052 새제품이에요
사진에서 보이는 것처럼 구성품 모두 포함되어 있어요
배트맨 팬이라면 누구나 좋아할 만한 제품이랍니다
아이들과 함께 조립하며 즐거운 시간을 보낼 수 있어요

출시가 오래된 관계로 박스상태는 사진과 같습니다. 씰은 양호한 편입니다.

택배비 포함가로 판매합니다",360000,2026.06.15,21,0,0
229247701,중고나라,이사 정리,레고 #75192 스타워즈 밀레니엄 팔콘,"75192 밀레니엄 팔콘 판매합니다, 박스만 열어본 미개봉 상품이에요.

* 직거래장소 조치원입니다.",950000,2026.06.15,186,1,1
229671624,중고나라,이사 정리,첼로 xc30,"첼로 xc 30입니다..
앞변속기 slx, 뒷변속기 xt
 뒤변속기는 slx에서 업그레이드 된겁니다
총 2×11단 변속기입니다..
샥은 리모트콘트롤 장착
사이즈는 m
구매시기 23년 신품
주말에 자전거 운동용으로 사용했습니다.
뒤 브레이크 디스크쪽 프레임에 도장 벗겨짐 있습니다. .. 
마지막 2개 사진 상 부속품 드립니다..
-체인 교체 도구 2개, 킥스텐드, 이너바, 엔드그립",400000,2026.06.15,82,2,2
227049291,중고나라,이사 정리,게임기모양 닌텐도카드 케이스 24p,"닌텐도칩 케이스 입니다

겉은 플라스틱으로 되어있고
속은 말랑말랑합니다

옛날 게임이 모양 닌텐도 카드칩 케이스 입니다

이쁘게 보관 하고 싶으시면 괜찬을꺼같아요

일택 +3600
반택 +1800",8000,2026.06.15,42,1,0
229671430,중고나라,이사 정리,마인크래프트 무드등 4색 충전식 응원봉,"마인크래프트 게임의 정품 맨홀더 모양 LED 랜턴이에요! 다양한 색상으로 변환 가능하고 USB 케이블도 포함되어 있어요. 야외 활동이나 인테리어 소품으로 정말 멋져요.

아이들이 좋아하는 마인크래프트 LED 토치 램프입니다. 4가지 색상으로 은은한 무드등으로 사용하기 좋아요. 인테리어 소품으로도 활용도 높은 제품입니다.

충전선은 있습니다 
후크가 없는 제품입니다 참고 바람니다",9500,2026.06.15,7,0,0
228774350,중고나라,이사 정리,어린왕자) 회중시계 (줄시계),"안녕하세요

어린왕자 회중시계입니다

사이드는 4.5쌘치 줄길이는 80쌘치

시간설정은 위에 왕관모양을 땡기면 설정할수 있습니다

반택 +2.000
일택 +3.500

30.000원 이상 무료배송
제 상점상품이랑 함께 구매 하셔서 배송비 절약 해보세요 

궁금사항 잇으시면 톡 주십시오",8000,2026.06.15,14,0,0
227049279,중고나라,이사 정리,포켓몬도감) 닌텐도스위치 카드칩 케이스 p24,"안녕하세요
궁금사항 잇으시면 톡으로 주세요

겉은 플라스틱 케이스
속은 실리콘 같습니다
들고 다니니깐 옛 감성이 생기네요

반택 +1800
일택 +3600",8500,2026.06.15,69,0,0
228664889,중고나라,이사 정리,유희왕 석판 듀얼몬스터즈 카드 기억의석판 파라오 카이바 유희,"유희왕 듀얼몬스터즈에 나오는 석판입니다. 카드 일러스트와 등장인물들이 고대 이집트 석판처럼 표현되어 있습니다. 무게는 약 200g이고, 크기는 6*9.5cm입니다. 별도 문의 없으시면 바로 안전결제 부탁드려요!

종류는 2가지입니다
1번 동색 
2번 금색

1개 가격입니다",82000,2026.06.15,35,1,0
227049262,중고나라,이사 정리,닌텐도 스위치용 스위치 카드 보호 케이스 24p,"닌텐도 칩 케이스 입니다

겉은 튼튼한 플라스틱
속은 말랑말랑 합니다 

일택 +3600
반택 + 1800",8000,2026.06.15,37,0,0
227049255,중고나라,이사 정리,닌텐도모양 카드케이스 악세사리,"사진보시면 다 나와잇어요

끈길이는 총 45쌘치

가방에 매달아두 되고 목에 걸어도 됩니다

궁금사항 잇으시면 톡 주세여

일택 +3600
반택 + 1800",4000,2026.06.15,14,0,0
226740624,중고나라,이사 정리,고스트 버스터즈 키링 열쇠고리 가방고리,"✔ 제품 특징
 • 🔴 아이코닉 디자인
누구나 한 번쯤 본 적 있는 감각적인 로고 디자인으로
개성 있는 포인트 아이템으로 활용 가능
 • 🧲 가볍고 튼튼한 소재
28.6g의 가벼운 무게로 부담 없이 휴대 가능하며
내구성이 좋아 오래 사용 가능
 • 🔗 견고한 키링 구조
메탈 링과 체인으로 제작되어
쉽게 분리되지 않고 안정적으로 사용 가능
 • 🎁 다용도 활용
열쇠고리, 가방 장식, 자동차 키링 등
다양한 곳에 활용 가능한 실용 아이템

 📏 제품 정보
 • 사이즈: 가로 5.9cm / 세로 5.7cm
 • 무게: 약 18.6g
 • 소재: 메탈 + PVC(또는 에폭시 코팅)
 • 구성: 키링 1개

궁금사항잇으시면 톡 주세용",2900,2026.06.15,33,0,0
226981242,중고나라,이사 정리,애니메이션 캐릭터 나루토 수리검 세트 8종,"애니메이션 나루토 감성을 그대로 담은
유니크한 메탈 뱃지 세트를 소개합니다!

다양한 상징 마크와 디테일한 디자인으로
가방, 의류, 모자 등 어디에든 포인트 아이템으로 활용하기 좋아요.",8600,2026.06.15,49,0,0
228108251,중고나라,이사 정리,마인크래프트 꿀벌 피규어 led 조명 장식,"🐝 픽셀 감성 무드등 – 꿀벌 LED 라이트

마인크래프트 속 귀여운 꿀벌을 그대로 재현한 감성 무드등!

게임 속에서 튀어나온 듯한 큐브형 디자인으로, 방 안을 따뜻하게 밝혀주는 인테리어 아이템입니다. 마인크래프트 팬이라면 꼭 소장하고 싶은 아이템✨

⸻

📌 제품 특징

* ✔️ 픽셀 스타일 디자인
 * 마인크래프트 특유의 블록 형태를 그대로 살린 꿀벌 모양
* ✔️ 따뜻한 LED 무드 조명
 * 눈부심 없이 은은하게 공간을 밝혀주는 감성 조명
* ✔️ 자동 전원 차단 기능
 * 약 15분 후 자동 OFF로 편리하고 안전하게 사용 가능
* ✔️ 충전식 배터리 내장
 * 1200mAh 배터리 탑재로 무선 사용 가능
* ✔️ 인테리어 & 선물용 추천
 * 책상, 침대 옆, 게이밍 룸, 아이 방 어디든 잘 어울림

📏 제품 사이즈

* 약 가로 19.3cm × 세로 16.5cm × 높이 10.3cm ( 날개.더듬이 장착시 )

⸻

🔋 사용 방법

1. 충전 후 전원 버튼 ON 
2. 따뜻한 빛으로 공간 연출
3. 자동 타이머로 편리하게 사용",18000,2026.06.15,20,0,0
229668601,중고나라,이사 정리,삼성32인치UHD 게이밍 모니터,"32인치 게이밍 모니터 판매합니다. 레인보우 RGB 백라이트가 있어서 게이밍할 때 분위기 좋고, 상태도 깨끗한 편이에요. HDMI 포트 지원으로 다양한 연결이 가능해요.
제품 주요 스펙 및 특징
이미지에 포함된 정보와 제품 라인업을 종합한 핵심 사양입니다.
모델명: LS32DG700EKXKR
디스플레이 크기: 32형 (대화면)
패널 기술: IPS 패널 (색 재현력이 좋고 시야각이 넓음)
해상도: UHD (4K, 3840 x 2160)
주사율: 144Hz (부드러운 화면 전환)
기타 기능: VESA 마운트 지원, 후면 RGB 라이팅(Core Lighting) 탑재
제조 연월: 2026년 2월 (매우 최근 제조된 제품으로 보증 기간이 넉넉해요)
대전지역배달가능 타지역은 물품파손으로 택배불가입니다.

010-6420-9163 문자가능",500000,2026.06.15,40,0,1
229206447,중고나라,이사 정리,14k 1부 모이사나이트 테니스 목걸이 정리가격 돈당50만원,"14K 화이트골드
총중량 6돈

1부 모이사나이트 세팅

42센치

반품 환불 불가

직거래시 현금거래만 합니다.
계좌이체X",3000000,2026.06.15,103,3,0
229389229,중고나라,이사 정리,세이코 세이코매틱 R,"【상품】

세이코 / SEIKO 시계 정품

세이코매틱 R
(SEIKOMATIC-R 8306-8000)

1965년 9월 생산

세이코매틱 R은 1960년대 세이코의 고급 자동 시계 라인으로, 당시 세이코가 스위스 고급 시계들과 경쟁하기 위해 개발한 프리미엄 모델입니다.

당시 세이코의 라인업에서 그랜드 세이코(Grand Seiko), 킹 세이코(King Seiko)와 함께 고급 시장을 담당하던 모델군으로, 뛰어난 완성도와 안정적인 자동 무브먼트로 높은 평가를 받았습니다.

본 제품은 1965년 9월 생산된 8306-8000 모델로, 30석 자동 무브먼트와 데이데이트 기능을 갖춘 상위 사양입니다.

깔끔한 실버 선레이 다이얼과 골드톤 케이스의 조합이 클래식한 분위기를 연출하며, 백케이스에는 세이코 빈티지 모델의 상징인 돌고래 메달리온이 적용되어 있습니다.

약 60년 전 생산된 모델임에도 불구하고 세이코의 뛰어난 기술력과 빈티지 감성을 느낄 수 있는 매력적인 컬렉션 피스입니다.

【상품 상세】

모델 :
Seikomatic-R

레퍼런스 :
8306-8000

생산년도 :
1965년 9월

무브먼트 :
Seiko Cal.8306A

구동 방식 :
기계식 자동감기

기능 :

* 자동감기
* 데이 표시
* 데이트 표시

컬러 :

* 다이얼 : 실버
* 케이스 : 골드

사이즈 :

* 케이스 약 36mm (용두 제외)

밴드 :

* 사제 브라운 가죽 스트랩

※ 약간의 오차는 양해 부탁드립니다.

【상태】

최근 오버홀을 완료하여 바로 착용 및 사용 가능한 컨디션입니다.

현재 정상 작동 중이며, 일상 착용에 전혀 문제없는 상태입니다.

연식에 따른 사용감과 케이스의 금장 마모가 일부 존재하나, 다이얼 상태가 양호하며 빈티지 시계 특유의 매력을 유지하고 있습니다.

백케이스의 돌고래 메달리온 또한 확인 가능한 상태입니다.

약 60년 전 생산된 빈티지 시계임에도 최근 정비를 마친 상태로, 구매 후 별도의 수리 부담 없이 바로 사용 가능합니다.

상세 상태는 사진을 참고 부탁드립니다.

【부속품】

시계 본체

※ 빈티지 시계 특성상 방수 성능은 보장되지 않습니다.
※ 중고품 특성상 교환 및 환불은 어려운 점 양해 부탁드립니다.",300000,2026.06.15,152,3,4
229663131,중고나라,이사 정리,"탐론 소니마운트 35-150 , 16-30 팝니다.","2. 탐론 35-150 소니마운트


박스풀 필터 x


구매하자마자 스킨껴서 외관상 문제없습니다.


내부먼지도없고 최신펌웨어 상태입니다.


보증기한 2028-12-11


153만원




3. 탐론 16-30 소니마운트



박스풀 필터x


구매하자마자 스킨껴서 외관상 문제없습니다.


내부먼지도없고 최신펌웨어 상태입니다.


보증기한 2028-12-11



103만원





대전 낭월동 및 가오동 직거래 또는 착불택배 가능합니다



010-3404-육육칠이",1530000,2026.06.15,40,1,1
229662514,중고나라,이사 정리,탐론 28-75 F/2.8 Di lll VXD G2 렌즈,"탐론 28-75 F/2.8 Di lll VXD G2렌즈
소니 E 마운트

상태 깨끗하고 나쁘지않습니다. 

안쓰게 되서 판매합니다. 

대전 직거래 가능

실내에서 사용해서 찍힘이나 기스 없고 
보증기간 지났습니다.

박스 X

네고 X",700000,2026.06.15,32,1,1
227838038,중고나라,이사 정리,보쉬 금속용 컷쏘날,"보쉬 금속용 컷쏘날 150mm 10개, 225mm 5개 입니다.
주말로 날짜 협의 후 조치원에서 직거래만 가능합니다.",20000,2026.06.15,34,1,0
227837231,중고나라,이사 정리,"4인치 벨트, 8인치 디스크 샌더","개인 작업실 정리로 위시스 벨트&디스크 샌더 판매합니다.
2022년 구매했고 작동 잘 됩니다.
직접 보고 작동해본 후 가져가는 조건입니다.
교체용 벨트 몇장 더 드리겠습니다.
가격 네고는 안되고 주말로만 날짜 협의 후 조치원에서 직거래가능합니다.",240000,2026.06.15,66,3,1
227837114,중고나라,이사 정리,디월트 DCS575 베어툴,"개인 작업실 정리로 디월트 테이블쏘 DCS575원형톱 베어툴 판매합니다.
2019년 구매했고 작동 잘 됩니다.
교환 반품 없이 직접 보고 작동해본 후 가져가는 조건입니다.
가격 네고는 안되고 주말로만 날짜 협의 후 조치원에서 직거래가능합니다.",140000,2026.06.15,47,4,1
228786984,중고나라,이사 정리,빅투아르 애플워치 케이스 골드 러버 블랙,"애플워치에 고급스러움을 더해줄 빅투아르 골드 러버 블랙 케이스예요
40/41mm, 
사진에서 보이는 그대로의 제품입니다
스타일리시한 디자인으로 당신의 애플워치를 특별하게 만들어 줄 거예요 풀박스 상태 굿 직거래 선호",320000,2026.06.15,44,0,4
228796007,중고나라,이사 정리,G.Skill SNIPER X DDR4 16G * 2 = 32G 판매합니다.,"안녕하세요.
잘 사용하던 램 판매합니다.
스펙은 아래와 같습니다.
CL16-18-18-38 1.35V",200000,2026.06.15,487,12,5
206301768,중고나라,이사 정리,브리지스톤 타이어 205/60R 17,"BMW 220i 액티브 투어러에 장착하여 2024년 4월부터(6개월)4800km정도 운행한 것이고, '23년 42주에 생산되었으며, 상태는 양호함
사계절용 타이어로 교체하게되어 탈착 보관중임. 4짝 가격임",80000,2026.06.14,106,1,6
229654575,중고나라,이사 정리,킹스타엔진 비료살포기 세트,"엔진 살포기와 각종 부속품들이 포함된 세트입니다. 사용감은 있지만 작동에는 문제없어 보여요. 농업용이나 벌집 관리용으로 활용하기 좋을 것 같습니다.
판매지역. 대구광역시군위군 
전화번호 ☎️ 010삼오공팔사팔구구 
기타. 택배착불 입니다",130000,2026.06.14,24,1,0
229554433,중고나라,이사 정리,소니 wh-1000xm5 블랙,"소니 wh-1000xm5 블랙 판매 합니다
평소에 에어팟이 있어서 잘 안썼고 집에서 영화랑 음악 몇번듣고 보관 해놨습니다 잘 안써서 판매해요 
큰 기스는 없고 생활기스정도 입니다 구성품은 없어요",180000,2026.06.14,101,0,2
229650295,중고나라,이사 정리,암막커튼 판매,"암막커튼 판매합니다

구매시기: 2024년
상태: 깨끗하게 사용했습니다.

판매 품목

가로 140cm × 세로 250cm (2장) — 5만원
가로 120cm × 세로 170cm (2장) — 4만원
가로 170cm × 세로 250cm (2장) — 7만원
가로 335cm × 세로 250cm (2장) — 9만원
가로 190cm × 세로 175cm (2장) — 5만원

6월 17일 수령 가능하신 분만 연락 부탁드립니다.

여러 개 구매 시 가격 조정 가능하며, 네고도 가능합니다.
관심 있으신 분은 편하게 연락 주세요. 감사합니다.

지역은 새종시 조치원 입니다 
직거래 희망 합니다",300000,2026.06.14,22,0,1
229614503,중고나라,이사 정리,문제아들이 이세계에서 온다는 모양인데요? 1~12권 + 1권,"문제아들이 이세계에서 온다는 모양인데요? 1~12권

라스트 엠브리오 1권

거래 후 단순 변심으로 인한 환불은 일절 받지 않습니다

타 제품과 교환 및 네고 안 받습니다",25000,2026.06.14,7,0,0
229640726,중고나라,이사 정리,아웃스탠딩,빈티지 스타일의 데님 진이에요. 자연스러운 워싱과 약간의 오염감이 멋스러운 중고 제품입니다. 전체적으로 상태 양호해 보여요!,30000,2026.06.14,23,0,0
229639889,중고나라,이사 정리,미니 거북이 야광 인테리어 장식 소품 조경 100개 색상 랜덤,"🐢 야광 미니 거북이 피규어 (랜덤 컬러)

어두운 곳에서 은은하게 빛나는 귀여운 거북이 피규어!
작고 아기자기한 사이즈로 다양한 DIY 장식, 레진 공예, 미니어처 소품, 테라리움 꾸미기 등에 활용하기 좋은 아이템입니다.

야광 기능이 적용되어 빛을 흡수한 후 어두운 곳에서 형형색색으로 빛나며 특별한 분위기를 연출해 줍니다.


* 재질 : 아크릴
* 크기 : 약 11mm × 7mm × 5mm
* 색상 : 혼합 컬러
* 특징 : 야광 발광 기능",7000,2026.06.14,8,0,0
228142039,중고나라,이사 정리,비비랩30데이즈미라클뷰티 팩 세트,"BB LAB B 30일 미라클 뷰티 올인원 팩은 피부를 건강하게 유지하는 다양한 원료로 만들어졌습니다. 저분자 콜라겐, 엘라스틴, 글루타티온, 세라마이드, 히알루론산, 종합 비타민 및 미네랄, 칼슘, 마그네슘, D 등이 함유되어 있어 피부를 영양 가득 채우고 수분을 공급해줍니다.
충분한 영양성분이 함유되어 있어 피부 탄력과 수분을 도와줍니다. 또한 피부 톤을 밝고 맑게 만들어주며 주름과 잡티를 개선해줄 수 있습니다.
30일 59000원
4개월치 22만원드림
소비기한 28년1월 넉넉함
박스없고 포로 있습니다. 하루한포",59000,2026.06.14,15,0,1
229398570,중고나라,이사 정리,데스크탑,"직접조립한 데스크탑
i7-8700, 3.70Ghz
실내 선정리 직접해서 깔끔 👍 
램 16GB
Ssd250
그래피카드gtx1660슈퍼
윈도위11프로 
포토샵7.0, 한글, 엑셀 깔려있음
수냉식쿨링
데스크탑커버도 교체완료상태이고
Rgb 색조절가능🏳️‍🌈
먼지하나없이 관리잘된 데스크탑

""포맷 완료, 윈도우 11 설치 및 정품인증 완료, 롤/피파/오버워치 등 게이밍용으로 추천""",700000,2026.06.14,52,0,1
229181087,중고나라,이사 정리,땡큐 블랙박스 ADAS 타임랩스 FHD+FHD 1채널 32g,땡큐 ADAS 타임랩스 1채널 블랙박스입니다. FHD+FHD 해상도와 32GB SD 카드가 포함되어 있습니다. ADAS 기능으로 안전 운전에 도움을 줍니다. 구매 원하시면 바로 안전결제 해주시면 됩니다!,30000,2026.06.14,18,0,0
224573879,중고나라,이사 정리,이사정리) 포켓몬 피카츄 생일축하 중형인형,"기본적으로 편의점 택배로 접수해드리고 제쪽에서도 최대한 성심껏 포장해드리겠습니다. 

오락실, 뽑기샵 인형이라 이염, 얼룩이 있을 수도 있고 제가 발견하지 못한 부분도 있을 수 있다는 점 당부드립니다. 

결제 전에 배송방식을 상의하고 가격을 수정하니 구매 전 채팅으로 먼저 연락해주시길 바랍니다.

중고거래 특성상 환불이 어렵다는 점 참고바랍니다.",8000,2026.06.14,48,0,0
229122507,중고나라,이사 정리,"3ds ,nds 게임칩 팝니다","1. 3ds 브레이블리 세컨드 3만원
2. 신세계수의 미궁 2만5천원
3. 동키콩 리턴즈 3d 8천원
4. 마법천자문2 8천원
5. 레고 키마 라발의여행 5천원
6. 위대한 밥상 5천원

연락주세요",5000,2026.06.14,75,0,0
224654466,중고나라,이사 정리,이사정리) 포켓몬 꼬부기 헤드셋 중형인형,"기본적으로 편의점 택배로 접수해드리고 제쪽에서도 최대한 성심껏 포장해드리겠습니다. 

오락실, 뽑기샵 인형이라 이염, 얼룩이 있을 수도 있고 제가 발견하지 못한 부분도 있을 수 있다는 점 당부드립니다. 

결제 전에 배송방식을 상의하고 가격을 수정하니 구매 전 채팅으로 먼저 연락해주시길 바랍니다.

중고거래 특성상 환불이 어렵다는 점 참고바랍니다.",10000,2026.06.14,84,3,0
225759873,중고나라,이사 정리,이사정리) 포켓몬 헤드셋 이브이 중형인형,"개당 만원입니다.

기본적으로 편의점 택배로 접수해드리고 제쪽에서도 최대한 성심껏 포장해드리겠습니다. 

오락실, 뽑기샵 인형이라 이염, 얼룩이 있을 수도 있고 제가 발견하지 못한 부분도 있을 수 있다는 점 당부드립니다. 

결제 전에 배송방식을 상의하고 가격을 수정하니 구매 전 채팅으로 먼저 연락해주시길 바랍니다.

중고거래 특성상 환불이 어렵다는 점 참고바랍니다.",10000,2026.06.14,61,1,0
224330392,중고나라,이사 정리,이사정리) 포켓몬 고라파덕 헤드셋 중형인형,"개당 만원입니다.

기본적으로 편의점 택배로 접수해드리고 제쪽에서도 최대한 성심껏 포장해드리겠습니다. 

오락실, 뽑기샵 인형이라 이염, 얼룩이 있을 수도 있고 제가 발견하지 못한 부분도 있을 수 있다는 점 당부드립니다. 

결제 전에 배송방식을 상의하고 가격을 수정하니 구매 전 채팅으로 먼저 연락해주시길 바랍니다.

중고거래 특성상 환불이 어렵다는 점 참고바랍니다.",10000,2026.06.14,106,1,1
194023681,중고나라,이사 정리,한국타이어 사계절용 21인치 타이어 . 275 /45 / 21,"※ 카페 상품 게시글은 자동으로 중고나라 앱/사이트에 노출합니다. 노출을 원하지 않으실 경우 고객센터로 문의 바랍니다. 
※ 등록한 게시글이 회원의 신고를 받거나 이상거래로 모니터링 될 경우 중고나라 사기통합조회 DB로 수집/활용될 수 있습니다. 
─────────────────── 
📢 제목에 ""제조사/ 브랜드 명""과 ""차종(ex. 아반떼 CN7)”를 넣어 작성하면, 보다 빠른 판매가 가능합니다! 
📢 게시글 작성 시 배송 방법에 “직거래”와 “내 위치” 설정할 경우, 보다 빠른 판매가 가능합니다! 
👆 오늘 작성가능한 게시글 수가 부족하다면, 상단에 ""중고나라 앱 다운받기""를 통해서 앱에서 작성해 보세요!

한국타이어 사계절용 타이어 21인치.
 275 / 45 / 21 사이즈. 
22년 50주 생산 제품. 
2개 판매완료. 1짝 남았습니다. 
마일리지 70% 이상 남음. 
주행거리 만키로 이하. 
하나 펑크로 인해 교체하고 3개만 남음. 
현재 새거 판매가격이 개당 20만원 넘음. 
개당 10만원. 펑크 이력이나 지렁이 때운적없음. 편마모 없이 상태 좋음.
2개 판매되고 1개 남았습니다.

대전 동구 남대전ic 근처 샵에 보관중이며 방문 수령이나 택배시 택배비 개당 만원가량 부담시 택배 가능. 
타이어 상태 사진 보시고 문자주세요.",100000,2026.06.14,91,0,2
229625384,중고나라,이사 정리,LED 다이빙 라이트,"7개 LED가 장착된 다이빙 라이트입니다. 전용 스탠드와 케이블이 포함되어 있고, 사용감은 있지만 작동 상태 양호해요.

배터리 없음
3만 랜턴
자루
보호캡",350000,2026.06.13,21,0,1
229456611,중고나라,이사 정리,얼모스트리얼 lc500h 다이캐스트 신품급,"얼모스트리얼 렉서스 L500h 무하자 풀박입니다
공식 라이센스로 렉서스딜러 납품용으로 제작된 제품입니다

딱 1회 분리,전시 X 

신품급이며 마감 하자도 딱하 안보입니다 

문, 엔진, 트렁크 계폐 기능
엔진커버 탈거 가능
문손잡이오픈 및 사이드미러 접이 가능이 있습니다

마지막 사진은 색감 참고용입니다 정말 이쁩니다",140000,2026.06.13,71,2,1
229535708,중고나라,이사 정리,오즈모 액션 5 프로 스탠다드 콤보,"사용감은 조금 있지만 
렌즈부, 전후면 액정은 필름 붙여 깨끗합니다

올해 1월 dji 케어 2년 플랜 등록했고 

구성품은 아래와 같습니다 
스탠다드 콤보 + gps 리모컨 + 추가 정품 배터리 

직거래는 대전 가오동 
그 외 지역은 우체국택배로 보내드립니다 

네고 불가",390000,2026.06.13,215,1,1
229536646,중고나라,이사 정리,6600H 미니 PC + 24GB 램,"라막셀 12GB 2개 장착 
윈도우 부팅, 벤치 테스트 후 ssd는 제외했습니다 

직거래는 대전 가오동 
그 외 지역은 우체국택배로 보내드립니다 

네고 불가",400000,2026.06.13,366,5,1
229536447,중고나라,이사 정리,갤럭시 S26 울트라 256GB 블랙 미개봉 자급제,"5월 구매 

미개봉품입니다 

직거래는 대전 가오동 
그 외 지역은 우체국택배로 보내드립니다 

네고 불가",1310000,2026.06.13,196,3,1
229536333,중고나라,이사 정리,애플워치 SE2 44MM GPS 미개봉,"올해 4월 구매 

미드나이트 컬러 + M/L 밴드 조합입니다 

직거래는 대전 가오동 
그 외 지역은 우체국택배로 보내드립니다 

네고 불가",240000,2026.06.13,129,1,0
229603962,중고나라,이사 정리,(정품)티파니앤코 리턴투 더블 하트 목걸이/팔찌 세트,"티파니앤코 리턴투 하트 목걸이와 팔찌 세트예요.
민트색 하트 참이 포인트인 사랑스러운 제품이랍니다.
사진에서 보이는 구성 그대로 보내드려요.
데일리로 착용하기 좋은 아이템이에요.
여성들의 목과 손목을 아름답게 해주는 갓템
따로 판매가능",350000,2026.06.13,38,1,1
229623162,중고나라,이사 정리,미하라 야스히로 피터슨 내추럴(사이즈41) 팝니다,"후쿠오카에서 구매했고 양수증 드립니다
미사용이고 사진찍으려고 꺼내봤습니다
직거래는 천안 오송 세종 가능하고
사이즈는 41입니다
연락주세요",520000,2026.06.13,27,1,1
212001524,중고나라,이사 정리,[이사정리/새상품] 실크루트 맞춤한복 (신부한복),"22년 결혼식때 맞춰놓고 결혼식2부로 드레스입어서 한번도 안입었어요 ! 풀로 한복저고리, 치마, 속치마, 속저고리, 구두, 가방, 버선, 노리개 + 박스랑 더스트백까지 있습니다

164cm 50kg 입니다 한복이라 +/- 5kg는 커버 가능할 것 같아요
구두사이즈 245 (원래 신발 240신어요)

직거래 별내 
택배비 포함",100000,2026.06.13,295,8,1
229498304,중고나라,이사 정리,"킹뱅크 ddr5 cl32 6400mhz 램(64GB, 32GB*2)","킹뱅크 6400mhz ddr5 램 입니다.

23년 47주차꺼고

라이프 워런티 있는 제품으로 알고 있습니다.

케이스는 있는데 종이박스는 없습니다.",750000,2026.06.13,528,18,9
229618880,중고나라,이사 정리,벤틀러스 XT10PRO 전기자전거,"벤틀러스 XT10 pro 전기자전거 블루 색상입니다.
삼성정품 리튬이온 20Ah 배터리에 500W 모터 장착으로 힘이 좋습니다.
프레임 일체형 배터리로 깔끔하고 튼튼하며, 출퇴근이나 근거리 이동 또는 배달을 시작하시려는 분들께 추천드립니다. 기본 배터리외 벤틀러스 사이트에 들어가시면 배터리 추가로 구매하여 장착할 수 있습니다.
아버님께 드릴 목적으로 구매하였지만 자동차를 주로 타셔서 세워두기 아까워 판매합니다. 현재 키로수는 8km 탔습니다. 조립후에 작동상태 잘 되는지 체크 정도만 하였습니다. 언제든 문의하셔도 좋습니다. 010-팔구03-일삼42로 연락주시면 됩니다. 새것같은 중고라 네고는 어렵지만 10만원 상당의 탑박스를 무료로 드리겠습니다. 구매만 하고 장착은 하지 않아 완전히 새 것입니다. 직거래는 대전 유성(봉명동) 또는 동구(가오동)에서 가능합니다.",1200000,2026.06.13,102,0,1
229613859,중고나라,이사 정리,가민 택틱스7아몰레드 텍티컬 51mm(정상작동),"안녕하세요 가민 택틱스7아몰레드 51mm 시계 입니다
제가 구지 설명을 해야 할 필요가 있을까 싶을 정도의 가민 택틱스 시계입니다
아실만한분은 다 아실정도의 시계라고 생각합니다
처음 구매 당시 풀박스 구성이구요 액정 보호필름 부착 상태입니다
기본 제공 스트랩 외 별도로 개별 구매한 스트랩 8종 포함으호 드려요
스트랩 사진상 맨 마지막 7번 8번 스트랩은 미사용한 새제품입니다
시계는 각종 운동 런닝.싸이클.수영.등산 등등등 여러가지 기능제공
킬스위치.야간모드.방수.라이트 등 설명하기어려울 정도로 기능이 많습니다
티타늄배젤이구요 다른 시계로 갈아타게 되면서 판매 하게됬습니다
애정이 많이 가는 시계라 아까울정도에요 ㅠㅠ
밀스펙을 통과한 시계라서 군인분들에게도 좋은 시계입니다
특히 군인분들은 MGRS 10계단 좌표확인도 가능하고 위도와 경도 좌표도 가능하니 참고 해주세요 ㅎ
기능은 고장난거없이 정상 작동하니 안심하시구요 네고 가능하니 편하게 연락주세요
택배.직거래 모두 가능합니다",1000000,2026.06.13,72,1,1
229610490,중고나라,이사 정리,HP파빌리온 15.6인치 노트북 팝니다.,"HP 파빌리온 15-n027TX
I5 -4200U CPU
램 4G , 120G SSD
배터리 완전방전되어 아답터로 사용중 입니다.
첫 시동시 low 배터리 경고문구 뜨는데 조금 기다리면 자연스럽게 부팅 됩니다.
배터리는 알리에 저렴한 가격으로 구매 가능합니다.
상판은 적당한 스크래치 존재하고 , 문서작업이나 웹서핑 등 가벼운 작업에 적합한 노트북 입니다.
키보드 짱짱하고 , 화면 깨끗하며 odd 있는 노트북 이니다.
본체 , 아답터, 방전된 배터리 따라갑니다.
판매가격은 45,000원 입니다.",45000,2026.06.13,38,0,0
229606110,중고나라,이사 정리,옛날 미상 부품,빈티지 재봉틍에 필요한 각종 부품들이에요. 사용감은 있지만 기능상 문제없이 작동할 것 같아요. 재봉틀 수리나 부품 교체용으로 활용하시면 좋을 듯해요.,30000,2026.06.13,11,0,0
229065383,중고나라,이사 정리,오일프리 저소음 콤프레샤,"경원 오일프리 12HP 콤프레샤 새제품입니다.
카센타에 사용하려고 샀다가 설치하려니 기존꺼 없애고 할 일이 너무 많아 판매합니다",2400000,2026.06.13,35,0,0
223614398,중고나라,이사 정리,이사정리) 포켓몬 먹고자 중형인형,"개당 7천원입니다. 

기본적으로 편의점 택배로 접수해드리고 제쪽에서도 최대한 성심껏 포장해드리겠습니다. 

오락실, 뽑기샵 인형이라 이염, 얼룩이 있을 수도 있고 제가 발견하지 못한 부분도 있을 수 있다는 점 당부드립니다. 

결제 전에 배송방식을 상의하고 가격을 수정하니 구매 전 채팅으로 먼저 연락해주시길 바랍니다.

중고거래 특성상 환불이 어렵다는 점 참고바랍니다.",7000,2026.06.13,86,3,0
226148088,중고나라,이사 정리,대차 표고버섯 봉형배지 살균대차,"표고버섯 봉형배지 살균대차

높이 2m 가로 1.2m
전체 고압살균
회전바퀴
25mm파이프, 3줄
총 50세트
개당 60,000원



편안하게 문의주세요.
상세히 답변해드리겠습니다.

수확중일땐 전화를 못받습니다.
문자남겨주시면 연락드리겠습니다.
연락처010-2311-3773",60000,2026.06.12,136,2,2
227949914,중고나라,이사 정리,파이프 32mm / 1m50cm,"파이프 32mm
ㆍ1m50cm
ㆍ1,000개
ㆍ개당 1,300원
ㆍ낱본 구매가능




편안하게 문의주세요.
상세히 답변해드리겠습니다.

수확중일땐 전화를 못받습니다.
문자남겨주시면 연락드리겠습니다.
연락처010-2311-3773",1300000,2026.06.12,128,2,1
229395801,중고나라,이사 정리,ps4 레드데드리뎀션2 팝니다~~~~~,"ps4 레드데드리뎀션2
지도포함.
상태: 매우좋음.

*네고 문의 답변 안합니다.",18000,2026.06.12,23,0,2
228370440,중고나라,이사 정리,애플 워치 블랙 티타늄 밀레니즈루프 S 사이즈 팝니다~~~~~,"선물받고 몇일 착용해보고…
사이즈가 안맞아…그냥 보관만 해놓은 제품이라…
상태 매우 좋습니다.
네고X.교환X.반품X.사이즈문의X.

*네고,사이즈문의 답변 안합니다.
직거래는 대전 산내에서만 가능 합니다.",180000,2026.06.12,257,1,1
229588822,중고나라,이사 정리,K2 상체식 안전벨트 KB-9101 모델 판매합니다 !,"K2 상체식 안전벨트 KB-9101 모델입니다.

사용안한 미개봉 상품 판매합니다 !",70000,2026.06.12,17,0,1
229588661,중고나라,이사 정리,유니클로 린넨셔츠 라지,"다양한 색상의 남성 셔츠들이에요. 화이트, 블루, 핑크 등 여러 컬러로 구성되어 있고 상태도 깔끔해 보여요. 실용적이고 예쁜 디자인으로 활용하기 좋을 것 같아요! 모두 9장 일괄입니다",100000,2026.06.12,31,0,1
229588075,중고나라,이사 정리,레이저 코어 X 팝니다,"USB4로 노트북에 물려서 쓰다가
장비가 많아 레인 부족으로 인해 데스크탑을 맞추며 팝니다
전원선, 썬더볼트 3 50cm 동봉해드립니다

세종 인근 직거래 가능",160000,2026.06.12,106,2,2
229578550,중고나라,이사 정리,레고 10248 42056 42035 42030,"레고 크리에이터 10248 페라리 F40
레고 테크닉 42056 포르쉐 911 GT3 RS
레고 테크닉 42035 광산트럭
레고 테크닉 42030 무선조종 굴착기

4개 제품 일괄 판매합니다.

박스 없이 책자와 본체들만 남아있어요. 레고 본체 자체는 분실 없이 완전체 조립되어 있습니다.
미니언즈 미니레고는 덤으로 드려요

주말 중에 구입하시면 원하시는 장소에서 직거래 가능해요.",700000,2026.06.12,48,1,1
229574945,중고나라,이사 정리,하이파이맨 아리아 언베일드,"하이파이맨 아리아 언베일드
셰에라자드에서 정발제품 구매
구매일자는 26년 4월 22일이고 제품 QC문제로 교환을 받아 다시 제품을 받은것이 5월 25일이라 실사용 기간은 3주 정도입니다
사진 보시면 알겠지만 양품입니다
메일과 택배 내역 확인하여 실사용 기간 인증 가능합니다
계좌 거래 시 셰에라자드 헤드폰 스탠드 드립니다
직거래는 문경오시면 가능합니다",1100000,2026.06.12,58,1,2
229224544,중고나라,이사 정리,소니알파57,"소니 알파57 판매합니다
거의 사용을 않했습니다 구매 후 2,000장도 안찍었을듯 하네여
사진 구성품 입니다 추가구매한 밧데리(뜯지도 않음) 인물렌즈? 포함 입니다
이사하다가 발견하여 판매합니다
평일 조치원
주말 천안시 직거래 가능합니다
(예약시 주말 1시간 이내거리 가져다줄수 있습니다)",160000,2026.06.12,153,3,6
229574453,중고나라,이사 정리,op1 8k v2 + 미도리 케이블,"6월 11일에 구매해서 영수증 보유중이고 5분 정도 테스트만 했습니다. 
좌우 클릭부는 핫스왑 기판 + 카일롱 퍼플 0.45n으로 변경했습니다. 
-구성품-
• 마우스 본체 
• 미도리 케이블
• 순정 케이블
• 연장 케이블
• 순정 기판 + 스위치
• 여분 스위치 카일롱 퍼플 0.45n 2개 (사진엔 없습니다.)
• 드라이버 3개
• 번지대 2개 (미니 번지대로 추정되는거 포함) 
순정 그립테이프 1세트
• 시카다 윙스 2.0 그립테이프 1세트 (빨간색으로 표시한 부분 제외 미사용)
• 순정 피트 1세트
• 제이드 스피드 2세트
• 옵시디언 컨트롤 2세트
• 타이거아이스 v2 2세트 (큰 사이즈 1세트, 작은 사이즈 1세트)

상태 매우 좋고 사용하면서 문제 생긴 부분 없었습니다. 
입금일 기준 다음 날까지 우체국 택배로 보내드립니다. 
안전결제X 괜찮으신 분만 연락 부탁드립니다. 
환불X",119000,2026.06.12,46,0,1
229164144,중고나라,이사 정리,3060ti 불칸,"3060ti 불칸 그래픽카드입니다 5070으로 업그레이드해서 판매합니다

사용감은 조금 있습니다

문의 환영합니다.

직거래 선호하고 안전결제 안하고 택배거래는 가능합니다. 직거래는 안전거래 됩니다",265000,2026.06.12,285,9,4
229518065,중고나라,이사 정리,[지슈라2 시안] G PRO X SUPERLIGHT 2 CYAN,"6월 10일에 구매했고 영수증 보유중입니다. 
실사용 기간 5분 미만이고 상태 매우 좋습니다. 
마우스 본체, 동글만 꺼내서 사용했고 나머지 구성품들은 미사용 새상품 입니다. 
사용하면서 문제 생긴 부분 없었습니다. 
쿨거래시 도트피트 한 세트 선택해주시면 서비스로 같이 드리겠습니다. 
왼쪽에서부터 
• westlab 화이트 
• westlab 블루
• u9 에어 6.5mm
• 옵시디언 에어 
• 제이드 에어 6.5mm 
• 제이드 에어 8mm
• 매직아이스 플러스
윗줄은 미사용이고 아랫줄은 일부 사용했던 것도 섞여있습니다. 
입금일 기준 다음 날까지 우체국 택배로 보내드립니다. (휴일 제외)
안전결제X 괜찮으신 분만 연락 부탁드립니다. 
환불X",119000,2026.06.12,133,1,2
229558449,중고나라,이사 정리,2023년형 맥북 프로 16인치 M2 Max 중고,"2023년형 맥북 프로 16인치 M2 Max 중고입니다.

포토 실사용 제품이고 다음 맥북 구매해서 중고로 올립니다.

배터리는 80입니다.

액정 한번 교체했습니다.

사진 작업 fhd영상 작업까지는 짱짱합니다.

노박스고 충전기 같이 드립니다.

세종 조치원 직거래

6월 18~21 서울 강남 쪽 직거래 가능

200만원",1800000,2026.06.11,341,8,5
229554851,중고나라,이사 정리,아이폰 16플러스 512GB 화이트,"스마트폰 512기가 화이트 색상입니다. 실사용감은 조금 있어요
케이스는 계속 꼈는데 미세흠집은 있습니다. 충전부 좌측에도 캐이스에 눌려서 그런지 좀 기스 있어요ㅠ

측면 사진에 하얗게 묻어있는건 물티슈로 한 번 닦아서 생긴 얼룩이고 검은 점만 미세흠집이라고 보시면 됩니다.

외에는 액정 상태는 깨끗하고 카메라 멍도 없어요~
케이스끼고 다니시면 티도 안나실 정도입니다.

배터리 효율 92%입니다",860000,2026.06.11,58,0,1
229259964,중고나라,이사 정리,애플워치7 41mm GPS,"애플워치7 41mm GPS 팝니다
전체적으로 양호하고 스트랩 실리콘 하나 있습니다
배터리성능 81%입니다",105000,2026.06.11,714,6,4
228786451,중고나라,이사 정리,업소용 착화기 숯대감 겸용,"최신형 숯대감 겸용 (24년11월)
상태양호 정상작동됩니다.

도시가스 LPG 다 사용가능

배송은 별도문의

010 9282 2300",960000,2026.06.11,96,0,1
229293992,중고나라,이사 정리,"16년식 에어록스 125cc (1,912km)","2021년식 125cc 스쿠터입니다. 블루와 블랙 컬러 조합이 깔끔하고 상태도 양호해 보여요. 실용적인 통근용 바이크로 추천드립니다!

출퇴근 용도로만 사용하여 깔끔합니다.

적산거리 약1,900km
커버 상태 매우좋음.(카울 깨짐 없음)

지하 주차장 보관으로 상태 좋아요.

거래지는 세종입니다.",1300000,2026.06.11,101,1,1
229538358,중고나라,이사 정리,울란지 CA25 쿨링팬 ulanzi ca25 카메라,울란지 CA25 쿨링팬 ulanzi ca25 카메라 쿨링팬,48000,2026.06.11,10,0,0
229536921,중고나라,이사 정리,샌디스크 익스트림 프로 64GB 고성능 SD카드 판매합니다.,"샌디스크 익스트림 프로 64GB 고성능 SD카드입니다.
읽기속도 170MB인 구형 모델 아니고, 신형 200MB 제품입니다. 파일전송 빠르고 4K 영상 촬영 잘 됩니다.
포맷해둔 상태라 바로 장착하여 사용하실 수 있습니다.
조치원 직거래/반값택배도 가능합니다.",25000,2026.06.11,14,0,1
229536135,중고나라,이사 정리,샤오신패드 12.7 2025 128GB/8GB,"작년에 안티 글래어 버전과 같이 주문해서 
글래어 버전은 사용하지 않아 판매합니다 

상태는 열어보고 외관 흠집 있는지, 전원 켜지는지
확인 후 보관만 했습니다 

풀박스 + 케이스 구성입니다 

직거래는 대전 가오동 
그 외 지역은 우체국택배로 보내드립니다 

네고 불가",210000,2026.06.11,52,0,2
229536043,중고나라,이사 정리,크루셜 1TB SSD p310,"11마존 구매 미개봉품입니다

직거래는 대전 가오동 
그 외 지역은 우체국택배로 보내드립니다 

네고 불가",200000,2026.06.11,50,2,1
229535379,중고나라,이사 정리,키후 블라스트 미니벨로 (20인치) 판매함니다,"상품 : 키후 블라스트
구입일자 / 금액 : 2026.4.29 
스팩 : 
9단기어 / 크로몰리 프레임 / 슈발베 마라톤레이서 타이어 / V브레이크 / 무게 10.9kg 
406 20인치 타이어 휠셋
상태 
생활기스 정도 있음 (접이식은 접었다 폈다 하면 어쩔수 없이 미세한 기스남)
물론 타는데는 전혀 지장 없음
구입 2개월이 채 되지 않았지만 로드바이크 로 가기 위해 판매함
가볍고 잘 나감니다
직거래 원함니다 대전 및 인근 세종 조치원 천안 논산 공주 부여 청주 아산 평택 등등 주변 지역에서 만나서 직거래 희망
왠만하면 근처로 제가 감니다",250000,2026.06.11,127,7,0
229533644,중고나라,이사 정리,GEDORE 게도레 토크러너(전동토크),"GEDORE 게도레 토크러너 판매합니다
1. LDA-22
2.LDA-16
3. LED-15

가격운 문의바랍니다",1,2026.06.11,15,0,0
229533239,중고나라,이사 정리,스캇 스케일 960,"스캇 스케일 960 22년에 구매
스램 12단 구성에
락샥 서스펜션입니다.
리모트 락아웃 장착되어있습니다..
m사이즈이며 29인치 입니다..
조심히 타고 다녀서 상태는 매우 양호합니다..",750000,2026.06.11,157,2,2
229533229,중고나라,이사 정리,엔비디아 쿼드로 FX4800 그래픽카드 중고 팝니다.,"요약하자면, 쿼드로 FX 4800이 지포스 GTX보다 글자가 더 선명하고 화면이 깨끗했던 것이 맞습니다.
핵심 이유는 딱 세 가지입니다.

1. 더 비싼 부품 사용 (노이즈 차단)쿼드로: 화면 출력 회로에 노이즈를 걸러주는 고품질 부품을 썼습니다. 신호가 깨끗해서 모니터 화면이 미세하게 더 맑고 또렷하게 보입니다.지포스: 대량 생산용이라 상대적으로 저렴한 부품을 썼고, 미세한 신호 간섭(노이즈)이 발생할 확률이 더 높았습니다.

2. 10억 개가 넘는 색상 표현 (10-bit 지원)

쿼드로: 일반 지포스보다 훨씬 많은 색을 표현하는 10-bit 출력을 지원합니다. 글자 테두리가 부드럽고 촘촘하게 처리되어 눈이 편안하고 가독성이 올라갑니다.지포스: 일반 가정용인 8-bit 출력만 지원하여 색상 표현의 한계가 있었습니다.

3. 정밀한 선(Line) 표현 기술쿼드로: 설계 도면(CAD)의 얇은 선이나 아주 작은 글자가 뭉개지지 않도록 정밀하게 표현하는 전용 드라이버 기술이 들어있습니다. 이 기술 덕분에 윈도우 글자들도 더 또렷하게 보입니다.결국 지포스는 '게임 속도'에 올인한 카드이고, 쿼드로 FX 4800은 픽셀 하나하나를 '정확하고 깨끗하게 보여주는 것'에 올인한 카드이기 때문에 가독성이 더 우수합니다.

기타문의는 채팅 또는 공일공:사팔팔삼:칠팔오이 메세지 주세요.",18000,2026.06.11,15,0,0
228905659,중고나라,이사 정리,애플 맥세이프 듀오 팝니다~~~~~,애플 맥세이프 듀오.,12345,2026.06.11,24,1,0
229076626,중고나라,이사 정리,삼성. 빌트인 50리터 오븐 미사용,"삼성 빌트인오븐 입니다

50리터제품이며. 탈착후 미사욜 보관입니다

구성품. 다있구요

택배불가. 직거래만 가능무게가 무거워요

출장이. 잦은 편이니. 일정은 조율 가능 합니다",350000,2026.06.11,109,2,1
229527528,중고나라,이사 정리,야마하 베이스 기타 TRBX304 미스트그린 새제품,"야마하 베이스 기타 판매해요
사진에 보이는 것처럼 구성품 전부 포함입니다
조율기 ,케이블! 헤드폰앰프 ,피크, 거치대 ,여분 줄까지
올해 3월에사고 건들지 않아서 새거에요
정가 56만원입니다",450000,2026.06.10,57,0,1
220138281,중고나라,이사 정리,랜덤하우스 피콜로 재미그림책 전권 이사정리,"피콜로 재미그림책 전권 판매합니다.
보드북30권 그림책 40권 전권 70권입니다.
보드북은 많이봐서 모서리닮음 있고 그림책은 몇번보지 않아 깨끗하나 조작북은 손상된부분이 있습니다.
무료배송입니다.",49000,2026.06.10,94,1,0
222405512,중고나라,이사 정리,영어 보드북 영어책 26권 이사정리,"영어보드북 판매합니다.
8권은 씨디도 있습니다.
세월의 흔적 있으나 찢김낙서는 없어요.
택포",29000,2026.06.10,88,1,0
226201340,중고나라,이사 정리,프뢰벨 한글 프로그램 한글떼기 택포 이사정리,"프뢰벨 한글 프로그램
책29권 (전권)
디비디9개 cd1개
글자버스 포함
상태좋음
무료배송",33000,2026.06.10,54,2,2
229523153,중고나라,이사 정리,현대1.8톤 호이스트,"1.8톤 현대 호이스트

90만원 입니다

몇번사용 안한거같습니다.

지역은 충남 금산입니다.

상차도",900000,2026.06.10,50,0,1
229522995,중고나라,이사 정리,관정 샘 파는 기계,"관정 파는기계

사용했던 기계입니다.

봉은 없습니다.

부품용 혹은 수리용

상차도 가격180만 지역은 대전 입니다.",1800000,2026.06.10,33,0,0
229357626,중고나라,이사 정리,FSA SMR ACR 스템 및 메리다 익스퍼트 CW 핸들바 팝니다.(마운트 포함),"사이즈는 400 - 90 입니다.
자세한 스펙은 맨 마지막 사진 참고 부탁드립니다.

파손 스크래치 없고 일체형 핸들바로 넘어가게 되어 팝니다.

25년 12월 로드 구입 후 주행거리 300km미만으로 상태 좋습니다.

메리다 리액토 8000 기본 핸들바 및 스템입니다.

마운트는 FSA 확장 스탬 전용 akro 마운트입니다.
마운트 포함하여 판매합니다.",90000,2026.06.10,72,1,1
228900458,중고나라,이사 정리,가민 오레곤 600,"오레곤 600 모델이고
직구제품입니다. 정상 작동하며
실리콘케이스와 박스 설명서도 같이 드립니다.

산행하시는 분들이나 비행하실 때 활용하기 좋습니다.
다른 GPS로 넘어가게 되어서 팝니다.

조치원 직거래 가능하고
그 외 지역은 택배거래로 가능합니다.
택포 20만원입니다 

사기 안통하니까. 캡쳐본 보내거나
타거래 유도하는 이상한 소리하면 답 안합니다.
사기꾼 새끼들은 좀 가라",100000,2026.06.10,133,2,7
229520987,중고나라,이사 정리,[짐승 프로] Beast x pro 미디움,"5월 20일에 구매했고 영수증 보유중입니다. 
실사용 기간 3시간 미만입니다. 
피트는 매직아이스로 변경했습니다. 
사용하면서 문제 생긴 부분 없었습니다. 
쿨거래시 도트피트 한 세트 선택해주시면 서비스로 같이 드리겠습니다. 
왼쪽에서부터 
• westlab 화이트 
• westlab 블루
• u9 에어 6.5mm
• 옵시디언 에어 
• 제이드 에어 6.5mm 
• 제이드 에어 8mm
• 매직아이스 플러스
윗줄은 미사용이고 아랫줄은 일부 사용했던 것도 섞여있습니다. 
입금일 기준 다음 날까지 우체국 택배로 보내드립니다. (휴일 제외)
안전결제X 괜찮으신 분만 연락 부탁드립니다. 
환불X",139000,2026.06.10,30,0,0
229519220,중고나라,이사 정리,BMW G60 19인치 순정휠 타이어세트,"G60 신형
5시리즈 순정 휠타이어 19인치 입니다 타이어 50%정도 남아있으며 탈거해놓고 업체에 맡겨놓 은 상태 입니다
직거래 대전에서 가능 합니다
그외 지역은 직접 회물 용달 요청 부탁 드립니다",1000000,2026.06.10,46,0,2
229080892,중고나라,이사 정리,택포)헌터헌터 크라피카 a상 제일복권 피규어,"중고거래로 구입한 상품인데 흰 옷 부분에 변색이 약간 있는 것 같아서 판매합니다. 원래 이런건진 모르겠지만 그래도 얼굴은 멀쩡합니다. 자잘한 공뎀 있을 수 있어서 예민하신 분은 구매 지양해주세용

박스o, 블라스터o",68000,2026.06.10,98,5,1
229513267,중고나라,이사 정리,유일가로바 YI-110WB,"자전거용 롤바입니다. 사용감은 있지만 기능상 문제없이 잘 작동해요. 자전거 라이딩할 때 안전하게 운반하실 수 있습니다.

구매 후 2번 사용하고 실매에서 쭉 보관만하다가 판매합니다..
상태는 좋습니다. 
SM5 플래티넘 2014년식에 장착하였습니다.

윈드블레이드 타입이고 풍절음 적은 제품입니다

직거래만 가능하며 평일 낮에는 세종시 시내, 그외에는 세종시 조치원에서 거래 가능합니다.",100000,2026.06.10,91,3,1
224955993,중고나라,이사 정리,이사정리) 포켓몬 모부기 중형인형,"기본적으로 편의점 택배로 접수해드리고 제쪽에서도 최대한 성심껏 포장해드리겠습니다. 

오락실, 뽑기샵 인형이라 이염, 얼룩이 있을 수도 있고 제가 발견하지 못한 부분도 있을 수 있다는 점 당부드립니다. 

결제 전에 배송방식을 상의하고 가격을 수정하니 구매 전 채팅으로 먼저 연락해주시길 바랍니다.

중고거래 특성상 환불이 어렵다는 점 참고바랍니다.",7000,2026.06.10,66,0,0
228831199,중고나라,이사 정리,가격내림 시마노 비스마스타 2000EJ 윤성정품 팝니다,90==>80==>75 가격내림 윤성정품 비스마스타 2000EJ 팝니다 대구지깅 2-3회 사용했습니다 깨끗합니다 3호 8합사 만땅으로 감겨있습니다 한글 지원합니다 어느사이트에 올려 달라는 사기꾼들 연락하지 마세요 고발조치 합니다 대전은 직거래 그외착불 입니다,750000,2026.06.10,57,0,4
228336304,중고나라,이사 정리,토익 교재 세트,"★ 사진에 보이는 모든 교재 통으로만 판매합니다

1. 해커스토익 실전 LC+RC 2(5set 중 1set만 필기)
2. PART 7 집중공략 777(새 책)
3. YBM 실전토익 LC1000(새 책)
4. 해커스 토익 750+ LC(새 책)
5. 해커스 토익 750+ RC(새 책) 
6. 실전 LC 1200제(새 책)
7. 실전 RC 1200제(새 책)

★★ 맨 위(해커스토익 실전 LC+RC 2) 교재의 딱 1set만 책에 test본 필기 흔적이 있습니다(해당 책은 총 5세트 구성)
 나머지는 모두 새 책입니다

약 1년전 쯤 구매한 책들인데 이제 당근하려고 올립니다

토익 점수 향상을 목표로 하시는 분들께 좋은 기회가 될 거예요

택배는 우체국택배로 보내드릴 예정입니다

대전 쪽 분이시면 자차가 있어, 대전 동,남구 내에서 직접 드리는거 가능합니다",35000,2026.06.10,28,0,0
225227098,중고나라,이사 정리,숯대감 숯소화기,"숯대감에서 만든 숯 소화기 입니다.
수전에 연결해서 사용하시면 됩니다.
유튜브등 자가설치방법 확인

문의 010 9282 2380",250000,2026.06.10,158,1,1
229500330,중고나라,이사 정리,순금20돈팔찌 판매합니다 직거래원하고 천안 조치원역 주변은 가까워요,"고급스러운 골드 컬러의 순금 체인 팔찌예요. 두꺼운 체인 링크로 되어있어서 고급스럽고 멋스러워 보입니다. 상태 양호한 제품으로 판매합니다.

순금 구매한곳 - 보증서있구요 
 구매한지2주 안됬어요 
사이즈19.5 입니다 ^^
너무화려하지않고 딱 좋습니다 40~50대가차기 이쁘구요~ 20~30대가 차도이쁘긴합니다 
저는 걸리적거려서 불편해서 판매합니다
보조줄가격때문에 저렇게 올렸습니다 직거래 원합니다",16500000,2026.06.10,104,0,3
217283967,중고나라,이사 정리,전자동 커피머신 bsw-2006,"2022년식이고 작동잘됩니다. 
대전에서 직거래가능해요
몇대있으니 연락주세요 대당 15만원씩 팝니다
핸드폰연락주세요
olo-4366-7275",120000,2026.06.10,409,12,3
210274976,중고나라,이사 정리,두부 제조기 (두부 만드는 기계),"두부 만들때 쓰는 기계인데 급매합니다
대전직거래이고 구매당시600만원 줬던거에요

대전입니다
olo-4366-7275 핸드폰연락주세요",400000,2026.06.10,710,5,1
229491945,중고나라,이사 정리,"갤럭시 버즈프로 본체, 유닛","삼성 갤럭시 버즈프로 본체, 유닛
각각 판매합니다.
유닛당 25000
충전본체 25000
조치원, 오송, 택배",25000,2026.06.09,15,0,0
221893453,중고나라,이사 정리,Calculus: One and Several Vari,"Calculus: One and Several Variables

사용감은 적으나 답안부분 컷페이지 좀 있음
반값택배, 알뜰택배 무료, 일반택배 2000원 추가
세종시 조치원",50000,2026.06.09,48,0,0
220102115,중고나라,이사 정리,MARVEL 마블 정품 아이폰 정품 충전 케이블,"MARVEL 마블 정품 아이폰 정품 충전 케이블
세종시 조치원",9000,2026.06.09,48,1,0
221893410,중고나라,이사 정리,마크제이콥스 남성 시계 MJ1534,"마크제이콥스 남성 시계 MJ1534
밧데리는 교체해야합니다.
반값택배, 알뜰택배 무료, 일반택배 2000원 추가
세종시 조치원",49000,2026.06.09,52,0,1
220102442,중고나라,이사 정리,"원목 수공예품 보석함, 도장함","원목 수공예품 보석함, 도장함
사이즈 가로 150, 앞뒤 100, 높이 60
세종시 조치원
편의점 반값택배 무료, 일반택배 2000원 추가",20000,2026.06.09,67,0,0
221893384,중고나라,이사 정리,예쁜 LED 타원 링 식탁등,"예쁜 LED 타원 링 식탁등
반값택배, 알뜰택배 무료, 일반택배 2000원 추가
세종시 조치원",15000,2026.06.09,65,0,0
220102044,중고나라,이사 정리,LED 발광 벨트 (충전식),"벨트온 라이딩 퀵보드 안전용품 야간작업 LED 충전식 발광 벨트
개당금액이며, 7개 있습니다.
세종시 조치원",15000,2026.06.09,29,0,0
200484817,중고나라,이사 정리,Introduction to Environmental,"Introduction to Environmental Engineering, 3/ESi Version
거의 새책입니다.
반값, 알뜰 택배비 무료, 
일반택배 1500원 추가
세종시 조치원",39000,2026.06.09,75,0,0
220102073,중고나라,이사 정리,(택포)Q Skills for Success,"Q Skills for Success: Level 5: Reading & Writing Split Student Book B with IQ Online

세종시 조치원
직거래 2.5
편의점 반값택배, 알뜰택배 택포
편의점 일반택배 1,000원 추가",29000,2026.06.09,38,0,0
218912305,중고나라,이사 정리,일반화학실험 임수아 차은희 지음,"일반화학실험 임수아 차은희 지음
대체적으로 깨끗한데 필기 간혈적으로 있어요.
반값, 알뜰 택배 무료,
일반택배 1500원 추가
세종시 조치원",15000,2026.06.09,117,1,0
220102060,중고나라,이사 정리,잘만 PC용 쿨링팬 냉각팬 120mm,잘만 PC용 쿨링팬 냉각팬 120mm,10000,2026.06.09,98,0,0
225425335,중고나라,이사 정리,삼성 에어컨 벽걸이 실내기 단품,"삼성 에어컨 벽걸이 실내기 단품
실외기 가스 누설로 인한 고장으로 폐기
모델명 AR-CE61CCA
세종시 조치원",30000,2026.06.09,76,1,0
219685114,중고나라,이사 정리,"CPU i5-2500, 메인보드 ASUS PBH67","CPU i5-2500, 메인보드 ASUS PBH67",30000,2026.06.09,305,4,0
225429214,중고나라,이사 정리,나이키 KD 트레이5 농구화,"나이키 KD 트레이5 농구화
사이즈 270
상태 좋아요.
세종시 조치원
모든 택배 가능",80000,2026.06.09,50,0,0
227187061,중고나라,이사 정리,junsung테크 기가폰 휴대용 강의용,"junsung테크 기가폰 휴대용 강의용
두대 있습니다.
마이크헤드셋 두개, 가죽케이스 두개, 멜빵끈 두개, 충전기 한개, 여분 마이크 한개 구성입니다.
사진에 있는 박스 그대로 포장 발송합니다.",180000,2026.06.09,24,0,0
225424735,중고나라,이사 정리,대학 실험복 105,"대학 실험복 
사이즈 105
세탁은 되어있어 깨끗한데 구김있어서 다림질은 한번 하셔야합니다.
세종시 조치원
반값택배나 알뜰택배 발송가능",9500,2026.06.09,42,1,0
226721213,중고나라,이사 정리,삼성 에어컨 컴프레서 모델명 44B124IXCEZ,삼성 에어컨 컴프레서 모델명 44B124IXCEZ입니다.,50000,2026.06.09,46,0,1
222897649,중고나라,이사 정리,DNC2-18D 대성 에스라인 친환경 콘덴싱 가스보일러,"DNC2-18D 대성 에스라인 친환경 콘덴싱 가스보일러
3년 정도 밖에 안쓴거라서 상태 좋아요.
온도 조절기는 새거입니다.
가스누설탐지, 배수호스도 포함이고, 
연통제외 본체만입니다.
부모님집 재개발로 철거된것입니다.
택배 불가",380000,2026.06.09,349,6,1
226305032,중고나라,이사 정리,삼성 무풍 2in1 에어컨 벽걸이 실내기(실외기X),"삼성 무풍 2in1 에어컨 벽걸이 실내기(실외기X)
특A급
리모콘 포함
모델명 AR06R5170HEQ",330000,2026.06.09,180,0,0
226308391,중고나라,이사 정리,위니아 인버터 벽걸이 에어컨 실내기(실외기X),"위니아 인버터 벽걸이 에어컨 실내기(실외기X)
리모콘 포함
특A급
모델명 RV07CLSM",100000,2026.06.09,66,0,1
226045492,중고나라,이사 정리,뉴모텍 에어컨 팬 모터 DWDD00618BRA,뉴모텍 에어컨 팬 모터 DWDD00618BRA,20000,2026.06.09,44,0,0
226190056,중고나라,이사 정리,삼성 에어컨 실외기 휀 420파이,"삼성 에어컨 실외기 휀 420파이 판매합니다.
세척해두었습니다.",10000,2026.06.09,46,0,0
226021428,중고나라,이사 정리,삼성 에어컨 스탠드 휀 날개,"삼성 에어컨 스탠드 휀 날개
에어컨 모델명 AF-TQ151WWG",20000,2026.06.09,30,0,0
226021668,중고나라,이사 정리,삼성 에어컨 스탠드 휀 모터,"삼성 에어컨 스탠드 휀 모터
에어컨 모델명 AF-TQ151WWG
휀 모터 모델명 DA133585ZRC/SEC 
 DAI33585ZRC/SEC",50000,2026.06.09,39,0,0
225964326,중고나라,이사 정리,삼성 스탠드 에어컨 부속 스윙 모터,"삼성 스탠드 에어컨 부속 스윙 모터
에어컨 모델명 AF-TQ151WWG
스윙 모터 모델명: LEILI PM24 12V No.10450-C
한개 판매 완료
하나 남음",25000,2026.06.09,60,0,0
225965443,중고나라,이사 정리,지방자치론 윤성사 이승철,"지방자치론 윤성사 이승철 책 판매합니다. 개정판이라 지방자치법 개정 내용이 반영되어 있습니다. 최신 통계자료를 중심으로 지방자치에 대한 내용이 수정되어 있다고 합니다.
미사용 새책입니다.",15000,2026.06.09,31,0,0
225949330,중고나라,이사 정리,삼성 스탠드 에어컨 부속 메인 기판 PCB,"삼성 스탠드 에어컨 부속 메인 기판 PCB
에어컨 모델명 AF-TQ151WWG",40000,2026.06.09,258,0,0
225775553,중고나라,이사 정리,하빈져 5인치 폼 코어 벨트 허리 보호대 역도벨트,"하빈져 5인치 폼 코어 벨트 허리 보호대 역도벨트
사이즈 L
미개봉, 미사용 제품입니다.
조치원 이나 오송에서 거래 가능합니다.
편의점 반값, 알뜰, 일반 택배 무료, 일반택배 2000원 추가 발송도 가능합니다.",30000,2026.06.09,26,0,0
225884130,중고나라,이사 정리,일반화학실험 3판 미사용,"일반화학실험 3판
미사용",15000,2026.06.09,51,0,0
225775232,중고나라,이사 정리,국제경제학 [제10판],"국제경제학 [제10판]
새책인데 배송중에 겉표지 구김 좀 있음
편의점 반값, 알뜰택배 무료, 일반택배 2000원 추가",35000,2026.06.09,35,0,0
225775271,중고나라,이사 정리,디지털경영 제4판 김대완저 박영사,"디지털경영
제4판
김대완 저
박영사 
새책입니다.
편의점 반값, 알뜰택배 무료, 일반택배 2000원 추가",30000,2026.06.09,23,0,0
221893510,중고나라,이사 정리,LED조명 LED등 LED램프 키트(컨버터 포함),"LED조명 LED등 LED램프 키트(컨버터 포함)입니다.
주광색(흰색)이며 LED하나 길이 60cm 입니다.
2등용이라 한세트에 LED 2개 입니다.
일반등 램프 빼내고 설치하니 좋네요.
LED고정하고 전원선만 연결하면 설치는 쉽습니다.
개당 금액이며 몇개 있습니다.
세종시 조치원, 택배 가능",5000,2026.06.09,40,0,0
222288262,중고나라,이사 정리,차량용 공기청정기,"휴대용 차량용 공기청정기 알로 AP500
개봉만 미사용 공청기 입니다.
기념품이라 모대학 마크인쇄 되어있습니다.
그래서 저렴히 판매합니다.
세종시 조치원
편의점 반값택배 가능",22000,2026.06.09,41,0,0
218056654,중고나라,이사 정리,삼성 세탁기 모터 모타,"삼성 세탁기 모터 모타
모델명 J-W2D50UA 017
220V 60Hz",50000,2026.06.09,108,0,0
228844611,중고나라,이사 정리,이사정리) 포켓몬 이상해풀 중형인형,"기본적으로 편의점 택배로 접수해드리고 제쪽에서도 최대한 성심껏 포장해드리겠습니다. 

오락실, 뽑기샵 인형이라 이염, 얼룩이 있을 수도 있고 제가 발견하지 못한 부분도 있을 수 있다는 점 당부드립니다. 

결제 전에 배송방식을 상의하고 가격을 수정하니 구매 전 채팅으로 먼저 연락해주시길 바랍니다.

중고거래 특성상 환불이 어렵다는 점 참고바랍니다.",8000,2026.06.09,19,0,0
229218041,중고나라,이사 정리,세이코 브라이츠 키네틱 오토릴레이,"【상품】
Seiko Brightz 5J21-0A80 Kinetic

세이코의 일본 내수(JDM) 고급 라인인 브라이츠 시리즈 모델입니다.
티타늄 케이스와 Kinetic Auto Relay 기술이 적용된 시계로, 움직임으로 충전되며 장기간 미착용 시에도 시간을 기억하는 독특한 기능을 갖추고 있습니다.
가볍고 실용적이며 국내에서는 보기 드문 희소성 있는 모델입니다.

【상품 상세】

구동 방식: Seiko Cal. 5J21 Kinetic Auto Relay
기능: 시/분/초 / Auto Relay / 파워세이브

컬러:

* 다이얼: 실버
* 케이스: 실버

사이즈:
케이스 약 38~40mm

밴드:
티타늄 브레이슬릿

손목 둘레:
약 15cm ~ 20cm 정도

※ 약간의 오차는 양해 부탁드립니다.

【상태】

동작:
현재 정상 작동 중입니다.
눈에 띄는 오차는 없었습니다.

상태는 사진을 통해 확인 부탁드립니다.

※ 빈티지 및 중고 제품 특성상 미세한 스크래치 및 사용감이 있을 수 있습니다.
※ Kinetic 모델 특성상 충전 셀 상태에 따라 성능 차이가 있을 수 있습니다.",200000,2026.06.09,302,3,4
229036745,중고나라,이사 정리,mtb 프로마스터 (이사정리 급처),"바퀴 다 안터졌고 상태 좋아요
이번주만 싸게 8에급처합니다 
26인가 28인치 입니다
135부터 180까지 탑승가능합니다",80000,2026.06.09,290,1,3
229441472,중고나라,이사 정리,하이파이맨 he1000se 헤천세 판매합니다. (내용필독),"작년 11월 구매품입니다. (구매일 25.11.18) 구매영수증 있으니 같이 드립니다. 
AS기간 짱짱하게남아서 안심하고 쓰셔도됩니다.
더 자세한사진은 채팅주시면 보내드립니다. 여긴 10장만올라가네요..

하이파이맨 HE1000SE 판매합니다.
정말 애지중지 하며 사용했습니다. 가능하면 오래오래 함께하고 싶었는데..
최근 유토피아 지르면서 방출결심 했습니다. 유토피아 대비 크게 부족하다는 느낌은 절대 아니고
착용감은 넘사벽으로 헤천세쪽이 좋은데 제 귀에 유토피아쪽이 더 취향이네요 ㅎ

전 판매자분도 크게 많이 사용안하신걸 가져왔구요.
저도 여러 이어폰과 헤드폰을 가지고 있어 돌려듣니라 실사용이 그렇게 많지는 않습니다.
외관 정말 깨끗합니다. 사진 참조하시면됩니다. 헤어밴드 조절하는 철기둥? 구멍뚤려있는곳에 1자 기스가 있는데
이건 이런식으로 조절하는 헤드폰은 사용하면 어쩔수없이 생기는 종특인거라.. 참고부탁드립니다.
기본케이블 중 xlr 4핀 단자에 약간의 칠 벗겨짐이 있습니다.(사진참조) 크게 문제되는건 아니라 생각합니다.
전 커케만 사용해서 아마 기케사용량이 그렇게 많진 않을것같은데.. 
칠 벗겨짐은 전 판매자분이 파실때 부터 있던거에요.

이것제외 정말 깨끗하고 상태 좋습니다.
기본패드는 사용량이 거의 없어 새것수준이구요
zmf패드도 솜 쿠션상태라던가 가죽상태 정말 좋은편인데
전 판매자분이 소리 안좋다며 기본으로 붙어있는 메쉬망을 칼로 잘라내어버린 상태라.. 이점 유의 부탁드립니다.
헤천세 기본헤드폰에 먼지 메쉬망이 붙어 있고 기본패드도 메쉬망이 없는바 사용하는데 큰 지장은 없습니다.

사진의 패드는 위쪽이 정품패드, 아래쪽이 zmf패드입니다.
전 판매자가 칼로 메쉬망 잘라낸거 찍으려고 벗겨냈구요. 보내드릴땐 zmf패드 끼워서 보내드릴게요.
zmf패드는 정말 헤천세와 찰떡입니다 ㅎㅎ.. 착용감이 넘사에요.
(신품가13만원쯤하는 패드에요 순정패드보다 훨씬 좋습니다)

노펫 노담 노향입니다.

구성품은 헤천세 풀 박스 + zmf 패드 입니다.
직거래 경북 문경 나머지는 택배거래합니다.
택배거래시 파손면책 동의하신다는 전제하에 진행하며 
중고거래 특성상 반품 절대 불가능입니다.",1620000,2026.06.09,238,4,1
229331273,중고나라,이사 정리,[펄사 새턴 프로] Saturn pro xlsq xsoft,"5월 29일에 받아서 5일간 사용했습니다. 
사용하면서 표면 변화 못느꼈습니다. 
입금일 기준 다음 날까지 우체국 택배로 보내드립니다. (휴일 제외)
안전결제X 괜찮으신 분만 연락 부탁드립니다. 
환불X",19000,2026.06.08,86,0,2
229379270,중고나라,이사 정리,ZECTUS 게이밍 팔토시 유리 하드 패드 암슬리브,"3월 30일에 구매했고 패드 걸림 테스트만 했습니다. 
문제 생긴 부분 없습니다. 
일반등기 +3600
우체국 택배 +4000
입금일 기준 다음 날까지 우체국 택배로 보내드립니다. (휴일 제외)
안전결제X 괜찮으신 분만 연락 부탁드립니다. 
환불X",2900,2026.06.08,37,2,0
229379192,중고나라,이사 정리,ESPTIGER 게이밍 팔토시 암슬리브 1세트 e스포츠 프리미엄 타이거 2개입,"3월 30일에 구매했고 패드 걸림 테스트만 했습니다. 
문제 생긴 부분 없습니다. 
일반등기 +3600
우체국 택배 +4000
입금일 기준 다음 날까지 우체국 택배로 보내드립니다. (휴일 제외)
안전결제X 괜찮으신 분만 연락 부탁드립니다. 
환불X",7900,2026.06.08,25,1,0
226607421,중고나라,이사 정리,BM모빌 올로드T400 원폴딩트레일러,"상품명 : BM모빌 올로드 T400 
구매시기 : 21년 9월
옵션사항 
전동무버 , 창문형에어컨 , 무시동히터(미국식) , 턴재키힐&회전브라켓 , 내부전용선반 , 실내등 , 전용전기매트 , 전용에어매트 , 자체제작여닫이문(40만원) , 올로드T400전용 자체제작 전용선반가구 (40만원상당) , 이밖에 옵션사항은 생략 하겠습니다 
구매당시 빠진거하나 없이 풀옵션 구매 했습니다 
거래희망장소는 대전 직거래 입니다 
이밖에 캠핑장비 다량보유중으로 필요하신 물건 있으시면 서비스 차원으로 얹어드리겠습니다 못쓰는 용품 아니고 최상 입니다 ~~",7500000,2026.06.08,104,1,3
229311519,중고나라,이사 정리,[미개봉]소니 a7r6,"소니 a7r6 미개봉상품입니다. 

소니 a1m2와 교환가능하며,
고가인 물품인만큼 직거래합니다.

거래장소는 청주 오송, 세종 조치원읍 또는 세종 소담동에서 가능합니다.",6150000,2026.06.08,133,0,0
229445018,중고나라,이사 정리,[바브사] 바이퍼 v4 pro 화이트,"6월 8일에 구매해서 5분 테스트 정도만 했습니다. 
사용하면서 문제 생긴 부분 없습니다. 
영수증 보유중이고 같이 보내드리겠습니다. 
피트를 떼었다가 다시 붙인거라 상태가 안좋을 수도 있지만 아티산 xsoft에 테스트 했을 때 패드 긁힘은 없었습니다. 
마우스랑 동글만 꺼내서 사용했고 바브삼? 바브사?에 들어있던 순정 그립테이프 한 세트 더 드리겠습니다. (총 2세트) 
입금일 기준 다음 날까지 우체국 택배로 보내드립니다. (휴일 제외)
안전결제X 괜찮으신 분만 연락 부탁드립니다. 
환불X",179000,2026.06.08,181,3,1
228128640,중고나라,이사 정리,(마지막 가격인하) 포커스 이자르코맥스9 기함 거의새거,"포커스 이자르코맥스9 m사이즈
포커스 기함 프레임입니다.
울테그라8170 Di2셋이구요.
26년 1월 구매했구요. 주행거리 100km미만입니다.

한번 주행하고 핸들바,카본크랭크암 파워미터, 안장 교체하고
거의 안탓습니다.

허리 디스크로 인해 30km이상 주행하면 통증올라와 바접해야할거같아서 판매 올립니다.

사진상 구성 전부다 드리고요. 또 드릴수있는거 다드립니다.

499만원에 구입했고 튜닝비까지해서 580 정도 들었습니다. 약250만원 저렴하게 판매하니 편하게 연락주세요.",3300000,2026.06.08,675,7,7
229451952,중고나라,이사 정리,이디야 아이스티 라지 사이즈 판매합니다,유효기간 2027년 3월 1일 까지 입니다,2800,2026.06.08,13,0,0
229329991,중고나라,이사 정리,애플워치7 41mm gps+셀룰러,"애플워치7 41mm gps+셀룰러 판매 합니다
외관엔 생활기스가 좀 있고 정상작동 합니다
배터리 성능은 77%이고 원하시면 택배로 보내드릴게요 연락 부탁 드립니다",100000,2026.06.08,254,1,2
229447471,중고나라,이사 정리,실리타도 ml14 GD 사파이어 구합니다.,"실리타도 ml14 GD(Glossy Dial)
사파이어 글라스
화이트 핸즈
모델 구합니다!!!!!!

연락주세요~~!!",9999999,2026.06.08,64,1,1
229446380,중고나라,이사 정리,캐논 v1 새상품,"캐논 v1 새제품 입니다
직거래 희망합니다
조치원 청주 직거래가능합니다
5월말 구매했습니다
정품등록가능합니다",1100000,2026.06.08,29,1,1
229445023,중고나라,이사 정리,아이폰16프로 128기가,"아이폰 16프로 128GB 화이트 색상이구요
배터리 성능 88프로 입니다
생활 잔기스 있고요 액정 깨진적 있어서 공식가서 고쳤습니다 (필요하시면 영수증 보여드립니다) 
화면 왼쪽 아래쪽에 찍힘 있습니다

박스랑 구성품 같이 드립니다
더 궁금하신건 문의주세요",850000,2026.06.08,97,0,1
229442386,중고나라,이사 정리,체인소맨 케릭터 6종키링 새트,"인기 애니메이션 캐릭터들의 귀여운 런칭키예요! 오렌지색 체인맨과 다양한 캐릭터들이 포함되어 있어서 팬이라면 꼭 가져야 할 굿즈입니다. 상태 양호하고 컬렉션용으로도 좋아요.

체인소맨 캐릭터 키링 6종 세트입니다. 가방이나 열쇠에 달고 다니기 좋아요. 귀여운 디자인으로 소장 가치가 높습니다. 별도 문의 없으시면 바로 안전결제 부탁드려요!

크기는 4~6쌘치 입니다",9000,2026.06.08,7,0,0
229438532,중고나라,이사 정리,"[용인/급처] 이사 정리! 올리브데코 거실장, 삼분의일 시그니처 퀸침대, 6인용 원목 식탁 세트 판매합니다.","안녕하세요.
이번에 새로운 곳으로 이사를 하게 되어, 그동안 애정을 가지고 깨끗하게 사용해 온 가구들을 아쉽지만 일괄 처분하게 되었습니다.

저가형 필름지(MDF) 마감이 아닌, 오래 쓸수록 가치가 더해지는 튼튼한 브랜드 원목 가구와 프리미엄 매트리스 위주로 구성되어 있습니다. 이사 일정상 6월 26일까지만 한정 판매할 예정이니, 평소 퀄리티 좋은 가구를 찾으셨던 분들께 좋은 기회가 될 것입니다.

1. 올리브데코 거실장 + 사이드 거실장 2개 (일괄 35만 원)

특징: 올리브데코 특유의 고급스러운 마감과 견고한 내구성을 자랑합니다. 수납공간이 넉넉해 거실을 깔끔하게 유지하는 데 탁월하며, 세트 구성이라 인테리어 통일감을 주기에 좋습니다.

제품 참고: https://www.olivedeco.biz/product/detail.html?product_no=47&cate_no=53&display_group=1

2. 올리브데코 'Vega' 책장 3개 (개당 10만 원 / 3개 일괄 30만 원)

특징: 거실장과 톤앤매너를 맞추기 좋은 고급 책장입니다. 책이나 소품을 수납하면 공간 전체가 서재처럼 차분하고 세련된 분위기로 바뀝니다.

3. 인더스트리얼 원목 테이블 세트 (강화유리 + 벤치 의자 포함) (30만 원)

사이즈: 1800 x 700 x 750 (여유로운 6인용 사이즈)

특징: 흔한 합판이 아닌, 밝은 톤의 진짜 원목으로 제작되어 무척 튼튼합니다. 트렌디한 인더스트리얼 파이프 디자인이 적용되어 홈카페나 다이닝룸 연출에 완벽합니다. 상판 보호용 맞춤 강화유리와 세트 벤치 의자까지 모두 포함해 드리는 합리적인 가격입니다.

4. 다이닝 의자 4개 (개당 2만 5천 원 / 일괄 10만 원)

특징: 쿠션 두께가 남달라 식사 시간 외에 노트북 작업이나 독서 등 오랜 시간 앉아 있어도 배김 없이 무척 편안합니다. 식탁 세트와 함께 일괄로 가져가시면 더욱 좋습니다.

5. 삼분의 일(3/1) 시그니처 매트리스 - 퀸 사이즈 (150만 원)

제조/사용기간: 2023년 6월 20일 제조 (실사용 딱 3년)

특징: '수면의 질'을 바꿔준다는 그 유명한 브랜드 매트리스입니다. 무엇보다 10년 품질 보증(Warranty)이 적용되는 제품으로, 앞으로 7년이나 보증 기간이 넉넉하게 남아 있어 중고 거래라도 새것처럼 안심하고 사용하실 수 있습니다.

제품 참고: https://3boon1.com/product/%EC%8B%9C%EA%B7%B8%EB%8B%88%EC%B2%98-%EB%A7%A4%ED%8A%B8%EB%A6%AC%EC%8A%A4/96/category/24/display/1/

6. 편백나무(히노끼) 평상형 침대 프레임 + 하단 서랍 (50만 원)

특징: 매트리스를 구매하며 건강과 숙면을 위해 특별히 맞춘 프레임입니다. 이 역시 무늬만 나무가 아닌 100% 통원목(편백나무)으로 제작되어, 방 안에 두는 것만으로도 은은한 자연의 향이 쾌적한 수면 환경을 만들어줍니다. 하단에는 대용량 서랍이 있어 실용성까지 완벽하게 챙겼습니다.


거래 방식: 원목 가구 특성상 부피와 무게가 꽤 있는 편입니다. 제품의 안전한 이동을 위해 직접 용달 차량을 섭외해 오시거나 화물 택배(착불)를 이용해 주셔야 합니다.

거래 지역: 경기 용인시 (상세 주소는 거래 확정 시 안내해 드립니다.)

거래 기한: 이사 일정 관계로 6월 26일까지만 판매합니다. 이후에는 부득이하게 처분 업체를 통해 일괄 정리할 예정입니다.

가구 하나하나 소재를 따져가며 깐깐하게 고르고 관리했던 제품들입니다. 좋은 분을 만나 새로운 공간에서 예쁘게 쓰였으면 좋겠습니다.
첨부된 실물 사진들을 확인해 주시고, 구매를 원하시거나 추가적인 상세 컷이 필요하신 분은 편하게 채팅이나 문자 남겨주세요. 

감사합니다.",1,2026.06.08,36,0,0
229437398,중고나라,이사 정리,"라즈베리파이4B 4GB 판매 ( 32G sd카드, 마이크로 hdmi 단자, 전력선 포함)","라즈베리파이4B 4GB 판매 ( 32G sd카드, 마이크로 hdmi 단자, 전력선 포함)

제목에 있는대로 관련 부품 포함해서 판매합니다. 방열판 되어 있음
케이스도 있는데, 팬선이 끊어져 있습니다. 
직거래 조치원, 세종입니다.",120000,2026.06.08,789,0,1
228953855,중고나라,이사 정리,타미야 F1 RC TRF101 미개봉 신품 판매합니다,"안녕하세요. 타미야 F1 TRF-101 판매합니다.
한국타미야 정식 발매 상품 이고, 미개봉입니다.
세종지역 직거래, 그 외 지역 택배비 구매자 부담 택배거래 가능합니다.
거래하실분은 문자 또는 채팅 부탁드립니다.
01041351037",450000,2026.06.08,99,0,1
225190768,중고나라,이사 정리,이사정리) 포켓몬 이브이 봉제인형,"기본적으로 편의점 택배로 접수해드리고 제쪽에서도 최대한 성심껏 포장해드리겠습니다. 

오락실, 뽑기샵 인형이라 이염, 얼룩이 있을 수도 있고 제가 발견하지 못한 부분도 있을 수 있다는 점 당부드립니다. 

결제 전에 배송방식을 상의하고 가격을 수정하니 구매 전 채팅으로 먼저 연락해주시길 바랍니다.

중고거래 특성상 환불이 어렵다는 점 참고바랍니다.",5000,2026.06.08,76,4,0
227883713,중고나라,이사 정리,토르노 캐릭터 동전지갑 파우치 키링,"토르노 캐릭터 동전지갑이에요! 귀여운 토르노가 얼굴을 가진 동전지갑으로 상태 양호합니다. 실용적이면서도 너무 귀여워서 선물용으로도 좋을 것 같아요.

🩶 귀여운 토토로 동전지갑 🩶

📏 사이즈: 약 12cm (4.72인치)
🎨 색상: 그레이
🧸 소재: 부드러운 플러시(인형용 털 원단)

✨ 제품 특징:
 • 인기 캐릭터 디자인으로 귀엽고 포근한 느낌!
 • 지퍼 타입으로 동전, 열쇠, 립밤 등 작은 소지품 보관에 딱 좋아요.
 • 부드럽고 폭신한 촉감으로 손에 쏙 들어오는 사이즈💖
 • 가방, 파우치, 키링 등 어디에나 걸 수 있는 미니 체인 고리 포함🔗

💡 활용 Tip:
✔ 동전지갑 / 소품 파우치 / 키홀더 / 선물용으로 활용 가능
✔ 학생, 어린이, 애니메이션 팬에게 인기 만점 🎁",6000,2026.06.08,9,0,0
226454541,중고나라,이사 정리,진격의거인 키링 차키 팬던트 악세사리 자유의날개,"일택 ㅡ +3600
반택 ㅡ +1800
궁금사항잇으시면 톡주세요

수량 +10",11000,2026.06.08,34,1,0
226454504,중고나라,이사 정리,산리오 캐릭터 스티커 100매,"귀여운 산리오 캐릭터 스티커 100매 팝니다. 헬로키티, 마이멜로디, 시나모롤 등 인기 캐릭터들이 다양하게 들어있어요. 

일택 ㅡ +3600
반택 ㅡ +1800
궁금사항잇으시면 톡주세요

수량 +10",5600,2026.06.08,25,0,0
229434673,중고나라,이사 정리,명탐정 코난 어린이 탐정단 메탈 키링,"📏 사이즈 & 무게
 • 크기: 가로 2.9cm × 세로 4.1cm
 • 무게: 15.7g
→ 가볍고 부담 없는 휴대성!",4400,2026.06.08,8,0,0
226454490,중고나라,이사 정리,짱구 스티커 100매 (박스랜덤),"귀여운 짱구 스티커 100매 한 박스에 담아 판매합니다. 박스 디자인은 랜덤입니다. 


일택 ㅡ +3600
반택 ㅡ+1800

궁금사항잇으시면 톡주세요",5500,2026.06.08,36,0,0
227409412,중고나라,이사 정리,체인소맨 포치타 키링 열쇠고리 가방고리,"귀여운 체인소맨 포치타 키링입니다. 오렌지색 몸체에 전기톱 디테일까지 잘 살아있어요. 가방이나 열쇠에 달면 포인트가 될 것 같아요! 문의 없으시면 바로 안전결제해주시면 됩니다!

궁금사항 톡주세여",3000,2026.06.08,21,0,0
227883686,중고나라,이사 정리,게임 캐릭터 칼 키링 서리한 워크3,"인기 게임의 주요 캐릭터 칼 모형 키링이에요. 디테일이 살아있고 상태도 깨끗한 편입니다. 게임 팬이라면 꼭 소장하고 싶은 아이템이에요!

궁금 사항이나 관심잇으면 톡줘용",6500,2026.06.08,26,0,1
227407249,중고나라,이사 정리,스폰지밥 비눗방울 캐릭터 뱃지 가방악세서리,"귀여운 하이라이트 캐릭터 뱃지예요! 홀로그램 효과가 있어서 무지개빛으로 반짝반짝 나오는 새상품입니다. 가방이나 의류에 달아서 착용하기 좋아요.

📏 제품 정보
 • 사이즈: 약 가로 2.0cm / 세로 2.8cm
 • 무게: 약 4g (가벼운 착용감)
 • 소재: 금속 + 에나멜 코팅",2200,2026.06.08,54,1,0
229434658,중고나라,이사 정리,마인크래프트 무드등 8가지색 led 조명 물약,"마인크래프트 LED 포션 무드등 판매합니다. 8가지 색상으로 변경 가능하고 픽셀 디자인이 귀여워요. 은은한 조명으로 무드있는 분위기를 연출해보세요! 문의 없으시면 바로 안전결제해주시면 됩니다!

마인크래프트 감성의 유니크한 인테리어 소품
• ✨ 8가지 LED 컬러 변경 가능
▶ 블루 / 레드 / 그린 / 옐로우 / 라이트그린 / 시안 / 퍼플 등
기분이나 공간에 따라 원하는 색상으로 연출 가능
• 은은한 무드 조명
눈부심 없는 부드러운 발광으로 야간등으로도 적합
• 투명 아크릴 소재
빛이 퍼지며 더욱 예쁜 컬러 표현
• 인테리어 & 선물용 추천
게임 좋아하는 분, 키덜트 소품, 감성 인테리어에 딱

📏 사이즈 정보
• 가로: 약 13cm
• 세로: 약 18cm
• 상단 폭: 약 6cm",15000,2026.06.08,9,1,0
229434648,중고나라,이사 정리,애니) 원피스 포토카드 1세트 -92장,"안녕하세요

1팩에 92장이 들어잇고 종류는 사진참고 하시면 될꺼같아요!

일택 +3600
반택 +1800

궁금사항은 톡 주십시오",5500,2026.06.08,5,0,0
227302027,중고나라,이사 정리,헤트로닉 리모컨 NOVA-XL 6K 팝니다( 스카이차 리모컨),"헤트로닉 리모컨 NOVA-XL 6K 팝니다.
관공서 대형장비 에서 탈착한거라 사용감 적습니다.
수신기는 없고 사진상에는 없는 배터리 한개 같이 드려요
다른기종 호환유무 및 셋팅방법은 저도 자세히 모릅니다
010,465○.3667",1000000,2026.06.08,90,2,1
227983223,중고나라,이사 정리,AUTEC 오텍 무선조종 리모컨팝니다 (스카이차리모컨),"오텍 특장 리모컨 팝니다.
72MM 굴절사다리차에서 탈거 하였습니다.
수신기는 없고 사진상의 구성입니다
010.465o.3667",1000000,2026.06.08,51,0,1
227301839,중고나라,이사 정리,w222 s600 디지뇨 실내 통채로 팝니다,"W222 전기형 s600 디지뇨 실내 한대분 통채로 뜯어서 
판매합니다.
오디오 계기판 스위치류 제외하고 시트 한대분 ABC 필러 몰딩 루프라이닝 센터콘솔 다시방 도어트립 등 비싼가죽 감겨 있는 한대분 통채로 털어드려요. 시트에 v12 각인 및
콘솔에 디지뇨 각인 되어져 있습니다
사진상으로는 안담기는데 일반 350이나 500하고는 가죽재질이나 천장 알칸트라등 차원이 틀립니다

키로수 짧은 차라 가죽상태 좋습니다.
(탈착 및 보관 과정에서 한두군데 찍힘 이나 눌림 있을수도
있습니다. 너무 예민하신분들은 패스요)
실내 통채로 한대분 250만원 생각합니다.
각개문의 절대 안받습니다.
장착점및 견적은 직접 알아보셔야됩니다.
010.465○.3667",2500000,2026.06.08,143,4,1
225946088,중고나라,이사 정리,뱅가드 35마력엔진 (신품급) + 유압펌프 팝니다,"뱅가드 35마력 엔진 및 유압펌프 팝니다
관공서 장비 소방 사다리차 에서탈거 하였고
유압장비 고장 시 보조엔진으로
펼쳐진 사다리를 접는 용도 로만 사용되게 끔 
특장 에 설치된 비상용 엔진이라 거의 신품이라보시면 됩니다.

35마력은 이런 특A급 물건 잘 안나옵니다.
세루모타 솔레노이드가 현재 24v인 관계로
12v 쓰실분들은 솔레노이드를 12v로 구하셔서 바꾸시던지
알리에서 솔레노이드 포함된 세루모타 얼마 안하니
그거로 바꾸시면 됩니다.

(직접 기계 만지시는분은 간단하나 기계를 모르시는데,
업체에다 맞기면 눈팅이 엄청 심합니다..
가져가시고 업체에 의뢰 해보니 생각 보다 비싸서
등등의 이유로 환불불가 입니다.)

현재 달려 있는 세루모터는 품번이 12v용인데
솔레노이드가 24v 용으로 개조됨

직거래 대전 또는 화물차 보내주시면 상차 해드립니다. 010.4650.3667",2200000,2026.06.08,319,5,0
221903907,중고나라,이사 정리,레고 스타워즈 75080 AAT 새제품,"레고 스타워즈 75080 AAT 세트입니다. 박스 상태가 깨끗하고 미개봉 새제품입니다. 스타워즈 팬이라면 놓칠 수 없는 멋진 탱크 모델이에요!

레고 스타워즈 75080 AAT 제품입니다
7-12세 이용 가능하며, 미개봉 새제품입니다
스타워즈 시리즈를 좋아하시는 분들께 추천드려요

14년 출시제품

홈플러스에서 구매했던건데 마트에서 박스에 테잎을 사방팔방 감았네요...

박스 고려 및 네이버 최저가 고려하여 개당 6만에 내놓습니다.

6개 재고 일괄시 30만에 드립니다",60000,2026.06.08,242,4,2
227817077,중고나라,이사 정리,[최종급처가]퍼마라이프 9스타 6종세트,"(최후 급처가... 🥲🥲)

퍼마라이프 9스타 6종세트 새제품입니다.
명품 쿡웨어로 알만한 분들은 아시는 제품입니다

구매시 300만원이 넘는 정가를 주고 구매했는데
2세트 구매하고 1세트는 제가 사용하고 남은 1세트를
가지고만 있다보니 아까워서 판매합니다.

새제품이지만 내용물 확인을 위해 겉박스만 개봉했습니다.
레시피북, 품질보증서 등 포함되어 있습니다.

현재 네이버최저가를 확인해보니 말도 안되는 가격이 있는데
그 가격보다 저렴하게 내 놓습니다.

자세한 상품설명은 네이버 등에 검색하면 많이 나와있습니다.

급처이며 택배비포함가입니다",1000000,2026.06.08,110,0,1
228993350,중고나라,이사 정리,미니굴삭기 일제 005,"미니굴삭기

일제 디젤엔진

잘작동합니다

지역은 대전이며 시운전후 결정하셨으면합니다

390만원

운임 협의",3700000,2026.06.08,249,2,2
229020035,중고나라,이사 정리,NanGuang Luxpad 43H LED (룩스패드 43h),"NanGuang Luxpad 43H LED (룩스패드 43h) 2개 셋트 판매

- 10회 미만 사용
- 가방 및 휴대뱃터리 4개, 스탠드 2개 있음
- 2개 일괄 판매
- 직거래 조치원, 세종시(평일)
- 네고불가",170000,2026.06.07,76,2,4
229421918,중고나라,이사 정리,사중직차광막 8M X 10M 미개봉새상품 2026년5월 구입,"미개봉상품입니다.
비닐하우스에 씌우려고 구매하였는데,
싸이즈가 안맞아서,
반품은 안된다고해서,
필요하신분 사용하시라고,
저렴하게 매도합니다.
대구 북구 읍내동이나 군위군 군위읍 군위종합운동장 인근에서 거래 가능합니다.",10000,2026.06.07,20,0,3
229412605,중고나라,이사 정리,Razer Blade 16 게이밍 노트북 RTX 4080,"Razer Blade 16 게이밍 노트북 RTX 4080

레이저 블레이드 16인치 
RTX 4080 모델입니다.

시세보다 매우 낮게 판매올립니다
터무니없는 가격 제안 안받습니다

CPU : 13th Intel(R) Core(TM) i9-13950HX
메모리 : 32GB
SSD : 1TB
GPU : NVIDIA GeForce RTX 4080 Laptop GPU

주로 집에서만 사용해서 상태 좋습니다.

거래는 편하게 직거래로 합니다.",1690000,2026.06.07,250,4,5
229412618,중고나라,이사 정리,카이저 IMK-S280 제빙기,"카이저 IMK-S280 제빙기

카이저 IMK-S280 제빙기입니다
업소용으로 쓰기 좋아요

- 모델명: IMK-S280
- 제조일자: 23년 8월 22일
- 일일 생산량 280kg

상태 좋습니다.

거래는 편하게 직거래로 합니다.",550000,2026.06.07,67,1,3
226426681,중고나라,이사 정리,닥터슬럼프 아리 뱃지,"닥터슬럼프 아리 뱃지 판매합니다. 퀄리티 좋고, 가방이나 옷에 달면 포인트가 됩니다. 아리 특유의 귀여움이 잘 살아있어요. 문의 없으시면 바로 안전결제해주시면 됩니다!

일택 ㅡ +3600
반택 ㅡ +1800

수량 추가시 톡주세용
궁금사항잇으시면 톡주세요",3000,2026.06.07,27,0,0
227848324,중고나라,이사 정리,빈티지 열쇠 키링 시계,빈티지한 느낌의 열쇠 모양 키링 시계예요. 골드 컬러로 고급스럽고 실용적이면서도 개성 있는 아이템입니다. 상태 양호하고 정상 작동해요!,7900,2026.06.07,14,0,0
227397189,중고나라,이사 정리,메모리 카드 보관 가방 휴대용 케이스,"메모리 카드 보관 가방 
휴대용 케이스 거치대 지갑
CF, SD, 마이크로 SD
SDHC, MS, DS 게임 액세서리,
22 슬롯

용도는 다양하게 사용하셔두 됩니다
휴대성이 너무 좋아요

일택+ 3600
반택 +1800",3500,2026.06.07,19,0,0
227177491,중고나라,이사 정리,슈퍼마리오) 식물 레고 364pcs,"안녕하세요

마리오속에 식물 레고 입니다

진입장벽이 낮아서 쉽게 만들수 잇을꺼라 생각이 됩니다

박스는 업는데 내용물이랑 설명서 다 있습니다

연령 14세 이상

반택 ㅡ1800
일택 ㅡ 3600",16000,2026.06.07,131,5,3
226694156,중고나라,이사 정리,짱구는 못말려 / 동전/카드 지갑 귀엽,"안녕하세요

귀여운 짱구 지갑입니다

작아서 가방에 쏙 들어감니다

반택 +1800
일택 +3600

궁금사항 잇으시면 톡 쥬세용",8000,2026.06.07,32,1,0
226867892,중고나라,이사 정리,명탐정코난 어린이탐정단 브로치 뱃지 배지,"사진참고용

친구들 지인들과 가방에 하나씩 달고다녀 보아요
가로 4 쌘치 세로 3쌘치 정도 됩니당

궁금사항 잇으시면 톡주십시오

일택 ㅡ +3600
반택 ㅡ+1800",3500,2026.06.07,25,1,0
227397171,중고나라,이사 정리,헌터x헌터 헌터라이센스 카드케이스,"헌터x헌터 
헌터라이센스 그림으로된 카드 케이스 입니다
카드는 2장정도 들어감니다

크기 10 x 6.5 쌘치

재질ㅡpvc

궁금사항 잇으면 톡주십시오

일택 + 3600
반택 + 1800",4500,2026.06.07,142,5,0
228497221,중고나라,이사 정리,스폰지밥 냄새버거 개살버거 지갑 이색 케릭터,"인기 캐릭터가 그려진 귀여운 지갑이에요! 퍼플 컬러 바탕에 노란색 원형 지갑과 함께 구성되어 있고, 상태도 깨끗해 보입니다. 캐릭터 굿즈 좋아하시는 분께 추천해요!
스폰지밥 에피소드 속 “괴상망칙 냄새버거”를 모티브로 제작된 개성 넘치는 디자인으로, 팬이라면 소장 욕구를 자극하는 아이템이에요.
입체적인 디테일과 컬러감이 살아 있어 가방 속 포인트 아이템으로도 딱입니다!",18000,2026.06.07,15,0,0
229410092,중고나라,이사 정리,HD660s2 헤드폰 팝니다,"젠하이저 HD660s2
구매시기는 23년 11월이고 안써서 판매합니다.
이어패드는 25년 7월정도에 새것으로 교체했습니다.
구성품 밸런스 케이블, 언밸런스 케이블 다 있습니다.",160000,2026.06.07,65,0,2
229409986,중고나라,이사 정리,하이파이맨 EditionXS 에디션XS 팝니다.,,135000,2026.06.07,61,0,1
227732118,중고나라,이사 정리,이사정리) 포켓몬 빅팝 봉제인형 팽도리,"개당 8천원입니다.

기본적으로 편의점 택배로 접수해드리고 제쪽에서도 최대한 성심껏 포장해드리겠습니다. 

오락실, 뽑기샵 인형이라 이염, 얼룩이 있을 수도 있고 제가 발견하지 못한 부분도 있을 수 있다는 점 당부드립니다. 

결제 전에 배송방식을 상의하고 가격을 수정하니 구매 전 채팅으로 먼저 연락해주시길 바랍니다.

중고거래 특성상 환불이 어렵다는 점 참고바랍니다.",8000,2026.06.07,37,1,0
224086802,중고나라,이사 정리,이사정리) 포켓몬 빅팝 봉제인형 꼬부기(1개),"개당 8천원입니다.

기본적으로 편의점 택배로 접수해드리고 제쪽에서도 최대한 성심껏 포장해드리겠습니다. 

오락실, 뽑기샵 인형이라 이염, 얼룩이 있을 수도 있고 제가 발견하지 못한 부분도 있을 수 있다는 점 당부드립니다. 

결제 전에 배송방식을 상의하고 가격을 수정하니 구매 전 채팅으로 먼저 연락해주시길 바랍니다.

중고거래 특성상 환불이 어렵다는 점 참고바랍니다.",8000,2026.06.07,56,0,0
225041145,중고나라,이사 정리,이사정리) 포켓몬 빅팝 봉제인형 피카츄,"기본적으로 편의점 택배로 접수해드리고 제쪽에서도 최대한 성심껏 포장해드리겠습니다. 

오락실, 뽑기샵 인형이라 이염, 얼룩이 있을 수도 있고 제가 발견하지 못한 부분도 있을 수 있다는 점 당부드립니다. 

결제 전에 배송방식을 상의하고 가격을 수정하니 구매 전 채팅으로 먼저 연락해주시길 바랍니다.

중고거래 특성상 환불이 어렵다는 점 참고바랍니다.",8000,2026.06.07,45,0,0
228141717,중고나라,이사 정리,뉴스킨 파마넥스마린오메가프리미어,"소비기한 넉넉히남았습니다
한통남았습니다
선입금주신분에게 우선판매합니다",33000,2026.06.07,82,0,1
229025143,중고나라,이사 정리,칼슘 마그네슘 비타민D 보충제,"칼슘, 마그네슘, 비타민D가 함유된 건강보조식품이에요. 유통기한이 2027년 2월까지라 넉넉하고 상태도 깨끗합니다. 
한통32000원
최소구매 2통64000원 
4통구매시 125000원 
선입금순으로 판매합니다",32000,2026.06.07,18,0,0
228272864,중고나라,이사 정리,난각막NEM 프리미엄 관절연골,"관절연골엔 난각막 NEM 프리미엄입니다
관절, 연골 건강, 뼈 건강, 항산화 
- 난각막가수분해물(관절연골 건강)
- 코엔자임Q10(항산화/높은 혈압 감소에 도움)
- 멀티 비타민미네랄 9종
뼈 건강을 위한 비타민 D/K, 비타민 A, 비타민 B1, 비오틴 등 함유되어 있습니다
일반 난각막 아니고 프리미엄입니다.
소분해놓은거라 박스없이 팩으로있습니다
최소구매 두달치부터입니다
한박스 30팩 한달 49000원
총 133팩 20만원
소비기한 28년1월15일",49000,2026.06.07,8,0,0
228870420,중고나라,이사 정리,블랑팡 빌레레 퀀텀 컴플릿 40mm,"0. 모델번호 : 6654-1127-MMB
1. 모델명 : 블랑팡 빌레레 컴플리트 캘린더 문페이즈 40mm 브레이슬릿
2. 스템핑일자 : 2025-08 / 해외스탬핑(일본)
3. 리테일가 : 2640만원
4. 판매가격 : 
5. 구성품 : 풀셋
6. 시계상태 : 9.5점
7. 수리여부 : 없음
※ 수리, 오버홀, 폴리싱 이력 없습니다.

2025년8월 일본 블랑팡 부띠끄 구매제품입니다.
당시 리테일가 한화로 2640만원 주고 구매했습니다.
가죽 스트랩 모델이 아닌 밀마이유 브레이슬릿 모델이며, 구입 후 아껴 착용하여 전체적인 상태는 좋으며, 수리 및 폴리싱 이력 없습니다. 
예약금 10만원 받고 대전에서만 직거래 하겠습니다.",14500000,2026.06.07,199,2,2
229398135,중고나라,이사 정리,유압 콤프레서 2대 세트,산업용 유압 콤프레서7.5마력3.5마력 2대를 일괄 판매합니다. 사용감은 있지만 작동에는 문제없는 상태예요. 산업 현장이나 작업용으로 활용하시면 좋을 것 같습니다.,1200000,2026.06.07,27,0,0
229192694,중고나라,이사 정리,"ps4 세키로,다크소울3 고티 게임 타이틀 팝니다~~~~~","1. ps4 세키로
 상태: 매우좋음.
 가격: 35,000원.

2. ps4 다크소울3 고티.
 상태: 매우좋음.
 가격: 18,000원.

반값택배: 2,000원추가. (gs25만 가능).
일반택배: 4,000원추가.
직거래: 대전 산내동에서만 가능 합니다.

*네고 문의 답변 안합니다.",53000,2026.06.07,111,1,2
229395474,중고나라,이사 정리,ps4 세키로 팝니다~~~~~,"ps4 세키로.
상태 : 매우좋음.

*네고 문의 답변 안합니다.",35000,2026.06.07,55,0,0
229391369,중고나라,이사 정리,뉴스킨 뉴비트 실내자전거,"집에서 운동하기 좋은 실내자전거예요. 사용감은 있지만 작동 상태 양호하고 전원 코드도 포함되어 있어요. 홈트레이닝용으로 딱 좋습니다!


세종 산울동 입니다.
직접 오셔서 가져가시기 바랍니다.",250000,2026.06.07,47,0,0
229357605,중고나라,이사 정리,울테그라 52-36t 체인링 팝니다.,"25년 12월 메리다 리액토 8000 구매 후 300km 미만 주행하였고
파손 없습니다. 50-34t로 넘어가게 되어서 탈거 후 판매합니다.

 스크래치, 까짐 등 없습니다. 표면은 한번 닦아서 재포장해서 보내드립니다.
주행거리도 짧아서 상태 좋습니다.

시마노 울테그라 정품입니다.",50000,2026.06.06,37,0,0
229339065,중고나라,이사 정리,레이놀즈 AR 60 휠셋 팝니다.,,800000,2026.06.06,46,0,0
229386155,중고나라,이사 정리,농장용굴삭기,"농장용 공투 포크레인 
작동유교환 유압계통 올수리
일발시동 걸려요 시골에서 쓸만합니다.
집게 달려있어서 돌이나 통나무 옮길때 좋아요 
다양한 농장용으로 활용하기 좋은 모델이에요
문의사항은 문자주세요
이ㅇ 육오오팔 2236",6000000,2026.06.06,101,3,1
229269731,중고나라,이사 정리,[지울브스 펜리르 맥스 8k] G-wolves fenrir max 8k,"6월 19일에 구매했고 영수증 보유중입니다. 
실사용 기간 2시간 정도 테스트만 했습니다. 
사용하면서 문제 생긴 부분 없었습니다. 
마우스 본체, 동글만 사용했고 그 외 구성품들은 미사용 새상품 입니다. 
쿨거래시 도트피트 한 세트 선택해주시면 서비스로 같이 드리겠습니다. 
왼쪽에서부터 
• westlab 화이트 
• westlab 블루
• u9 에어 6.5mm
• 옵시디언 에어 
• 제이드 에어 6.5mm (미사용)
• 제이드 에어 8mm
• 매직아이스 플러스
윗줄은 미사용이고 아랫줄은 일부 사용했던 것도 섞여있습니다. 
입금일 기준 다음 날까지 우체국 택배로 보내드립니다. (휴일 제외)
안전결제X 괜찮으신 분만 연락 부탁드립니다. 
환불X",129000,2026.06.06,301,1,3
228276271,중고나라,이사 정리,렉스턴스포츠(무쏘 스포츠) 쿠페탑 하드탑 아마조니아 그린,"렉스턴 스포츠 (무쏘 스포츠) 쿠페탑 g9s 제품입니다. 

25년 8월 출고하면서 장착하여 많이 사용하지 않아 상태 좋습니다. 

커버 롤바 조합으로 변경하려고 판매합니다. 

경기도 및 대전 인근 거래 가능합니다. 

현재 차량에 장착되어 있고, 구매하시면 장착 대리점 정해서 거래 

색상 : 아마조니아 그린",350000,2026.06.06,141,1,4
229373484,중고나라,이사 정리,보드게임 스펠북,"1회플입니다.
슬리브는 씌워져있습니다.
7가지 색깔 별 3장씩의 카드가 플레이어 인원수 만큼 있습니다.
따라서 21장의 카드가 4벌씩 있습니다.
참조표로 구분 지어논 상태이며 섞였을 경우 뒷면을 보고 구분 하시면 됩니다.

평일 저녁8시 이후 또는 주말 산내초등학교 앞이나
평일 12시~1시 사이 반석역 근처에서 직거래 가능합니다.",15000,2026.06.06,23,0,0
229366810,중고나라,이사 정리,중형 세단 운전석 헤드라이트,"제네시스 BH 조수석라이트
HID 타입 앗세이
중고 위부분 변색있습니다
대전 010 7 7 3 8 4 2 0 0",100000,2026.06.06,37,0,0
229366726,중고나라,이사 정리,제네시스 BH HID 라이트 운전석,"제네시스 BH 운전석 라이트
HID타입 중고인데 깨끗합니다
대전 010 7 738 4 2 0 0",250000,2026.06.06,47,0,0
224729509,중고나라,이사 정리,이사정리) 포켓몬 알로라 식스테일 중형인형,"기본적으로 편의점 택배로 접수해드리고 제쪽에서도 최대한 성심껏 포장해드리겠습니다. 

오락실, 뽑기샵 인형이라 이염, 얼룩이 있을 수도 있고 제가 발견하지 못한 부분도 있을 수 있다는 점 당부드립니다. 

결제 전에 배송방식을 상의하고 가격을 수정하니 구매 전 채팅으로 먼저 연락해주시길 바랍니다.

중고거래 특성상 환불이 어렵다는 점 참고바랍니다.",6000,2026.06.06,78,1,0
229358674,중고나라,이사 정리,비타민C 크리스탈 1361g (미개봉),"아브산 비타민C 1361g 대용량 제품이에요. 유통기한이 2029년까지라 넉넉하고, 약제품 등급의 순한 파우더 형태로 되어있어요. 건강 관리하시는 분께 좋을 것 같아요!",40000,2026.06.05,10,0,0
229201248,중고나라,이사 정리,듀오백 Q1플러스(쿠션 커버 포함),"상태 좋고, 하자는 따로 없어요",100000,2026.06.05,64,0,5
229332303,중고나라,이사 정리,자작나무 대형 바 테이블,"카페에서 사용하려고 제작했던 대형 바 테이블입니다. 

조립하셔야하며, 구조 보강이 필요한 상태입니다. 

총 길이는 5m이며 무절 자작나무합판으로 만든 테이블입니다. 

창고를 비워야해서 내어놓습니다.",100000,2026.06.05,20,0,1
229332164,중고나라,이사 정리,3그룹 에스프레소 머신,"로켓 REA 3그룹 에스프레소 머신입니다. 1년전 폐업 후 창고에 보관중인 머신입니다. 

오랫동안 사용하지 않았기에, 손을 좀 보셔야할것을 감안하여 100만원에 내놓습니다.",1000000,2026.06.05,64,3,2
229326526,중고나라,이사 정리,에어팟 프로 1 팝니다,,50000,2026.06.05,55,2,1
227801600,중고나라,이사 정리,닌텐도 3ds xl 128g 팝니다,"닌텐도 3DS XL 실버 샌디스크128g 충전기포함 팝니다

기스 다수 있으나 경첩상태 좋고 버튼, 터치 이상 없습니다

샌디스크 128g 꽉차있습니다

nds 200개 이상
3ds 100개 이상

사실분 연락주세요",320000,2026.06.04,476,8,3
229319417,중고나라,이사 정리,레이저 아틀라스 프로,,119000,2026.06.04,44,1,1
229272034,중고나라,이사 정리,"5800X3D, X570, 삼성램 32gb(16gbx2) 세트","5800X3D
Gigabyte X570 Ultra
삼성램 32GB(16GB X 2)
입니다
cpu+메인보드는 세트 판매하며
램 2개 세트는 따로 판매 가능합니다

cpu+메인 보드 세트 50만원
램 2개 세트 16만원
입니다

택배비는 별도입니다
택배비는 송장사진 보내드리며 송장내역대로 보내주시면 됩니다",660000,2026.06.04,170,2,1
229282283,중고나라,이사 정리,보고타 오리지널 티켓,"보고타 오리지널 티켓 2매입니다
매당 5000원으로 1매도 구매가능합니다
택배비는 송장사진보내드리며 송장내역대로 주시면 됩니다",5000,2026.06.04,9,0,0
229282444,중고나라,이사 정리,룩백 드로잉카드,"룩백 드로잉 카드 1매입니다
택배비는 송장 사진 보내드리며 송장내역대로 보내주시면 됩니다",3000,2026.06.04,14,0,0
229316232,중고나라,이사 정리,엔더 3프로 3D프린터,3D프린터 판매합니다. 사용감은 있지만 정상 작동하며 필라멘트와 함께 드려요. 취미용이나 작업용으로 좋습니다 .,90000,2026.06.04,152,4,2
227443158,중고나라,이사 정리,(이사정리) 모드스비벤디 남성 모직코트 105사이즈,"※ 카페 상품 게시글은 자동으로 중고나라 앱/사이트에 노출합니다. 노출을 원하지 않으실 경우 고객센터로 문의 바랍니다. 
※ 등록한 게시글이 회원의 신고를 받거나 이상거래로 모니터링 될 경우 중고나라 사기통합조회 DB로 수집/활용될 수 있습니다. 
─────────────────── 
📢 제목에 ""제조사/ 브랜드 명""과 “상품명(ex. 숄더 핸드백)”을 넣어 작성하면, 보다 빠른 판매가 가능합니다! 
📢 게시글 작성 시 배송 방법에 “직거래”와 “내 위치” 설정할 경우, 보다 빠른 판매가 가능합니다! 
👆 오늘 작성가능한 게시글 수가 부족하다면, 상단에 ""중고나라 앱 다운받기""를 통해서 앱에서 작성해 보세요!

모드스비벤디 남성 모직코트 105사이즈
사이즈가 작아 텍제거후 외부착용 없는 보관제품
필요하신분 연락주세요~~
날씬 105 나 100 입으시는분 추천드립니다. 

일반택배 +4000원
반값택배 +2000원",29000,2026.06.04,19,0,0
222755156,중고나라,이사 정리,"르노마스터 16인치 순정휠, TPMS, 휠커버 4짝","르노마스터 20년식 1.5만키로 주행했고 TPMS와 휠커버(알리) 포함 4짝 이고 상태좋습니다.
세종 조치원 직거래 가능합니다.",190000,2026.06.04,319,1,2
228974425,중고나라,이사 정리,HG 건담 지리우스 반다이/건담/건프라/미개봉,"박스에 이상 없음 / 모두 검수 완료

거래 후 단순 변심으로 인한 환불은 일절 받지 않습니다

타 제품과 교환 및 네고X / 결제 문의 가능",32000,2026.06.04,118,1,1
222107280,중고나라,이사 정리,메가블록 미니언즈 스테이션 웨건 새제품,미니언즈 캐릭터들이 나오는 블록 세트예요. 188피스로 구성되어 있고 박스 상태도 깨끗해 보입니다. 아이들이 좋아할 만한 인기 캐릭터 블록 세트네요!,60000,2026.06.04,43,1,0
229096605,중고나라,이사 정리,레고 10365 케리비안해적선 새제품,"레고 10365 미개봉 새제품입니다
박스상태 소장용입니다.

택포가입니다",430000,2026.06.04,72,2,1
228963772,중고나라,이사 정리,데스크탑 컴퓨터 라이젠7 8700F RTX3050 6GB 팝니다.,12월달에 구매하고 실사용 2달도 안되는 컴퓨터입니다. 사무용으로 쓰려고 구매했다가 개인사정으로 쓸 일이 없어서 팝니다. 제품 스펙 궁금하신 분들은 구매내역 참고하시기 바랍니다. 외에 궁금하신 점 있으시면 편하게 연락주세요. 구매내역에서 ssd만 다릅니다. Ssd는 사진에 보이는 삼성 ssd 1tb입니다. 컴퓨터다보니 가능한 직거래 희망합니다.,725000,2026.06.04,184,2,3
229277956,중고나라,이사 정리,아이맥 24인치 M1 16GB 512GB 풀박스 매직키보드·마우스 포함,"ss급 아이맥 24인치 M1 판매합니다.

* RAM 16GB
* SSD 512GB
* 핑크 색상
* 2022년 구매
* 정상 작동, 초기화 후 판매
* 풀박스 보유
* 매직 키보드, 매직 마우스 포함
* 실내 사용 위주
* 큰 찍힘이나 파손 없음(생활기스 거의없음)

직접 가져가셔야 합니다.",850000,2026.06.03,143,2,1
229276932,중고나라,이사 정리,리듬세상 더 베스트 플러스 알칩,"3ds 리듬세상 더 베스트 플러스 알칩 팝니다

안전거래 가능합니다

편의점택배 무료이고

일반택배 2천원 추가입니다.",80000,2026.06.03,15,0,1
228592657,중고나라,이사 정리,미쉐린 PS4S 235/40-20 중고 2짝 22년,"미쉐린 PS4S 235/40-20 2짝 판매합니다
지금 빼긴 좀 아까웠는데 한세트 맞추느라,
저렴히 뺍니다. 상태는 사진 참고하세요
지렁이 없음. 중고 입니다.
9만원
지역 대전
노리턴 쿨거래",80000,2026.06.03,20,0,0
229006908,중고나라,이사 정리,네이버 멤버십 혜택 양도,"*26년 6월 26일까지입니다 꼭 확인해주세요

쇼핑으로 멤버십 쓸일이 생겨서 필요없는 부분은 판매합니다

구매확정해주시면 넘겨드리겠습니다

번개장터에서도 같은 닉네임으로 활동 중입니다 번장에 후기가 더 있어서 확인해보시면 믿느실만할거에요",3500,2026.06.02,83,0,3
229041036,중고나라,이사 정리,볼워치 트레인마스터 펄스미터 크로노미터,"【상품】
볼워치 / BALL WATCH 시계 정품
트레인마스터 펄스미터 크로노미터 / TRAINMASTER PULSEMETER CHRONOMETER
(모델: CM1010D)

펄스미터 스케일이 적용된 클래식 크로노그래프 모델로, 볼워치 특유의 철도 시계 헤리티지와 정교한 크로노미터 무브먼트가 조화를 이루는 모델입니다.
돔형 사파이어 글라스와 균형감 있는 다이얼 구성으로 빈티지하면서도 고급스러운 분위기를 연출합니다.
현재 eBay 에서 200만원 넘게 팔리고 있는 상품이고, 한국에서는 찾아보기 힘든 제품이라서 소장가치도 충분한 피스입니다. 

【상품 상세】
구동 방식: 기계식 자동감기 Chronometer 인증 무브먼트
기능: 크로노그래프 / 펄스미터 / 데이트 / 스몰세컨즈

컬러:

* 다이얼: 실버
* 케이스: 실버

사이즈:
케이스 약 41mm

밴드:
오리지날 스틸 브레이슬릿

손목 둘레:
약 15cm ~ 20cm 정도

※ 약간의 오차는 양해 부탁드립니다.

【상태】
동작:
현재 정상 작동 중입니다.
눈에 띄는 오차는 없었습니다.

상태는 사진을 통해 확인 부탁드립니다.

※ 빈티지 및 중고 제품 특성상 미세한 스크래치 및 사용감이 있을 수 있습니다.
※ 기계식 시계 특성상 정확도에 대한 보증은 어려운 점 양해 부탁드립니다.",1250000,2026.06.02,254,2,1
229254142,중고나라,이사 정리,대형 고기 분쇄기 (민찌기),"제품 스펙

제품명 대형 분쇄기 10마력

외형치수 1,050 x 600 x 1,000(H) mm

전원 380V, 7.5kw

분쇄망 4,6,8,10,12,14,16,18mm

처리능력 300~500 kg/h",7150000,2026.06.02,40,0,0
229254017,중고나라,이사 정리,핀밀분쇄기 (분말분쇄기),"제품 스펙

제품명 분말 분쇄기 5마력

외형치수 580 × 840 x 1,040(H)mm

전원 380V, 4kw

기기중량 약 150kg

처리능력 50~200kg/h",3850000,2026.06.02,43,0,0
229253917,중고나라,이사 정리,고속 스틱포장기,"식품이나 약품 등 다양한 제품을 자동으로 포장할 수 있는 전문 장비입니다. 스테인리스 스틸 재질로 내구성이 좋고 상태도 양호해 보여요. 제조업체나 유통업체에서 사용하기 좋은 고급 장비입니다.

제품 스펙

제품명 고속 1열 스틱 포장기 (고급형)

전원 220V, 50~60Hz, 1.5Kw

외형치수 850 x 1200 x 1,900(H) mm

기기중량 400 Kg

접착방식 스틱 포장

작업능력 20~30개/분

포장규격 폭 20~75mm / 길이 30~180 mm",18000000,2026.06.02,69,0,0
227445909,중고나라,이사 정리,홀로라이브 호시마치 스이세이 도쿄역 아크릴 스탠드,"스이세이 도쿄역 아크릴 스탠드입니다

상태는 먼지도 거의 없는 신품급입니다
전시X

꼼꼼하게 포장해드리겠습니다!",17000,2026.06.02,19,1,0
227445938,중고나라,이사 정리,홀로라이브 호시마치 스이세이 아크릴 키홀더,"홀로라이브 호시마치 스이세이 아크릴 키홀더입니다

SD화 된 귀여운 스이세이입니다

기스 없이 상태 매우 좋습니다

꼼꼼히 포장해드리겠습니다!",6000,2026.06.02,26,1,0
227445830,중고나라,이사 정리,홀로라이브 호시마치 스이세이 아크릴 스탠드 홀로서머 2023,"홀로서머 2023 호시마치 스이세이 아크릴 스탠드입니다

구성품 모두 있으며
장식장 보관으로 기스 없이 상태 매우 좋습니다!

꼼꼼히 포장해드리겠습니다!",18000,2026.06.02,25,0,0
228672810,중고나라,이사 정리,스페셜라이즈드 에스웍스 타막 SL7 56사이즈,"21년 1차구입후 처음 100~150키로 주행후 봉인상태

클릿으로인한 초기 자빠링흔적있습니다 프레임 아니고 휠이랑 레버쪽에만 기스있습니다

무광블랙 카멜레온색입니다

그외 신품급 상태입니다(배터리 충전기 전부다있습니다)

스램레드 12단이며 에스웍스 카본 물통게이지포함

코로나대 구입해서 7개월 대기타고 할인1도없이구입했습니다

(페달 듀라에이스)

쿼크파워미터 기본포함

완차 상태이며 판매전 모든 정비 셋팅 완료되어 바로 타시면 됩니다 타이어는 상처있음

대차안하고 판매만합니다

가까운곳 예약금 받고 가져다드립니다_

쌉소리하면 바로차단

네고없으니 네고문의는 서로 피곤합니다_",8000000,2026.06.02,941,6,3
229244696,중고나라,이사 정리,2026년 유휘운 행정법총론 요약노트와 기출문제집,2026년 유휘운 행정법총론 요약노트와 기출문제집입니다. 요약노트와 기출지문이 1:1로 매칭되어 있어 학습 효율을 높일 수 있습니다. 책은 비닐 포장된 새 상품으로 상태 좋습니다. 구매 원하시면 바로 안전결제 해주시면 됩니다!,35000,2026.06.02,16,0,0
229244587,중고나라,이사 정리,18k골드도금 목걸이 반지 세트(써지컬),"18k 골드도금 고급스러운 목걸이와 반지 세트예요. 블랙 스톤이 포인트로 들어가 있어서 세련된 느낌이 나고, 상태도 깔끔해 보입니다.

직거래
일반택배
편의점반값택배
모두가능",18000,2026.06.02,28,0,0
229242526,중고나라,이사 정리,펄사 텐즈 시그니처 에디션 + 여분 피트,"구매해서 3일간 사용했고 영수증 보유중입니다. 
펄사 슈퍼그립 붙여놨습니다. 
피트는 29일 순정 피트(펄사 오리지널 ptfe 피트)로 다시 붙여놨습니다. 
마우스 본체, 동글만 꺼내서 사용했고 나머진 미사용 새상품 입니다. 
추가로 tbtl 2세대 피트 2세트 + tbtl 2세대 도트피트 20개 같이 드리겠습니다. 
사용하면서 문제생긴 부분 없었습니다. 
쿨거래시 도트피트 한 세트 선택해주시면 서비스로 같이 드리겠습니다. 
왼쪽에서부터 
• westlab 화이트 
• westlab 블루
• u9 에어 6.5mm
• 옵시디언 에어 
• 제이드 에어 6.5mm (미사용)
• 제이드 에어 8mm
• 매직아이스 플러스
입금일 기준 다음 날까지 우체국 택배로 보내드립니다. (휴일 제외)
안전결제X 괜찮으신 분만 연락 부탁드립니다. 
환불X",69000,2026.06.02,21,0,0
229243068,중고나라,이사 정리,[중고] 현대 더뉴그랜져IG 라이트 헤드라이트 운전석 방향 LH 92101G8500,"[중고] 현대 더뉴그랜져IG 순정 라이트 운전석 방향 LH 92101G8500 헤드라이트입니다. 사진상 생활 스크래치 및 사용감 확인되나, 파손된 부분은 없습니다. 정상 작동되는 제품입니다. 별도 문의 없으시면 바로 안전결제 부탁드려요!",98000,2026.06.02,24,0,0
229242554,중고나라,이사 정리,엠피온 SET-430 하이패스 단말기 블랙,"엠피온 SET-430 하이패스 단말기 블랙 색상이에요
사진에 보이는 구성품 그대로 드려요
깔끔한 디자인으로 차량 어디에나 잘 어울려요
하이패스 기능이 필요한 분들께 추천드려요",12000,2026.06.02,32,0,2
229241469,중고나라,이사 정리,폰투스 WD700 블랙박스 본체만판매,"폰투스 WD700 블랙박스 본체만 판매합니다. FHD 고화질 녹화 가능하며, 240만 화소입니다. 사진과 같이 본체만 있으며, 작동 테스트 완료했습니다. 구매 원하시면 바로 안전결제 해주시면 됩니다!",25000,2026.06.02,17,0,0
229241269,중고나라,이사 정리,유라이브 엣지 S1 블랙박스 본체만판매,"유라이브 엣지 S1 블랙박스 본체 판매합니다. 본체만 있으며, 사진에 보이는 상태 그대로입니다. 작동은 잘 되었으나, 더 이상 사용하지 않아 판매합니다. 구매 원하시면 바로 안전결제 해주시면 됩니다!",11000,2026.06.02,27,0,0
229240989,중고나라,이사 정리,[8인치] 아이나비 R100 네비게이션 (배선다포함),"8인치 아이나비 R100 네비게이션입니다. 모든 배선 포함이며, GPS, DMB, 인터넷 등 다양한 기능이 있습니다. 작동 확인 완료된 제품입니다. 구매 원하시면 바로 안전결제 해주시면 됩니다!",50000,2026.06.02,48,0,1
229240691,중고나라,이사 정리,아이나비 LS300T 네비게이션 7인치,"아이나비 LS300T 네비게이션 7인치 판매합니다. 구성품은 사진에 보이는 전부이며, 시거잭과 후방 카메라 케이블, SD 카드 포함입니다. 제품 사용감은 있으나 정상 작동합니다. 구매 원하시면 바로 안전결제 해주시면 됩니다!",48000,2026.06.02,94,0,1
229240422,중고나라,이사 정리,아이나비 블랙박스 QXD1000A 알파,"아이나비 QXD1000A 알파 블랙박스 판매합니다. 전방 카메라와 후방 카메라, 전원선 포함 풀 구성입니다. 사진 보시고 상태 확인해주세요. 구매 원하시면 바로 안전결제 해주시면 됩니다!",38000,2026.06.02,10,0,1
229240174,중고나라,이사 정리,타이어 205/65 R16 95H 1짝,205/65 R16 95H 타이어 1짝 판매합니다. 사진에 보이는 상태 그대로입니다. 휠은 포함되어 있지 않습니다. 구매 원하시면 바로 안전결제 해주시면 됩니다!,42000,2026.06.02,10,0,0
229239957,중고나라,이사 정리,순정 RCD 하이패스룸미러,"차량 순정 하이패스 룸미러 판매합니다. RCD 기능 포함되어 있는 모델입니다. 
상태 이상무",45000,2026.06.02,20,0,2
224584681,중고나라,이사 정리,"이사정리,세가) 아쿠아 LPM 에밀리아ver.","공간부족으로 진열할 수가 없는 관계로 처분합니다. 현재 하자검수 겸 개봉촬영 후 재봉했습니다.

박스에 곳곳에 구겨짐이 좀 있고, 위 사진 정도에 이염이 있습니다. 구매 전 유의하시기 바랍니다.

기본적으로 편의점 택배로 접수해드리며 제 선에서 최대한 파손의 위험이 없게 노력하여 포장하였음을 구매자분께 고지해드립니다. 

중고거래 특성상 교환/환불이 불가하다는 점 인지해주십시오.

그리고 구매의사를 확실히 결정하시고 문의해주십시오. 

구매 전에 일반과 반값 중 택배비를 정해야 하니 결제 전 문의 주시기 바랍니다.",18000,2026.06.02,41,0,0
229228220,중고나라,이사 정리,오토테크닉 스트럿바,"오토테그닉 스트럿바 입니다
F바디 M2에 사용 했습니다
볼트자국 외 기스 없습니다
이제 단종되서 신품은 구매 불가 입니다
검색 좀만하시면 자세한 설명 나올꺼에요..^^",200000,2026.06.02,11,0,0
229227817,중고나라,이사 정리,보펜모듈,BMW 순정 가변배기 열어주는 보펜모듈 입니다..F바디 M2에 사용 했습니다,120000,2026.06.02,32,0,2
229183287,중고나라,이사 정리,IGPSport igs630s 속도계팝니다.,"다른 속도계로 넘어가게 되어 팝니다.
파손/스크래치 조차 없는 S급 상태입니다.

구매하자마자 강화유리 + 실리콘케이스 사용하였습니다.
구성품은 박스까지 풀 구성이고, 마운트와 케이블 등 미사용입니다.

제품 작동 전혀 이상 없고
항시 라이딩 시 이탈방지끈 사용하여
떨어트린적 없습니다.

200km 타는 동안 사용하였는데 gps 수신 등 문제 없습니다.
조치원 직거래합니다.
그 외 지역은 택배거래합니다.

타사이트 유도 등 거래 외 이상한 내용은
답장 안드립니다.",170000,2026.06.01,51,1,4
229221738,중고나라,이사 정리,송현베일러집게,"기능상 문제없이 잘 작동해요. 농사일에 바로 사용 가능한 상태입니다.
판매지역. 대구광역시군위군 
전화번호 ☎️ 010삼오공팔사팔구구 
바로사용 하시면 됩니다",850000,2026.06.01,33,1,0
229221681,중고나라,이사 정리,발산 경운기용콩탈곡기,"농업용 콩탈곡기입니다. 사용감은 있지만 작동에는 문제없어요. 농사일에 유용한 장비로 실용적으로 사용하실 분께 추천드립니다.
판매지역. 대구광역시군위군 
전화번호 ☎️ 010삼오공팔사팔구구 
기타. 바로사용 하시면 됩니다",750000,2026.06.01,44,0,0
229206365,중고나라,이사 정리,송현베일러집게,"기능상 문제없이 잘 작동해요. 농사일에 바로 사용 가능한 상태입니다.
판매지역. 대구광역시군위군 
전화번호 ☎️ 010삼오공팔사팔구구 
기타. 바로사용 하시면 됩니다",850000,2026.06.01,32,0,1
229206285,중고나라,이사 정리,발산 경운기용 콩탈곡기,". 바퀴가 달려있어 이동이 편리하고 전체적으로 사용감은 있지만 작동에는 문제없어 보여요. 농사일에 유용한 실용적인 장비입니다.
판매지역. 대구광역시군위군 
전화번호 ☎️ 010삼오공팔사팔구구 
기타. 바로사용 하시면 됩니다",750000,2026.06.01,37,0,0
229202331,중고나라,이사 정리,포켓몬스터 썬,포켓몬 썬입니다. 사진에서 보시다시피 정상작동해요. 게임기 포함 아닙니다,30000,2026.06.01,8,0,0
229202299,중고나라,이사 정리,포켓몬스터 Y 칩,포켓몬 Y입니다. 사진에서 보시다시피 정상작동해요. 게임기 포함 아닙니다,50000,2026.06.01,26,0,0
229202265,중고나라,이사 정리,포켓몬스터 화이트 칩,포켓몬 화이트입니다. 사진에서 보시다시피 정상작동해요. 게임기 포함 아닙니다,90000,2026.06.01,17,0,1
228306702,중고나라,이사 정리,원령황제 선천응룡 프라모델 가조립 데칼,"안녕하세요, 원령황제 선천응룡 가조립 판매합니다!

- 궁극니퍼 깔끔 가조립
- 습식데칼 작업 완료
- 파손 및 분실 x, 정크ㆍ설명서 일괄 제공
- 제작 직후 별도 가동 없이 전시장에 세워둔 제품
- 합금 프레임 포함 제품

택배비 거래시 4000원 추가됩니다.

감사합니다😊",49000,2026.06.01,158,2,1
229199398,중고나라,이사 정리,ATK F1 V2 EXTREME LEVIATHAN,"-구성품- 
• 마우스 본체
• 그립테이프
• 동글
• 케이블 (미사용)

5월 11일에 구매해서 2일간 사용 했습니다. 
피트는 순정 피트 입니다. 
사용하면서 문제생긴 부분 없었습니다. 
쿨거래시 도트피트 한 세트 선택해주시면 서비스로 같이 드리겠습니다. 
왼쪽에서부터 
• westlab 화이트 
• westlab 블루
• u9 에어 6.5mm
• 옵시디언 에어 
• 제이드 에어 6.5mm (미사용)
• 제이드 에어 8mm
• 매직아이스 플러스

입금일 기준 다음 날까지 우체국 택배로 보내드립니다. (휴일 제외)
안전결제X 괜찮으신 분만 연락 부탁드립니다. 
환불X",49000,2026.06.01,48,0,1
224575699,중고나라,이사 정리,"이사정리,타이토) 하츠네 미쿠 윈터 이미지 ver.","공간부족으로 진열할 수가 없는 관계로 처분합니다. 현재 하자검수 겸 개봉촬영 후 재봉했습니다.

보관기간이 길어서 피규어 박스에 약간의 구겨짐이 있을 수 있지만 본체에는 별 문제는 없었습니다. 

기본적으로 편의점 택배로 접수해드리며 제 선에서 최대한 파손의 위험이 없게 노력하여 포장하였음을 구매자분께 고지해드립니다. 

중고거래 특성상 교환/환불이 불가하다는 점 인지해주십시오.

그리고 구매의사를 확실히 결정하시고 문의해주십시오. 

구매 전에 일반과 반값 중 택배비를 정해야 하니 결제 전 문의 주시기 바랍니다.",15000,2026.06.01,84,1,0
224805407,중고나라,이사 정리,"이사정리,이염) 후류 슈퍼소니코 동화이야기 청의 여왕","공간부족으로 진열할 수가 없는 관계로 처분합니다. 현재 하자검수 겸 개봉촬영 후 재봉했습니다.

박스과 위 사진과 머리카락에 이염이 있습니다. 

보관기간이 길어서 피규어 박스에 약간의 구겨짐이 있지만 본체에는 별 문제는 없었습니다. 

기본적으로 편의점 택배로 접수해드리며 제 선에서 최대한 파손의 위험이 없게 노력하여 포장하였음을 구매자분께 고지해드립니다. 

중고거래 특성상 교환/환불이 불가하다는 점 인지해주십시오.

그리고 구매의사를 확실히 결정하시고 문의해주십시오. 

구매 전에 일반과 반값 중 택배비를 정해야 하니 결제 전 문의 주시기 바랍니다.",30000,2026.06.01,108,2,0
229173354,중고나라,이사 정리,[지슈라2 시안] 로지텍 G PRO X SUPERLIGHT 2 CYAN,"5월 29일에 일렉트로마트에서 구매했고 영수증 보유중입니다. 
실사용 시간은 30분 정도 됩니다. 
피트는 옵시디안 컨트롤로 변경했고 그립테이프 붙여놨습니다. 
사용하면서 문제 생긴 부분 없습니다. 
쿨거래시 도트피트 한 세트 선택하시면 서비스로 드리겠습니다. 
왼쪽부터 
• 제이드 에어 (미사용)
• westlab 화이트
• wastlab 블루 (제외)
• u9 에어 6.5mm (제외)
• 옵시디언 에어 
• 매직아이스 플러스
일부 사용했던 것들도 섞여있습니다. 

입금일 기준 다음 날까지 우체국 택배로 보내드립니다. (휴일 제외)
안전결제X 괜찮으신 분만 연락 부탁드립니다. 
환불X",119000,2026.05.31,131,3,1
228934309,중고나라,이사 정리,에센코어 klevv ddr5 5600 16gb 데스크탑 램 메모리팝니다,"* 2반 사진 뒷면에 자국있는데 양면테이프붙어있던 자국입니다 방열판을 씌워뒀던거라 그렇습니다 본드는 다 닦아냈는데 이상하게 자국이 안사라지네요

*데스크탑용 메모리입니다

sk하이닉스 자회사 에센코어에서 판매하는 흑금치 제품입니다

사진에 국내 정품 스티커 확인하실 수 있고 정품 박스까지 보내드립니다

실사용하면서 아무 문제없었고
5번 사진보시면 멤테스트86으로 불량 테스트까지 이상없었습니다(26년 5월 17일 테스트)

번개장터 당근마켓에서도 같은 닉네임으로 판매 중입니다
번개장터에 후기도 좀 있어서 믿으실만할거에요

직거래 가능하구요
배송비 별도입니다
환불 불가능한 점 양해해주세요

궁금한거 있으시면 언제든지 톡주세요
감사합니다 좋은 하루 되세요",240000,2026.05.31,172,3,0
229182854,중고나라,이사 정리,올리브영 5만원권 판매,"올리브영 5만원권 판매
5장 있습니다
각 45000원 입니다~
에눌 안되요x",45000,2026.05.31,26,0,2
228235093,중고나라,이사 정리,젠틀몬스터 benven,"젠몬 benven 모델
케이스랑 쇼핑백만 있어요
실착5회미만",300000,2026.05.31,59,0,3
226438922,중고나라,이사 정리,투싼TL 올뉴투싼ix 튜익스 블루색상 프런트쇼바2개,"투싼TL 올뉴투싼ix 튜익스 블루색상 프런트쇼바2개

대전 직거래시 16만원

택배시 착불

0 1 0 4 5 5 3 5 3 4 5
채팅 잘 안 봅니다
다이렉트로 연락주셔요",150000,2026.05.31,139,0,0
229176323,중고나라,이사 정리,"동시녹음 장비 불용품 팝니다. (Mixpre 6, Orca bag, Sony D11 16 27, Rode 윈드실드","동시녹음 장비 불용품 팝니다. (Mixpre 6, Orca bag, Sony D11 16 27, Rode 윈드실드 등..)

군대를 가게 되어 동시녹음때 사용했던 장비를 싸게 판매합니다. 

1. Sound device Mixpre 6 I (버전 2 아닙니다. 믹서 구매시 ORCA OR-270, 970 770 배터리, mx-Lmount, 젠하이저 hd 25 무료제공) 

판매완료

2. Rode Blimp - 윈드실드

판매완료

3. Sony D11 (2 set)

UTX-B03 - 송신기
URX-P03 - 수신기

구성품 빠짐없이 다 있습니다 (박스 O)

기능 문제없이 정상작동합니다
잔기스 다분하고 사용감이 꽤 있습니다

200,000

4. Sony D16 - 무선 플러그온 세트 (박스 x)

UTX-P03 - 플러그온 송신기 / 48v
URX-P03 - 수신기 (UTX-B03과도 호환)
3.5 to XLR 케이블

기능 문제없이 정상작동합니다
잔기스 등 사용감이 좀 있습니다 민감하신 분들은 반드시 확인바랍니다.

판매완료

5. Sony D27 (1 set)

25년도 새제품으로 구매하였으며, 기능 문제없이 정상작동합니다. 실사용 3~4번 정도로 외관 상태 매우 양호 하며 구성품 빠짐없이 다 있습니다 (박스 O)

700,000

6. Comica - Boom X-U Qua (2.4gHz)

기능 문제없이 정상작동합니다
외관 상태 깔끔하고 구성품 빠짐없이 다 있습니다

200,000

장비도 확인해보고 직접가져 가시는 직거래 선호합니다 ! 제품에 대해 궁금한 문의 있으시면 편하게 연락 부탁드립니다.

감사합니다 !",900000,2026.05.31,138,1,3
228901204,중고나라,이사 정리,산업용 진공청소기,"모델:'STAR' 로고가 있는 씨에스테크
(CLEANSTAR)사의 산업용 또는 기능성 청
소기로 추정됩니다
용도:절삭유(기름)와 금속 칩을 함께흡입
하는 데 적합한 오일 전용 청소기(예: CS-
3751S 모델)일 가능성이 높습니다.
특징:강력한 흡입력을 위해 3개의 모터를
장착하고있으며, 탱크가 상/하부로 분리
되어 분진과 유증기를 효과적으로 처리할
수 있는 구조입니다.",700000,2026.05.31,81,3,1
228961806,중고나라,이사 정리,스기노젠 53,볼트 하나 없고 볼트 스기노꺼 입니다,230000,2026.05.31,85,3,3
224541317,중고나라,이사 정리,짚 스프린트140mm 급처,"교신 안봄
두번째 사진에 파인흔적 있어요 별로 지장있는건 아닌거같습니다

저기 아래쪽 볼트 하나 없어요(네이버에서 구매가능)

전용탑캡도 있어요

판매 위주입니다",230000,2026.05.31,315,3,9
214835247,중고나라,이사 정리,포르쉐 카이엔 958 러기지 스크린 베이지,"카이엔 958 러기지 스크린 베이지색 판매합니다.

부품 크기 상 직거래만 가능하며 세종시 조치원읍 일대 거래 가능합니다.


 
 
 
 
 
📢 제목에 ""제조사/ 브랜드 명""과 ""차종(ex. 아반떼 CN7)”를 넣어 작성하면, 보다 빠른 판매가 가능합니다! 
📢 게시글 작성 시 배송 방법에 “직거래”와 “내 위치” 설정할 경우, 보다 빠른 판매가 가능합니다! 







🚨회원님의 거래 게시글을 노린 중고나라 운영진 사칭 피싱 사이트를 주의하세요🚨",80000,2026.05.31,95,3,0
229168974,중고나라,이사 정리,삼성 ddr5 32gb 새제품 9개 일괄,삼성 ddr5 32gb 새제품 9개 일괄,4050000,2026.05.31,20,0,1
228729407,중고나라,이사 정리,삼성 RAM ddr5 32gb pc5-5600b 새제품 데스크탑용,"삼성 램 ddr5 32gb pc5-5600b 새제품입니다. 데스크탑용 입니다.

총 12개 보유중입니다.",450000,2026.05.31,202,1,3
229166238,중고나라,이사 정리,온도/습도 센스,"온도/습도 센서입니다. I2C 인터페이스로 쉽게 연결 가능하고, -40~80C 온도와 0~100% 습도를 측정할 수 있어요. IoT 프로젝트나 자동차 제어용으로 활용하기 좋습니다.

안전거래 가능 [추가 5000원]
선입금 택배거래

총8개 일괄판매",120000,2026.05.31,18,0,0
229061977,중고나라,이사 정리,NZXT KRAKEN ELITE 280 RGB 판매합니다,"미개봉입니다
AS 28년8월까지

세종시 직거래
쿨거래택배시 택포

외부채널 유도 연락주지마세요",150000,2026.05.31,50,0,1
229157301,중고나라,이사 정리,메탈리아 타코이카175h,"다이와
메탈리아 타코이카175h
상태양호
거치시 바트부분 미세기스있음
감안하여 판매함
택배비 무료배송
구매 노 리턴. 신중히 구매해주세요
보증서 박스그대로 있음",190000,2026.05.30,41,0,2
229155551,중고나라,이사 정리,숯사랑 발화기 판매,"상태 좋습니다. Ma-302 모델
오픈시 조금사용후 사용안함(내피상태좋음)

배송비 협의(갖다드릴수 있음)

010 9282 238영",650000,2026.05.30,15,0,0
228967494,중고나라,이사 정리,음식점용 태블릿 모니터 (티오더),"음식점에서 사용하던 태블릿 모니터(티오더)예요. 골드 컬러의 고급스러운 디자인으로 카페나 식당 운영에 완벽해요. 사용감은 있지만 정상 작동하는 상태입니다. 
15대는 그냥 일체형이고 이거는 27년 11월까지 기간있어요. 양도/양수하시면 과하게 약정기간 안끊어도 되서 더 나을실수 있습니다.


대당 30만원 양도/양수 가능합니다. 사용기간 짧습니다. 연락 부탁드립니다

양수/양도할시
일체형 50만원
충전식 50만원
각각 지원비 드립니다",300000,2026.05.30,74,0,1
229150641,중고나라,이사 정리,보바 고속충전 일체형 대용량 보조배터리 20000mAh 22.5W,"25년 6월 15일에 구매해서 10시간 정도 사용했습니다. 
입금일 기준 다음 날까지 우체국 택배로 보내드립니다. (휴일 제외)
안전결제X 괜찮으신 분만 연락 부탁드립니다. 
환불X",19000,2026.05.30,31,0,2
229138190,중고나라,이사 정리,DJI FPV 조정기 2,"DJI FPV 조정기 2
2월쯤 중고로 구매 후 인터넷으로 연습만 했습니다.
구성품은 없고 조정기 단품입니다. 사용에 문제 없었습니다.
택배비는 얼마나올지 몰라서 5천원으로 했습니다
긍금한점 있으면 문의주세요",120000,2026.05.30,59,2,3
228735178,중고나라,이사 정리,(대전)SUNKO 엔틱 레트로 빈티지 선풍기 팝니다~~~~~,"선풍기크기: 팬지름(44cm) 전체높이(54cm) 오차범위는 1~2cm정도.
팬크기: 가정용선풍기정도 크기.
상태 최상.(A+++++).
가격 150,000원(네고X,반품X).
직거래만 가능. 택배X.
직거래 대전 낭월동에서만 가능합니다.

*네고, 택배 문의 답변 안합니다.",130000,2026.05.29,59,1,1
223357622,중고나라,이사 정리,과일 보관 박스,"농산물 수확 보관용 플라스틱 박스 대량 판매합니다

농산물 유통센터에서 사용하던 플라스틱 수확 박스 중고로 판매합니다.

튼튼한 산업용 대형 박스로, 통풍구가 있어 농산물 보관 수확·운반 시 사용하기 좋습니다.

단가: 개당 3,000원

총 수량: 570개 (대량 구매 환영)

◆ 상태: 사용감은 있으나 파손 없이 튼튼 / 현장 사용 가능

용도: 배추, 무, 마늘, 양파, 고추, 감자 등 농산물 전반 보관 및 운반

거래 방식: 일괄 / 부분 구매 가능

위치: 대구 군위 인근

수령 방법: 직접 수령(상차 가능) / 운송 필요 시 협의 가능

대량 구매 시 약간의 가격 가능하니 편하게 연락

주세요.",2500,2026.05.29,96,0,2
228568253,중고나라,이사 정리,캐피탈 스무스 저지 코치 & 제피르 트랙 자켓 라이트 브라운,"캐피탈 저지

1월경에 구매해 몇번 입지않고 거의 보관만했습니다.
상태 아주 좋습니다.
본품만 있습니다. 편하게 연락주세요.",300000,2026.05.29,38,0,1
229094719,중고나라,이사 정리,아티산 TYPE99 XSOFT XXL,"4월 1일에 구매해서 2개월 정도 사용했습니다. 
약간의 사용감 있으나 사용하면서 감도변화는 느끼지 못했습니다. 
입금일 기준 다음 날까지 우체국 택배로 보내드립니다. (휴일 제외)
안전결제X 괜찮으신 분만 연락 부탁드립니다. 
환불X",18900,2026.05.29,27,0,1
227760367,중고나라,이사 정리,베이커리 파이로라 팝니다,"베이커리 파이로라입니다. 
중고이고 사용감이 있지만 작동 상태 양호하고, 베이커리나 카페 운영에 적합해요. 전문적인 빵 제작이 가능한 제품입니다.

직접 테스트하시고 구매가능하십니다.
직거래 세종시 조치원입니다.
이유있는 네고 가능합니다
문의주세요^^",850000,2026.05.28,113,1,1
229091262,중고나라,이사 정리,ATEN VS182B 2포트 HDMI 영상 분배기,"2포트 HDMI 트루 4K 스플라이터입니다. 어댑터와 케이블 포함되어 있고 상태 양호해요. 여러 모니터 연결할 때 유용한 제품이에요.

총 10개 있습니다",25000,2026.05.28,12,0,0
229087530,중고나라,이사 정리,스타벅스 모바일카드 3만원권 팔아요,"핀번호 코드번호 보내드려요
선물받았는데 필요없어서 팔아봅니다
네고x",27000,2026.05.28,27,0,3
229084944,중고나라,이사 정리,파타고니아 캐필린 쿨 울트라 후디 남성(M),"가격: 130,000 (택포)
1. 성명:
2. 전화번호: 
3. 상품명(브랜드명/모델명): 파타고니아 캐필린 쿨 울트라 후디 남성(M)
4. 색상: Pumice Dyno White
5. 사이즈: M
6. 구입 시기: 2026. 05월
7. 사용기간 또는 횟수: 시착
8. 반품(환불)가능 여부: 불가
9. 택배비 부담 조건: 택포
10. 실물 사진: 
등산 카페 고윈클럽에도 판매글 게시하였습니다.",130000,2026.05.28,96,1,0
228777810,중고나라,이사 정리,(풀박/성골)오메가 씨마스터 플래닛오션 8500,"Omega 씨마스터 플래닛 오션(PO) 42mm 판매합니다.

백화점 정식 구매 풀세트 (영수증 / 보증서 3개 / 박스 / 설명서 / 쇼핑백 / 브레이슬릿 풀코 / 여분 부품 포함)

여분 부품 포함 (시침 / 분침 / 초침 / 용두 / 케이블)

007 Skyfall 에서 James Bond 메인 시계로 착용된 모델이며, PO 특유의 묵직한 존재감과 고급스러운 분위기가 정말 매력적인 모델입니다.

정장·캐주얼 어디에도 잘 어울리고, 손목 위 존재감 하나는 확실합니다.

007 티타늄 메쉬 스트랩 추가 증정 (알리발 20만 원대)

현재 풀구성 기준 시세 500 초반대이며, 교환학생 비용 마련으로 급처하여 시세보다 낮게 판매합니다.

네고 문의는 정중히 사양합니다.",3600000,2026.05.28,536,8,4
228554782,중고나라,이사 정리,삼성 RAM ddr4 8gb pc4 2133p,,35000,2026.05.28,83,1,1
229066720,중고나라,이사 정리,스타벅스 아메리카노 2잔 팔아요,,7000,2026.05.28,14,0,1
228075608,중고나라,이사 정리,LED 디지털 알람 탁상 시계,"사용기간 건전지만 넣고 없음 
거의새것 
비대면거래 또는 직거래 원해요",15000,2026.05.28,14,0,0
229063421,중고나라,이사 정리,모던한 패브릭 침대 프레임+패널 퀸/킹 겸용,,200000,2026.05.28,32,1,1
229063213,중고나라,이사 정리,LED 조명 화장대 거울,"LED 메이크업 조명 거울이에요

깔끔한 화이트 프레임으로 어떤 공간에도 잘 어울려요

조명색은 3가지 색이구요 해외직구 제품이라 돼지코 해놨어요",30000,2026.05.28,25,1,0
229063040,중고나라,이사 정리,파피루스 트리케라 스프링카 핑크,,50000,2026.05.28,11,0,1
228861562,중고나라,이사 정리,경운기용 콩탈곡기,"농업용 콩탈곡기입니다. 작동에는 문제없어요. 농사일에 유용한 장비로 실용적으로 사용하실 수 있습니다.
판매지역. 대구광역시군위군 
전화번호 ☎️ 010삼오공팔사팔구구 
기타. 화물착불",850000,2026.05.28,55,0,1
229020549,중고나라,이사 정리,송현베일러집게,,900000,2026.05.28,37,0,1
229011898,중고나라,이사 정리,메이튼 오토프로 무선 안드로이드 오토 삼성 덱스 빅스비 터치 오토프로 X,"깔끔한 화이트 색상의 메이튼 오토프로X


본체와 구성품 모두 깨끗하게 보관되어 있어요 운전 중에도 끊김 없이 안드로이드 오토와 차량 화면으로 삼섬덱스를 사용하고 싶으신 분들께 추천드려",120000,2026.05.27,142,0,3
228432063,중고나라,이사 정리,닌텐도 스위치 xcom2 컬렉션-미개봉 새제품,미개봉 새제품입니다,30000,2026.05.27,47,4,0
228753467,중고나라,이사 정리,에센코어 klevv ddr5 5600 16gb 데스크탑 램 메모리팝니다,,245000,2026.05.27,332,3,2
229044361,중고나라,이사 정리,템퍼 모션베드 Q사이즈 + 매트리스 포함 / 이사정리 판매,"템퍼 모션베드 Q사이즈 판매합니다.
템퍼 매트리스 포함이며, 구매한 지 딱 2년 된 제품입니다.
구매 내역 확인 가능합니다.

매트리스는 소프트 타입, 부드럽고 편안한 사용감입니다.

깔끔한 오피스텔에서 1인 사용했고,
방수커버 사용해서 상태 좋아요. 
비흡연이라 냄새 걱정 없고, 반려동물 없어서 스크래치 없어요. 

본가로 들어가게 되어 이사 정리하면서 판매합니다.
위치는 수원시청역 인근이고,
직접 오셔서 상태 확인 가능합니다.

이사 일정에 맞춰 직접 수거 가능하신 분과 거래 원합니다.
이사 예정일은 7월 초~중반입니다.

사진 속 그레이 커버는 개인용이라 참고 부탁드립니다.
필요하시면 아래 구성품도 같이 드립니다.

* 템퍼 방수 커버
* 템퍼 베게 1개
* 베드 테이블
* 1인용 미니 건조기",1800000,2026.05.27,166,2,0
229040574,중고나라,이사 정리,16프로맥스 판매합니다,아이폰 16프로맥스 배터리 93%잔기스 있습니다 칼기스 많아서 쿨 거래 합니다,850000,2026.05.27,100,2,8
229035824,중고나라,이사 정리,스마트폰,배터리 성능 93%로 사용감은 있지만 정상 작동하는 스마트폰입니다. 화면에 스크래치가 있어서 저렴하게 내놓아요.,900000,2026.05.27,63,0,1
228348029,중고나라,이사 정리,삼성 ddr5 16g 4800 램 팔아요 22만원,"정품 DDR5 16GB 메모리입니다. 

상태 양호하고 정상 작동 확인했어요. 

컴퓨터 업그레이드나 새 제품 구매하실 분께 추천드립니다.

 1개 남았습니다.",220000,2026.05.27,219,3,1
224391092,중고나라,이사 정리,"이사정리,제일복권) 리제로 해피 버스데이 A상 람,렘","공간부족으로 진열할 수가 없는 관계로 처분합니다. 현재 하자검수 겸 개봉촬영 후 재봉했습니다.

보관기간이 길어서 피규어 박스에 약간의 구겨짐이 있을 수 있지만 본체에는 별 문제는 없었습니다. 

기본적으로 편의점 택배로 접수해드리며 제 선에서 최대한 파손의 위험이 없게 노력하여 포장하였음을 구매자분께 고지해드립니다. 

중고거래 특성상 교환/환불이 불가하다는 점 인지해주십시오.

그리고 구매의사를 확실히 결정하시고 문의해주십시오. 

구매 전에 일반과 반값 중 택배비를 정해야 하니 결제 전 문의 주시기 바랍니다.",75000,2026.05.27,236,10,0
223291517,중고나라,이사 정리,"이사정리,제일복권) 리제로 렘 A상 애니멀 퍼레이드","공간부족으로 진열할 수가 없는 관계로 처분합니다. 현재 하자검수 겸 개봉촬영 후 재봉했습니다.

보관기간이 길어서 피규어 박스에 약간의 구겨짐이 있을 수 있지만 본체에는 별 문제는 없었습니다. 

기본적으로 편의점 택배로 접수해드리며 제 선에서 최대한 파손의 위험이 없게 노력하여 포장하였음을 구매자분께 고지해드립니다. 

중고거래 특성상 교환/환불이 불가하다는 점 인지해주십시오.

그리고 구매의사를 확실히 결정하시고 문의해주십시오. 

구매 전에 일반과 반값 중 택배비를 정해야 하니 결제 전 문의 주시기 바랍니다.",30000,2026.05.27,122,4,0
224959393,중고나라,이사 정리,"이사정리,타이토) 프레셔스 렘 오리지널 벚꽃 이미지ver.","공간부족으로 진열할 수가 없는 관계로 처분합니다. 현재 하자검수 겸 개봉촬영 후 재봉했습니다.

보관기간이 길어서 피규어 박스에 약간의 구겨짐이 있을 수 있지만 본체에는 별 문제는 없었습니다. 

기본적으로 편의점 택배로 접수해드리며 제 선에서 최대한 파손의 위험이 없게 노력하여 포장하였음을 구매자분께 고지해드립니다. 

중고거래 특성상 교환/환불이 불가하다는 점 인지해주십시오.

그리고 구매의사를 확실히 결정하시고 문의해주십시오. 

구매 전에 일반과 반값 중 택배비를 정해야 하니 결제 전 문의 주시기 바랍니다.",25000,2026.05.27,56,1,0
229028911,중고나라,이사 정리,id cooling is 77 xt 로우프로파일 쿨러 판매합니다,"itx용으로 적합해보입니다
장착흔있고 시스템변경으로 판매합니다
세종시 직거래
택배 쿨거래 택포
외부사이트유도 칼차단",35000,2026.05.27,25,0,1
229028432,중고나라,이사 정리,롯데면세점 LDF PAY 90만원,롯데면세점 LDF PAY 양도합니다 . 온/오프라인에서 사용가능금액 100만원인데 90에 양도합니다.. 2029.5.8일까지로 유효기간도 넉넉해요,900000,2026.05.27,12,0,1
220602558,중고나라,이사 정리,레고무비 70815 새제품,"레고 무비 시리즈 70815 슈퍼 시크릿 경찰 드롭쉽입니다
9-14세 이용 가능하며, 미개봉 새상품입니다

2014년 2월 출시 단종 새상품입니다.
박스상태 양호한 편이고 씰 늘어짐 거의없습니다.

특이사항)
박스 우상단에 판매처에서 당시 부착했던 가격표가 붙어있습니다.",200000,2026.05.27,379,10,2
224427235,중고나라,이사 정리,"이사정리,제일복권) 민나노쿠지 프리코네 A상 페코린느 누들스토퍼","공간부족으로 진열할 수가 없는 관계로 처분합니다. 현재 하자검수 겸 개봉촬영 후 재봉했습니다.

보관기간이 길어서 피규어 박스에 약간의 구겨짐이 있을 수 있지만 본체에는 별 문제는 없었습니다. 

기본적으로 편의점 택배로 접수해드리며 제 선에서 최대한 파손의 위험이 없게 노력하여 포장하였음을 구매자분께 고지해드립니다. 

중고거래 특성상 교환/환불이 불가하다는 점 인지해주십시오.

그리고 구매의사를 확실히 결정하시고 문의해주십시오. 

구매 전에 일반과 반값 중 택배비를 정해야 하니 결제 전 문의 주시기 바랍니다.",45000,2026.05.27,99,2,0
223929382,중고나라,이사 정리,"이사정리,제일복권) 아이돌마스터 밀리마스 A상 나나오 유리코","공간부족으로 진열할 수가 없는 관계로 처분합니다. 현재 하자검수 겸 개봉촬영 후 재봉했습니다.

보관기간이 길어서 피규어 박스에 약간의 구겨짐이 있을 수 있지만 본체에는 별 문제는 없었습니다. 

기본적으로 편의점 택배로 접수해드리며 제 선에서 최대한 파손의 위험이 없게 노력하여 포장하였음을 구매자분께 고지해드립니다. 

중고거래 특성상 교환/환불이 불가하다는 점 인지해주십시오.

그리고 구매의사를 확실히 결정하시고 문의해주십시오. 

구매 전에 일반과 반값 중 택배비를 정해야 하니 결제 전 문의 주시기 바랍니다.",25000,2026.05.27,111,1,0
222662214,중고나라,이사 정리,"이사정리,제일복권)세일러문 A상 우사기와 루나 피규어","공간부족으로 진열할 수가 없는 관계로 처분합니다. 현재 하자검수 겸 개봉촬영 후 재봉했습니다.

보관기간이 길어서 피규어 박스에 약간의 구겨짐이 있을 수 있지만 본체에는 별 문제는 없었습니다. 

기본적으로 편의점 택배로 접수해드리며 제 선에서 최대한 파손의 위험이 없게 노력하여 포장하였음을 구매자분께 고지해드립니다. 

중고거래 특성상 교환/환불이 불가하다는 점 인지해주십시오.

그리고 구매의사를 확실히 결정하시고 문의해주십시오. 

구매 전에 일반과 반값 중 택배비를 정해야 하니 결제 전 문의 주시기 바랍니다.",35000,2026.05.27,175,6,1
228176462,중고나라,이사 정리,프리미엄비타골드 적송유,"적송유 입니다
적송유효능은 혈관계 개선입니다
고지혈.당뇨 등에도 탁월합니다
박스없고 한팩에10캡슐
총 120캡슐 두달치입니다
적송유 효능좋은제품이니 꼭 검색하셔서 알아보세요",100000,2026.05.27,33,0,4
227482676,중고나라,이사 정리,코비5 5링,코비5 5링 제품입니다 구매는 1년전에 했구요 미시착 새상품 사이즈는 270입니다. 더 궁금하신거 편하게 연락주세요 (가격협의가능) 환불불가,380000,2026.05.26,178,0,7
223868465,중고나라,이사 정리,mon 12a g3 모니터스피커,"ld시스템 mon 12a g3 팝니다
보름전 구입
테스트후 보관중 새상품입니다
70만원
세종시 조치원읍 직거래
010. 3670. 7316
필요하신분 전화주세요",700000,2026.05.26,111,1,2
229014147,중고나라,이사 정리,성능 S급 에어팟 프로 3 풀박스 급처합니다!,"성능 S급 에어팟 프로 3 풀박스 급처!

에어팟 프로 3 풀박스 판매합니다.

풀박스 구성 그대로 보유 중이며,
사용 중 이상 없이 정상 작동합니다.

노이즈캔슬링, 주변음 허용, 충전, 페어링 모두 문제 없이 사용 가능하고
외관 상태는 사진 참고 부탁드립니다.

구성품은 사진에 보이는 풀박스 구성입니다.

중고 제품 특성상 생활 사용감은 있을 수 있으니
예민하신 분들은 사진 꼼꼼히 확인 후 연락 주세요.

직거래 / 택배거래 가능합니다.
궁금한 점 있으면 편하게 문의 주세요!",250000,2026.05.26,22,0,0
228881838,중고나라,이사 정리,RTX5080 FE,"**제품명:** NVIDIA GeForce RTX 5080 Founders Edition (파운더스 에디션)

**구매처:** 리더스 공식 정품

**구매일:** 2025년 12월 12일 (영수증 및 구매 내역 증빙 가능)


 사용 기간: 구매 후 불량 테스트 목적으로 3DMark 타임스파이(타스) 구동해 본 사용감 매우 적은 제품입니다.
 
상태: 타스 구동 후 탈거하여 박스에 보관 중입니다. 당연히 채굴이나 하드한 작업 일절 하지 않았습니다.

 **구성품:** 풀박스.

#
 파손 면책 동의 및 배송비 별도 부담 시, 뽁뽁이로 안전하게 포장해서 우체국 택배로 보내드립니다.
구매 시 as를 위한 리더스 구매 내역 드립니다.
 단순 변심으로 인한 반품은 불가합니다.
원하시면 타스 스코어도 보내드려요.",1740000,2026.05.26,320,1,3
227966314,중고나라,이사 정리,엘지 정수기 필터,"사용 안했습니다.
포스트 카본 필터
uf 온수살균 필터
두개 한세트
20000원
사용 가능 정수기 모델은 사진 참조하세요. 
조치원 번암리 번암주공아파트 부근입니다.",19000,2026.05.26,61,0,0
229004616,중고나라,이사 정리,i7 3770 CPU,i7 3770 단품 프로세서입니다. 사용감은 있지만 정상 작동하는 중고 제품이에요. .,40000,2026.05.26,116,2,1
226099112,중고나라,이사 정리,슈퍼마리오 무드등 벽돌 아이템 조명 인테리어,"캐릭터 디자인의 귀여운 무음 모션 램프예요. 손으로 누르면 음악이 나오는 특별한 조명으로 아이들이 정말 좋아할 것 같아요. 상태 양호하고 정상 작동합니다!

궁금사항잇으시면 톡주세요",9900,2026.05.26,30,0,0
226099096,중고나라,이사 정리,헌터라이센스 키링/목걸이 (카드케이스),"사진보시면 다 나와잇어요

끈길이는 총 45쌘치

가방에 매달아두 되고 목에 걸어도 됩니다

궁금사항 잇으시면 톡 주세여

일택 +3600
반택 + 1800",4500,2026.05.26,47,1,0
226091462,중고나라,이사 정리,B급 포켓몬 캐릭터 뱃지 세트 5종세트,"인기 포켓몬들이 그려진 귀여운 뱃지 5개 세트예요! 피카츄, 스파이가리, 구름이끼 등 다양한 포켓몬 캐릭터가 포함되어 있어서 포켓몬 좋아하시는 분들께 딱일 것 같아요. 상태도 깨끗하고 컬렉션용이나 실용적으로 사용하기 좋을 거예요.

궁금사항 톡주세요",8500,2026.05.26,54,1,0
223728474,중고나라,이사 정리,영화 블루레이 여러가지 정리합니다,"블루레이 타이틀 팝니다.

1. 미녀와야수 스틸북 = 2.5
(스틸북 상처없이 깨끗합니다)
2. 홀리데이 풀슬립 = 2.2
3. 두사부일체 풀슬립 = 2.2
4. 향수 풀슬립 = 2.2
5. 디즈니 애니메이션 6무비 = 3.0
(6디스크, 모두 한글더빙 지원)
6. 황해 아웃케이스 = 1.7
7. 나이트메어 시리즈 = 2.7 (한글 무자막)
[ 나이트메어 1,2,3,4,5,6,7탄, 아웃케이스 세월감]

8. 올드보이(2디스크) = 1.8
9. 할로윈 = 판매완료.
10. 파이널판타지 어드벤쳐칠드런 = 1.2
(표지훼손으로 4k표지로 교체)
11. 몬스터하우스 = 0.6
12. 터미네이터 셀베이션 아웃케이스 = 2.0
13. 플래툰 (2디스크) = 판매완료
14. 나는네가지난여름에.. 판매완료
15. 앵그리버드 = 0.5

2개이상 또는 2만원이상 택배거래 합니다.
택비 3천500원.

0ㅣ0 =3사31 = 오8공8",12345,2026.05.25,292,4,1
225882212,중고나라,이사 정리,"파이널판타지 리메이크 클라우드, 하디 데이토나 피규어 팝니다","파이널판타지 리메이크 클라우드, 하디 데이토나 팝니다.

플레이아츠 제품이며 바이크 및 피규어 양호 합니다.
박스는 세월의 흔적 있습니다.
작은 피규어 제품이 아니니 다른제품과 혼동하지 
말아주세요. 부피, 무게가 좀 있습니다.
박스크기 무게때문에 우체국 접수합니다.

플레이아츠 제품은 잔 도색미스등 있을수 있는 제품이니
아시는분만 구매바라며 칼박스 등 예민하신분은
새 제품 구매 바랍니다.

개인간 거래입니다. 매너거래가 기본 입니다.

일반, 안전 다 가능합니다.

응 3사3일 오808


#파이널판타지 #펜릴 #클라우드 #플레이아츠",198000,2026.05.25,316,6,1
226941520,중고나라,이사 정리,윌로펌프 PSV-6550C 새재품입니다,"구입후 사용하지않은 윌로펌프 PSV-6550C 새재품입니다
제품특성상 직거래원합니다

010-4515-1549
꼭!! 문자로 보내주시면 확인후 연락하겠습니다",500000,2026.05.25,117,1,4
226941356,중고나라,이사 정리,10마력 모터 판매합니다,"10마력 모터입니다.
제품 특성상 직거래 원합니다. 
010-4515-1549
꼭!!! 문자로 보내주시면 확인후 연락하겠습니다",110000,2026.05.25,61,1,5
228458329,중고나라,이사 정리,(마지막 가격 다운)빈티지 오메가 드빌 수동,"상품】
오메가 / OMEGA 시계 정품
드빌 / DE VILLE 수동

프랑스어로 “도시”를 의미하는 “DE VILLE”은 모던한 라이프스타일에 잘 어울리는 세련된 모델입니다.
스퀘어 케이스와 블랙 오닉스 크라운이 장식되어 깔끔하고 우아한 분위기를 연출합니다.

【상품 상세】
구동 방식: 기계식 수동감기 Cal.625
기능: 2핸즈

컬러:

* 다이얼: 실버
* 케이스: 실버

사이즈:
가로 약 24mm (용두 포함 약 26mm)

밴드:
사제 스테인리스 밴드 / 사제 버클
흰색+검은색
손목 둘레:
약 15cm ~ 19cm 정도

※ 약간의 오차는 양해 부탁드립니다.

【상태】
동작:
현재 정상 작동 중입니다.
눈에 띄는 오차는 없었습니다.


상태는 사진을 통해 확인 부탁드립니다.
구매하시면 검정 가죽밴드도 같이 드립니다
※ 빈티지 제품 특성상 정확도에 대한 보증은 어려운 점 양해 부탁드립니다.",550000,2026.05.25,288,7,9
228983895,중고나라,이사 정리,로지텍 MX Master 4,"잘 안써서 처분합니다.
몇번 안썼습니다.",110000,2026.05.25,39,0,1
228747815,중고나라,이사 정리,맥북 프로 레티나 13인치 Early 2015,"맥북 프로 레티나 13인치 Early 2015 모델입니다.

23년 경 중고로 구입하여 사용하다가 판매하게 되었습니다.

모든 구성품 포함된 풀박스이며, 2017년 5월 생산분이기에 동 모델 중 가장 최근에 생산되어 상태가 매우 좋은 편입니다.

본품의 하자는 전무합니다만, 함께 구성된 전용 충전기의 경우 기능상의 문제는 없으나 외관상 노후되어 보일 수 있다는 점 양해 바랍니다. 

거래는 택배거래 위주로 진행하오나, 이동이 가능하실 경우 직거래로도 가능합니다. 

원하시는 사진이나 인증 필요하실 경우 채팅으로 문의 부탁드리겠습니다.",270000,2026.05.25,137,0,0
228809116,중고나라,이사 정리,엔비 7.8 ses,"엔비 7.8ses 시마노바디(72m,78m)
로터 스프라켓 타이어 제외입니다
상태는 a급입니다. 스램허브도 있어요",2000000,2026.05.25,211,1,2
228966463,중고나라,이사 정리,현대 그랜저 TG 16인치 순정 휠,"그랜저 TG 16인치 순정 휠 판매합니다. 실버 색상의 깔끔한 디자인이 돋보입니다. 휠 상태는 사진과 동일하며, 별도 문의 없으시면 바로 안전결제 부탁드려요!",75000,2026.05.25,26,1,0
221873099,중고나라,이사 정리,질젼 planet z 하이햇심벌,"질젼 planet z 하이햇심벌

몇일전 구입하여 보관중입니다*개봉후 보관 새제품
금액 12만원 입니다

쪽지나 댓글안보니 휴대폰으로
필요하신분은 연락주세요
010-3670-7316 
세종시 입니다",120000,2026.05.25,207,6,0
222877719,중고나라,이사 정리,HEX 통기타 GA400CE,"HEX 통기타 GA400CE입니다.
올해 6월에 구매했고, 보증서도 함께 드립니다.

상태는 좋고, 단발성 공연때문에 샀던거라 팝니다.

줄도 최근에 엘릭서 어쿠스틱으로 갈아두었어요.

직거래 희망하며, 저는 충북에 거주하고 있고 거래지역은 협의가능합니다.",200000,2026.05.25,296,3,8
228876509,중고나라,이사 정리,w214 벤츠 e200 순정매트,"w214 벤츠 e 200
25년식 순정 매트 새상품입니다.
세종 청주 근처 직거래가능
이후 지역 배송비 있음 
대전,천안쪽은 배송비 절충 가능",42000,2026.05.25,42,0,1
224576032,중고나라,이사 정리,"이사정리,타이토) 페이트 엑스트라 로스트 앙코르 캐스터","공간부족으로 진열할 수가 없는 관계로 처분합니다. 현재 하자검수 겸 개봉촬영 후 재봉했습니다.

보관기간이 길어서 피규어 박스에 약간의 구겨짐이 있을 수 있지만 본체에는 별 문제는 없었습니다. 

기본적으로 편의점 택배로 접수해드리며 제 선에서 최대한 파손의 위험이 없게 노력하여 포장하였음을 구매자분께 고지해드립니다. 

중고거래 특성상 교환/환불이 불가하다는 점 인지해주십시오.

그리고 구매의사를 확실히 결정하시고 문의해주십시오. 

구매 전에 일반과 반값 중 택배비를 정해야 하니 결제 전 문의 주시기 바랍니다.",12000,2026.05.24,60,0,0
224403100,중고나라,이사 정리,"이사정리,제일복권) 페그오 절대마수전선 바빌로니아 B상 숙명을 짊어진 소녀 아나","공간부족으로 진열할 수가 없는 관계로 처분합니다. 현재 하자검수 겸 개봉촬영 후 재봉했습니다.

보관기간이 길어서 피규어 박스에 약간의 구겨짐이 있을 수 있지만 본체에는 별 문제는 없었습니다. 

기본적으로 편의점 택배로 접수해드리며 제 선에서 최대한 파손의 위험이 없게 노력하여 포장하였음을 구매자분께 고지해드립니다. 

중고거래 특성상 교환/환불이 불가하다는 점 인지해주십시오.

그리고 구매의사를 확실히 결정하시고 문의해주십시오. 

구매 전에 일반과 반값 중 택배비를 정해야 하니 결제 전 문의 주시기 바랍니다.",40000,2026.05.24,156,4,0
227714917,중고나라,이사 정리,삼성 DDR4 16G 3200램 팔아요. 개당 11만원,"삼성 DDR4 16G 3200램 입니다. 
개당 11만원 이며, 
총 3개 보유중입니다. 
일괄 구매시 30만원 입니다.

삼성전자 DDR4 16GB

16GB 2Rx8 PC4-3200AA- UB1-11
M378A2K43EB1- CWE

- 제조사 : 삼성전자
- 메모리방식 : DDR4
- 전압 : 1.2V
- 메모리규격 : DIMM 288핀
- 데스크탑용(DIMM)
- 동작속도 : 3,200MHz(PC4-25,600)
- 형태 : 양면
- XMP : 가능
- 램타이밍(CL) : 16
- 램타이밍(tRCD) : 16
- 램타이밍(tRP) : 16",300000,2026.05.24,319,3,2
228952512,중고나라,이사 정리,디지털피아노,디지털피아노 나눔합니다. 의자 포함되어 있고 전체적으로 세월의 흔적이 있는 상태예요. 먼지 닦으면 깨끗합니다. 집에서 연습용으로 사용하기 좋은 제품입니다.,,2026.05.24,56,1,0
228949525,중고나라,이사 정리,(정품)MLB LA다저스 베이직 피티드캡 모자,"(정품)MLB LA다저스 베이직 피티드캡 모자
사이즈 7 1/8 56.8
미사용 미개봉
조치원, 오송, 택배
반값택배, 알뜰택배 택포, 일반택배 2000원 추가",50000,2026.05.24,12,0,0
228104095,중고나라,이사 정리,자이언트 어드벤스0,"19년식 자이언트 어드벤스0 
울테그라 8000 기계식 구동계
M사이즈
클릿페달
에어로 핸들바
자이언트 55mm slr0 휠셋
클린처(빅토리아 그래핀2.0타이어)
크랙은 없습니다만 도장까임 생활기스 있어요!
직접와서 보시고 결정하세요!
대전입니다",1250000,2026.05.24,296,1,2
228942394,중고나라,이사 정리,아이폰14화이트 256기가 상태 좋음,"아이폰14 256기가 

배터리 성능 82% 

사진에서 보시는 것처럼 전체적으로 상태 좋음

약간의 사용감 있으니 참고.
업무용으로 서브폰으로 사용
(게임 안하고, 영상 많이 안보고,
업무상 통화/메세지/웹서치 정도로만 활용)

항상 케이스를 키우고 사용해서 외관 깔끔하며
최근 스크린 보호 필름 새로 장착했어요

조치원역 / 세종시 부강면(부강 파리바게트) 직거래 선호
(상태보시고 구매하시어 추후 분쟁 요소 없기를 바랍니다)

택배거래는 어렵습니다",460000,2026.05.24,58,1,1
228941798,중고나라,이사 정리,티티카카 R16 미니스프린터 미니벨로 접이식자전거,"티티카카 드롭바 장착된 미니스프린터

이젠 구하기 어려운 제품입니다

총 16단 기어 구동계 양호 (시마노 클라리스)
브레이크 계통 양호
사용감 있는것 감안하셔요

사진상에 보이는 악세서리들은 제가 써야해서 못드립니다 양해바랍니다.

접이식으로 보관과 이동이 편리 (3단 접이식)

택배는 어렵고
고려대 조치원 캠퍼스 정문 혹은
조치원역에서 직거래 가능합니다",200000,2026.05.24,631,8,1
223931732,중고나라,이사 정리,"이사정리,제일복권) 렌탈여친 만족도4 C상 사라시나 루카","공간부족으로 진열할 수가 없는 관계로 처분합니다. 현재 하자검수 겸 개봉촬영 후 재봉했습니다.

보관기간이 길어서 피규어 박스에 약간의 구겨짐이 있을 수 있지만 본체에는 별 문제는 없었습니다. 

기본적으로 편의점 택배로 접수해드리며 제 선에서 최대한 파손의 위험이 없게 노력하여 포장하였음을 구매자분께 고지해드립니다. 

중고거래 특성상 교환/환불이 불가하다는 점 인지해주십시오.

그리고 구매의사를 확실히 결정하시고 문의해주십시오. 

구매 전에 일반과 반값 중 택배비를 정해야 하니 결제 전 문의 주시기 바랍니다.",35000,2026.05.24,87,0,0
223931755,중고나라,이사 정리,"이사정리,제일복권) 렌탈여친 만족도4 B상 나나미 마미","공간부족으로 진열할 수가 없는 관계로 처분합니다. 현재 하자검수 겸 개봉촬영 후 재봉했습니다.

보관기간이 길어서 피규어 박스에 약간의 구겨짐이 있을 수 있지만 본체에는 별 문제는 없었습니다. 

기본적으로 편의점 택배로 접수해드리며 제 선에서 최대한 파손의 위험이 없게 노력하여 포장하였음을 구매자분께 고지해드립니다. 

중고거래 특성상 교환/환불이 불가하다는 점 인지해주십시오.

그리고 구매의사를 확실히 결정하시고 문의해주십시오. 

구매 전에 일반과 반값 중 택배비를 정해야 하니 결제 전 문의 주시기 바랍니다.",20000,2026.05.24,84,0,0
228936561,중고나라,이사 정리,르노삼성 SM5 16인치 순정 휠 대품X,"SM5 16인치 휠 판매합니다. 대품은 받지 않고 있습니다. 휠 기스없이 깨끗합니다.
별도 문의 없으시면 바로 안전결제 부탁드려요!",75000,2026.05.24,30,0,0
228936207,중고나라,이사 정리,k5 16인치 휠&타이어 대품X,"K5 16인치 휠, 타이어 한개만 판매합니다. 대품은 받지 않고 있습니다. 휠 기스없이 깨끗하고, 타이어는 트레드 70-80% 정도 남았습니다. 별도 문의 없으시면 바로 안전결제 부탁드려요!",100000,2026.05.24,56,0,0
228935758,중고나라,이사 정리,기아 스포티지 블랙 휠 타이어 245/45R19,"기아 스포티지QL 19인치 순정휠입니다. 보관상 기스 약간 있는 것 감안해주세요. 사진 보시고 감안해서 가져가실분 연락주세요.
휠만판매합니다.",100000,2026.05.24,41,0,1
228706041,중고나라,이사 정리,BBS ch r pcd 112 8.5j+32 19인치,"BBS ch r 정품
pcd 112 8.5j+32 19인치 4본 동일
미쉐린 ps5 245 35 19(5000km주행)
서킷주행 전혀 없음
월~금 출퇴근만 함
25년 8월 장착(25년 21주차)
시로코r에 장착 했음(폭스바겐 허브링)
bbs 휠용 휠볼트
테두리 양면테이프 자국 있음
캡은 정품위에 아크릴 엠블럼 부착 (기존거 복구 불가)
세종 조치원 샵 보관중",1600000,2026.05.24,84,0,2
228934040,중고나라,이사 정리,제네시스 EQ900 18인치 휠,"제네시스 순정 휠 실버 색상입니다. 휠 상태는 사진처럼 괜찮습니다. 저렴하게 판매합니다. 
1개만 판매합니다.
대품X
문의 없으시면 바로 안전결제해주시면 됩니다!",100000,2026.05.24,46,1,0
228933841,중고나라,이사 정리,그랜저 IG 17인치 순정 휠,"그랜저 IG 17인치 순정 휠 판매합니다. 실버 색상 휠이며, 휠 상태는 사진과 같습니다.휠만판매합니다 문의 없으시면 바로 안전결제해주시면 됩니다!",85000,2026.05.24,72,0,0
228932140,중고나라,이사 정리,중고지붕판낼75T80장,중고지붕판낼75T80장및50T판낼 장수많아요.,2400000,2026.05.24,12,0,0
228930429,중고나라,이사 정리,갤럭시북5 프로360 32gb ssd1tb 그레이,"갤럭시북 5pro 360입니다
램32 ssd1tb
상판에 살짝 기스가 있어요 참고하세요
배터리 사이클 33회 거의 미사용 제품입니다
박스 충전기 구성 다 있고
외부 필름 내부 필름 붙혀져있는 상태입니다~

새제품가 330 저렴하게 판매합니다 직거래 또는 택배거래만 가능합니다

직거래장소 조치원역 또는 천안 성성 호수공원",2200000,2026.05.24,73,3,2
228925345,중고나라,이사 정리,7800x3d 3070ti 게이밍 데스크탑,"cpu : 라이젠 7800x3D
쿨러 : evga clc280 수냉쿨러
메인보드 : 에즈락 b650m pg 라이트닝 (에즈원)
ram : oloy ddr5 16gb x 2 cl30 6000 튜닝램
gpu : 갤럭시 rtx 3070ti 화이트
파워 : 슈퍼플라워 650w 실버 등급
ssd : 삼성 860evo 250GB
케이스 : 다크플레쉬 DLX21 RGB 메쉬

360hz, 540hz 모니터에 쓸 정도로 고성능입니다

제조사 as 비교해가며 구성 부품 좋게 조립해서 제가 실사용했습니다

2년 안되게 실사용했습니다

그래픽카드, 메인보드, 램, 쿨러 박스와 구성 부품 필요하시면 챙겨드려요

본체 케이스 박스도 가지고 있어서 안전하게 넣어가시면 됩니다!

작년 4월부터 잘 안쓰다가 짐 정리하는 김에 판매합니다

직거래는 조치원에서 합니다",1450000,2026.05.24,108,4,0
228924174,중고나라,이사 정리,SM5 / SM7 16인치 휠,휠 디자인은 사진에서 보시는 것과 같습니다. 휠만판매 합니다. 별도 문의 없으시면 바로 안전결제 부탁드려요!,75000,2026.05.24,19,0,0
228574050,중고나라,이사 정리,[미개봉 자급제] 갤럭시 s26 울트라 화이트 1tb,"갤럭시 s26 울트라 1tb 모델 화이트입니다.

좀비베리어 ar필름 및 맥세이프 케이스 포함이며
택배는 우체국이나 cj대한통운으로 보내드립니다.

직거래는 세종 소담동에서 합니다.",1750000,2026.05.23,313,8,4
215129860,중고나라,이사 정리,울란지 CA25 쿨링팬 ulanzi ca25 카메라,울란지 CA25 쿨링팬 ulanzi ca25 카메라 쿨링팬,43000,2026.05.23,74,0,1
206863083,중고나라,이사 정리,VIFLY ShortSaver 2 V2 쇼트세이버,"VIFLY ShortSaver 2 V2 연기 스토퍼 전자 퓨즈 2-6S Lipo
XT30 TX60 FPV 레이싱용 단락/과전류",22000,2026.05.23,38,0,0
228840471,중고나라,이사 정리,미스틱크래프트 미쓰 (mysticraft myth) 판매,"미스틱크래프트 미쓰 입니다. 26년 1월 정발 구매품이고 구매영수증 있습니다.
묵직하고 밀도깊은 소리가 인상적이었고 
탄탄한 티타늄쉘이 매력적인 이어폰입니다.

떨어트리거나 충격을 준적없는데.. 이어폰을 말아서 보관하는 과정에서
쉘끼리 비벼지면서 몸체 여기저기에 자잘한 티타늄쉘 특유의 기스가 있습니다.
사진에는 잘 담기지 않네요 ㅠ
눈에 잘 안보이고 자세히 봐야 보이긴하는데.. 새것처럼 깨끗한 상태는 아닌관계상..
새것같은 컨티션의 제품을 원하시면 다른제품 찾는게 나을것같아요.

이 외에는 소리부분이나 다른 특이한 하자점은 없습니다.
직거래는 경북 문경 나머지는 택배거래합니다.
택배거래시 파손면책 동의하신다는 전제하에 진행하며
중고거래특성상 반품 절대 불가능입니다.
포장 튼튼하게 해서 보내드립니다.

일반거래시 택포가에 드리며
안전거래하시면 판매자수수료1프로를 택배비로 책정했습니다.",1100000,2026.05.23,60,0,1
228918314,중고나라,이사 정리,i7 4790 CPU,i7 4790 cpu 단품 정상 작동하는 중고 제품으로 상태 양호해요.,50000,2026.05.23,143,2,6
228916142,중고나라,이사 정리,갤럭시S24 256gb팝니다,"갤럭시S24팝니다.2년 되었고 옆면 긁힘이나 찍힘 동그라미 쳤습니다. 정상해지 되었습니다. 액정은 이상 없습니다. 택배거래하며 쿨거래하면 약간네고가능
케이블빼고 박스 본기기있어요",300000,2026.05.23,138,0,2
228603717,중고나라,이사 정리,RG 윙 건담 제로 반다이/건담/건프라/미개봉,"박스에 이상 없음 / 모두 검수 완료

거래 후 단순 변심으로 인한 환불은 일절 받지 않습니다

타 제품과 교환 및 네고X / 결제 문의 가능",50000,2026.05.23,83,0,0
223180678,중고나라,이사 정리,"이사정리,제일복권) 뻐꾸기 커플 B상 세가와 히로","공간부족으로 진열할 수가 없는 관계로 처분합니다. 현재 하자검수 겸 개봉촬영 후 재봉했습니다.

보관기간이 길어서 피규어 박스에 약간의 구겨짐이 있을 수 있지만 본체에는 별 문제는 없었습니다. 

기본적으로 편의점 택배로 접수해드리며 제 선에서 최대한 파손의 위험이 없게 노력하여 포장하였음을 구매자분께 고지해드립니다. 

중고거래 특성상 교환/환불이 불가하다는 점 인지해주십시오.

그리고 구매의사를 확실히 결정하시고 문의해주십시오. 

구매 전에 일반과 반값 중 택배비를 정해야 하니 결제 전 문의 주시기 바랍니다.",25000,2026.05.23,74,0,0
223898335,중고나라,이사 정리,"이사정리,제일복권) 오등분의 신부 A상 나카노 이치카 원피스ver.","공간부족으로 진열할 수가 없는 관계로 처분합니다. 현재 하자검수 겸 개봉촬영 후 재봉했습니다.

보관기간이 길어서 피규어 박스에 약간의 구겨짐이 있을 수 있지만 본체에는 별 문제는 없었습니다. 

기본적으로 편의점 택배로 접수해드리며 제 선에서 최대한 파손의 위험이 없게 노력하여 포장하였음을 구매자분께 고지해드립니다. 

중고거래 특성상 교환/환불이 불가하다는 점 인지해주십시오.

그리고 구매의사를 확실히 결정하시고 문의해주십시오. 

구매 전에 일반과 반값 중 택배비를 정해야 하니 결제 전 문의 주시기 바랍니다.",20000,2026.05.23,96,3,0
223898264,중고나라,이사 정리,"이사정리,제일복권) 오등분의 신부 D상 나카노 요츠바 원피스ver.","공간부족으로 진열할 수가 없는 관계로 처분합니다. 현재 하자검수 겸 개봉촬영 후 재봉했습니다.

보관기간이 길어서 피규어 박스에 약간의 구겨짐이 있을 수 있지만 본체에는 별 문제는 없었습니다. 

기본적으로 편의점 택배로 접수해드리며 제 선에서 최대한 파손의 위험이 없게 노력하여 포장하였음을 구매자분께 고지해드립니다. 

중고거래 특성상 교환/환불이 불가하다는 점 인지해주십시오.

그리고 구매의사를 확실히 결정하시고 문의해주십시오. 

구매 전에 일반과 반값 중 택배비를 정해야 하니 결제 전 문의 주시기 바랍니다.",20000,2026.05.23,66,2,0
228886291,중고나라,이사 정리,Beast x max 블루 핑크 사이드 비타공,,139000,2026.05.23,62,0,1
228906600,중고나라,이사 정리,숯대감 착화기 판매,"숯대감 겸용 (LPG 도시가스가능)

22년식 / 배송비 협의(화물택배 가능)

문의 010 9282 238영",760000,2026.05.23,82,0,1
222820786,중고나라,이사 정리,"이사정리,플럼) 벽람항로 허먼 1/7 스케일 피규어","공간부족으로 진열할 수가 없는 관계로 처분합니다. 현재 하자검수 겸 개봉촬영 후 재봉했습니다.

보관기간이 길어서 피규어 박스에 약간의 구겨짐이 있지만 본체에는 별 문제는 없었습니다. 

기본적으로 편의점 택배로 접수해드리며 제 선에서 최대한 파손의 위험이 없게 노력하여 포장하였음을 구매자분께 고지해드립니다. 

중고거래 특성상 교환/환불이 불가하다는 점 인지해주십시오.

그리고 구매의사를 확실히 결정하시고 문의해주십시오. 

구매 전에 일반과 반값 중 택배비를 정해야 하니 결제 전 문의 주시기 바랍니다.",140000,2026.05.23,363,5,0
228899563,중고나라,이사 정리,금호 SuperMile TX31 타이어 205/65R16 2개,"금호 SuperMile TX31 타이어 2개 판매합니다. 205/65R16 사이즈이니, 차량에 맞는지 확인하신 후 구매 부탁드립니다. 트레드는 사진과 같이 충분히 남아있습니다. 문의 없으시면 바로 안전결제해주시면 됩니다!
타이어 1개당 택배비용 1만원 입니다.",110000,2026.05.23,17,0,0
228897922,중고나라,이사 정리,파인드라이브 BF500 8인치 내비게이션,"파인드라이브 BF500 내비게이션 본체입니다. 배선도 같이 드립니다. 작동 이상 없고, 상태 좋습니다. 문의 없으시면 바로 안전결제해주시면 됩니다!",45000,2026.05.23,51,0,0
228894079,중고나라,이사 정리,넷기어 GS728TS 24포트 스위치,24포트 라우터입니다. 전자부품으로 사용감은 있지만 정상 작동하는 제품이에요. 네트워크 구축이나 업무용으로 활용하시면 좋을 것 같습니다.,50000,2026.05.23,19,0,1
228893563,중고나라,이사 정리,ATEN CS1798 ( HDMI KVM),"ATEN CS1798 HDMI KVM 확장기로 여러 컴퓨터 연결할 때 유용해요. 
어댑터도 함께 포함되어 있고 상태 양호합니다.

2L-7D02UH 케이블 5개 포함 입니다",100000,2026.05.23,31,1,3
228892680,중고나라,이사 정리,"RS OEMax CSD5 Single Axis Servo Drive, 1KW","RS Automation 싱글 서보 드라이브입니다. 
디지털 디스플레이와 각종 포트가 정상 작동하는 중고 제품이에요. 산업용 자동화 장비로 사용하시기 좋습니다.

다량 있습니다, 구매 가능!!",100000,2026.05.23,11,0,1
227307939,중고나라,이사 정리,다이와 에메랄다스 이카메탈 에어 OR63MLB-S,"다이와 에메랄다스 이카메탈 에어 OR63MLB-S(베이트)
작년 5월에 구매하여 1회사용(2시간정도) 한치 걸어보지도 못 하였습니다. 날씨 거리 등, 한치 낚시를 못 다닐 것 같아서 판매합니다. 
직거래도 환영입니다 지역 세종, 청주
o1O3O334112",350000,2026.05.22,525,6,9
228882147,중고나라,이사 정리,한성컴퓨터 QHD 사무용 모니터(32인치),"한성컴퓨터 TFG32Q10P QHD IPS 100Hz 사무용 모니터 80~81cm(32인치), 일반사무용입니다

2025년초에 구입한뒤,
4개월정도 모니터링 용도로 사용했습니다.
상태가 좋습니다.
필요하신분 연락주세요
010 57 22 19 61",110000,2026.05.22,126,0,1
228881936,중고나라,이사 정리,SN850X 1TB(정품 미개봉) SSD,"WD SN850X 1tb 미개봉 정품입니다.

대원 cts as 가능해요.

별다른 설명 필요없이 그냥 미개봉이라 필요하시면 구매하시면 될 것 같아요.",230000,2026.05.22,67,1,2
228495625,중고나라,이사 정리,MVE 스펙트럼 20L S급 2개 질소통 합니다,"MVE 스펙트럼 20L 질소통 합니다

MVE 스펙트럼 20L 2개 개담120만원 상태 S급
외부에 나가지 않고, 집안에만 보관
최초 질소 보충시에도 셔틀용 통으로 부어서 충전
현재 질소 들어 있어 직거래(캐니스터, 박스 다 있습니다)

구매당시 박스 있어 택배 가능하나 질소 빼야 하루 이틀 걸립니다",11111,2026.05.22,151,2,3
228495187,중고나라,이사 정리,한우 정액 KPN 1562 1654 1701 1582 1642 1661 1676 1748 1767,"한우 정액 KPN 팝니다

KPN. 수량 가격
1562 100. 2 일괄판매
1654 100. 2 일괄판매
1701 100. 2 일괄판매

1582 100. 3.5
1642 10. 10
1661 50. 2.5
1676 40. 7.5
1748 20. 5
1767 20. 9

판매 입니다. 교환도 가능합니다",11111,2026.05.22,832,7,2
228874487,중고나라,이사 정리,탁상용 수질측정기 Qvis 3000H+(분광광도계),"Qvis 3000H+는 탁상용(Benchtop) 수질 분석용 
분광광도계(Spectrophotometer)입니다. 
주로 수질 측정 및 수질 오염 물질 분석에 사용됩니다

2023년에 미성에스앤아이에서 구매한제품입니다 
한시즌만 사용하고, 지금까지 깨끗하게 보관해왔습니다.
상태가 아주 양호합니다.
올려놓은 사진과 동영상을 확인해주세요
만나서 제품 확인후 직거래하겠습니다.
010 57 22 19 61
------------------------------------------
주요 항목: 수질 오염의 핵심 지표인 COD(화학적 산소요구량), 총질소(TN), 암모니아, 페놀 등을 측정.

원리: 씨맥(C-MAC)에서 제공하는 전용 비색 시약 키트와 분광광도계를 결합하여 특정 파장대(예: 410~620 nm)에서 흡광도를 분석함",2800000,2026.05.22,59,1,0
227663522,중고나라,이사 정리,(1회착용)무신사 양복정장 구두 260,"결혼식때 1회 착용하고 깨끗이 닦은뒤 보관하고 있는 제품입니다
3개월전에 무신사 오프라인점에서 6만원주고 구매했습니다

사이즈는 260이고 박스까지 있습니다

택배거래 직거래 둘 다 가능합니다
택배거래시 당일에 바로 보내드립니다
직거래시 조치원역에서 가능합니다
언제든 연락주세요

배송비는 3000원이라 써놨으나 실제 거래할때 나온만큼만 부담해주시면 됩니다",30000,2026.05.22,32,0,0
227984762,중고나라,이사 정리,휴대폰 수리용 현미경 팝니다,"핸드폰수리용 현미경 
 
관련정보사이트 https://zrr.kr/tx4her

Luckyzoom 3.5X-90X Simul-Focuse Articulating Arm Stereo Zoom Microscope 14MP HDMI Camera 144 LED Light Trinocular Microscopio

본체
0.5x 배율렌즈
디지털카메라
스탠드형이 아닌 거치형 암스탠드

led 조명

택배 요청시 우체국택배 

네고사절 

직거래 세종시 조치원읍",350000,2026.05.22,94,0,1
203973742,중고나라,이사 정리,(희귀)건담 디오라마 프라모델팜,"📢 제목에 ""제조사/ 브랜드 명""과 ""상품명”를 넣어 작성하면, 보다 빠른 판매가 가능합니다! 
📢 게시글 작성 시 배송 방법에 “직거래”와 “내 위치” 설정할 경우, 보다 빠른 판매가 가능합니다! 
👆 오늘 작성가능한 게시글 수가 부족하다면, 상단에 ""중고나라 앱 다운받기""를 통해서 앱에서 작성해 주세요!

건담 애니를 배경으로 만든 디오라마입니다
현재는 단종되어 구하기 힘든 레어입니다
80년대 삼성교재에서 칸담 디오라마카피로 만든 오리지날 반다이 제품입니다
마지막 사진 구프와 건탱크가 들어있는 제품은 오픈만 했습니다
링크에 들어가시면 있는 제품입니다https://m.blog.naver.com/ssukgul9/223391918856",200000,2026.05.22,135,0,0
228746803,중고나라,이사 정리,삼성 4도어 냉장고 RF90J90837F / 스파클링 기능 / 이사정리,"📌 본문

삼성 4도어 냉장고 판매합니다 😊
(모델명 RF90J90837F)

대용량이라 가족용으로 정말 넉넉하게 사용했고,
현재까지 문제 없이 잘 사용 중입니다.

✔ 하단 왼쪽 냉동
✔ 하단 오른쪽 냉동 / 김치모드 선택 가능
✔ 스파클링(탄산수) 기능 있음
✔ 독립냉각 / 인버터 컴프레서 모델
✔ 수납공간 넓고 서랍 깊어서 사용 편해요

스파클링 기능은 초반에만 잠깐 사용했고
이후에는 일반 정수기를 사용해서 거의 안썼습니다.

생활 사용감은 있지만
하자 없이 상태 괜찮은 편이고
냉장/냉동 모두 정상 작동합니다 😊

📌 이사로 판매하는 제품이며
7월 13일 이사날 내려드릴 수 있습니다.

직접 가져가실 분 연락 주세요 😊
쿨거래 시 약간의 네고 가능합니다!

실사용 중이라 가져가시기 전까지 정상 작동 확인 가능합니다”
👉 “우측 상단 도어포켓 하단에 생활 크랙 있습니다 (사용에는 문제 없음)” 

*선입금거래 원해요.
* 반품/환불 불가합니다.
* 예민하신분은 피해주세요.
* 꼭 사실분만 연락주세요.
* 채팅순 아닌 선입금 순으로 거래하겠습니다",70000,2026.05.22,78,1,2
228849960,중고나라,이사 정리,(미개봉 자급제) 갤럭시 S26 울트라 512GB 화이트,,1400000,2026.05.21,165,0,2
228817628,중고나라,이사 정리,젠하이저 ie300 단품 급처,"젠하이저 ie300 판매합니다 이어폰과 케이스 단품입니다.
가품일시 환불해드리며 소리 들어보시면 정품이구나 하실겁니다 매쉬, 내부사진 첨부합니다. 기본 케이블은 단선으로 인해 다른 무산소구리 케이블로 교체되어있습니다 상태 매우 좋습니다. mmcx 보강 슬리브도 같이 드립니다. 네고나 가격 인하는 정중히 사양하겠습니다.",80000,2026.05.21,176,4,3
228818442,중고나라,이사 정리,갤럭시 s26 울트라 스카이블루,"갤럭시 s26 울트라 1TB 스카이블루 자급제입니다.

3월 7일 최초통화일이고 삼성케어플러스 after60 가입가능합니다. 
지니비 얼티밋 AR 강화유리 붙어있습니다.
일반 강화유리 3개 남아있는거랑 
맥세이프 클리어 케이스 포함입니다. 

직거래는 세종 조치원 또는 소담동에서 가능합니다.
택배는 우체국택배로 보내드립니다.",1650000,2026.05.21,36,0,1
228574009,중고나라,이사 정리,소니 rx100m7g 브이로그킷,"소니 26년 3월 생산분 미개봉 rx100m7g 입니다.

직거래는 세종 조치원이나 세종 소담동에서 원하며,
택배거래시 우체국택배로 보내드립니다.",1640000,2026.05.21,92,0,3
228844635,중고나라,이사 정리,이사정리) 포켓몬 빅팝 봉제인형 루카리오,"기본적으로 편의점 택배로 접수해드리고 제쪽에서도 최대한 성심껏 포장해드리겠습니다. 

오락실, 뽑기샵 인형이라 이염, 얼룩이 있을 수도 있고 제가 발견하지 못한 부분도 있을 수 있다는 점 당부드립니다. 

결제 전에 배송방식을 상의하고 가격을 수정하니 구매 전 채팅으로 먼저 연락해주시길 바랍니다.

중고거래 특성상 환불이 어렵다는 점 참고바랍니다",8000,2026.05.21,22,0,0
228842783,중고나라,이사 정리,티티카카 플라이트 P8D 접이식 자전거,"22년식 티티카카 플라이트 8단 디스크 모델 플라이트 접이식 자전거

사용흔적 조금 있으나 

새거 대비 중상급 컨디션 유지

부서지고 망가진곳 없고, 주행하는데 아무 문제 없음.

실내에서 보관했어요!

접이식이어서 차량 트렁크에도 잘 들어 갑니다.

대전 동구쪽에서 거래 가능합니다.

상세설명은 링크 참고하세요.
https://naver.me/Gt94F8YI",198000,2026.05.21,381,6,3
228841903,중고나라,이사 정리,"(개인)현대 아반떼 2007년 VVT S16 프리미어 (95,887km)","안녕하세요.

개인직거래입니다. 현대 아반테 HD 2007년형 VVT S16 개인판매합니다. 중고차구입후 차가 너무 좋아서 타이어4개, 엔진오일, 브레이크오일, 미션오일, 필터, 배터리등 정비소에 점검후 모든것을 전부 새롭게 교체한후 운행하였습니다. 총 주행거리는 95,887km입니다(판매시점에 변동가능성 있음). 

운행에 전혀 문제없는 매우 좋은 상태입니다. 변속기는 자동이며 가솔린차입니다. 중고차로 구입후 아무런 문제없이 안전하게 잘 타고 다니고 있습니다. 

중고차인데 새차같은 분위기가 좋아서 중고차대리점에서 보자마자 바로 구매해버린 차입니다. 지방에서 -> 버스, 지하철가능한 타지역으로 옮겨야하는 관계로 차량을 판매하고자합니다. 보기만큼 상당히 깨끗하고 성능좋은 좋은차입니다.

전화는 못받으니 문자 먼저 남겨주세요. 

010. 8029. 7150",4200000,2026.05.21,65,0,1
228841673,중고나라,이사 정리,"(개인)현대 아반떼 2007년 VVT S16 프리미어 (95,887km)","안녕하세요.

개인직거래입니다. 현대 아반테 HD 2007년형 VVT S16 개인판매합니다. 1년 6개월전에 중고차구입후 차가 너무 좋아서 타이어4개, 엔진오일, 브레이크오일, 미션오일, 필터, 배터리등 정비소에 점검후 모든것을 전부 새롭게 교체한후 운행하였습니다. 총 주행거리는 95,887km입니다(판매시점에 변동가능성 있음). 

운행에 전혀 문제없는 매우 좋은 상태입니다. 변속기는 자동이며 가솔린차입니다. 중고차로 구입후 아무런 문제없이 안전하게 잘 타고 다니고 있습니다. 

중고차인데 새차같은 분위기가 좋아서 중고차대리점에서 보자마자 바로 구매해버린 차입니다. 지방에서 -> 버스, 지하철가능한 타지역으로 옮겨야하는 관계로 차량을 판매하고자합니다. 보기만큼 상당히 깨끗하고 성능좋은 좋은차입니다.

전화는 못받으니 문자 먼저 남겨주세요. 

010. 8029. 7150",4200000,2026.05.21,32,0,0
228840689,중고나라,이사 정리,akg n5005 (일명 오공이),,320000,2026.05.21,95,0,0
228840307,중고나라,이사 정리,"(이사 정리) 각종 가전, 가구 처분합니다","1. 이케아 3인용 소파
2. 퀀사이즈 침대 프레임 (서랍 2개 있음)
3. 화장대
4-5. 6인용 원목 식탁 + 벤치 2개 (기스 있음)
6. 전지 사이즈 수납함
7. LG 트롬 세탁기 8.5kg
8. SK 식기세척기 소형
9. 진열장 80x43x83cm 2개
10. 3단 서랍장 45x43x83cm

이외에 소형가전 다수 (돌체구스토 커피머신, Epson 스캐너, 로봇청소기, 가습기, 족욕기, 난로 등) 처분합니다.

일괄 선호하고, 5개 이상 원하시는 분만 연락 부탁드립니다.
가격 제안해주세요.

5월 27일 쯤 픽업 가능하시면 좋겠습니다.",100,2026.05.21,60,0,1
228622295,중고나라,이사 정리,보드게임 모음 - 버펄로체스+코드마인+딜레마,"저도 중고로 산거라 사용감 있습니다.
미니멀한 게임 3개 세트입니다.
알렉스 란돌프 작가의 게임들을 리테마한 것들이라고 알고있습니다.

모음 사진속 다른 게임들도 판매중입니다.

평일 저녁8시 이후 또는 주말 산내초등학교 앞이나
평일 12시~1시 사이 반석역 근처에서 직거래 가능합니다.",8000,2026.05.21,49,0,1
228622168,중고나라,이사 정리,보드게임 모음 - 화이트홀 미스터리,"개봉노플입니다.
모음 사진속 다른 게임들도 판매중입니다.

평일 저녁8시 이후 또는 주말 산내초등학교 앞이나
평일 12시~1시 사이 반석역 근처에서 직거래 가능합니다.",15000,2026.05.21,37,0,0
228622141,중고나라,이사 정리,보드게임 모음 - 파라오코드,"1회플입니다.
모음 사진속 다른 게임들도 판매중입니다.

평일 저녁8시 이후 또는 주말 산내초등학교 앞이나
평일 12시~1시 사이 반석역 근처에서 직거래 가능합니다.",8000,2026.05.21,29,1,1
228586464,중고나라,이사 정리,보드게임 히트:질주의열기+폭우를뚫고(확장),"본판은 노슬리브 1회플
확장은 밀봉이고 모두 한글판입니다.
본판+확장 합쳐서만 판매합니다.

평일 저녁8시 이후 또는 주말 산내초등학교 앞이나
평일 12시~1시 사이 반석역 근처에서 직거래 가능합니다.",120000,2026.05.21,108,5,3
228586775,중고나라,이사 정리,보드게임 서부탐험대,"1-2회플

추가 지도 에드온 포함 구성물 다 있고 슬리브 씌워져있습니다.
추가 지도는 기본 지도와 함께 수납되어있습니다.

처음 받았을 때부터 듀얼레이어 지도판이 벌어지는 현상이 있어 목공풀로 단단히 붙여둔 상태입니다.

세번째 사진속 지도들은 우측 상단 번호로 구성물 확인만 하시고 내용은 보지마세요. 탐험하는 게임이라 지도를 미리보면 안 됩니다.

게임상자에 들어있는 하얀색 종이는 지도를 판에 끼울때 쓰는 가림막입니다. 버리시면 안 됩니다.

확장을 플레이할 때 코어게임 구성물 일부와 섞어쓰도록 되어있습니다. 많이들 헷갈려하시니 꼭 확인하세요

박스 뒷편에는 구성물 수량이 적혀있는데, 스트레치골 달성으로 구성물 수량이 달라져 재인쇄된 종이가 풀로 접착되어있습니다. 박스 크기에 딱 맞춰져있어 종이를 구기지 않는 한 박스에 수납이 불가하여 부득이하게 붙여두었습니다. 일부러 약하게 붙여두었으므로 걸리적거리시면 제거도 가능합니다.

평일 저녁8시 이후 또는 주말 산내초등학교 앞이나
평일 12시~1시 사이 반석역 근처에서 직거래 가능합니다.",170000,2026.05.21,31,2,1
228586652,중고나라,이사 정리,보드게임 오스티아 밀봉,"디럭스 메탈구성물은 보드가 찍힌다고 해서 안 샀기 때문에 없습니다.
오스티아 본판, 해적확장, 상인확장, 후원자확장,
그리고 펀딩 스트레치골인 듀얼레이어와 새로운 서포터즈(후견인) 확장입니다.

소장용으로 하나 더 샀다가 펀딩가 그대로 팔게되었습니다.

게임정보는 텀블벅에서 오스티아를 검색해보세요

평일 저녁8시 이후 또는 주말 산내초등학교 앞이나
평일 12시~1시 사이 반석역 근처에서 직거래 가능합니다.",159000,2026.05.21,99,4,3
228834218,중고나라,이사 정리,5800x3d + 애즈락 X570 타이치 + DDR4 32GB,"메인보드 풀박스 입니다.
램은 삼성 8기가 4개 입니다.
방열판 씌워져 있고 박스 다 있습니다.
작동 잘 되고 실사중입니다. 구매 하시면 탈착해서 보내드려요.
파손우려 때문에 대전 직거래 우대합니다.
택배 시 파손면책 동의 하에 진행합니다.

네고 교환 안받습니다.",750000,2026.05.21,164,2,0
228735047,중고나라,이사 정리,"닌텐도 스위치 OLED + 프로콘 몬헌 에디션 + 모동숲, 젤다 야숨",,320000,2026.05.21,86,1,2
228825110,중고나라,이사 정리,빌트록스 50mm air FE,"빌트록스 50mm f2 소니마운트입니다. 
거의 대부분 2470gm2 렌즈만 마운트하다보니 
잘사용하지 않아 판매합니다. 

카메라 제습함 밖으로 나간적이 별로 없어 상태 좋고
최근 펌웨어 적용되어있는 상태입니다. 

풀박스 구성에 겐코에어 필터 포함됩니다

세종 조치원 또는 소담동에서 직거래원하며
택배거래시 우체국택배로 보내드립니다.",160000,2026.05.21,43,0,2
228824830,중고나라,이사 정리,조던 B LOYAL 285mm,"조던 B’LOYAL 제품 새상품이고
285mm사이즈입니다
조치원역 직거래가능,
택배거래도 가능합니다

*편의점 택배도 가능*
*택배비5천원이라 적어놓았지만 접수하여 나오는 실금액 *
*착불도가능*",150000,2026.05.21,18,1,2
228821585,중고나라,이사 정리,asrock b650m x3d,asrock b650m x3d 메인보드입니다. 박스에 포장되어 있고 상태가 양호합니다. cpu 칩셋 고장으로 as완료한 제품입니다. 25년도 9월 16만원에 사서 업그레이드 때문에 팝니다. 고성능 게이밍이나 작업용 PC 제작에 적합한 제품입니다. 택배비 포함 11만원입니다.,110000,2026.05.21,242,4,4
228611318,중고나라,이사 정리,활어 산소통,"오늘 검사받은 제품임니다ᆢ

활어차에서 사용하였으나 현재는 필요가없네요ᆢ

신품가격은 2백만원초반이라 알고있습니다",1500000,2026.05.21,135,0,1
228813124,중고나라,이사 정리,서피스북3 15인치 팔아요,"마이크로소프트 서피스북 3 15인치 모델이에요
인텔 코어 i7-1065G7 CPU
NVIDIA GeForce GTX 1660 Ti 
SSD 256GB, RAM 16GB 
사진에 보이는 구성품(노트북, 충전기, 마우스, 파우치) 모두 포함해서 드려요
필름입혀놔서 상태좋아요",590000,2026.05.20,148,2,3
228812529,중고나라,이사 정리,맥북 12인치 A1534 부품용 2개 팔아요,"부품용 A1534 맥북 12인치 2개 팔아요
외관은 멀쩡한데 안켜져요ㅠㅠ
2개 20만에 팔아요",150000,2026.05.20,186,3,6
228810704,중고나라,이사 정리,스램 x0 eagle 크랭크 165mm,,200000,2026.05.20,94,2,2
228803837,중고나라,이사 정리,xm2 8k v2 + 미도리 케이블 + 여분 피트,"26년 5월 4일에 구매했고 1일 사용했습니다. 
영수증 보유중입니다. 
케이블은 미도리 케이블로 바꿨고 피트는 실버폭스로 바꾼 상태입니다. (순정 케이블, 미도리 구매하면서 받았던 것들도 같이 드리겠습니다. )
여분으로 들어있던 순정 피트는 사용하지 않았습니다. 
실버폭스 1세트, 매직아이스 1세트도 추가로 같이 드립니다. 
사용하면서 기능에 문제 생긴 부분 없습니다. 
쿨거래시 핫라인 3new 번지대 서비스로 드리겠습니다. 
입금일 기준 다음 날까지 우체국 택배로 보내드립니다. (휴일 제외)
안전결제X 괜찮으신 분만 연락 부탁드립니다. 
환불X",59000,2026.05.20,20,0,0
228800578,중고나라,이사 정리,삼성 갤럭시 탭 S7 액정파손 부품용,액정파손된 S7 갤럭시 탭 입니다. 부품용을 쓰시든 고쳐 쓰시든 마음대로 하세요. 펜은 없습니다,90000,2026.05.20,65,0,4
227648122,중고나라,이사 정리,Doxa 서브300화이트펄 판매합니다,,1900000,2026.05.20,854,20,11
228552583,중고나라,이사 정리,세이코 빈티지 스쿠버 200,"상품】
세이코 스쿠버 200 빈티지 7N85-001A

이 모델은 1990년대 초반에 주로 생산된 쿼츠 기반의 스쿠버 다이버 워치입니다. 일반적인 남성용 다이버 워치보다 작은 미드사이즈(Mid-size)라서 여성분이 사용하셔도 적당한 사이즈 입니다. 중고시장에서도 쉽게 찾기 힘든 모델이라 소장용으로도 좋다고 생각합니다.


【상품 상세】
구동 방식: 쿼츠
기능: 3핸즈, 날자창

컬러:

* 다이얼: 블랙
* 케이스: 실버+블랙

사이즈:
가로 약 34mm

밴드:
오리지날 러버밴드
손목 둘레:
약 15cm ~ 19cm 정도

※ 약간의 오차는 양해 부탁드립니다.

【상태】
동작:
현재 정상 작동 중입니다.
눈에 띄는 오차는 없었습니다.


상태는 사진을 통해 확인 부탁드립니다.

※ 빈티지 제품 특성상 정확도에 대한 보증은 어려운 점 양해 부탁드립니다.",250000,2026.05.20,182,2,3
228786374,중고나라,이사 정리,업소용 숯대감 겸용 착화기,"숯대감 착화기 입니다.
도시가스 LPG 사용가능

사용감 적고 작동잘됩니다.(19년식)

배송은 별도문의

010 9282 2380",600000,2026.05.20,40,1,1
228786309,중고나라,이사 정리,최고급 비장탄 캠핑용 숯 (5kg),"최고급 라오스 비장탄 
숯 5kg(박스포함 6kg)

남은건 재활용도 가능.",30000,2026.05.20,38,0,1
228784714,중고나라,이사 정리,윌로펌프,"농업용 펌프입니다. 작동 상태 양호하고 농사일에 바로 사용 가능해요. 실용적인 농업용품 찾으시는 분께 추천드립니다.
판매지역. 대구광역시군위군 
전화번호 ☎️ 010삼오공팔사팔구구 

기타. 택배착불",120000,2026.05.20,79,1,0
228784625,중고나라,이사 정리,윌로 펌프,"윌로 펌프 바로 사용 가능합니다.
판매지역. 대구광역시군위군 
전화번호 ☎️ 010삼오공팔사팔구구 
기타. 택배착불",100000,2026.05.20,44,0,0
228768138,중고나라,이사 정리,코바 라이트 우핸들 6.8:1,"릴 상태 기스 찍힘 없고, 최상입니다.
작년 4월구매 했고 실사용 5번도 사용안했습니다.
민물 배스용으로 사용

택배시 5,000 추가입니다.
배송비 네고 안됩니다.",230000,2026.05.20,29,0,2
226061959,중고나라,이사 정리,마인크래프트 무드등 4색 충전식 응원봉,"마인크래프트 게임의 정품 맨홀더 모양 LED 랜턴이에요! 다양한 색상으로 변환 가능하고 USB 케이블도 포함되어 있어요. 야외 활동이나 인테리어 소품으로 정말 멋져요.

아이들이 좋아하는 마인크래프트 LED 토치 램프입니다. 4가지 색상으로 은은한 무드등으로 사용하기 좋아요. 인테리어 소품으로도 활용도 높은 제품입니다.

충전선은 있습니다 
후크가 없는 제품입니다 참고 바람니다",9500,2026.05.19,78,2,0
228773391,중고나라,이사 정리,LG BC시리즈 초소형 압축기 콤프레샤 콤프레셔,LG BC시리즈 초소형 압축기 콤프레샤 콤프레셔,50000,2026.05.19,41,0,0
228623047,중고나라,이사 정리,아티산 라이덴 MID XXL,"5월 10일에 구매해서 2일간 사용했습니다. 
감도 변화 못느꼈고 오염, 얼룩 없습니다. 
쿨거래시 도트피트 한 세트 선택하시면 서비스로 드릴게요. 
왼쪽부터 
• westlab 화이트(8장 사용)
• 제이드 에어(미사용)
• 옵시디안 에어(14장 사용)
• westlab 블루(8장 사용)
• 매직아이스 플러스(8장 사용)
• u9 air 6.5mm(일부 사용)

입금일 기준 다음 날까지 우체국 택배로 보내드립니다. (휴일 제외)
안전결제X 괜찮으신 분만 연락 부탁드립니다. 
환불X",25000,2026.05.19,99,3,1
228770918,중고나라,이사 정리,검은사막 쿠폰 (붉은사막 예구 특전),검은사막 pc 한국 쿠폰,25000,2026.05.19,37,0,1
228066302,중고나라,이사 정리,스노우보드부츠 235mm,"스노우보드부츠 235mm
가방포함.",35000,2026.05.19,48,0,0
219270834,중고나라,이사 정리,플스5 헤드셋,"플스5 헤드셋입니다.

거치대를 함께 드립니다.

세종시에서 직거래 가능
택배거래가능
010 사262 사026",45000,2026.05.19,166,2,1
228757600,중고나라,이사 정리,윌로 펌프,"작동 상태 양호하고 농업용으로 바로 사용 가능해요. 실용적인 제품 찾으시는 분께 추천드립니다.
판매지역. 대구광역시군위군 
전화번호 ☎️ 010삼오공팔사팔구구 
기타. 택배착불",100000,2026.05.19,67,0,0
220036145,중고나라,이사 정리,차박물통 워터저그,"차박물통 좋은 워터저그 입니다

한개 8리터 이고요

한개 가격 25000원으로 저렴히 내 놓습니다

탄색은 팔렸고 올리브색상(노르스름한색상)이 남았습니다

5번도 사용하지 않았고 2025년 6웧에 구입한 것입니다",25000,2026.05.19,95,5,3
216664950,중고나라,이사 정리,축산정화방류시설,"일 20톤-30톤 방류할수있는 시설입니다
010 9357 5716 문자주세요
저렴하게 드려요",8000,2026.05.19,17,0,1
228697266,중고나라,이사 정리,에센코어 klevv ddr5 5600 16gb 램 메모리팝니다,"* 2반 사진 뒷면에 자국있는데 양면테이프붙어있던 자국입니다 방열판을 씌워뒀던거라 그렇습니다 본드는 다 닦아냈는데 이상하게 자국이 안사라지네요

*데스크탑용 메모리입니다

sk하이닉스 자회사 에센코어에서 판매하는 흑금치 제품입니다

사진에 국내 정품 스티커 확인하실 수 있고 정품 박스까지 보내드립니다

실사용하면서 아무 문제없었고
5번 사진보시면 멤테스트86으로 불량 테스트까지 이상없었습니다(26년 5월 17일 테스트)

번개장터 당근마켓에서도 같은 닉네임으로 판매 중입니다
번개장터에 후기도 좀 있어서 믿으실만할거에요

직거래 가능하구요
개당 가격이구요 2개 있습니다
배송비 별도입니다
환불 불가능한 점 양해해주세요

궁금한거 있으시면 언제든지 톡주세요
감사합니다 좋은 하루 되세요",265000,2026.05.19,120,2,1
228751561,중고나라,이사 정리,초전차량용퇴비살포기,"작동 상태 양호하고 농사일에 바로 사용 가능해요. 실용적인 농기계 찾으시는 분께 추천드립니다.
판매지역. 대구광역시군위군 
전화번호 ☎️ 010삼오공팔사팔구구 
기타. 용달착불 
개조했습니다",1650000,2026.05.19,80,0,0
228750640,중고나라,이사 정리,업소용 숯대감 착화기,"업소용 최신형 23년식 숯대감 입니다.

도시가스 LPG 둘다 사용가능(신품가 185만원)

작동 잘됩니다.

배송은 협의(추가비용)

문의 010 9282 238영",900000,2026.05.19,107,1,1
228747806,중고나라,이사 정리,닌텐도 스위치 OLED 화이트 S급 풀박스,"닌텐도 스위치 OLED 화이트입니다. 

23년도 구매 후 군입대 이슈로 얼마 사용하지 않다가 판매를 결정하게 됐습니다. 

상태는 정말 미세한 사용흔 외에는 하자 전무하며, 포장 하나하나 보관하였기에 새 상품과 완전히 동일한 구성입니다. 

구매하시면 사진의 브레스 오브 더 와일드 파우치와 카트리지 케이스 같이 증정해 드립니다. 

거래는 택배거래 또는 이동 가능하실 경우 직거래 가능합니다. 

기타 다른 사진이나 인증 원하실 경우 채팅으로 문의 부탁드리겠습니다.",270000,2026.05.19,64,2,0
227740118,중고나라,이사 정리,아세아적재함,"아세아 농업용 운반차 판매합니다
최대적재량 600kg까지 가능합니다
밭일이나 농사일에 유용하게 사용하실 수 있어요
튼튼하고 실용적인 운반차를 찾으시는 분들께 추천드려요
며칠전 중고나라에서 구매후 다시 판매합니다 사용감 없고 상태 좋습니다 물건은 전동면 청람리에 있습니다",350000,2026.05.19,73,0,2
228743361,중고나라,이사 정리,버팔로 텐트,"버팔로 한겨울 제외하고 잘 썼던 텐트입니다.
실사용 10회정도 되는것같고 구매한지는 2년정도 됩니다.
하자없이 잘 사용했으나 많이 예민하신 분들은 피해주시길 바래요.
직거래 우선이지만 부피가 택배 보낼수도 있을거같긴해서 택배 원할실시에는 말씀해주세요.
착불입니다.
궁금하신사항은 채팅주세요~",100000,2026.05.18,48,0,1
228743268,중고나라,이사 정리,네이처하이크 에어텐트,"네이처하이크 에어텐트입니다.
실사용 10회 미만이고 2년정도 두계절만 썼어요.
하자있는곳 없이 잘 썼지만 그래도 중고이니 많이 예민하신분들은 피해주셨으면 합니다.
택배는 무거워서 보내기가 어려울 것 같아 직거래만 하려고 합니다.
궁금하신사항은 채팅주세요~",380000,2026.05.18,149,1,2
228742106,중고나라,이사 정리,에어박스 매트리스,"10회미만사용
200×195×10cm",150000,2026.05.18,29,0,1
227606743,중고나라,이사 정리,새상품)르메르 포춘백 미니 나파레더 블랙,"르메르 포춘백 미니
나파레더 블랙입니다
미사용새제품입니다
세타이어직구했고

자꾸 다른메신저로 소통요청하시는데
그런분들 챗 주지마세요
중고나라앱에서 거래할게요

택배거래가능하나 반품불가!",1350000,2026.05.18,187,1,11
228729165,중고나라,이사 정리,수영모<글참고>(새상품)(이사정리로판매),"다양한 브랜드의 수영모들이에요. 새 제품들로 포장도 그대로 되어있고 여러 색상과 디자인으로 구성되어 있어요. 수영 좋아하시는 분께 추천드려요!

새 제품으로 선물하기에도 좋아요
수영 연습이나 대회 준비하시는 분들께 추천드려요
다양한 디자인의 아레나 수영모 10개 세트예요
깔끔한 디자인부터 귀여운 캐릭터 디자인까지 다양하게 준비했어요
수영 연습이나 물놀이 갈 때 유용하게 사용할 수 있어요
여러 개 준비해두시면 번갈아 쓰기 좋아요
●네번째 사진 동그라미친거는 판매완료●
●3번째사진은 실리콘재질이라 장당15000원씩입니다●
●장당5천원씩이며 대량구매시 서비스나갑니다●
●사진보시다시피 세재품이고 수영관심있으신분들은 문의주세요●",5000,2026.05.18,21,1,0
228646970,중고나라,이사 정리,히트스캔 하이퍼라이트,"5월 12일에 구매했고 영수증 보유중입니다. 
실사용 기간은 1일간 테스트 정도로만 사용했습니다. 
피트는 순정피트 큰 사이즈로 붙여뒀습니다. 
사용하면서 문제 생긴 부분 없었습니다. 
쿨거래시 도트피트 한 세트 선택하시면 서비스로 드릴게요. 
왼쪽부터 
• westlab 화이트(8장 사용)
• 제이드 에어(미사용)
• 옵시디안 에어(14장 사용)
• westlab 블루(8장 사용)
• 매직아이스 플러스(8장 사용)
• u9 air 6.5mm(일부 사용)

입금일 기준 다음 날까지 우체국 택배로 보내드립니다. (휴일 제외)
안전결제X 괜찮으신 분만 연락 부탁드립니다. 
환불X",69000,2026.05.18,67,1,2
228341838,중고나라,이사 정리,timex 타이맥스 인디글로 + 여분 스트랩 2개,"타이맥스 인디글로, 여분 줄 2개 팝니다
가끔 차다가 보관만 해뒀더니 
배터리는 갈아야 합니다
눈에 띄는 흠집은 없어보입니다

대전 직거래 및 택배",30000,2026.05.18,86,1,0
228722405,중고나라,이사 정리,초전차량용퇴비살포기,"작동 상태 양호하고 농사일에 바로 사용 가능해요. 실용적인 농기계 찾으시는 분께 추천드립니다.
판매지역. 대구광역시군위군 
전화번호 ☎️ 010삼오공팔사팔구구 
기타. 용달착불",1650000,2026.05.18,36,0,0
228718224,중고나라,이사 정리,스마트폰 32GB,"아이폰 6s 32기가 스페이스그레이 입니다! 

배터리 성능 100이고, 
기스나 기능 하자 1도 없이 깨끗합니다!

투명 케이스가 포함되어 있고 
에어드랍도 당연히 됩니다

사진용으로 쓰기 좋아요!!!",150000,2026.05.18,24,0,1
220759036,중고나라,이사 정리,"[택포함] 비디오, 복사기 5만원에 2개 팝니다","여기 올린 2개 재품에 대한 상쇄글을 잘 읽어 주세요
첫째 : 비디오와 복사기는 10년전에 <조치원읍 삼성대리점> 구입하여 우리딸이 20여회만 사용하고 바로 결혼하여 여지껏 사용할줄 아는 사람이 없어 보괌만 했고 나는 뭐가뭔지 전기제품 문외한으로 택포함<5만원> 가격도 모르지만 사가세요
※ 사가시는 분은 잘보시고 잘사용하세요 <대단히 감사합니다>
공일공팔팔23일삼17 로 전화주세요",50000,2026.05.18,54,0,0
228716206,중고나라,이사 정리,스노우피크 모기피그 판매합니다,"캠핑 필수템 스노우피크 모기피그 판매합니다. 앙증맞은 돼지 디자인으로 캠핑장 분위기를 더해보세요. 불멍하면서 모기향 피우기 딱 좋습니다.

스노우피크 모기피그 레드 (대형)
새제품 구매해서 3회 사용 해봤습니다.
깨끗합니다 믿고 구매하셔도 됩니다 
10만원

스노우피크 모기피그 레드 (소형)
새제품 구매해서 1회 사용 해봤습니다.
깨끗합니다 믿고 구매하셔도 됩니다 
5만원 

일괄판매 

지역 대전 입니다 직거래 택배거래 언제든지 가능합니다 
연락주세요",150000,2026.05.18,25,0,1
228715808,중고나라,이사 정리,접이식휠체어,"판매지역 . 대구광역시군위군 
전화번호 ☎️ 010삼오공팔사팔구구 
기타. 1회사용",50000,2026.05.18,17,0,0
228691759,중고나라,이사 정리,접이식휠체어,"판매지역. 대구광역시군위군 
판매가격. 5만원 
전화번호 ☎️ 010삼오공팔사팔구구 
기타. 1회사용",50000,2026.05.18,21,0,0
227959911,중고나라,이사 정리,맥널티 반자동 커피머신,"-구성품-
• 커피머신
• 커피그라인더
• 템퍼
• 포터필터 2샷
• 넉박스
21년 12월 말에 구매했던 것들입니다. 
사용감은 있으나 기능적인 문제는 없습니다. 
입금일 기준 다음 날까지 우체국 택배로 보내드립니다. (휴일 제외)
안전결제X 괜찮으신 분만 연락 부탁드립니다. 
환불X",22000,2026.05.18,107,3,1
228344675,중고나라,이사 정리,TBTL 2세대 지슈라2 풀피트,"미사용 새상품 입니다. 
입금일 기준 다음 날까지 우체국으로 보내드립니다. (휴일 제외)
안전결제X 괜찮으신 분만 연락 부탁드립니다. 
환불X
준등기 +2000
빠른등기 +3600
우체국 택배 +4000",2900,2026.05.18,88,1,1
228447625,중고나라,이사 정리,베이프 롱슬리브 라지,"베이프 롱슬리브 라지이고요 원가 17만원입니다 3회착용했고 얼룩 거의없습니다 제가 보기엔 아예없습니다.
구매할때받았던 비닐팩도 드립니다. 네고 가능합니다!",99000,2026.05.17,34,3,3
228697145,중고나라,이사 정리,i5 4670 CPU,i5 4670 cpu단품 프로세서입니다. 사용감은 있지만 정상 작동하는 중고 제품이에요.,15000,2026.05.17,32,1,0
228697035,중고나라,이사 정리,i7 2600 CPU,i7 2600 cpu 단품 프로세서 판매합니다. 사용감은 있지만 정상 작동하는 제품이에요. 고성능 게이밍이나 작업용으로 좋습니다.,25000,2026.05.17,29,0,1
228696946,중고나라,이사 정리,i7 3770 CPU,i7 3770 프로세서 단품 판매합니다. 사용감은 있지만 정상 작동하는 제품이에요. 고성능 게이밍이나 작업용으로 좋습니다.,30000,2026.05.17,52,0,1
228511794,중고나라,이사 정리,대동경운기 쟁기,"작동에는 문제없어요. 농사일에 유용한 실용적인 장비입니다.
판매지역. 대구광역시군위군 
전화번호 ☎️ 010삼오공팔사팔구구",80000,2026.05.17,112,0,0
228676325,중고나라,이사 정리,에스웍스 타막 sl7 56,"에스웍스 타막 SL7 56사이즈 판매합니다. 
사진 보시는 바와 같이 상태 좋습니다. 

사이즈56
듀라di2
ppf 제거후 무하자 컨디션
레버 드레일러 기스 x

판매가 700",7000000,2026.05.16,617,4,8
226829649,중고나라,이사 정리,로프리 맥 실버 계산기 (미개봉) 현금생활,"미개봉이고 블랙 있어서 안 쓸거 같아 내놓아요ㅠㅠ
택배비 포함

💚채팅주세요💚",60000,2026.05.16,191,5,1
228531296,중고나라,이사 정리,다산에듀 2026 전기기사 필기 기출문제집,"- 2026년 전기기사 필기 기출문제집, 해설지 세트입니다.

- 2016년부터 2025년까지 회로이론 및 제어공학, 전기자기학, 전기기기, 전력공학, 전기설비기술기준 과목이 포함되어 있어요

- 최신 한국전기설비규정(KEC) 개정사항 반영되어 있습니다.

- USB강의(최종인 원장)까지 포함입니다.

- 책은 사용감도 없고, 필기도 안 해서 새 책이라고 보시면 됩니다.

- 택배비는 별도입니다.",90000,2026.05.16,455,3,1
228531044,중고나라,이사 정리,소방설비기사 2025 기계실기 교재,"- 소방설비기사(기계) 실기 12개년 기출문제집입니다.

- 단순 년도별 기출문제가 아닌 과목 유형별 과년도 기술문제집이라 공부하시기 더욱 편하실 겁니다.

- 책은 총 3권으로 모두 분철되어 있습니다.",25000,2026.05.16,83,2,1
228661827,중고나라,이사 정리,헌터x헌터 그리드 아일랜드 위험주사위,"✅ 제품 특징
 • 구성품: 리스크 다이스 주사위 1개 + 카드 1장
 • 사이즈: 20면체 주사위
 • 무게: 약 50g (묵직한 그립감)
 • 디자인: 블랙 바탕에 일본어 문구가 새겨져 있어 애니메이션 원작 분위기를 그대로 재현
 • 콜렉터 아이템: 헌터X헌터 팬, 보드게임 주사위 수집가에게 추천",20000,2026.05.16,24,0,0
227096384,중고나라,이사 정리,오니츠카타이거,오니츠카 타이거 흰검 새상품입니다 무신사에서 196000원에 구매 후 사이즈 미스로 판매합니다 한쪽만 열어보고 반대쪽은 열어보지도 않았어요ㅜㅜ 사이즈 285입니다 쿨거 하시면 조금에 네고 가능합니다 많이 연락주세요,130000,2026.05.16,60,0,3
228657678,중고나라,이사 정리,[중고] 레고 910049 트란실바니아의 모험,"레고 브릭링크 910049 트란실바니아의 모험 1회 조립 중고 입니다.

서비스로 디오라마용으로 따로 구매한 드라큘라, 프랑켄슈타인 미피도 드립니다. (개당 약 2만원 상당)

1회 조립 후 장식장 보관하다가 역순분해하여 재포장 해놨습니다.
봉투 번호 5-6개 정도씩 묶어서 한 지퍼백에 담아놨습니다.
(예시 : 1-5번, 6-10번…)

박스 O 여분 O 누락 X 
아시다시피 브릭링크 제품이라 인스는 따로 없습니다.
(레고빌더 어플 통해서 확인 또는 공홈에 인스 검색 후 PDF 파일로 확인)

역순분해한거라 누락은 없지만 간혹 조그마한 부품들이 다른 번호 지퍼백에 섞여들어갔을 가능성 있습니다.

별도 문의 없으시면 안전결제 해주시면 됩니다.",480000,2026.05.16,221,3,3
227481396,중고나라,이사 정리,이사정리) 포켓몬 빅팝 봉제인형 루카리오,"기본적으로 편의점 택배로 접수해드리고 제쪽에서도 최대한 성심껏 포장해드리겠습니다. 

오락실, 뽑기샵 인형이라 이염, 얼룩이 있을 수도 있고 제가 발견하지 못한 부분도 있을 수 있다는 점 당부드립니다. 

결제 전에 배송방식을 상의하고 가격을 수정하니 구매 전 채팅으로 먼저 연락해주시길 바랍니다.

중고거래 특성상 환불이 어렵다는 점 참고바랍니다",8000,2026.05.16,34,0,0
226392682,중고나라,이사 정리,피렐리 올시즌 플러스 235/35-19 1대분 15만원,"피렐리 PZERO 올시즌 플러스 235/35-19 1대분 판 매합니다. A45 AMG에 사용했습니다

두짝 트레이드 매우좋고 두짝 트레이드 무난합니다 앞 뒤 1짝씩 사이드월데미지 있습니다 바람빠짐없었음 보관만 하다 차 정리하며 싸게 팝니다 각개생각 없습 니다!

뭐가 어떻냐 저쩌냐 귀찮은 문의 사절
빠꾸없이 15만원 지역 대전 직거래

010 8이삼3 977구",150000,2026.05.16,88,0,0
227661811,중고나라,이사 정리,(새상품)듀-오-덤 습윤밴드,"약국에서 파는 메-디-폼같은 습윤밴드입니다
포장만 살짝 뜯어본 미사용 새제품입니다
구매할때 약국에서 8000원주고 구매했습니다

사용기한 29년 4월

택배거래 직거래 둘 다 가능합니다
택배거래시 당일에 바로 보내드립니다
직거래시 조치원역에서 가능합니다

언제든 연락주세요!

배송비는 3000원이라 써놨으나 실제 거래할때 나온만큼만 부담해주시면 됩니다",3000,2026.05.16,25,0,0
228314579,중고나라,이사 정리,초전차량용퇴비살포기,"상태 양호하고 농사일에 바로 사용 가능해요. 실용적인 농기계 찾으시는 분께 추천드립니다.
판매지역. 대구광역시군위군 
전화번호 ☎️ 010삼오공팔사팔구구 
기타. 개조했습니다.
카브레더교환 
바로사용 하시면 됩니다",1800000,2026.05.16,301,2,1
227872574,중고나라,이사 정리,듀오백 Q1w airo,"상태 좋고 하자 없습니다.
저한테는 의자 최소 높이가 애매해서 판매합니다.",100000,2026.05.16,98,0,3
228639677,중고나라,이사 정리,LG 울트라기어 32인치 모니터 32GN50R 팔아요!,"LG 32GN50R 32인치 LED 모니터입니다!
게이밍 모니터로 사용하기 좋아요🍀
FHD 165Hz이고, 24년 11월에 제조된 모니터입니다!
G마켓에서 25년 1월에 구매한 제품이고, 특별히 고장나거나 픽셀이 나간 부분 일절 없고 깨끗하게 사용했습니다.
HDMI 선과 파워 선 모두 있고 드립니다!
박스랑 내부포장 그대로 있어서 해체 후 기존박스에 포장 후 드릴 수 있습니다🙂
🐶구매 당시 가격은 24만원대 였고, 16만원에 판매하고자 합니다!🐶
구매 원하시는 분은 편하게 연락주세요 :>

https://www.lge.co.kr/monitors/32gn50r
위 링크는 제품 링크입니다! 현재는 단종된 제품이라 제품 상세 설명에 대해서
참고하시기 좋을 듯 해서 같이 적어봅니당!

해체 전이라 부속품 사진은 인터넷에서 가져온 사진입니다! 참고 바랍니당!",160000,2026.05.15,25,0,0
227770489,중고나라,이사 정리,어이패드 미니 5 풀박스,"모델명: 아이패드 미니 5세대
용량: 64GB
색상: 스페이스 그레이
구성품: 본체, 정품 박스, 설명서, 충전기(케이블 포함), 케이스 2개

배터리 성능: 몇 퍼센트인지는 모르나 아침 7:30부터 저녁 4:30까지 약 9시간 연속 사용 후에도 20% 정도 남을 만큼 좋습니다.

외관 상태: 21년도에 구매후 케이스 끼우고 사용해서 찍힘이나 스크래치 없이 아주 깨끗합니다. 종이필름 부착 되어있고 화면, 뒷면, 옆면 다 기스 하나 없습니다.

기능 상태: 터치ID, 카메라, 스피커, 와이파이 등 모든 기능 이상 없이 정상 작동합니다.

세종시랑 대전 오정동이나 한남대학교 근처는 직거래 가능하시고 나머지는 택배 및 편의점 택배 구매 가능합니다. 택배비는 약 5천원이고 구매자 부담입니다",250000,2026.05.15,39,1,2
228622261,중고나라,이사 정리,보드게임 모음 - 시타델,"1-2회플입니다.
모음 사진속 다른 게임들도 판매중입니다.

평일 저녁8시 이후 또는 주말 산내초등학교 앞이나
평일 12시~1시 사이 반석역 근처에서 직거래 가능합니다.",12000,2026.05.15,6,0,0
228622218,중고나라,이사 정리,보드게임 모음 - 아브라카왓,"1-2회플입니다.
모음 사진속 다른 게임들도 판매중입니다.

평일 저녁8시 이후 또는 주말 산내초등학교 앞이나
평일 12시~1시 사이 반석역 근처에서 직거래 가능합니다.",10000,2026.05.15,17,1,1
226902890,중고나라,이사 정리,조던 1 레트로 하이 OG 하이퍼 로얄 [270],나코에서 구매한 상품이고 박풀 새상품입다 직거래 택배 다가능합니다,350000,2026.05.15,49,0,0
226902714,중고나라,이사 정리,조던 5 x 오프화이트 레트로 SP 블랙 모슬린 [270],"나코에서 당첨되서 받은 모슬린입니다 박풀 새상품 이구요 인보이스 있습니다 
직거래 택배 다 됩니다",770000,2026.05.15,77,1,0
228617670,중고나라,이사 정리,세이코 라디오웨이브 솔라 쿼츠,"상품】
세이코 라디오웨이브 솔라 쿼츠 7B22-0BH0

솔라(Solar) : 빛으로 에너지를 생성하는 태양광 충전 방식입니다. 배터리 교체 주기가 매우 깁니다.

전파 수신(Radio Wave Control): 전세계 표준시 전파를 수신하여 시간을 자동으로 보정합니다.

퍼페추얼 캘린더(Perpetual Calendar): 윤년과 날짜를 시계가 스스로 인지하여, 2100년까지 날짜를 수동으로 수정할 필요가 없습니다.

세이코 7B22-0BH0는 ""가장 손이 덜 가는 정확한 시계""를 찾는 분들에게 최적화된 모델입니다. 쿼츠 시계의 정점 중 하나인 전파 수신과 솔라 기능을 갖추고 있어, 데일리 오피스 워치로 매우 훌륭한 선택지입니다.

【상품 상세】
구동 방식: 솔라 쿼츠
기능: 3핸즈, 날자창

컬러:

* 다이얼: 화이트
* 케이스: 실버+화이트

사이즈:
가로 약 38mm

밴드:
검정 가죽밴드
손목 둘레:
약 15cm ~ 19cm 정도

※ 약간의 오차는 양해 부탁드립니다.

【상태】
동작:
현재 정상 작동 중입니다.
눈에 띄는 오차는 없었습니다.


상태는 사진을 통해 확인 부탁드립니다.
.",300000,2026.05.15,38,0,0
228614842,중고나라,이사 정리,내셔널.데상트 남아 140-150 반팔 반바지 24장 일괄,"ㅡ티셔츠ㅡ
데상트 2장
캉골 2장
닥스 1장
내셔널지오그래픽 3장
블랙야크 2장
나이키 1장
지프 1장 
ㅡ반바지ㅡ
데상트 3장
내셔널 2장
블랙야크 2장
뉴발 2장 (밝은베이지 , 청녹)
ㅡ바람막이ㅡ
나이키 145
덤으로 네파 상하복 150 택제거안한 새옷
같이 보내드려요. 
찢어지거나 오염없습니다
혼자 한철 깔끔하게 입어서
상태 좋습니다
140-155
대부분 150 위주입니다",190000,2026.05.15,33,1,0
228614680,중고나라,이사 정리,데상트.캉골.내셔널.닥스.나이키.블랙야크 140-150 반팔티,"ㅡ티셔츠ㅡ
데상트 2장
캉골 2장
닥스 1장
내셔널지오그래픽 3장
블랙야크 2장
나이키 1장
지프 1장 
ㅡ반바지ㅡ
데상트 3장
내셔널 2장
블랙야크 2장
뉴발 2장 (밝은베이지 , 청녹)
ㅡ바람막이ㅡ
나이키 145
덤으로 네파 상하복 150 택제거안한 새옷
같이 보내드려요. 
찢어지거나 오염없습니다
혼자 한철 깔끔하게 입어서
상태 좋습니다
140-155
대부분 150 위주입니다

다른 게시글에 나머지 옷 사진 있어요",190000,2026.05.15,17,0,0
228592326,중고나라,이사 정리,플스5 디스크드라이브 새상품,"플레이스테이션 5용 디스크 드라이브입니다

슬림, 프로모델과 호환되며

기본 모델은 불가능합니다 

택배박스도 뜯지않은 새상품이라

빠른거래 원합니다

감사합니다",110000,2026.05.14,37,0,1
228588551,중고나라,이사 정리,나이키 에어 줌 알파플라이 넥스트3% 프로토 화이트 오렌지,"나이키 에어 줌 알파플라이 넥스트3% 프로토 화이트 오렌지 정품 판매합니다 사이즈 270 입니다.
가품'' 일시 당연히 환불 해드립니다 
사진과 동일하게 상태는 매우 좋습니다 
신발이 많아서 3번 백화점이나 모임 나갈때 신고 그외는 신지 않고 명품신발 세탁소에서 명품크리닝 세탁하고 판매합니다 
가져가셔서 신발끈만 이쁘게 리본메서 신으시면 되겠습니다.
밑창도 슈구 발라 놓아서 새거나 다름 없습니다.
믿고 구매하셔도 됩니다.",320000,2026.05.14,15,0,2
228587983,중고나라,이사 정리,"이사 정리 합니다. 새 제품 포토 메리온 머그컵 4개 세트 택포함 29,000원 입니다.","새 제품 상품 확인후 실사 사진만 찍고 바로 판매 합니다.
포토메리온 머그컵 4개 세트 입니다. 이빠진 곳 없고요. 무늬와 색상이 이뻐요. 

24시간 아무때나 쳇 주세요. 쳇 이여서 답변이 늦더라도 조금만 기다려주세요. 쿨 거래 합니다.^^

주소지 전송시 대화창 옆에 +버튼 누르면 주소 전송 버튼 나와요. 그거 누르면 됩니다. 그냥 보내면 보이지 않게 나와요. 참고 바랍니다.",29000,2026.05.14,12,0,0
228559730,중고나라,이사 정리,DDR4 4GB 2개 8g,"DDR4 4GB 메모리입니다. 정상 작동하는 중고 제품으로 상태 양호
삼성 ddr4 4g 2133p 2개 8g",30000,2026.05.13,35,0,1
227964050,중고나라,이사 정리,캐논 파워샷 A2400 is,"캐논 파워샷 A2400is 모델
사용감 있습니다.
구성은
SD카드×1
정품 배터리×1
호환배터리×1
호환충전기×1
입니다.
대전은 직거래, 그외 택배거래 반품불가 입니다.",200000,2026.05.13,120,1,3
228552842,중고나라,이사 정리,미개봉 새상품 아이패드 에어 11 M4 WiFi 128G 스페이스그레이,"애플 아이패드 에어 11인치 M4 모델 미개봉 새상품 판매합니다.

모델명: 아이패드 에어 (M4)
용량: 128GB
연결: WiFi
색상: 스페이스 그레이
상태: 미개봉 새제품 (박스 뜯지도 않은 상태)
판매 가격은 82만원입니다.
현재 네이버 최저가기준으로 88만원입니다.

할부가 안되니 이점 고려해서 할부원가 + 급쳐 합니다.
현재 수량 2개 있으며, 개당 가격입니다. (일괄 구매도 가능해요 개당 80)

네고 문의는 정중히 사양하며, 쿨거래 하실 분 연락 부탁드립니다.
택배거래도 가능합니다. 

곧 새학기 및 대학생분들 많이 쓰실텐데 이참에 한번 마련하세요! 
에어라서 훨신가볍고 들고다니기 편합니다.

택배거래도 가능합니다.
불안하실수도있으니 포장부터 박스까지 동영상으로 보내드려요. 대신 수령하시는분 핸드폰번호가 필요합니다.
직거래는 대전 유성구 관평동, 세종 조치원 북부경찰서 입니다.

애플 정식제품이고 가품 절대 아닙니다.. 가품이면 환불해드려요.
박스뒤에 시리얼넘버로 조회해보세요.

2차 피해 및 사칭피해 우려가 있어서, 시리얼넘버만 물어보시는 경우, 안됩니다.
직거래 시 시리얼넘버 현장에서 확인 및 인증 가능합니다.
택배거래시에도 요구하시는 인증요건 도와드립니다. 사진 동영상 및 애플사이트 인증사진 등등

꼭 사실분만 연락주세요. 안심결제, 택배거래 다됩니다.
병원비로 나갈 급전이 필요해서 네고는 정중히 사양하겠습니다...",820000,2026.05.13,491,0,1
228451738,중고나라,이사 정리,엔드게임기어 op1 8k v2 + 미도리 케이블 + 여분 피트들,"26년 5월 8일에 구매했고 실사용 기간 1일 입니다. 
영수증 보유중입니다. 
케이블 미도리로 변경했습니다. (순정 케이블 포함)
스위치 핫스왑 기판 + 카이룽 퍼플 0.45n으로 변경했습니다. (순정 기판 + 스위치 포함)
피트 tbtl 2세대 피트로 변경했고 순정 피트는 따로 보관중입니다. 
기본 구성품은 건들지도 않았습니다. 
추가로 tbtl 2세대 3세트, 실버폭스 1세트, 매직아이스 1세트도 같이 드리고 전부 미사용 새상품 입니다. 
사용하면서 기능에 문제생긴 부분 없었습니다. 

입금일 기준 다음 날까지 우체국 택배로 보내드립니다. (휴일 제외)
안전결제X 괜찮으신 분만 연락 부탁드립니다. 
환불X",114000,2026.05.13,85,0,0
228543788,중고나라,이사 정리,이사정리) 포켓몬 파이리 봉제인형,"개당 5천원입니다.

기본적으로 편의점 택배로 접수해드리고 제쪽에서도 최대한 성심껏 포장해드리겠습니다. 

오락실, 뽑기샵 인형이라 이염, 얼룩이 있을 수도 있고 제가 발견하지 못한 부분도 있을 수 있다는 점 당부드립니다. 

결제 전에 배송방식을 상의하고 가격을 수정하니 구매 전 채팅으로 먼저 연락해주시길 바랍니다.

중고거래 특성상 환불이 어렵다는 점 참고바랍니다.",22500,2026.05.13,4,0,0
228539730,중고나라,이사 정리,삼성 DDR4 4GB 2개 8g 세트,"DDR4 4GB 메모리입니다. 정상 작동하는 중고 제품으로 상태 양호
삼성 ddr4 4g 2400t 2개 8g 1세트 3만

삼성 ddr4 4g 2133p 2개 8g 1세트 3만

낱개 개당 1.5만",30000,2026.05.13,46,0,1
228322332,중고나라,이사 정리,[자석축 스위치] 게이트론 제이드 프로,"61개는 2주 정도 사용했고 9개는 10분 정도 사용했습니다. 
입금일 기준 다음 날까지 우체국 택배로 보내드립니다. (휴일 제외)
안전결제X 괜찮으신 분만 연락 부탁드립니다. 
환불X",24000,2026.05.12,85,1,1
228533113,중고나라,이사 정리,RG 유니콘 퍼펙티빌리티 반다이/건담/건프라/미개봉,"박스에 이상 없음 / 모두 검수 완료

거래 후 단순 변심으로 인한 환불은 일절 받지 않습니다

타 제품과 교환 및 네고X",72000,2026.05.12,20,0,1
228531235,중고나라,이사 정리,다산에듀 2026 전기기사 필기 1~5권,"- 2026년 전기기사 필기 1권, 2권, 3권, 4권, 5권 세트입니다.

- 회로이론 및 제어공학, 전기자기학, 전기기기, 전력공학, 전기설비기술기준 과목이 포함되어 있어요

- 최신 한국전기설비규정(KEC) 개정사항 반영되어 있습니다.

- USB강의(이재현 강사)까지 포함입니다.

- 책은 사용감도 없고, 필기도 안 해서 새 책이라고 보시면 됩니다.

- 택배비는 별도입니다.",160000,2026.05.12,40,0,1
228531136,중고나라,이사 정리,다산에듀 2026 전기기사 실기 기출문제집 세트,"- 2026년 전기기사 실기 기출문제집 1권, 2권 세트입니다.

- 최신 한국전기설비규정(KEC) 개정사항 반영되었고, 최근 25개년 기출 수록되어 있어요.

- 1권은 2001년~2010년, 2권은 2011년~2025년 기출까지 담겨 있답니다.

-USB강의(이재현 강사)까지 포함입니다.

- 책은 1권, 2권 모두 스프링 분철이고, 사용감도 없고, 필기도 안 해서 새 책이라고 보시면 됩니다.

-택배비는 별도입니다.",120000,2026.05.12,101,2,1
228529200,중고나라,이사 정리,i5 CPU 7600,i5 7600 프로세서 판매합니다. 사용감은 있지만 정상 작동하는 제품이에요. 게이밍이나 작업용으로 좋은 성능의 CPU입니다.,30000,2026.05.12,68,3,0
226709307,중고나라,이사 정리,"안전화 4인치(지벤,밀레)265, 250사이즈 팝니다.","안전화 4인치 새상품이에요. 박스 포장 그대로 미사용 상태로 깨끗합니다. 작업용 안전화로 튼튼하고 실용적이에요.
밀레 265 개당 3만원 지벤 250 3만원에 드립니다.
일괄구매시 10만원에 드립니다.",100000,2026.05.12,74,0,4
228528447,중고나라,이사 정리,DDR3 8GB 메모리,,15000,2026.05.12,101,1,2
228528108,중고나라,이사 정리,DDR4 8GB 메모리 2개 세트,DDR4 8GB 메모리 2개입니다. 사용감은 있지만 정상 작동하는 상태예요. 컴퓨터 업그레이드나 교체용으로 좋을 것 같아요.,60000,2026.05.12,49,1,1
227634867,중고나라,이사 정리,가마솥,"가마솥
판매지역. 대구광역시군위군 
전화번호 ☎️ 삼오공팔사팔구구",200000,2026.05.12,84,0,1
227654199,중고나라,이사 정리,아크네 나일론 백팩,"머스트잇에서 구입한 나일론 백팩입니다.
국내에서는 이제 구하기 힘든 백팩이고 디자인도 유니크하게 이뻐서 코트 자주 입는 분께 추천드립니다

상태좋고 직거래 택배거래 둘 다 가능합니다.
안전거래는 이상한 사람이 많아 사절합니다.
못믿겠다싶으시면 직거래 추천드려요",340000,2026.05.12,78,0,0
228521182,중고나라,이사 정리,베이프 롱슬리브 라지,"브랜드 콜라보 빈티지 롱슬리브입니다. 화이트 컬러에 앞면 로고가 깔끔하게 프린팅되어 있고, 얼룩 아예없습니다.
구매할때 받았던 옷담는 비닐팩도 드립니다.네고가능합니다!",115000,2026.05.12,16,0,0
228512376,중고나라,이사 정리,[삽니다]벤큐 XL2546K 모니터 삽니다,"벤큐XL2546K 삽니다
모니터,케이블만 있어도 됩니다
세종 제외 택배거래로 구매합니다
상태 사진+ 가격 채팅 부탁드립니다",300000,2026.05.12,97,0,2
228509232,중고나라,이사 정리,메타 퀘스트3S VR 헤드셋 128GB,"메타 퀘스트 3S 128GB 모델입니다. 구성품 다있는 풀박스입니다 추가로 실리콘그립케이스, 안경스페이서,보관케이스,안면폼1개 ,안면폼커버1개,호환헤일로스트랩입니다 제품은 깨끗합니다 대전 남대전ic인근에서 직거래가능하고 그외 택배거래가능합니다 거래내역많으니 안심하시고 연락주세요",330000,2026.05.12,44,1,2
228502708,중고나라,이사 정리,이엠텍 gtx 1060 6g 그래픽카드,,80000,2026.05.12,150,1,2
228502339,중고나라,이사 정리,팀쏘가리 이찬복 시그니춰 플랜.B 쏘가리 낚시대,,160000,2026.05.12,222,2,1
228431209,중고나라,이사 정리,레고 닌자고 기모노 전종 + 골드닌자,,170000,2026.05.12,169,4,3
228491135,중고나라,이사 정리,이엠텍 gtx 1060 3g,,60000,2026.05.11,76,0,1
228484156,중고나라,이사 정리,VARZAR볼캡 모자,"ㆍ국내생산 입니다
ㆍ바잘 정품입니다
ㆍ사이즈 FREE입니다
ㆍ색상은 네이비 입니다
ㆍ반값택배(CU GS25)도 가능합니다",14500,2026.05.11,3,0,0
217873089,중고나라,이사 정리,젯슨나노 개발자 키트(B01) 정품 새상품 판매합니다!,"젯슨나노 개발자키트 4gb 새상품 2개 입니다.
개당 32만원에 구매하였습니다
편의점 반값 택배포함 개당 29만원에 판매합니다!
2개 일괄구매 하시면 10000원 네고 가능합니다. 
연락주세요:)",290000,2026.05.11,4344,1,2
228176287,중고나라,이사 정리,케어젠 프로지스테롤,"혈당관리식품입니다
혈당관리에 탁월하고 체중감량효과도 아주좋습니다
30포 한달치 6만원
4달치 있습니다
박스는 버렸고 10포단위비닐포장",60000,2026.05.11,33,0,1
228468517,중고나라,이사 정리,전기기사 실기 교재,,120000,2026.05.11,19,0,1
228466977,중고나라,이사 정리,바실리스크 v3 pro 미개봉 판매합니다,"레이저 바실리스크 v3 pro 미개봉 제품 판매합니다 웨이코스 제품입니다

직거래 대전 동구대성동 삼익세라믹 ~ 가오동 홈플러스 사이에서 가능하며

택배는 우체국으로 보내고 송장 보내드립니다

중고나라 카페 거래내역 많습니다 검색해보시고 연락주세요",130000,2026.05.11,36,2,1
228466950,중고나라,이사 정리,레이저 데스에더 v4 pro 미개봉 새제품 판매합니다,"레이저 데스에더 v4 pro 미개봉 새제품 판매합니다

웨이코스 제품이고 레이저 기간투스 라지 마우스패드 같이드려요

직거래 대전 동구대성동 삼익세라믹 ~ 가오동 홈플러스 사이에서 가능하며

택배는 우체국으로 보내고 송장 보내드립니다

중고나라 카페 거래내역 많습니다 검색해보시고 연락주세요",190000,2026.05.11,52,0,0
228466892,중고나라,이사 정리,스팀 컨트롤러 미개봉 새제품,"스팀 컨트롤러 미개봉 새제품 판매합니다

직거래 대전 동구 대성동 삼익세라믹 ~ 가오동 홈플러스 사이에서 가능하며

택배는 우체국으로 보내고 송장 보내드립니다

중고나라 카페 거래내역 많습니다 검색해보시고 연락주세요",260000,2026.05.11,79,0,1
228466876,중고나라,이사 정리,갤럭시 s26 울트라 256 자급제 미개봉 새제품 블랙 판매완료,"S26 울트라 자급제 미개봉 새제품 판매합니다 


화이트 , 블랙 1개씩 있습니다

직거래 대전 동구 대성동 삼익세라믹 ~ 가오동 홈플러스 사이에서 가능합니다
택배거래는 우체국으로 보내고 송장 보내드려요

중고나라카페 거래내역 많습니다 검색해보시고 연락주세요

블랙 당근판매완료",1350000,2026.05.11,35,1,0
228461822,중고나라,이사 정리,토스 시계토끼 만능문장모음 팝니다,"토스 시계토끼 만능문장모음 팝니다
책은 펼쳐서 보기만했고 필기xx

cu반값택배로 택배비포함 14000원에 팝니다",14000,2026.05.10,39,1,1
228461740,중고나라,이사 정리,토스 실전모의고사 25회 팝니다,"토스 시계토끼 실전모의고사 25회 팝니다
만능문장포켓북 뜯지도않았습니다
책은 펼쳐서 보기만했고 필기xxx
cu반값택배로 택포 17000원에 판매합니다!",17000,2026.05.10,11,0,1
228461645,중고나라,이사 정리,토스 시계토끼 올인원 기본서 팝니다,"토스 시계토끼 올인원 기본서 팝니다
포켓북 뜯지도읺았고
책은 펼쳐서 조금 보기만했습니다
필기도 xx

cu반값택배로 택포 15000원에 판매합니다!",15000,2026.05.10,41,1,1
223673899,중고나라,이사 정리,온도/습도 센스,"온도/습도 센서입니다. I2C 인터페이스로 쉽게 연결 가능하고, -40~80C 온도와 0~100% 습도를 측정할 수 있어요. IoT 프로젝트나 자동차 제어용으로 활용하기 좋습니다.

안전거래 가능 [추가 5000원]
선입금 택배거래
수량 4개 이상 협의
총8개 구매시 협의",30000,2026.05.10,40,0,0
228456505,중고나라,이사 정리,리안리 스트리머 와이어리스 와이드 12v-2x6,"구매한지 3일되었는데
제 그래픽카드단자 입구가 깊어서 안들어가네요
연락주세요",90000,2026.05.10,221,1,1
228454774,중고나라,이사 정리,1:18 norev 노레브 벤츠 amg gtr 풀오픈 다이캐스트,"노레브 amg gtr 네이비 펄 색상 풀오픈 다이캐스트 입니다 
후드, 도어 열립니다

ㅡ새제품을 구매하여 외부 내부 오픈 한번만 해본 새 상품급입니다 (전시X)

ㅡ새 상품임에도 불구, 일부분 심하지 않은 미세한 도장 트러블 존재합니다
하지만 사진에서 보시다싶이 티가 나진 않습니다
감안하여 가격 구매가보다 저렴히 책정하였습니다

ㅡ제조사 특성상 마감 미흡한 부분 있을 수 있습니다

ㅡ추가사진 요청하시면 더 드립니다!

안전배송 꼼꼼 포장 해드립니다!!",105000,2026.05.10,55,0,0
227957698,중고나라,이사 정리,1+1대용량 스텐 텀블러 1.18L(5가지색상),"새상품
1+1 상품입니다.(색상교차가능)
손잡이 달린 대용량스텐 텀블러입니다.
재고 떨이합니다.
현금가 ⭕️
네고불가합니다❌️
택배가능(택배비 본인부담)

●1.18L 대용량 스텐텀블러
●소재 304스텐레스 + 실리콘
부식/변형없는 스텐레스 스틸소재
●무게428g
●색상 : 블랙, 화이트, 그레이, 민트, 블루(5가지)
●추가구성품 : 뚜껑 추가구매가능 개당1,000원
●기능 : 보온보냉기능, 304스텐레스, 편리한세척 3타입회전뚜껑, 편리한손잡이, 차량수납

직거래만 가능해요(대전 동구 산내동)🫡
반품 및 환불은 불가❌️
시간약속잘지켜주실분🕑⏳️",19900,2026.05.10,26,0,0
227962359,중고나라,이사 정리,례고 75184 스타워즈캘린더 새제품,"17년도 출시한 레고 스타워즈 75184. 캘린더입니다.

새제품으로 피규어 가격만 따져도 저렴한 편입니다.

택배비 포함가입니다",68000,2026.05.10,21,0,1
228424812,중고나라,이사 정리,한화이글스 30주년 어센틱 유니폼 100사이즈,"100사이즈로 상태 양호하고 야구팬이나 컬렉터분께 추천드려요!
택포입니다.",110000,2026.05.09,55,0,1
228416559,중고나라,이사 정리,모디파이드의 M2064 울 라운드넥 가디건,"모디파이드의 M2064 울 라운드넥 가디건이에요. 부드러운 울 소재로 포근하게 착용하기 좋아요. 깔끔한 네이비 색상으로 어디에나 매치하기 좋답니다. 데일리룩으로 활용하기 좋은 가디건이에요

인기상품입니다 상태 좋아요


사이즈 라지",20000,2026.05.09,14,0,0
228331039,중고나라,이사 정리,올터레인4 5점대 우핸들,"택배구매시 추가 5,000원 있어요.
안심결제 안합니다.
2회 사용 거진 새상품입니다.",170000,2026.05.09,73,0,3
225923469,중고나라,이사 정리,피나렐로 검빨로드,"풀카본 피나렐로 15년식인가 할겁니다 저도 친한 자전거에 미친후배한테 구매한거라 정확한 년식은 몰라요
구동계 스램포스구요 기스 없고 넘어짐 없습니다 거의 타지않고 자리만 차지해서 팝니다. 구매가격은 한 8백들었다는데 저도 듣기만한거라 잘몰라요~ 사이즈가 54인가 해요~ 기억이잘~
후배는178cm정도 됩니다",1800000,2026.05.09,1180,11,3
223527352,중고나라,이사 정리,핑 GLE2 여성 아이언 샤프트 A 6-S 팝니다.,"제품명 : 여성 핑 gle 2 아이언 샤프트 A 6~S

 가격 : 택포 



지역은 세종시조치원이고 택배도가능합니다.

정품이고 상태는 사진 그대로입니다.

사진 많이 있으니 자세한 사진 원하시면 문자주세요.

댓글은 안보니 문자바랍니다.",,2026.05.08,316,2,3
227632462,중고나라,이사 정리,체인소맨 11권 룩백 합본 세트 미개봉,"체인소맨 11권 + 룩백 합본 세트
미개봉 상품입니다.",19000,2026.05.08,42,0,0
227662746,중고나라,이사 정리,(미개봉)차앤박CNP 프로폴리스 스킨미스트 250ml,"차앤박CNP 프로폴리스 미스트입니다
용량은 250ml에 총 3개 있습니다(3개는 팔렸습니다)
2개는 미개봉, 새상품 1개는 저번주에 개봉후 딱 7번 사용했습니다
구매했을당시 개당 14000원에 구매했습니다

안개분사라서 좋고 미스트중에선 보습력도 오래가는편입니다
이전부터 3년가까이 꾸준히 구매해 사용했었습니다

미개봉 2개는 개당 5000원, 사용한 제품은 3000원에 판매합니다

개별구매 가능합니다
전부 구매하시는분 환영합니다

택배거래 직거래 둘 다 가능합니다
택배거래시 당일에 바로 보내드립니다
직거래시 조치원역에서 가능합니다
언제든 연락주세요!

배송비는 3000원이라 써놨으나 실제 거래할때 나온만큼만 부담해주시면 됩니다",5000,2026.05.08,47,2,2
227662957,중고나라,이사 정리,(미개봉)질레트 프로글라이드 센서티브 퓨어스포츠 면도젤 170g,"질레트 프로글라이드 170g 제품입니다
작년에 개당 7000원에 구매했습니다
품질은 질레트 브랜드니 말할필요도 없죠

총 4개이고 3개는 미개봉, 1개는 절반정도 썻습니다
미개봉은 개당 3000원, 사용제품은 1500원에 판매합니다

개별구매 가능합니다
전부 구매하시는분 환영합니다

택배거래 직거래 둘 다 가능합니다
택배거래시 당일에 바로 보내드립니다
직거래시 조치원역에서 가능합니다
언제든 연락주세요!

배송비는 3000원이라 써놨으나 실제 거래할때 나온만큼만 부담해주시면 됩니다",3000,2026.05.08,45,1,1
221102769,중고나라,이사 정리,BMW 898M+ps5+정품휠캡+tpms,"BMW 898M PS5(타이어 장착 후 8000Km 주행)
BMW 정품휠캡 + TPMS
2022년 8월 삼천리모터스에서 정품 WCW 구매 후 겨울용으로 2년 사용 후 여름용 타이어로 교체했습니다.

타이어는 약 70%이상 남았습니다.

사진에 보이듯이 외부 데미지가 없고 사용을 오래해서 타이어 휠벨런싱시 사용감 굴절은 있습니다.( 25년 11월 센터에서 휠 벨런스 조정했습니다)

차량을 판매하게되서 판매합니다

4짝 굴절이 있어 수리하실거 생각해서 평균 가격보다 저렴하게 판매합니다.

상세사진 필요하시면 연락주세요.
직거래는 청주 세종 부근입니다.",1700000,2026.05.08,883,6,12
228381258,중고나라,이사 정리,"이사 정리 합니다.새 제품 무쇠 주물 냄비 2종 택포함 39,000원 입니다.","새 제품 상품 확인후 실사 사진만 찍고 바로 판매 합니다.
이녹스 프랑 무쇠 주물 냄비 웍 21cm 사각 17cm로 2종 으로 구성 되어 있습니다.

24시간 아무때나 쳇 주세요. 쳇 이여서 답변이 늦더라도 조금만 기다려 주세요. 쿨 거래 합니다.^^

주소지 전송시 대화창 옆에 + 버튼 누르면 주소 전송 버튼 나와요. 그거 누르면 됩니다. 그냥 보내면 보이지 않게 나와요. 참고 바랍니다.",35000,2026.05.08,14,0,0
226940977,중고나라,이사 정리,라코스테 LVE 패딩 조끼,"라코스테 LVE 패딩 조끼
네이비, 그린 배색이 예쁨
깃은 양털로 되어있어요.
사이즈는 3사이즈
(대략 남성기준 타이트한 95정도)
남,여 공용(유니섹스)입니다. 
상태는 사진과 같이 아주 양호합니다.",45000,2026.05.08,81,1,0
227696982,중고나라,이사 정리,레스폴 스탠다드 일렉기타 (블랙),"에피폰 레스폴 스탠다드 블랙컬러 판매합니다.
약 2018년도에 중고로 구매했으며 서브기타로 애용하다가 최근에는 자주 치지는 않았습니다.

사용감은 사진에서 보이는 바와 같이 어느정도 있으며, 뒷면에 크랙이 있으니 확인 부탁드립니다.
전체적인 세팅은 잘 되어 있으나 줄이 오래되어 교체가 필요할듯하여 줄 값은 빼고 올립니다.

택배거래는 힘들듯 하며, 충북권(세종/대전/천안/청주 등) 직거래 가능합니다.
케이스는 따로 없는데 원하신다면 사용감 있는 소프트케이스 같이 드리겠습니다.

010-팔오08-1사일육
문자나 전화 주시면 감사드리겠습니다.",400000,2026.05.08,210,4,1
228378940,중고나라,이사 정리,엠스톤 그루브 gv8 밀키축v2 38g 풀윤활,"주 키보드로 사용했던 제품이지만 키보드가 질려 다른 키 보드로 바꿔 판매합니다. 사진에 보이는것 처럼 배송할 예 정입니다. 윤활 키보드를 싼 값에 입문 해 보실 분 들께 추천드립니다.
안전 거래 사절하고 직거래 택배거래 가능합니다.
거래내역 많으니 의심가시면 직거래도 추천드리고 제 판 매내역도 체크해보시는거 권장합니다.",60000,2026.05.08,45,3,0
228373266,중고나라,이사 정리,"국내정품 p8cb 6~p,50,56 7아이언 (디아마나 50L)","국내정품 p8cb 6~p,50,56 7아이언 (디아마나 50L)

테일러메이드 코리아 정품입니다
전체 이오믹 그립 교환
20만원상당",940000,2026.05.08,18,0,0
228370544,중고나라,이사 정리,삼성 M5 스마트 모니터 32인치 미개봉,"8일 수령 미개봉품입니다 

모델명 LS32FM503 화이트 

직거래는 오후 8시 이후 대전로 340번길 15
은어송코오롱하늘채 2차 아파트 앞

그 외는 우체국 택배로 발송합니다 

네고 불가",190000,2026.05.08,44,2,3
227670189,중고나라,이사 정리,Gamesir 노바 라이트 컨트롤러,"서브로 사놓고 거의 사용하지 않은 새상품과 같은 제품입니다.

보관케이스와 동글까지 구성품 다 있습니디.",10000,2026.05.08,101,0,3
228350594,중고나라,이사 정리,GTX 1070 그래픽카드,GTX 1070 그래픽 카드입니다,90000,2026.05.07,513,16,14
228346371,중고나라,이사 정리,u9 air 6.5mm 도트 피트,"미개봉 새상품 입니다.
입금일 기준 다음 날까지 우체국 택배로 보내드립니다. (휴일 제외)
안전결제X 괜찮으신 분만 연락 부탁드립니다. 
환불X
준등기 +2000
빠른등기 +3600
우체국 택배 +4000",9900,2026.05.07,31,0,1
228341659,중고나라,이사 정리,삼성 서버용 ddr3 8G PC3L-10600R 4개,삼성 서버용 ddr3 8G PC3L-10600R 4개,40000,2026.05.07,155,0,1
228306185,중고나라,이사 정리,[지슈스] G PROX2 SUPERSTRIKE 슈퍼스트라이크,"실사용 기간 3주 정도 사용했습니다. 
그립테이프는 이미 썼고 지금은 펄사 슈퍼그립으로 붙여진 상태입니다. 
피트는 제이드 스피드로 변경했습니다. 
추가로 슈퍼그립 일부, 제이드 스피드 원형 피트 (미사용 새상품) 
사용하면서 기능에 문제생긴 부분 없었습니다. 
입금일 기준 다음 날까지 우체국 택배로 보내드립니다. (휴일 제외)
안전결제X 괜찮으신 분만 연락 부탁드립니다. 
환불X",259000,2026.05.07,149,2,2
228336213,중고나라,이사 정리,라이젠 cpu 7500f,"작년에 9800X3D로 업그레이드하여, 기존에 사용하던 7500f 판매합니다

24년 6월~25년 5월까지 사용했습니다

현생 이슈로 바빴다가 이제야 판매글을 올립니다

재작년 7500f로 구성한 컴퓨터 구매 및 작년 9800x3d 구매 증빙 가능합니다

택배는 우체국택배로 보내드릴 예정입니다

대전 쪽 분이시면 자차가 있어, 대전 동,남구 내에서 직접 드리는거 가능합니다",100000,2026.05.07,31,1,2
228219710,중고나라,이사 정리,젠하이저 hd800s,"중고2차구매품입니다. 상태좋은 젠하이져 hd800s 판매합니다.
hd800S는 5만번대 제품입니다. 상자와 제품의 시리얼번호가 다르더라구요.
크게 문제될건없지만 혹여나 싶어 남겨놓습니다. AS기간은 아마 만료되지 않았을까 싶구요 상태 좋은편입니다.
제품 깨끗하고 소리 이상없고 패드나 헤어밴드 같은것들 상태도 좋습니다.

소리 참 좋고 왜 인기많은지 알겠더라구요. 제 취향에는 헤천세가 더 좋기도하고
좀 중복되는 느낌도 있어서 고민하다 판매합니다.

구성품은 풀 구성품 다 있습니다. 겉박스 상태가 좀 메롱하긴한데.. 속 박스는 상태좋구요.
구매영수증이나 보증서같은건 없구요.

직거래 경북 문경 나머지는 택배거래합니다. 택배거래시 파손면책 동의하신다는 전제하에 진행하며
택배과정에서 파손이 생기더라도 책임지지않습니다. 대신 포장은 정말 튼튼하게 해서 보내드립니다.
중고거래특성상 반품 절대 불가능입니다.",1100000,2026.05.07,442,0,0
220738365,중고나라,이사 정리,울란지 CA25 쿨링팬 ulanzi ca25 카메라,울란지 CA25 쿨링팬 ulanzi ca25 카메라 쿨링팬,48000,2026.05.07,72,0,0
228280393,중고나라,이사 정리,이동식잔가지파쇄기,"전체적으로 깔끔한 상태이며 작업용으로 바로 사용 가능해요. 농사일이나 소규모 농장에서 유용하게 쓰실 수 있습니다.
판매지역. 대구광역시군위군 
전화번호 ☎️ 010삼오공팔사팔구구 
기타. 밧데리 새 것으로 교환
바로 사용하시면 됩니다",2200000,2026.05.07,131,1,0
228281683,중고나라,이사 정리,대동35마력 트랙터,"4륜구동 트랙터입니다. 로더가 장착되어 있어 농작업에 유용하고, 전체적으로 사용감은 있지만 작동에는 문제없어 보입니다. 실용적인 농기계 찾으시는 분께 추천드려요.
판매지역. 포항시 장기면 
전화번호 ☎️ 010삼오공팔사팔구구 
기타. 수리비용 내고 가능합니다.
면세유 가능 
조금 수리해서 사용하셔야 됩니다.
위탁판매",4500000,2026.05.07,328,6,1
228208523,중고나라,이사 정리,크루셜 ddr5 노트북 램 24GB (12GBx2),"cl46 5600 클럭

4개월 정도 사용, 램 업그레이드 후 
보관만 했습니다 

네고 불가",300000,2026.05.07,301,1,2
224724054,중고나라,이사 정리,신형 물방울 순금 목걸이 20돈,"순금 신형 
목걸이 판매합니다. 
20돈 이고 상태 양호해요.

보증서 포함이고 18k별도입니다.

팔찌 교환 가능합니다

세종시 직거래 가능",18000000,2026.05.06,270,2,1
222846422,중고나라,이사 정리,유튜브 국내 95%이상 구독자 채널 5만7천명 채널 싸게 팔아요,"유튜브 채널의 연령대 구조와 시청 횟수 등 다양한 통계 데이터입니다. 채널 성장과 활동 패턴을 분석하기에 유용한 자료예요.

국내 시청자 95%이상이고요 쇼츠 전문이고 롱폼도 조금 올려봤습니다.
수익창출은 조회수 미달로 안되었고요.
조회수미달이기에 쿠파스도 아직 안됩니다.
알고리즘만 잘 태워주신다면 바로 수익창출가능하니 싸게 구매해서 키워보세요!
지금 영상은 몇개월째 안올리고 있습니다.

카톡문의 주세요 
king00000001",1500000,2026.05.06,454,3,6
228308391,중고나라,이사 정리,자코모 쇼파 잔스포츠 백팩 복사기 이사정리해여,"창원 중동 직거래 원해요
이사정리햐서 이것저것 올릴거 많아요
함께 가져가실분 우선입니다",1500000,2026.05.06,42,0,2
228307329,중고나라,이사 정리,스타벅스 e 카드교환권 쿠폰 1만원 2장,"1만원 2장 보유

장당 8500원

안전거래 불가

쿠폰 이미지 전송 후 환불 불가능합니다",17000,2026.05.06,8,0,2
228265625,중고나라,이사 정리,펄사 x2n crazylight mini,"5월 4일에 구매해서 10분 테스트 정도만 했고 영수증 보유중입니다. 
피트는 도트피트 8개로 바꿨다가 다시 순정 피트로 붙여둔 상태입니다. 
사용하면서 기능적인 문제 생긴 부분 없었습니다. 
입금일 기준 다음 날까지 우체국 택배로 보내드립니다. (휴일 제외)
안전결제X 괜찮으신 분만 연락 부탁드립니다. 
환불X",79000,2026.05.06,52,0,1
221370933,중고나라,이사 정리,이사정리 케어팟 Air 10 공기청정기/ 상태 최상,"이사정리‼️ 케어팟 Air 10 공기청정기/ 상태 최상

- 10평형
- 220V, 50W
- 화이트 심플한 디자인

작년에 구매했는데 많이 안 틀었어요.
잘 안쓰는 것 같아 이사 겸 정리해요.
새상품 13만원이네요. 저는 10만원 정도 구매한듯하요.

서울 용산구 거래",40000,2026.05.06,35,1,0
228295933,중고나라,이사 정리,[이사정리] 사진액자 모음 6개,"《특징》
• 다양한 컬러와 사이즈 구성으로 거실이나 복도에
 '액자 벽(Gallery Wall)' 꾸미기에 최적입니다.
• 원목부터 모던한 메탈, 포인트 컬러 프레임까지 
 섞여 있어 단조롭지 않고 감각적이에요.
• 참고: 블랙 프레임 2종(15×10.5, 13×18)은 
 탁상 전용이며, 나머지 10개는 벽걸이와 
 탁상 겸용입니다.

※그래도 검정 프레임 액자를
 벽에 걸고 싶어 하는 분들을 위한 팁 
: 다이소에서 파는 '벽면 밀착형 몬스터 겔'이나
 '찍찍이 테이프'를 쓰시면 프레임이 가벼워서 
 충분히 고정됩니다.

워낙 깨끗하게 관리해서 
받아보시면 만족하실 거예요.

직거래 선호합니다.",15000,2026.05.06,9,0,0
213172117,중고나라,이사 정리,파세코 2세대 창문형 에어컨 추가 연결키트,"파세코 2세대 창문형 에어컨 연장키트.
58? 60? 센치 입니다.
털 방식, 고무판 방식 두가지 있습니다.
개당 금액입니다.
아무거나 원하시는 거 구입 가능합니다.",49000,2026.05.06,530,7,1
228152432,중고나라,이사 정리,[베놈60he] VENOM 60HE RGB,"빌드 내역
키캡: 일당오 블루얼럿 + 푸딩 키캡 화이트 OEM PBT
스위치: 오테뮤 저소음 피치 65EA 
스테빌라이저: 타입플러스 (수평 + 윤활 작업 완료)
기판: venom60he rgb
흡음재: venom 흡음재 세트
하우징: frog mini leggera 아크릴 
기타: 키스냅 실리콘 반투명, 스템 스페이서 0.4mm (여분 포함), 플라이 도터보드 + jst 케이블 

실사용 기간은 스위치, 키캡, 하우징은 1주, 나머지는 2개월 정도 사용했습니다. 
사용하면서 기능적으로 문제생긴 부분 없었습니다. 
최근에 하우징 교체하면서 내부 청소도 해둔 상태라 내부도 깨끗할 것 같습니다. 
구매하면서 받은 것들 전부 다 드립니다. 
쿨거래시 스웨그키 츄이 8k 케이블도 같이 드립니다. 
5월 6일 수요일에 발송 가능합니다. 
안전결제X 괜찮으신 분만 연락 부탁드립니다. 
환불X",269000,2026.05.06,191,0,2
227867350,중고나라,이사 정리,정동원 500MB USB메모리,"정동원 앨범이 들어 있었는데 포맷되어 버렸습니다..ㅜ.ㅜ..
500mb usb입니다.
정동원 팬이시면 여기에 파일 넣어놓고 들으시면 될거 같아요.",2000,2026.05.05,47,1,0
224573798,중고나라,이사 정리,이사정리) 포켓몬 헤드셋 잠만보 중형인형,"개당 8천원입니다.

기본적으로 편의점 택배로 접수해드리고 제쪽에서도 최대한 성심껏 포장해드리겠습니다. 

오락실, 뽑기샵 인형이라 이염, 얼룩이 있을 수도 있고 제가 발견하지 못한 부분도 있을 수 있다는 점 당부드립니다. 

결제 전에 배송방식을 상의하고 가격을 수정하니 구매 전 채팅으로 먼저 연락해주시길 바랍니다.

중고거래 특성상 환불이 어렵다는 점 참고바랍니다.",10000,2026.05.05,52,0,0
228270873,중고나라,이사 정리,벨롭 예약 택포,예약 벨롭 팔아요 예약,60000,2026.05.05,9,0,1
227410589,중고나라,이사 정리,(급처)이태리 세라믹 포세린 6인용 식탁+의자,"이태리 세라믹 포세린 6인용 식탁

- 800*2200 블랙
- 고급스러운 화이트 마블 패턴
- 세련된 디자인으로 어떤 인테리어에도 잘 어울립니다

280만원에 구입했습니다

의자는 원하시면 같이드릴께요",500000,2026.05.05,228,2,5
227410435,중고나라,이사 정리,(급처)독일럼멜 R4000 라지킹 매트리스+침대프레임,"독일럼멜 R4000 라지킹 사이즈 매트리스예요
W180 x D200 x H30 사이즈로 넉넉하게 사용하실 수 있어요
침대프레임도 같이 구매했습니다

사진에서 보이는 것처럼 깔끔한 디자인이 돋보여요
편안한 숙면을 원하시는 분들께 추천드려요

24년 7월 구입했습니다
오염없어요",500000,2026.05.05,238,0,6
226785523,중고나라,이사 정리,[판매] 지스킬 DDR5-6000 CL30 TRIDENT Z5 RGB 64GB 패키지 (32Gx2 / 풀박스),"1. 제품 상세 정보

제품명: G.SKILL DDR5-6000 CL30 TRIDENT Z5 RGB

용량: 64GB (32GB x 2개 듀얼 구성)

세부 사양: 6000MT/s | CL30-40-40-96 | 1.40V

호환성: 인텔 XMP 3.0 & AMD EXPO 동시 지원 (호환성 최상)

구성품: RAM 본체 2개 + 정품 박스 + 내부 패키징 일체 (풀박스)

제조/구매: 2024년 제품

AS 여부: [서린씨앤아이 정품] (제품생산 기간동안 무제한 AS가능)

거의 박스 보관만 한 제품으로 사용이력이 거의없어 새상품 급이라고 보시면 됩니다.",1000000,2026.05.05,1713,4,7
228250972,중고나라,이사 정리,Teagroup DDR4 3200 16GB (8gbx2) 2세트,"컴퓨터 업그레이드하면서 팝니다
상태 좋아요
케이스 없구 램만 있습니다!!",180000,2026.05.04,63,1,0
227410691,중고나라,이사 정리,(급처)타키니 율레프 라운드 쇼파,"타키니 율레프 아이보리 색상의 라운드 쇼파입니다

- 1인용, 2인용, 4인용 쇼파가 있으며, 쿠션7개도 함께 드립니다
- 스웨이드 재질입니다

집안 분위기를 부드럽게 만들어주는 디자인입니다
사무실이나 카페에두시면 인테리어효과있어요

해외배송으로 오래기다려서 3백만원정도 주고샀어요

큰 얼룩은 없지만 사용감은있어요",300000,2026.05.04,69,0,1
228054645,중고나라,이사 정리,(급처)코쿤 원폴딩 트레일러,"출고 19년11월
상태 A급 
곰팡이없고 장박한적없어요
관리잘된 코쿤원폴딩트레일러.

타프 ,스크린 ,무시동히터 , 에어매트 , 전기장판 ,
실내등,220v,기름통거치대,기름통,전면수납함

자동차종합검사 완료 다음 검사일 27년11월에 받으시면됩니다.",3300000,2026.05.04,137,1,2
227709284,중고나라,이사 정리,삼성 ddr5 16g 4800 램 팔아요 1개당 23만원,"정품 DDR5 16GB 메모리입니다. 

상태 양호하고 정상 작동 확인했어요. 

컴퓨터 업그레이드나 새 제품 구매하실 분께 추천드립니다.

총 2개이며 일괄 구매시 45만원 입니다.",230000,2026.05.04,119,1,2
228245558,중고나라,이사 정리,레이싱휠 쨉챌시트,"레이싱휠 시트 입니다.

접이식이라 보관하기 편합니다.

부피가 커서 직거래만 가능할것 같아요😀",40000,2026.05.04,75,2,1
221656021,중고나라,이사 정리,디베아 ALLNEW29000 25.9V 청소기 필터 부속,디베아 ALLNEW29000 25.9V 청소기 필터 부속,10000,2026.05.01,40,0,0
221434469,중고나라,이사 정리,로완타 에어포스 무선청소기 부속,"ROWENTA 로벤타 로웬타 에어포스 청소기 부속
일괄판매",19000,2026.05.01,43,1,0
222288197,중고나라,이사 정리,LG 17키로 드럼세탁기 전면 기판,"LG 17키로 드럼세탁기 전면 기판
모델명:F4755NQ1Z
반값택배, 알뜰택배 무료, 일반택배 2000원 추가
세종시 조치원",15000,2026.05.01,76,1,0
222866581,중고나라,이사 정리,예쁜 슬로우 워머포트 보온포트,"예쁜 슬로우 워머포트 보온포트입니다.
물끓이기,트렌딩,삶기,보온 기능이있는데 각기능은 잘 모르겠구요 그냥 보온용으로썼습니다.
물끓이는 기능이있긴하지만 엄청오래걸립니다.
그냥 물끓이는 포트가 아니라 차 우려내면서 끓이는용이라서 그런것같습니다.
끓이는 용도보다는 보온으로 쓰시는게 좋습니다.
http://m.11st.co.kr/products/m/3608019066?prdNo=3608019066&NaPm=ct=kxxwbjhk|ci=572f87464ee48c679f6126244cf75959377f3769|tr=sls|sn=17703|hk=1ceb924668c4ffb6c5f8838e5ff9b10e1ea19f5a&utm_term=&utm_campaign=%B3%D7%C0%CC%B9%F6m_%B0%A1%B0%DD%BA%F1%B1%B3+%B1%E2%BA%BB&utm_source=%B3%D7%C0%CC%B9%F6_M_PCS&utm_medium=%B0%A1%B0%DD%BA%F1%B1%B3",10000,2026.05.01,69,0,0
224201365,중고나라,이사 정리,엔유씨 초고속 진공 방음 블렌더 믹서기,"엔유씨 초고속 진공 방음 블렌더 믹서기
SV-400MK 매트건메탈
몇번 안써서 깨끗하고 상태 좋아요.
세종시 조치원",280000,2026.05.01,44,0,0
221955525,중고나라,이사 정리,디베아 ALLNEW29000 25.9V 필터 부속,디베아 ALLNEW29000 25.9V 필터 부속,10000,2026.05.01,39,0,0
221893428,중고나라,이사 정리,성공창없과 금융 김흥수 박영사,"성공창없과 금융 김흥수 박영사
거의새책입니다.
반값택배, 알뜰택배 무료, 일반택배 2000원 추가
세종시 조치원",15000,2026.05.01,33,0,0
216522278,중고나라,이사 정리,에어컨 배수 펌프,"에어컨 배수 펌프
상태 좋아요.
반값택배도 가능.",20000,2026.05.01,103,2,1
228115987,중고나라,이사 정리,스타벅스 10만원권,"스타벅스 10만원권 3장있어요

장당88000원입니다 !

등록 바로 하셔서 사용하실분만 
연락주세요!",88000,2026.05.01,11,0,0
228032996,중고나라,이사 정리,턴 버지 D9 자전거,"턴(Tern) 자전거 (턴 버지 D9)

견고한 프레임과 뛰어난 주행 성능으로 유명한 턴 버지 접이식 자전거입니다.
상태 아주 좋습니다!!
정말 얼마 못탔습니다..ㅠㅠ

구입년도 22년
판매이유: 아내와 함께 탈려고 구입했는데 얼마 타지도 못하고...여유가 없네요. (2대를 구입하시길 원하시는 분은 쳇 주세요)

접이식 미니벨로이면서도 로드 자전거에 준하는 속도감과 주행성을 갖추도록 설계된 것이 특징입니다.

시마노 유압식 디스크 브레이크가 장착되어 있습니다. 적은 힘으로도 강력한 제동력을 발휘하며, 빗길 등 변수가 많은 환경에서도 안정적으로 멈출 수 있습니다.

권장 탑승자 신장: 142cm ~ 190cm 범위로, 핸들바와 안장 높이를 조절해 다양한 체형의 탑승자가 공유할 수 있습니다.

요약하자면, 턴 버지 D9 디스크 모델은 휴대성을 갖춘 접이식 자전거이면서도, 시원한 속도감과 장거리 라이딩을 원하는 분들에게 최적화된 고성능 스포츠형 미니벨로입니다.",790000,2026.04.30,434,5,4
222270129,중고나라,이사 정리,울란지 CA25 쿨링팬 ulanzi ca25 카메라,울란지 CA25 쿨링팬 ulanzi ca25 카메라 쿨링팬,48000,2026.04.30,78,1,1
228100589,중고나라,이사 정리,데상트 뉴발 내셔널키즈 150반팔,"데상트키즈 반팔 3장 150사이즈 
뉴발키즈 반팔 2장 150사이즈
ㅡ일괄 4만원

내셔널지오그래픽키즈 상하복 140, 150사이즈
ㅡ각 1만원 


위 옷들 일괄 구매 시
아래 보세 상하복 3세트 같이 보내드릴게요
편하게 생활복으로 입히기 좋아요",50000,2026.04.30,22,0,1
228100255,중고나라,이사 정리,레노버 kc-1957 키보드,"레노버 키보드 빨콩이. 없어졌네요

보관하다 내놓습니다

이상 없어요

직거래 우선 대전. 

택배 착불입니다",80000,2026.04.30,33,0,2
228099506,중고나라,이사 정리,아디다스 레깅스 140 데상트반팔 140,"아디다스레깅스 한번도 안입었어요
세탁만 하고 보관
데상트반팔 140",20000,2026.04.30,8,0,0
228099425,중고나라,이사 정리,내셔널.데상트.뉴발 여아150반팔,"상태 다 좋아요
한 두번 입고 거의 보관한 반팔이고
내셔널 보라색 상하복은 
150사이즈랑 140사이즈 있습니다
제가 올린 다른 옷들 같이 구매하시면
무료배송으로 보내드릴게요",60000,2026.04.30,17,0,1
228099235,중고나라,이사 정리,노스페이스키즈 상하복 150사이즈,"노스페이스키즈 여아 한철 입어서 상태좋습니다
제가 올린 옷들 같이 구매하시면 배송비포함해서 보내드릴게요 
150사이즈입니다",30000,2026.04.30,16,0,0
228098499,중고나라,이사 정리,내셔널지오그래픽키즈 150 상하복3세트,"150사이즈
여아 4학년때 한철 입어서 상태 좋아요
민트는 소매에 빨간 마카 같은게 묻어있어요
전체5만에 판매해요",50000,2026.04.30,28,0,2
224081003,중고나라,이사 정리,이사정리) 포켓몬 빅팝 봉제인형 잠만보,"기본적으로 편의점 택배로 접수해드리고 제쪽에서도 최대한 성심껏 포장해드리겠습니다. 

오락실, 뽑기샵 인형이라 이염, 얼룩이 있을 수도 있고 제가 발견하지 못한 부분도 있을 수 있다는 점 당부드립니다. 

결제 전에 배송방식을 상의하고 가격을 수정하니 구매 전 채팅으로 먼저 연락해주시길 바랍니다.

중고거래 특성상 환불이 어렵다는 점 참고바랍니다.",8000,2026.04.30,46,0,0
228086295,중고나라,이사 정리,린드버그 기능성 폴로티셔츠,"린드버그 반팔만 20장 가까이 되는터라
판매 물품 모두 몇번 입지 않았습니다.
일괄 판매 합니다.

사진으로 상태 확인하시기 바랍니다.

1. 레드 린드버그 레그란 테크 티셔츠 S(슬림 100)
 - 전반적으로 양호하나 가슴 아래부분 작은 올 뜨낌있음
2. 진청색 린드버그 투어 테크 TX 저지 S(슬림100)
 - 상태 양호
3. 화이트 린드버그 투어 테크 TX 저지 M(넉넉한 100)
 - 작은 이염있음. 세탁소 드라이로 해결이 안되네요..
4. 코발트블루 린드버그 투어 테크 TX 저지 M(넉넉한 100)
 -상태 양호",120000,2026.04.30,16,0,2
227960299,중고나라,이사 정리,옵션파츠15 HG 캐벌리어 아이프리드 반다이/건담/건프라/미개봉,"박스에 이상 없음 / 모두 검수 완료

거래 후 단순 변심으로 인한 환불은 일절 받지 않습니다

타 제품과 교환 및 네고X",33000,2026.04.30,15,1,0
228069168,중고나라,이사 정리,[이사정리]800 원형 테이블 세트(의자포함),"지름 800mm 화이트 원형 테이블과 의자 2개 세트로, 신혼부부 식탁으로 딱입니다.
깔끔하고 예뻐요.
테이블은 사진처럼 살짝 기스 있고 사용에 문제 없을 정도이고, 바닥 철제부분은 찍힘 등 사용감 있어요.

의자는 집에서 밥을 안 먹어서 거의 새거라 아까운데 이사갈 집과 안어울려 내놓아요. 오늘의집에서 하나에 2만원 넘네요~
직접 가져가시거나, 1층까지 내려드릴 수 있습니디
5/4 오전 이사시에도 내려드릴수있습니다

댓글 쪽지, 문의 환영합니다~~",50000,2026.04.29,16,0,0
227525784,중고나라,이사 정리,ps5 보더랜드4 팝니다,"씨디, 타이틀 상태 양호합니다 (코드 없음)",35000,2026.04.29,217,3,4
227608966,중고나라,이사 정리,Apple MacBook Air 13인치 2020 i5와 매직 마우스 2,"• 모델명: MacBook Air (Retina, 13-inch, 2020) - 인텔
• 프로세서: 1.1GHz 쿼드 코어 Intel Core i5 (기본형 i3 모델보다 성능이 더 좋습니다!)
• 메모리(RAM): 8GB
• 저장공간(SSD): 512GB
• 운영체제: macOS Sequoia 15.7.2 (최신 버전 업데이트 완료)
[배터리 상태]
• 사이클 수: 346회
• 성능 상태: 정상 (최대 충전 용량 3575mAh)

추가적으로 매직마우스 2와 QCY 65W 충전기를 같이 드립니다.

직거래 장소: 조치원역 근처",398000,2026.04.29,201,2,2
227032694,중고나라,이사 정리,밀워키 나사산 가공기,"밀워키 나사산 가공기 입니다
실사용 한번한 재품으로 상태 최상 입니다
8암페어 베터리 2개셋트 풀옵으로 베터리용량 
걱정없이 사용가능하고 무선이라 어디서든 사용하기 편한 제품입니다.
배관 작업이나 인테리어 소품 제작에 맞춤 입니다
지역은 경북 문경이고 직거래로만 거래 합니다.
내고 문자 답 안드립니다
010 9918 4941 로 연락 주세요.",1200000,2026.04.29,107,1,3
227982158,중고나라,이사 정리,"이사 정리 일괄(가구7, 에어컨3)","장소는 서초동입니다
모든 제품들 상태 좋습니다. 
5월 4일 11시경 사다리차로 1층 하차해 놓을 테니 그때 실어 가시면 됩니다
전체를 일괄 구매하시면 좋고 아니면 가구 따로 에어컨 따로 해도 좋습니다
이사 가는 집에 가고 와 에어컨이 다 완비되어 있어 내놓습니다
가격은 전체를 통으로 파는 거라서 알 수가 없어서 일단 올려 놨습니다",1200000,2026.04.29,72,0,1
227990923,중고나라,이사 정리,한샘 퓨어 옷장+이사정리 가구10점 일괄 — 서초동 5/4 사다리차 내려드림,"이사로 인해 가구 전체 일괄 처분합니다.
중고가구 딜러, 소싱 업체 우선 환영합니다.
📅 5월 4일(일) 사다리차 하차 직후 바로 수령 가능
서울 서초동 (주소 협의 후 안내)
차량 가져오실 수 있는 분만 연락 주세요

✔ 한샘 샘베딩 퓨어 옷장 240cm — 2024년 11월 구매, 기스 없음 (구매가 73만)
✔ 한샘 스테디 옷장 80cm 2단 6개 — 2023년 구매 (구매가 약 125만)
✔ IKEA 비트발 로프트침대 프레임 — 2023년 구매 (구매가 30만)
✔ IKEA 비트발 보조침대 — 2023년 구매 (구매가 10만)
✔ IKEA 오피엘 폼매트리스 90x200 × 2개 — 2023년 구매 (구매가 30만)
✔ E0자재 서재책장 6단 — 2024년 11월 구매 (구매가 14.5만)
✔ E0자재 책장겸수납장 — 2024년 11월 구매 (구매가 12.2만)
✔ 렌지대 RZ9456 — 2024년 11월 구매 (구매가 16.9만)
✔ 다용도 주방수납장 ST9839 × 2개 — 2024년 11월 구매 (구매가 21.8만)
✔ 리버퍼니처 현관 신발장 800 — 2024년 11월 구매 (구매가 11.9만)

전량 상태 양호, 전제품 기스 거의 없습니다
일괄 매입가 협의 가능합니다.
개별 판매는 어렵습니다.
댓글 또는 쪽지로 연락 주세요.",580000,2026.04.29,75,1,2
228041583,중고나라,이사 정리,"moza r3 레이싱휠 (포뮬러휠,짭챌시트,보증)","moza r3 레이싱휠

포뮬러휠,짭챌시트

사용감 거의 없습니다, 크기가 커서 직거래만 가능할것 같아요..",370000,2026.04.29,263,2,5
228039464,중고나라,이사 정리,스투시 후드티 XL,"정품 블랙 스투시 후드티입니다.
기모도 있고 탄탄해요!
앞면에 화이트 로고가 프린트되어 있고 상태 양호해요.
캐주얼하게 입기 좋은 아이템이에요.
오늘까지 연락주시면 3.5에 드립니다

정품 맞으니까 정품 문의 그만해주세요~
아니면 환불해드릴게요",40000,2026.04.28,22,1,2
228031171,중고나라,이사 정리,엔진 분무기(8마력),"농업용 엔진분무기입니다. 사용감은 있지만 작동에는 문제없어요. 농작업이나 수경 작업에 유용한 장비입니다.
판매지역. 대구광역시군위군 
전화번호 ☎️ 010 삼오공팔사팔구구 
기타. 바로사용 하시면 됩니다",600000,2026.04.28,33,0,0
228031068,중고나라,이사 정리,윌로엔진양수기6.5HP (3인치),"윌로엔진양수기6.5HP 엔진입니다. 작동 상태 양호하며, 농업용으로 활용하기 좋아요. 필요하신 분께 저렴하게 드립니다.
판매지역. 대구광역시군위군 
전화번호 ☎️ 010삼오공팔사팔구구 
기타. 바로사용 하시면 됩니다",260000,2026.04.28,41,1,0
227517711,중고나라,이사 정리,교촌 치킨 쿠폰,허니콤보웨지감자세트 30000짜리 쿠폰 18000에 팝니다 급처,18000,2026.04.28,20,0,1
228019790,중고나라,이사 정리,닌텐도스위치2 게임 포코피아,"특기할 만한 사항이 없는 제품입니다.

대전 동구 대성동에서 직거래 하거나 택배거래합니다.

네고문의는 죄송하지만 사양합니다.

문의사항 있을경우 채팅 부탁드려요.

감사합니다.",70000,2026.04.28,25,0,1
226784283,중고나라,이사 정리,판매(AMD 라이젠9-5세대 7950X3D (라파엘)),"제품명: AMD 라이젠9-5세대 7950X3D (라파엘)

구성품: CPU 본체 + 전용 플라스틱 패키징 케이스 (※ 종이 박스는 없습니다)

탈거 전까지 아무 문제 없이 정상 작동 확인했습니다. 

실사용하실 분만 문의주세요.",430000,2026.04.28,561,7,10
227741760,중고나라,이사 정리,엠피온 SET-550 태양광거치대포함,"엠피온 블랙박스 SET-550 판매합니다. 태양광 거치대 포함이라 차량에 부착하기 용이합니다. 블랙 색상으로 깔끔하고, 외관 상태 좋습니다. 문의 없으시면 바로 안전결제해주시면 됩니다!",50000,2026.04.28,38,0,0
227740086,중고나라,이사 정리,파워 운동기 용수철 운동 트위스터 확장기 상체,탄력있는 상체 운동기 트위스터 판매합니다. 용수철 갯수가 많아 고강도 운동 가능합니다. 박스도 같이 보관중입니다. 문의 없으시면 바로 안전결제해주시면 됩니다!,10000,2026.04.28,14,0,0
226057682,중고나라,이사 정리,sm6 이니셜 횐다 가니쉬,"sm6 횐다 이니셜 가니쉬

한셋트

대전

무료장착",20000,2026.04.28,49,0,0
226057875,중고나라,이사 정리,sm6 트렁크 사각 이니셜,"sm6 트렁크 사각 이니셜 

대자 2만
소자 1만

대전

무료장착 
새제품",10000,2026.04.28,41,1,0
227883922,중고나라,이사 정리,레이저 타르타로스 프로,"구매한지는 2년정도 된거같은데
사용은 거의 안해서 가죽 패드, 스위치 상태 매우 좋습니다

문의사항 없으시면 안전결제 하셔도 됩니다",90000,2026.04.28,111,1,3
228012549,중고나라,이사 정리,"하만카돈 오라 스튜디오5 블루투스 와이파이 버전 [400,000원]","하만카돈 오라 스튜디오5 블루투스 ""와이파이 버전"" 스피커입니다. 
음악감상, 인테리어용으로 한달전 구매하였는데 사용빈도가 적어 내놓습니다. 

박스도 그대로 있습니다. 지역은 세종시입니다. 
네고문의는 정중히 사양하겠습니다. 

(쓱에서 쿠폰할인 받아 구매하였습니다)",400000,2026.04.28,215,7,5
218939971,중고나라,이사 정리,세한 M300-B,"세한 M300전동드라이버 새상품 판매합니다.
개별단가 130,000원입니다.
일괄 구매시 220,000원에 드립니다.

220V 제품이고, 십자 비 트는 1개 본체에 달려 있습니다.

반품불가 상품입니다.

택배발송시 입금완료후 발송가능하며 택배비 무료",130000,2026.04.28,53,0,1
224750975,중고나라,이사 정리,이사정리) 산리오 한교동 트리플하트 중형인형,"기본적으로 편의점 택배로 접수해드리고 제쪽에서도 최대한 성심껏 포장해드리겠습니다. 

오락실, 뽑기샵 인형이라 이염, 얼룩이 있을 수도 있고 제가 발견하지 못한 부분도 있을 수 있다는 점 당부드립니다. 

결제 전에 배송방식을 상의하고 가격을 수정하니 구매 전 채팅으로 먼저 연락해주시길 바랍니다.

중고거래 특성상 환불이 어렵다는 점 참고바랍니다.",9000,2026.04.28,41,1,0
227913278,중고나라,이사 정리,[이사정리] 자가드 도톰 커튼 2개 2.5m폭 높이 2.2m 레일커튼,"자가드 도톰 커튼 
주름없이 펼치면 2.5m폭 높이 2.2m 
2개 있어서 양쪽으로 달면 돼요
레일은 떼기어려울 것 같고 커튼에 핀 달려있어요

택배비 3000원",5000,2026.04.28,23,0,0
227394201,중고나라,이사 정리,주호 ddr5 32gb (16x2),"9700x x670e 조합에서 6000클럭으로 
램테스트 5주기 통과 후 
백업용으로 보관만 했습니다 

네고 불가",400000,2026.04.28,446,6,5
227447637,중고나라,이사 정리,피직 템포 오버커브 R5 클릿 슈즈,"피직 템포 오버커브 R5 클릿 슈즈 
EUR 45 
MM 290

일반 신발 280-285신는데, 발볼이 커서
클릿슈즈 신으면 장시간 탓을때 아프더라고요

근데 이 피직 R5 클릿 슈즈는 와이드하게 나와
정말 장시간도 편하더라고요
물론 개인의 차이는 있을 수 있습니다!

1년 미만으로 사용하고 바접으로
판매합니다.

보아 다이얼 시스템으로 발에 딱 맞게 조절 가능하고
블랙 색상으로 어떤 의류에도 잘 어울려요!",70000,2026.04.28,60,0,1
227996257,중고나라,이사 정리,이디뚜뚜3 듀얼모터 분리형배터리 전동스쿠터,"이디뚜뚜3 분리형배터리 듀얼모터 전기스쿠터 댕쿠터
작년 구매후 10회 미만 연습 주행
상태는 a급 깨진곳 수리한곳 없음
리모컨2개 키2개 뒤바구니 헬멧 물병거치대 공구 포함

대구 군위 의성 안동 직거래 직배송 가능합니다.",800000,2026.04.27,70,1,2
227990469,중고나라,이사 정리,ASUS Vivobook pro 16X OLED 라이젠,"포맷돌려서 깨끗하고, 윈도우 깔려있습니다.
배터리 수명 다해서, 콘센트 꽂고 사용해야합니다.

이외 특이사항 없습니다.",470000,2026.04.27,108,0,1
227190140,중고나라,이사 정리,"가격내림)시놀로지 Synology DS1821+ NAS 나스 팝니다. ( 옵션 8GB RAM, UPS)","정품 국내 시놀 공식총판에서 구매하였고 구매내역 인증가능합니다.

나스 열심히 사용하려다 외장하드가 편해 초반 1~2년만 사용하고 보관만 했습니다.

아래 옵션포함 110

추가 옵션1.[RAM] 삼성 DDR4 3200 8GB 2개
개당 5만원

추가 옵션2.[UPS] Eaton UPS Ellipse Eco 650USBDIN
10만원


** 사진상 10g 랜카드는 별도로 판매완료했습니다. 
현재는 커버로 막혀있습니다.

** 택배비 2만원, 뽁뽁이왕창싸서 보내드립니다.",1100000,2026.04.27,460,6,3
227052948,중고나라,이사 정리,(판매) 메타퀘스트2 128g,"메타퀘스트2 128g 판매합니다.

사용감 거의 없는 민트급입니다. 

부피가 좀 있어 직거래가 좋지만, 택배거래 가능합니다.",200000,2026.04.27,297,10,8
227983116,중고나라,이사 정리,애플패드/5세대/12.9/125GB + 매직키보드 세트,애어패드 매직키보드가 함께 있는 세트예요. 화면도 깨끗하고 키보드 상태도 양호해서 바로 사용 가능합니다. 필름만 뜯으면 새거나 다름 없어요 찍힘 없어요,700000,2026.04.27,72,0,5
224955973,중고나라,이사 정리,이사정리) 산리오 시나모롤 막대과자2 중형인형,"기본적으로 편의점 택배로 접수해드리고 제쪽에서도 최대한 성심껏 포장해드리겠습니다. 

오락실, 뽑기샵 인형이라 이염, 얼룩이 있을 수도 있고 제가 발견하지 못한 부분도 있을 수 있다는 점 당부드립니다. 

결제 전에 배송방식을 상의하고 가격을 수정하니 구매 전 채팅으로 먼저 연락해주시길 바랍니다.

중고거래 특성상 환불이 어렵다는 점 참고바랍니다.",7000,2026.04.27,30,0,0
225449348,중고나라,이사 정리,아크네 맨투맨 s,"아크네 맨투맨입니다.
실착은 10회도 안한 제품입니다.
상태 좋습니다. 직거래도 가능하고 택배도 가능합니다
머스트잇에서 21년쯤에 구매한 제품이에요",60000,2026.04.27,66,0,1
227950004,중고나라,이사 정리,고추건조기 / 건조기 / 버섯건조기,"건조기
ㆍ채반 11개
ㆍ40만원



편안하게 문의주세요.
상세히 답변해드리겠습니다.

수확중일땐 전화를 못받습니다.
문자남겨주시면 연락드리겠습니다.
연락처010-2311-3773",400000,2026.04.26,86,0,0
222270106,중고나라,이사 정리,울란지 CA25 쿨링팬 ulanzi ca25 카메라,울란지 CA25 쿨링팬 ulanzi ca25 카메라 쿨링팬,48000,2026.04.26,69,3,0
227697459,중고나라,이사 정리,베링거 X32 풀,"베링거 X32 풀 사이즈입니다.

2025년 중순 중고로 구입 후 약 3회정도 현장 사용 후 기기 업그레이드를 하게 되어 판매합니다.
사용하면서 문제는 없었으며, 전체적인 사용감은 사진에서 보는 바와 같습니다.

사진에 있는 X32 전용 렉케이스도 함께 드립니다.
직거래 희망하며 장소는 세종입니다.

010-팔오08-14일육
연락 부탁드립니다.",1550000,2026.04.26,260,2,3
227697105,중고나라,이사 정리,팬더 재팬 트레디셔널 재즈 베이스 (Fender japan traditional jazz bass),"Fender japan traditional 70s jazz bass 팝니다.
팬더 재팬 트레디셔널 재즈베이스

2020년도에 신품 구매 했으며,
구매만 하고 시간이 없어 실제로 친 적은 많이 없고 거의 보관만 했습니다.
헤드에 택도 구매 했던 당시 그대로 달려 있습니다.

전체적으로 크랙 없습니다.
다만 줄은 오래되어서 교체를 꼭 하셔야 할 듯 합니다.

파손위험으로 택배거래는 불가하며
충북권(세종,천안,청주,대전 등) 직거래 가능합니다.

010-팔오공팔-14일육
전화나 문자 주세요.",1200000,2026.04.26,106,0,1
227697152,중고나라,이사 정리,LTD B-55FM 5현 베이스,"LTD B-55FM 5현 베이스 판매합니다.

2019년도쯤 중고로 구매하였습니다.
전체적인 셋업은 되어 있으나 줄은 오래되어서 교체가 필요합니다.

충북권(세종/대전/천안/청주 등)에서 직거래 희망합니다.
010-팔오공8-일사1육 문자주세요!",240000,2026.04.26,83,5,0
227880712,중고나라,이사 정리,레고 닌자고 시티 정원 71741 [급처 / 글 꼭 확인],"** 급처로 5월 1일 전까지만 가격 내립니다.
** 계좌 거래로만 받습니다.

1회 개봉된 제품입니다.

제품 설명서 기준으로 절반쯤 개봉된 상태로,
규모를 보고 이건 내 것이 아니다 싶어 보관 중입니다.

부품이랑 피규어는 다 있고,
설명서랑 박스도 함께 보관 중입니다.

직거래 혹은 계좌 거래시 수수료 뗀 금액으로 드립니다.

편하게 문의 주세요.",265000,2026.04.25,146,2,1
224751008,중고나라,이사 정리,이사정리) 산리오 포차코 똥글똥글 중형인형,"기본적으로 편의점 택배로 접수해드리고 제쪽에서도 최대한 성심껏 포장해드리겠습니다. 

오락실, 뽑기샵 인형이라 이염, 얼룩이 있을 수도 있고 제가 발견하지 못한 부분도 있을 수 있다는 점 당부드립니다. 

결제 전에 배송방식을 상의하고 가격을 수정하니 구매 전 채팅으로 먼저 연락해주시길 바랍니다.

중고거래 특성상 환불이 어렵다는 점 참고바랍니다.",6000,2026.04.25,28,1,0
227910169,중고나라,이사 정리,인트루터1800 m1800r,"인트루더 m1800r 2007년식
35,000km. 소폭증가
등받이. 텐덤시트 보유.
머플러 구변
이전거래 가능",9500000,2026.04.25,57,0,0
227909244,중고나라,이사 정리,NS레오파드보론 5112,"NS 레오파드 보론 BMT-5112 쏘미노잉
보증서o 

2일 사용 했습니다
추구하는 로드성질이랑 너무 달라서 방출합니다
궁금한점 메세지주십시요",380000,2026.04.25,14,0,2
227908329,중고나라,이사 정리,"벽람항로 파먀티메르쿠리야 수성에게서, 사랑을 초코에 담아 1/3.5 미소녀 피규어","일본에서 들고 오느라 박스 블리스터 없습니다
서울역 or 세종 직거래만 가능",300000,2026.04.25,56,1,0
227908157,중고나라,이사 정리,디젤엔진 하츠엔진 독일엔진 하츠디젤엔진 사일런스팩 26마력 2L41C엔진 유압펌프엔진,"독일 하츠 사일런스팩 2L41c 엔진 입니다.
(2기통 디젤 1800cc 급)
18년식 특수장비에 비상용 보조 유압펌프 작동용
예비엔진 으로 장착된거라 사용시간 5.7시간 밖에 안됩니다.
유압펌프 떼시면 입맛대로 기어풀리등 장착가능 합니다.
구글에 HATZ 2L41C 검색하시면 서비스메뉴얼 포함
상세 스펙 아주 자세하게 나옵니다.
24v 전용이고 원터치 시동 컨트롤 박스 포함입니다.
아주 특수한 사례로 나온 물건이라 이렇게 사용시간
짧은 하츠 2기통 엔진 구하기 힘듭니다.
직거래 대전 010.465O.3667",5000000,2026.04.25,106,1,0
227781765,중고나라,이사 정리,RTX 2070 SUPER 그래픽카드,"RTX 2070 SUPER 그래픽카드입니다. 
듀얼 쿨링팬으로 발열 관리가 우수하고 상태 양호해요. 
게임용으로 사용하기 좋은 성능의 GPU입니다.

애완동물 x, 흡연 x, 채굴 x
상태가 아주 좋은 제품입니다.

택배거래시 뽁뽁이로 포장 후 보내겠으며,
택배비 반값 부담하겠습니다.

구성품으로 그래픽카드 거치대 있습니다.

문의 있으시면 연락 바랍니다.",220000,2026.04.25,260,5,3
227883516,중고나라,이사 정리,"미니PC Minis Forum UM880 PRO 8845hs, 32GB , 256GB","마이크론 SODIMM 5600 16GB x2
pcie 3.0 nvme 256GB

초기화 해 놓은 상태 입니다
구성품 누락 없음

상단 커버에 마지막 사진 보시다시피 스크래치가 있습니다


네고불가",700000,2026.04.25,270,3,4
227901665,중고나라,이사 정리,TeamGroup T-Force DDR5-8800 CL42 XTREEM CKD 패키지 서린 24Gx2,"25년 11월 구매한 제품입니다

24G x2 (48GB)

번들 방열판 성능이 안좋아서 bykski 방열판과 thermalright 오디세이 써멀패드로 교체되어 있고 ddr5 더미 램 2개 서비스로 넣어드립니다


네고 불가
안전결제, 직거래 가능",650000,2026.04.25,55,2,1
227898882,중고나라,이사 정리,이동식 에어컨,"이동식에어컨 판매합니다. 사용감은 있지만 정상 작동하며 여름철 필수템으로 좋아요. 
택배도가능 합니다 
판매지역. 대구광역시군위군 
전화번호 ☎️ 010삼오공팔사팔구구",550000,2026.04.25,16,0,1
227898745,중고나라,이사 정리,"윌로 엔진 양수기 6,5마력","윌로엔진양수기 6.5HP 엔진입니다. 사용감은 있지만 작동 상태 양호하며, 농업용으로 활용하기 좋아요. 필요하신 분께 저렴하게 드립니다.
후드 포함입니다 
택배도 가능합니다 
판매지역. 대구광역시군위군 
전화번호 ☎️ 010삼오공팔사팔구구",300000,2026.04.25,24,0,0
227898598,중고나라,이사 정리,마끼다전기드릴기,"전기 드릴기입니다. 사용감은 있지만 작동에는 문제없어요. 전문 작업용으로 성능 좋은 제품입니다.
택배도 가능합니다 
판매지역. 대구광역시군위군 
전화번호 ☎️ 010삼오공팔사팔구구",70000,2026.04.25,15,0,0
183870850,중고나라,이사 정리,iflight xing e pro 2207 1800kv,"iflight xing e pro 2207 1800kv

4pcs

새제품입니다.

작거래우선

택배거래 가능
1. 파손면책 동의시!
2. 반품금지 동의시!",82000,2026.04.25,143,0,0
227575004,중고나라,이사 정리,"이사 정리 합니다. 새제품 저압냄비 10리터 택포함 29,000원에 드려요.","새 제품 상품 확인후 실사 사진만 찍고 바로 판매 합니다.
보랄 저압냄비 10리터 입니다. 다만, 찜기 모서리 부분이 조금 찌그러져 있어요. 사용 하다가 원상태로 될 수도 있습니다. 사진 참고 바랍니다.
그러니 깔칠 하시거나 예민한 분은 연락 주지 마세요.~

24시간 아무때나 채팅 주세요. 채팅 이여서 답변이 늦더라도 양해 바랍니다. 조금만 기다려 주세요. 

주소지 전송시 대화창 옆에 있는 +버튼 누르면 주소 전송 버튼 나와요. 그거 누르시면 됩니다. 그냥 보내시면 주소 보이지 않게 나와요. 참고 바랍니다.",29000,2026.04.25,40,0,0
227884483,중고나라,이사 정리,인텔 울트라7 265k 벌크,"벌크 단품입니다

안쓰는거라 싸게 올려요
네고 불가",250000,2026.04.24,106,1,1
227884170,중고나라,이사 정리,ASUS ROG STRIX 80PLUS PLATINUM ATX3.1 블랙 인텍앤컴퍼니 [1200W],"25.11.02 컴퓨존 구매한 제품입니다

2개월정도 사용 후 기변으로 포장해놨던 제품이라 상태 좋습니다



네고불가",230000,2026.04.24,106,0,1
227876549,중고나라,이사 정리,자동조리봇 멀티쿠커 I-Cooker,"https://tinecokorea.com/product/%EC%9E%90%EB%8F%99%EC%A1%B0%EB%A6%AC%EB%B4%87-%EB%A9%80%ED%8B%B0%EC%BF%A0%EC%BB%A4-%EC%95%84%EC%9D%B4%EC%BF%A0%EC%BB%A4-i-cooker/39/category/62/display/1/

자세한 사양한 링크 클릭해주세요.",3500000,2026.04.24,21,0,0
227754247,중고나라,이사 정리,UR ICE 체리블라썸 V2 64EA,,19000,2026.04.24,24,0,0
227870856,중고나라,이사 정리,벤티볼리오 통기타 케이스 팝니다.,"벤티볼리오 통기타 케이스 팝니다.

새겁니다.

직 안동 의성 군위

택 + 3000

0l0 2250 3068",40000,2026.04.24,17,0,0
227787334,중고나라,이사 정리,메디큐브 하이포커스샷 플러스,"더이상 내리지 않아요. 찔러보지마세요 나쁜사람들. 찌르면 차단. 물어보고 사지도않네

8자주름 리프팅 해주는 1달정도 되었는 최신상 메디큐브 하이포커스샷 플러스 핑크색상이에요.
본체와 충전 케이블이 구성품으로 포함되어 있어요.
깔끔한 디자인으로 어디에 두어도 예뻐요.
피부 탄력과 영양 관리에 도움을 주는 제품이에요.
14만원에 팝니다.

원하시면 쓰고남은 겔 드립니다",140000,2026.04.24,114,3,3
227342386,중고나라,이사 정리,전기자전거 배터리 48v20ah 엑스라이더,전기자전거용 배터리입니다. 사용감은 있지만 정상 작동하는 상태예요. 구성품 키1 배터리1,350000,2026.04.24,388,3,9
222859693,중고나라,이사 정리,"rep 피트니스 바벨 2200mm 20kg,파워바,랩,파워리프팅","랩피트니스
20년도 신품 구매하였습니다
2.2m 20kg 파워리프팅용 바벨입니다

대전 낭월동 직거래합니다",120000,2026.04.24,403,8,6
227861486,중고나라,이사 정리,갤럭시 S26 512GB 바이올렛 자급제,"플러스, 울트라 모델 X, 일반 기본 모델입니다 
3월 10일 쿠팡 구매 
사놓고 까먹고 있다가 팝니다 
택배거래는 안전결제로 진행합니다 

직거래는 대전 대성동
은어송코오롱하늘채 2차 아파트 앞에서 가능합니다 

네고 불가",1040000,2026.04.24,65,1,2
227847693,중고나라,이사 정리,스톤아일랜드 바지,"텍 제거후 시착만 했습니다
직거래우선이며
택배거래시 착불입니다.
환불, 반품 불가입니다(동의 못하면 택배거래 불가)",200000,2026.04.23,30,0,2
227208999,중고나라,이사 정리,바이퍼v4pro 바브사 풀박,"바브사입니다.
저한테 손이 커서 판매합니다
17.5 7 7입니다
사기가 많아 안전거래 사절합니다.
불안하시면 직거래 추천드립니다.
직거래 택배거래 둘 다 가능
피트 빛에 반사시킨 사진도 첨부합니다",185000,2026.04.23,581,7,6
227667396,중고나라,이사 정리,(미사용)22개정 EBSi 정승제 50일수학 상편하편+워크북 상편,,6000,2026.04.23,48,1,2
227664343,중고나라,이사 정리,EBSi 정승제 50일수학 상하세트,"승제쌤의 50일수학 상하세트 입니다
22개정판이 아닌 15개정판입니다
새책이 아닙니다ㅠ 아래 유의점을 꼭 확인해주시고 구매부탁드립니다 (아래내용과 함께 사진도 참고 부탁드려요)

1. 책표지가 더럽습니다
과거 책표지에 유성펜으로 다짐글을 적었는데 이제와서 지우려하니 잘 안 지워져서 그냥 같은 유성펜으로 덮어씌웠습니다ㅠ

2. 상편만 해당되는데 20쪽까지 풀었습니다
볼펜으로 풀었고 답과 풀이를 적었습니다
추가로 풀었던 20쪽까지 우측하단에 접힌흔적이 있습니다 (하편은 아예 안 풀었습니다)

3. 좌측상단에 아주작게 고양이가 물어뜯은 흔적이 있습니다

이런 하자사유들로 인해 싸게 판매합니다
따로는 판매하지않고 일괄로 판매합니다!
둘다 합쳐서 1000원입니다

택배거래 직거래 둘 다 가능합니다
택배거래시 당일에 바로 보내드립니다
직거래시 조치원역에서 가능합니다
언제든 연락주세요
(제 판매물품중에 다른 미사용교제도 판매하고 있으니 관심있으시다면 한번 들러주세요!)

배송비는 3000원이라 써놨으나 실제 거래할때 나온만큼만 부담해주시면 됩니다",1000,2026.04.23,47,2,3
227663827,중고나라,이사 정리,(1회착용)무신사 양복정장세트(와이셔츠포함),,50000,2026.04.23,18,0,0
227845948,중고나라,이사 정리,파코 천선 4단 롤포장기 거의새것,,1500000,2026.04.23,28,0,0
203443279,중고나라,이사 정리,FPV 드론 SpeedyBee F405 V3 BLS 5,"SpeedyBee F405 V3 BLS 50A 30x30 FC ESC 스택

ESC 와 FC 가 같이 들어 있는 세트 입니다.

미개봉 새제품!!!

직거래 우선!!

파손면책 및 반품 불가 동의시엔 택배 발송 가능!!",85000,2026.04.23,231,1,1
227836992,중고나라,이사 정리,디월트 테이블쏘 DW745,,250000,2026.04.23,118,3,2
227835281,중고나라,이사 정리,아이폰15프로,"안녕하세요 상태는좋아요
배터리86퍼입니다
저장공간128기
카메라 하고Face ID랑 정상작동됩니다
구매 후 환불은 안 됩니다. 연락 주세요.
액정정품수리한적 있습니다",700000,2026.04.23,149,0,2
227749801,중고나라,이사 정리,레고 닌자고 시티 정원 71741 건물 구성,,185000,2026.04.23,199,3,3
227832908,중고나라,이사 정리,원뿔 분쇄기 판매,"[제품사양]
외형치수: 570 X 280mm
기계중량: 25Kg
전원: 220V, 0.75KW
절삭망: Ø90mm
구성품: Ø4,8",450000,2026.04.23,38,1,0
227832676,중고나라,이사 정리,이동식 에어컨,"창문형 에어컨 판매합니다. 사용감은 있지만 정상 작동하며 여름철 필수템으로 좋아요. 
판매지역. 대구광역시군위군 
전화번호 ☎️ 삼오공팔사팔구구",550000,2026.04.23,39,0,0
227832616,중고나라,이사 정리,윌로엔진양수기6.5HP,"윌로양수기6.5HP 작동 상태 양호하고 실용적으로 사용 가능해요. 농업이나 작업용으로 활용하기 좋습니다.
판매지역. 대구광역시군위군 
전화번호 ☎️ 삼오공팔사팔구구",300000,2026.04.23,38,1,0
227831850,중고나라,이사 정리,회 탈피기,"외형치수: 360 X 370 X 430mm
기계중량: 35Kg
전원: 220V/60Hz, 0.2Kw
투입구폭: 260mm
처리능력: 100~200Kg/h",1100000,2026.04.23,31,0,0
227830411,중고나라,이사 정리,당근채 절단기,"제품사양
외형치수: 700 X 540 X 850mm
기계중량: 65Kg
전원: 220V,0.75Kw
투입구폭: 500 X 200mm
처리능력: 200~300Kg/h
절단두께: 3X3mm",3500000,2026.04.23,28,0,0
227747189,중고나라,이사 정리,ps5 붉은사막 팔아요,"코드는 사용완료
실사용 20분
네고x
대전직이나 택배
안결x",59000,2026.04.23,394,2,4
227823997,중고나라,이사 정리,고압 균질기,"제품 스펙

외형치수 1,150 x 950 x 1,100 (H) mm

전원 380V, 5.5~ 132kw

유량 500~ 10,000L/h

최대압력 25~ 40Mpa

정격압력 20~ 35Mpa

다양한 마력수로 있습니다 문의주세요",12000000,2026.04.23,22,0,0
227809932,중고나라,이사 정리,[이사정리] 양면 알레르망 여아 수퍼싱글침구 세트,"[이사정리] 알레르망 여아 수퍼싱글침구 세트
먼지 알레르기없는 알레르망 세트 깨끗해요",15000,2026.04.23,27,0,0
225450145,중고나라,이사 정리,스톤아일랜드 롱슬리브 L,"스톤 맨투맨입니다.
팔이 길어서 소매 쪽 수선하였습니다.
실착은 꽤 한 제품입니다
직거래/택배 거래 가능합니다",80000,2026.04.23,208,0,2
221193625,중고나라,이사 정리,올세인츠 오프숄더 블라우스 환승연애 나연 착용(이사짐정리),"※ 카페 상품 게시글은 자동으로 중고나라 앱/사이트에 노출합니다. 노출을 원하지 않으실 경우 고객센터로 문의 바랍니다. 
※ 등록한 게시글이 회원의 신고를 받거나 이상거래로 모니터링 될 경우 중고나라 사기통합조회 DB로 수집/활용될 수 있습니다. 
─────────────────── 
📢 제목에 ""제조사/ 브랜드 명""과 ""상품명”를 넣어 작성하면, 보다 빠른 판매가 가능합니다! 
📢 게시글 작성 시 배송 방법에 “직거래”와 “내 위치” 설정할 경우, 보다 빠른 판매가 가능합니다!",80000,2026.04.22,80,4,2
227249977,중고나라,이사 정리,아이언 세트,"미즈노mx90
5-p
클리브랜드 rtx zip6 웨지 
50,56

8번아이언이 투어스테이지 입니다

직거래 대전입니다

010 7612 533공",370000,2026.04.22,31,0,0
227803994,중고나라,이사 정리,"숯불 회전 훈제기(오리,닭 등)","업소에서 사용하기 좋은 회전식 바베큐 구이입니다
스테인리스 재질로 제작되어 위생적이고 내구성이 좋습니다
내부에는 조명이 설치되어 있어 조리 과정을 쉽게 확인할 수 있습니다
온도 조절 기능이 있어 다양한 종류의 육류를 조리할 수 있습니다",2500000,2026.04.22,23,0,0
227785093,중고나라,이사 정리,"차량용 루프탑 텐트, 어닝, 차박용품 세트 판매합니다","오토홈 메졸리나 그랜드 투어 360 블랙 M (23년식) 차박 풀세트 판매
 • 2023년 구매 / 실사용 10회 이하
 • 하자 없음 / 상태 매우 좋습니다

➡️ 추가 구매 없이 바로 차박 가능한 풀세트
➡️ 입문자도 바로 사용 가능한 구성입니다

구성품
 • 루프탑텐트 (설치 바 포함)
 • 피아마 어닝 F35
 • 에코플로우 리버2 배터리
 • 온수매트 (본체 + 거치대 + 매트)

구매 정보
 • 당시 총 제품가 약 870만원
 • 판매가격은 설치 비용 포함 가격입니다.(제가 부담합니다)
 • 낭월동 구매처에서 설치 지원 

캠핑을 자주 가지 못해 상태 좋을 때 판매합니다.

👉 쿨거래 시 네고 가능
👉 연락 주시면 추가 사진/영상 보내드립니다",4000000,2026.04.22,79,0,0
226626369,중고나라,이사 정리,목동[이사정리] 삼성 스탠드 메탈 양문형 김치냉장고 (4/30이삿날) 505L,"rq51k91117f
삼성 스탠드 메탈 양문형 김치냉장고505L
4/30이삿날 내려드리면 가져가실 수 있어요
더 일찍이나 늦게는 어려워서
시간 맞으시는 분이 가져가시면 좋겠어요

저는 김치가 많지않아서
중칸은 잡곡, 하칸은 냉동으로 유용하게 썼어요
상태 매우 좋아요
김치통도 함께 드려요",170000,2026.04.22,186,1,2
227742163,중고나라,이사 정리,모빌아이6K 전방추돌경고 장치 차선이탈경고 ADAS 첨단운전자 지원시스템,ADAS 기능 지원하는 모빌아이 6K 제품입니다. 전방추돌 경고 및 차선이탈 경고 기능이 있습니다. 케이블 넉넉하게 있어서 설치하는데 문제 없을거에요. 문의 없으시면 바로 안전결제해주시면 됩니다!,100000,2026.04.21,50,1,2
224805674,중고나라,이사 정리,"이사정리, 후류) 슈퍼소니코 동화 스페셜 인어공주","공간부족으로 진열할 수가 없는 관계로 처분합니다. 현재 하자검수 겸 개봉촬영 후 재봉했습니다.

보관기간이 길어서 피규어 박스에 약간의 구겨짐이 있을 수 있지만 본체에는 별 문제는 없었습니다. 

기본적으로 편의점 택배로 접수해드리며 제 선에서 최대한 파손의 위험이 없게 노력하여 포장하였음을 구매자분께 고지해드립니다. 

중고거래 특성상 교환/환불이 불가하다는 점 인지해주십시오.

그리고 구매의사를 확실히 결정하시고 문의해주십시오. 

구매 전에 일반과 반값 중 택배비를 정해야 하니 결제 전 문의 주시기 바랍니다.",37000,2026.04.21,99,1,0
224328883,중고나라,이사 정리,미쓰비시 HG-KR43B,"미쓰비시 서보모토 HG-KR43B 
개봉만 한 새제품 입니다.",200000,2026.04.21,40,0,1
224012636,중고나라,이사 정리,TESTO 174h 미니 온습도계 데이터 로거,"Testo 174h 미니 온습도계 2채널 데이터 로거 판매합니다. 구매 후, 내부 확인만 하고 다시 포장해 뒀습니다. 대체품으로 구매 하고, 사용할일이 없어 판매합니다.",100000,2026.04.21,125,2,2
223036672,중고나라,이사 정리,M3 모바일 OX10 산업용 바코드 PDA,"엠쓰리 모바일 OX10 1D (windows CE 6.0)
사용은 전혀 하지 않았고, 물류창고 구석에 오래 창박혀 있었는지라, 밧데리 방전이 있습니다. 
직거래 원합니다.
(세종,청주)",350000,2026.04.21,222,3,6
227754201,중고나라,이사 정리,frog mini leggera T silver,"2개월 정도 사용했습니다. 
입금일 기준 다음 날까지 우체국 택배로 보내드립니다. (휴일 제외)
안전결제X 괜찮으신 분만 연락 부탁드립니다. 
환불X",49000,2026.04.21,50,0,1
226643372,중고나라,이사 정리,인형뽑기기계 1인용,1인용 뽑기기계 정상작동,390000,2026.04.21,501,11,4
227752726,중고나라,이사 정리,DDR4 16gb 메모리,DDR4 16GB 메모리 한 쌍입니다. 상태 양호하고 정상 작동하는 제품이에요.,75000,2026.04.21,83,3,3
227742422,중고나라,이사 정리,4/4 모던 바이올린 예중 예고 입시용,"4/4 풀사이즈 모던 바이올린 입니다
소리 좋습니다
예중 예고 입시용 바이올린 입니다
600만원 구입 급매 380에 내놓습니다
아무때나 챗 주세요",3800000,2026.04.21,99,2,2
181273787,중고나라,이사 정리,그랜저HG ECU 39110-3CHD0,이상 있을시 환불 가능합니다.,130000,2026.04.20,60,0,0
165363840,중고나라,이사 정리,YF쏘나타 브릴리언트 블루투스 오디오 96170-3S2,"YF쏘나타 브릴리언트 블루투스 오디오 96170-3S2004X

50,000원 판매합니다",45000,2026.04.20,75,1,0
226784390,중고나라,이사 정리,뷰로이드 T-BOX블랙박스 3채널,"뷰로이드 T-BOX 블랙박스 판매해요

전방 카메라와 좌,우 카메라, 그리고 GPS가
포함 되어 있습니다.",45000,2026.04.20,41,1,0
227734839,중고나라,이사 정리,이사정리> 피카소 브러쉬 2019,"피카소 브러쉬 219 입니다.
3번 이내 사용하고 보관해 놨습니다.
세척완료한 제품입니다.",16000,2026.04.20,27,1,0
224724405,중고나라,이사 정리,조던 레트로 하이og,"나이키 조던 하이 입니다
사용감 조금 있고 박스는 없습니다
그 외 종이는 있습니다",200000,2026.04.20,45,0,4
224724508,중고나라,이사 정리,픽시 자전거 언노운 lv3,"언노운 lv3 프리미엄 입니다
사용감 전혀 없습니다
바퀴에 바람 안 넣어서 뒷바퀴만 터졌습니다
도색 까짐 기스 일절 없습니다",750000,2026.04.20,447,0,6
227526782,중고나라,이사 정리,닌텐도 new 3ds xl 128g 팝니다,,350000,2026.04.20,228,1,3
227720044,중고나라,이사 정리,티앤 무선 하이패스 단말기 A100,,15000,2026.04.20,25,0,0
227713615,중고나라,이사 정리,삼성전자 DDR4-3200AA 32GB ECC/REG 서버용 메모리,"삼성전자 DDR4-3200AA 32GB ECC/REG 서버용 메모리입니다. 
2R×4 모델입니다. 

개당 650,000원 이며 

총 4개 보유중입니다. 

모델명 : 삼성전자 DDR4-3200AA 32GB ECC/REG 서버용 메모리
원산지 : 베트남(삼성)
메모리방식 : DDR4
용도 : 서버용(DIMM)
동작속도 : 3,200MHz(PC4-25,600)",1600000,2026.04.20,67,0,1
227710377,중고나라,이사 정리,뷰게라 vg 900v3 블랙박스 1채널 32GB,"전방 FHD, 후방 FHD 녹화 가능한 뷰게라 블랙박스예요
구성품은 사진에 보이는 본체, 전원선, GPS 안테나, 마이크로 SD카드 포함이에요
선명한 화질로 사고 발생 시 증거 자료로 활용하기 좋아요
안전 운전을 위한 필수템으로 추천드려요",25000,2026.04.20,32,0,0
227707252,중고나라,이사 정리,게이밍 모니터,게이밍 모니터입니다. XL2540K 해상도로 게임이나 작업용으로 좋아요. 상태 양호한 중고 제품입니다.,350000,2026.04.20,28,0,0
226657647,중고나라,이사 정리,삼성최다관중T 110 새것[무료배송],"삼성라이온즈 최다관중기념 티셔츠 귀하디 귀한 110사이즈 미개봉 신품 2개 보유중!

낱개로도 또는 한꺼번에 일괄 거래도 가능합니다.



직거래, 택배거래 다 환영합니다. 택배거래 원하시면 택배비는 제가 부담하겠습니다.

직거래도 가능하나, 대구권, 대전권만 직거래 가능하기에 가급적 택배가 좋겠지요! 



전혀 뜯지않은 신품입니다.


1벌당 25,000원(택배비는 전국 어디든 제가 부담합니다) 

직거래도 시간만 잘 맞추면 괜찮습니다. (장소,시간 조율 가능하나 주중에는 빡세긴합니다)


채팅이나 문자주세요!",25000,2026.04.20,77,1,2
227704054,중고나라,이사 정리,하이패스 룸미러 블랙 ETC 3버튼,,30000,2026.04.20,55,2,1
227703832,중고나라,이사 정리,에쿠스(Equus) VI 모델에 적용되었던 순정 18인치 크롬 휠,"🛞 휠 상세 사양 정보
해당 차량: 현대자동차 에쿠스 VI (신형 에쿠스)
휠 사이즈: 18인치 (7.5J × 18)
PCD: 114.3 (현대/기아 대다수 차량과 호환 가능)
특징: 화이트 크롬 전기도금(스퍼터링) 공법이 적용된 순정 휠입니다",100000,2026.04.20,53,0,1
227703503,중고나라,이사 정리,제네시스 G80(RG3 모델) 차량의 순정 18인치 알로이 휠,"휠 상세 정보

해당 차량: 제네시스 G80 (RG3, 2020년형 이후 신형 모델)

휠 규격: 18인치 (8.0J × 18)

부품 번호: 52910-T1100

디자인 특징: 다이아몬드 컷팅이 들어간 멀티 스포크 타입으로, 제네시스 특유의 고급스러운 외관을 완성하는 순정 휠입니다


 별도 문의 없으시면 바로 안전결제 부탁드려요!",100000,2026.04.20,93,0,0
227719732,중고나라,이사 정리,아디다스 프로 4 270,"러닝화 정리하면서 내놓습니다.
실사용 마일리지 약 50km 정도로 많지 않고, 전체적으로 상태 깔끔합니다.

* 모델: 아디제로 아디오스 프로 4
* 사용 거리: 약 50km
* 상태: 아웃솔 마모 거의 없고, 어퍼/미드솔 깨끗한 편
* 착용감: 반발력 좋고 레이스용으로 유명한 모델입니다

실사용으로 인한 미세한 사용감은 있지만, 기능적으로 문제 전혀 없고 바로 실착/러닝 가능합니다.",140000,2026.04.20,67,1,3
227739911,중고나라,이사 정리,그랜져IG 일반 10핀 전조등 헤드라이트 조수석,그랜져IG 일반 10핀 전조등 조수석 헤드라이트입니다. 품번은 92102-G8000이니 참고 부탁드립니다. 약간의 사용감 외에는 깨끗합니다. 별도 문의 없으시면 바로 안전결제 부탁드려요!,100000,2026.04.20,17,0,0
227659895,중고나라,이사 정리,풀프레임 미러리스 카메라 +시그마 28-70mm,"눈에 보이는 큰 찍힘은 없고 모서리 칠까짐이 약간 있습니다. 
정품 배터리 2개, jjc 아이컵, 핫슈커버, uv필터, 배터리 충전기, 바디 박스",1850000,2026.04.20,656,1,3
227719677,중고나라,이사 정리,YF쏘나타 수납장/양쪽날개,YF쏘나타 수납장과 양쪽 날개 세트로 판매합니다. 실버 색상으로 깔끔한 디자인이 돋보입니다. YF쏘나타 차량에 딱 맞는 사이즈입니다. 문의 없으시면 바로 안전결제해주시면 됩니다!,25000,2026.04.20,36,1,1
227494976,중고나라,이사 정리,디글로우 아이스스피드 shh 에디션,"26년 4월 13일에 구매해서 5분 정도 테스트만 했습니다. 
팔토시랑 알콜솜 하나 사용했고 알콜솜은 다른걸로 대체해서 넣어드렸습니다. 
사용하면서 문제생긴 부분 없었습니다. 
입금일 기준 다음 날까지 우체국 택배로 보내드립니다. (휴일 제외)
안전결제X 괜찮으신 분만 연락 부탁드립니다. 
U9 AIR 6.5mm(1개 없고 8개는 중고) 추가 구매시 +6,000원
환불X",49000,2026.04.20,64,1,2
227704297,중고나라,이사 정리,엠피온(MPEON)의 태양광 무선 하이패스 단말기,"📋 주요 상세 사양

통신 방식: RF(주파수) 방식 (IR 방식보다 수신 거리가 길고 앞 유리의 틴팅/선팅 농도 영향을 적게 받습니다.)

전원 방식: 무선 리튬 폴리머 배터리 내장 (태양광 보조 충전 지원)

충전 단자: Micro 5핀 USB (일반 스마트폰 충전기 사용 가능)

크기/무게: 약 68 x 82.5 x 10.5mm / 약 45g (매우 얇고 가볍습니다.)

주요 기능: 음성 안내, 잔액 조회, 최근 통행료 내역 조회, 저전력 알림


 문의 없으시면 바로 안전결제해주시면 됩니다!",30000,2026.04.20,52,0,0
227703049,중고나라,이사 정리,삼성 뉴SM5 L43 라구나 중앙 송풍구,삼성 뉴SM5 L43 라구나 중앙 송풍구 판매합니다. 차량 내부 공기 순환을 책임지는 중요한 부품입니다. 섬세한 디자인으로 차량 내부 인테리어 향상에도 기여합니다. 문의 없으시면 바로 안전결제해주시면 됩니다!,24000,2026.04.19,26,0,1
202144742,중고나라,이사 정리,벽람항로 젠하이 기향화전Ver. (특전포함) 미개봉 피규어 팝니다.,"아미아미에서 샀던 벽람 젠하이 피규어 입니다.

포장 뜯지도 않은 완전 새제품입니다.

[특전]
아크릴 피규어
[아미아미 독점 특전]
A2 클리어 포스터

직 안동, 군위
택 +3000 (평일 우체국으로 보내드립니다)",150000,2026.04.19,230,8,0
227699640,중고나라,이사 정리,나이키 팬텀 gx 엘리트 팝니다 290,사용한지는 얼마 안되었긴 했는데 상태는 좋습니다,50000,2026.04.19,66,3,2
227698410,중고나라,이사 정리,스피어 RD 250 레스폴 체리선버 일렉기타 팝니다.,"스피어 RD 250 레스폴 체리선버 일렉기타 팝니다.

기타는 전체적으로 아주 깔끔한 상태입니다.

소프트 케이스에 지퍼 하나가 고장났습니다.

안동, 의성, 군위에서 직거래만 받습니다.

문자나 전화 주세요 공1공-225공-3공68",130000,2026.04.19,54,1,1
224390964,중고나라,이사 정리,"이사정리,제일복권) 리제로 여름이다 바다다 렘 라스트원",,36000,2026.04.19,111,4,0
227039239,중고나라,이사 정리,"이사 정리 합니다. 새제품 철주물 양수 냄비 2종 택포함 34,000원 입니다.","새 제품 상품 확인후 실사 사진만 찍고 바로 판매 합니다.
로얄슈미츠 철주물 양수 냄비 2종 14cm 입니다. 
설명서 보시고 잘 사용 하세요. 여러가지 하실수 있습니다.

24시간 아무때나 채팅 주세요. 채팅 이여서 답변이 늦더라도 양해 바랍니다. 조금만 기다려 주세요.

주소지 전송시 대화창 옆에 + 버튼 누르면 주소 전송 버튼 나와요. 그거 누르시면 됩니다. 그냥 보내시면 주소 보이지 않게 나와요. 참고 바랍니다. 쿨 거래 합니다.^^",34000,2026.04.19,19,0,0
227680575,중고나라,이사 정리,(대구시 군위읍) 실버바 삽니다,"포 나인 실버바 그래뉼 (수량 40개 개당 380-400) 삽니다.

(대구시 군위읍) CCTV 가 있는곳에서 신분증 제시후 거래 진행 합니다.

연락처 : 010-6688-1937

#실버바",4000000,2026.04.19,52,0,1
226591750,중고나라,이사 정리,헬스포츠 바랑에르돔 8-10 (이사 정리로 50만원 / 정품),"헬스포츠 바랑에르돔 8-10 (이사 정리로 50만원 / 정품)

[제품 요약]

모델명: 헬스포츠 바랑에르돔 8-10 (아우터 + 폴대 전체구성)

사용횟수: 실사용 8회 미만, 최근 2년 이상 실내 보관 중

[상세 내용]

상태는 난로 사용으로 인해 텐트 스킨에 불빵(구멍)이 있습니다. 
현재 이사 준비 중이라 집안이 협소하여 제품을 모두 펼쳐서 보여드리기 어렵습니다. 대신 과거에 제가 직접 피칭했던 실제 사진(첨부)과 제품 라벨 사진을 올립니다.

구성: 수납 가방에 정리된 상태 그대로 드립니다. (아우터 텐트, 폴대, 가방 등 기본 구성)

가격: 50만 원 

거래방식: 무게와 부피가 있어 직거래 선호

이사 정리 중이라 현장 확인 및 추가 가격 협의는 어려운 점을 미리 말씀드립니다. 시세 대비 저렴한 가격인 만큼 거래 완료 후 교환이나 환불은 불가하니, 제품 설명을 충분히 확인하신 후 연락 부탁드려요.",470000,2026.04.19,155,2,0
227699987,중고나라,이사 정리,파이롤러 테크노스타맵 탁상형,"테크노스타맵 탁상형 파이롤러입니다.
18년 새상품 구매후 5년간 사용하였고, 사용빈도는 많지 않습니다. 
지역은 세종시 조치원읍
180만원입니다.",1800000,2026.04.19,294,6,7
227667045,중고나라,이사 정리,G400max 10.5도 SR,"안녕하세요 
기존에 핑400max 9도 사용자입니다
개인적으로 g400max가 좋아서 
세종에서 하남에 가서 직거래 사서 보관하고 있는
드라이버입니다
교통비등 40만원 이상 투자한 드라이버입니다
순수 드라이버 구입비용 36만원에 판매하고자합니다

깨끗합니다 정품라벨 확인하시고 바닥에 스크레치정도 있습니다
10.5도 샤프트SR
시중에 G400max 민트급이 거의 구하기 어려워서
가격 높음에도 구입한 드라이버 입니다

가격 높을 것 입니다
일단 구입비용 36만원에 거래합니다

한글을 모르시거나 내용을 이해 못하시는 분이
계신것 같습니다 36만

조치원에 있습니다
직거래 우선합니다
착불로도 가능합니다",360000,2026.04.18,49,0,2
222270116,중고나라,이사 정리,울란지 CA25 쿨링팬 ulanzi ca25 카메라,,38000,2026.04.18,59,1,2
221903196,중고나라,이사 정리,레고 스타워즈 스노우스피더 75049,,110000,2026.04.18,239,5,1
227661684,중고나라,이사 정리,전기 슬러시 육수통,"전기빙수냉동통기예요. 스테인리스 소재로 깔끔하고 디지털 컨트롤 패널이 있어서 사용하기 편리해요. 상태 양호한 중고 제품입니다.
판매지역. 대구광역시군위군 
전화번호 ☎️ 공일공삼오공팔사팔구구 
기타. 바로사용 하시면 됩니다",400000,2026.04.18,43,0,0
224390870,중고나라,이사 정리,"이사정리,제일복권) 우마무스메 6탄 A상 라이스샤워",,40000,2026.04.18,141,2,1
227288390,중고나라,이사 정리,바이오하자드 레퀴엠 게임쿠폰 판매,"5070ti 구매하고 받은 게임쿠폰입니다.
대리등록 가능합니다.

5070이상 그래픽카드 있으시면 등록가능하시며
게임쿠폰코드 특성상 한번거래후 절대반품불가능입니다.",35000,2026.04.18,139,1,2
227646574,중고나라,이사 정리,박카스 gs25(나눔),"박카스 gs25편의점서 바꾸는거
무료나눔해요 바로 바꿔드실분만요!
유효기간 연장안되용~~~",,2026.04.18,35,0,2
227054104,중고나라,이사 정리,(판매) ASUS ASUS ROG LOKI SFX-L 1000W Platinum,,250000,2026.04.18,241,4,3
227639089,중고나라,이사 정리,HG 그랜져 후미등 (테일램프)-조수석,HG 그랜져 조수석 뒷 후미등 판매합니다. 깨지거나 금간 곳 없이 깨끗합니다. 중고인 만큼 약간의 생활 기스는 감안해주세요. 문의 없으시면 바로 안전결제해주시면 됩니다!,39000,2026.04.18,21,0,0
227632233,중고나라,이사 정리,버즈4 프로 색상선택가능 1개 남았습니다.,,295000,2026.04.18,56,1,1
227445739,중고나라,이사 정리,홀로라이브 토코야미 토와 아크릴 스탠드디오라마 2022 생일 기념,,14000,2026.04.18,28,0,0
227634899,중고나라,이사 정리,이동식에어컨,"이동식 에어컨 판매합니다. 사용감은 있지만 정상 작동하며 여름철 필수템으로 좋아요. 
판매지역. 대구광역시군위군 
전화번호 ☎️ 삼오공팔사팔구구 
기타. 바로사용 하시면 됩니다",550000,2026.04.18,91,1,0
227634891,중고나라,이사 정리,윌로. 엔진양수기 (3인치),"6.5HP 엔진입니다.농업용으로 활용하기 좋아요. 필요하신 분께 저렴하게 드립니다.
판매지역. 대구광역시군위군 
전화번호 ☎️ 삼오공팔사팔구구 
기타. 바로사용 하시면 됩니다",300000,2026.04.18,57,1,1
227634877,중고나라,이사 정리,제광볍씨파종기,,100000,2026.04.18,161,0,1
227538793,중고나라,이사 정리,"원스텝 8C 전동킥보드 (주행거리 300 km, 헬멧 포함)","원스텝 8C 전동킥보드 판매합니다.

누적 주행거리 300km
구성품: 본체, 정품 충전기, 스페어 키트(육각 렌치, 드라이버 등)
전후방, 하단 라이트 정상 작동 (사진 참조)
브레이크 정상 작동
타이어 상태 정상
접이부 유격 없음
개조 여부 없음
헬멧 포함

판매 전 평지/언덕 포함 1~2km 주행 테스트 완료했고, 이후 깨끗이 세척해두었습니다.
외관은 중고 사용감이 있습니다.

배터리 상태 전반적으로 양호합니다.
SOH_capacity: 미측정
SOH_resistance/DCIR: 미측정
SOF_power response: 양호 추정
dynamic sag ratio: 0.87%
60 s recovery ratio: 85.7%
24 h observable self-discharge: 0.0V
charge-time ratio vs nominal: 93.75%

직거래 우선이며, 거래 지역/장소는 채팅으로 조율하겠습니다.
중고 거래 특성상 거래 후 교환·환불은 어렵고, 과한 네고는 정중히 사양하겠습니다.

연락 주시면 답변드리겠습니다.",150000,2026.04.18,143,1,8
227640470,중고나라,이사 정리,소나무 13년산,"키운지 13년된 소나무입니다.

관리가 힘들어 판매합니다.

직접 캐가셔야하고 나무 판자리 깔끔히 정리해주셔야 합니다

개당 25만이고 총 20개 입니다.

위치는 대구광역시 군위군 입니다

개별 구매도 가능합니다",150000,2026.04.18,27,0,0
227639761,중고나라,이사 정리,미국 펜더 스탠다드 재즈 베이스 (z9) 팝니다.,"미국 펜더 스탠다드 재즈 베이스 기타 팝니다.

시리얼 넘버는 z9로 시작합니다.

케이스와 보증서 등 구성품이 모두 포함되어 있고, 바디에 찍힌 자국 몇개 제외하고는

전체적으로 깨끗한 상태로 보관했습니다.

안동, 의성, 군위에서 직거래 우선 합니다.

문자나 전화 주세요 0I0-2250-3068",1200000,2026.04.18,71,5,2
226972610,중고나라,이사 정리,이사정리) 포켓몬 이상해풀 중형인형,"기본적으로 편의점 택배로 접수해드리고 제쪽에서도 최대한 성심껏 포장해드리겠습니다. 

오락실, 뽑기샵 인형이라 이염, 얼룩이 있을 수도 있고 제가 발견하지 못한 부분도 있을 수 있다는 점 당부드립니다. 

결제 전에 배송방식을 상의하고 가격을 수정하니 구매 전 채팅으로 먼저 연락해주시길 바랍니다.

중고거래 특성상 환불이 어렵다는 점 참고바랍니다.",8000,2026.04.17,18,0,0
227620747,중고나라,이사 정리,GS25 5천원권,"바로사용하실분만 구매해주세용!
유효기간 연장안됩니다!",4100,2026.04.17,23,0,1
221795851,중고나라,이사 정리,"미스터조각기 CO2 레이저 커팅기 조각기 MR-X1325 4""*8""",,7500000,2026.04.17,429,4,5
227171293,중고나라,이사 정리,"ps5 라스트오브어스1,2(라오어1,2) 팝니다~~~~~",ps5 라스트오브어스.,12345,2026.04.17,292,6,5
227598995,중고나라,이사 정리,가마솥,"아직 사용 가능한 상태입니다. 전통적인 디자인이 매력적인 제품이에요.
판매지역. 대구광역시군위군 
전화번호 ☎️ 삼오공팔사팔구구 
기타. 바로사용 하시면 됩니다",200000,2026.04.17,17,0,0
227570309,중고나라,이사 정리,버즈4 프로 색상선택가능 1개 남았습니다.,,295000,2026.04.17,66,1,1
224830934,중고나라,이사 정리,빈티지 열쇠 키링 시계,빈티지한 느낌의 열쇠 모양 키링 시계예요. 골드 컬러로 고급스럽고 실용적이면서도 개성 있는 아이템입니다. 상태 양호하고 정상 작동해요!,7900,2026.04.17,58,1,0
227599028,중고나라,이사 정리,이동식에어컨,"이동식에어컨 판매합니다. 사용감은 있지만 정상 작동하며 여름철 필수템으로 좋아요. 직접 가져가실 분만 연락주세요!
판매지역. 대구광역시군위군 
전화번호 ☎️ 삼오공팔사팔구구 
기타. 바로사용 하시면 됩니다",650000,2026.04.17,24,0,0
227570297,중고나라,이사 정리,정품) 코브라 다크스피드 X 드라이버,"코브라 다크스피드x 드라이버입니다. 
로프트 10.5
코브라 정품 스피더nx s샤프트

보호필름 붙여놔서 상태는 최고입니다
보호필름 1세트로 여유분 있습니다

25년 10월 15일 구매
26년 10월 15일까지 as 가능

일단 포장해놔서 바로 택배가능합니다 
직거래는 세종시 조치원 입니다",230000,2026.04.16,25,0,2
227589204,중고나라,이사 정리,휴대폰,휴대폰100개 이상 12키로 이상,500000,2026.04.16,23,0,0
226905529,중고나라,이사 정리,스타렉스 캠핑카,"그랜드스타렉스 캠핑카 hvx vip pack
풀옵션 차량입니다
2011년10월식(12년형)
110k속도제한 없는 차량
3등급 차량
운행거리219,571km
4인승으로 구조변경 완료
캠핑카옵션입니다.
무시동히터
인산철배터리120AH
주행충전20A
다르다순수정현파인버터1200W
TV
한전전기 인입
업체 아니고 개인입니다.
연식이 있어 외관은 몇군데 흠집은 있습니다.
지역은 대전 입니다.
연락처010 5456 일공이팔",7000000,2026.04.16,340,5,1
226835573,중고나라,이사 정리,호텔급 매트리스 SS사이즈 (새상품),"매트리스 판매합니다

✔ 호텔 침대 느낌 나는 탄탄한 쿠션감
✔ 허리 부담 적어서 편하게 사용 가능
✔ 가격 대비 퀄리티 진짜 괜찮습니다

인터넷에서 이 정도 퀄리티면 더 비싸게 판매되는 제품입니다
직접 보시면 더 만족하실 거예요


배송은 전국 어디든
제가 직접가서 상세 설명까지 해드리겠습니다",390000,2026.04.16,70,0,1
227577812,중고나라,이사 정리,gs25 5천원 판매,"유효기간 표기된그대로에오
빨리사용하실분만 구매해주세오
유효기간 연장 불가합니다😄",4000,2026.04.16,17,0,3
226912460,중고나라,이사 정리,eq900 18인치 휠+윈터타이어,"eq900 18인치 휠 + 윈터타이어 입니다

4개가격

tpms 꼽혀있구요. 

휠은 찍힌곳도있고 그렇습니다
245 50 18이며 
타이어는 23년38주차 24년12월에 새거까서 천키로정도 탔다보시면되고 한국타이어 아이셉트 evo3 입니다.

근처에계시는분이면 보관비 이미 지불되어서 놓고쓰셔도될거같지만 택배거래도가능합니다.
타이어값도 안나오는거라 안팔리면 겨울에 쓰면되니 네고문의는 사절하겠습니다.

구매하신후엔 환불 as 불가합니다. 

0.1.0 3.6.6.6 6.3.3.4 문자나 전화로 연락부탁드립니다",600000,2026.04.16,81,1,2
226968365,중고나라,이사 정리,5톤축차 ZF오토 고하중,"타타대우프리마 2016년10월21일등록
냉각수라인연료라인밋숀2천3백이상들여올수리
거래처있는거랑다넘겨줌",28000000,2026.04.16,35,0,0
227496536,중고나라,이사 정리,싸이록스 v6,"26년 4월 11일에 구매했고 영수증 보유중입니다. 
사용하면서 문제생긴 부분 없습니다. 
동글, 마우스 본체만 사용했고 나머진 미사용 입니다. 
구성품 모두 포함입니다. 
피트는 교체했다가 다시 붙여놓은 상태기에 상태가 안좋을 수 있지만 아티산 99식 xsoft에서 긁힘은 없었습니다. 
입금일 기준 다음 날까지 우체국 택배로 보내드립니다. (휴일 제외)
안전결제X 괜찮으신 분만 연락 부탁드립니다. 
환불X",29000,2026.04.16,86,0,2
227363861,중고나라,이사 정리,아우네 유키 se,"구매한 지 3개월 됐습니다
눈 획 돌아서 샀다가 모셔만 뒀네요
쿨거시 택포 드립니다.

셰에라자드 구매내역 인증 가능
직거래 세종",90000,2026.04.16,65,0,4
227526334,중고나라,이사 정리,닌텐도 스위치 포켓몬스터 소드 익스팬션 합본,"Gs25 반택 포함 19만원 입니다.

일반택배 요청시 2000원 추가입니다.",190000,2026.04.16,147,1,1
227562637,중고나라,이사 정리,16 스티레 101PG 리브레 120,"시마노 16 스티레 101PG, 리브레 120 판매 합니다
염월,코바,신형스티레 등 릴이 많아서 방출합니다
윤성정품보증서 박스 순정핸들 모두 포함입니다
직거래 지역은 청주, 세종
택배택배 거래도 가능합니다
o1O3O334112 연락주세요",400000,2026.04.16,47,0,1
227560547,중고나라,이사 정리,오일뱅크 고급유 주유쿠폰,"고급유만 사용가능한 쿠폰입니다

사진에 유의사항 잘 읽어보시고 구매하세요~",2000,2026.04.16,26,0,1
227560488,중고나라,이사 정리,오일뱅크 1만원 주유쿠폰,"1) 5만원 이상 주유/충전 시사용 가능 
2) 유효기간 내 1회 1매 사용 가능(기간 연장 및 환불 불가) 3)타 쿠폰/포인트와 중복 사용 불가 
4) 권면가액 미만 사용 시 잔액 환불 불가 
5) 화물유류구매카드로 결제 불가
7) 쿠폰 사용 금액은 현금영수증 발급 및 유가보조금 지급 대상에서 제외


유의사항 사진참조요",7000,2026.04.16,28,0,4
227558228,중고나라,이사 정리,삼성 램 ddr4 3200aa 16gb 2개 판매(개당 12만원),"삼성 DDR4 3200AA 16기가 2개 팝니다.
메인보드,cpu 판매하고 남은 램 팝니다
일괄로 판매합니다.
직거래 세종시
택배거래는 택배비 포함 24만원에 팝니다
(개당 12만원)
집에서 게임할때만 사용했고
1년정도 사용했어요",240000,2026.04.16,45,1,1
227267534,중고나라,이사 정리,모노그램 엠보싱 반지갑,정품 모노그램 엠보싱 블랙 반지갑이에요. 사용감은 있지만 전체적으로 깔끔한 상태입니다. 카드 수납공간도 넉넉해서 실용적이에요.,350000,2026.04.16,39,0,5
227545687,중고나라,이사 정리,스타벅스 10만원권,"10만원권 89000원에판매합니다.
이미지아니고 핀번호에오!",89000,2026.04.15,12,0,0
227540480,중고나라,이사 정리,동숲 아미보 카드 쭈니 애플 리처드 잭슨 등 일괄,"직접 뽑자마자 슬리브 보관해서 깨끗합니다
중고 실거래가 기준 179000원인데 일괄로 사시면 16만원에 드려요
리처드는 직거래로 판매되었고 나머지 일괄 135000원입니다",160000,2026.04.15,81,0,3
227538748,중고나라,이사 정리,스타벅스 10만원권,"스타벅스 e카드
10만원권
89000원 판매
챗 주세용 앱에 바로
등록해서 쓰세요!",89000,2026.04.15,12,0,1
210498845,중고나라,이사 정리,이사정리] whois musical 가성비 뛰어난 스피커 케이블 2.5sq / 3.6sq,"가성비 뛰어난 스피커 케이블
(네이버 : 3.6sq 스피커케이블 사용기 검색)


-고저음 바란싱 2.5sq 1조(2개) - 3.3m
(좋은 해상력/결이 살아있는 현대적 소리) 
8만

- 풍성한 음 3.6sq 1조(2개) - 3m
(넓은 무대감/여운이 남는 빈티지 소리)
10만

저는 메인스피커 바이와이어링용으로 2.5sq는 고음에 3.6sq는 저음에 물려 사용하니 백만원대 케이블 안부러웠습니다.
일괄 17만원

사진상은 1개씩이나 1개씩 더 있습니다. (각1조 총4개)
동작구 신대방삼거리역 인근입니다.
안심번호 문자주세요",100000,2026.04.15,231,3,2
226821072,중고나라,이사 정리,로발 CLX64 시마노 디스크,"로발 clx64 시마노 디스크 클린처
생활기스이외 상태 좋은편입니다
로터 스프라켓11단 11~30t tpu튜브 
컨티넨탈 클린처타이어
포함하면 95 
휠만 판매시 80만
상태는 큰 기스없이 양호한편입니다 
꿀렁임 휠 밸런스 잘나오고 크랙수리 
일절없어요! 직거래 대전입니다",790000,2026.04.15,152,2,2
227526498,중고나라,이사 정리,새상품 티니핑 샤 원피스,"귀여운 캐릭터가 프린트된 핑크색 원피스예요. 튤 스커트와 러플 소매가 있어서 정말 예쁘고
택 없어요 
사이즈110",14000,2026.04.15,29,0,0
227526390,중고나라,이사 정리,(새상품) 겨울왕국 엘사 원피스,"택 없어요
사이즈 110",10000,2026.04.15,4,0,0
227526333,중고나라,이사 정리,(새상품) 쿠로미 튜튜 원피스 110사이즈,"사이즈110
택 없어요",10000,2026.04.15,14,0,0
227526249,중고나라,이사 정리,닌텐도 스위치 포켓몬스터 바이올렛 제로의 비보 합본,"Gs25 반택 1900원

일반택배 3500원 추가입니다.",85000,2026.04.15,70,0,1
227526175,중고나라,이사 정리,포켓몬 레전드 아르세우스 팝니다,"Gs25 반택 1900원

일반택배 3500원 추가입니다.",40000,2026.04.15,25,2,2
227525957,중고나라,이사 정리,닌텐도 스위치 라이트 자시안 자마젠타 에디션,"닌텐도 스위치 라이트 자시안 자마젠타 에디션 팝니다

기기단품이며 사용감있으나 기능적인부분 이상없습니다

액정보호필름, 투명하드케이스, 휴대용 파우치 포함하여

택포 13만원입니다",130000,2026.04.15,64,1,1
226864922,중고나라,이사 정리,산업용 진공청소기,"산업용 진공청소기로 강력한 흡입력을 자랑해요. 호스와 브러시 등 구성품이 모두 포함되어 있고 상태도 깨끗합니다. 청소 작업이나 먼지 처리에 유용한 전문 장비예요.
가게나 세차시 강한힘으로 청소흡입력 좋으며
총3대보유중이며 대당18만원입니다
일괄구매시 약간에 네고해드려요~^^",180000,2026.04.15,47,0,0
227521012,중고나라,이사 정리,신세계 cgv 1+1 콤보 50% 2매 1만,"등록코드 발송
04/30 1매 5000
05/31 1매 6000
2매 1만..",5000,2026.04.15,28,0,4
227512737,중고나라,이사 정리,캐논 RF24-70 (알계륵),"캐논 RF 24-70 (알계륵)

보증기간 2027년 8월 18일까지

켄코필터 장착되어있습니다

깨끗하게 잘썻습니다 
개인사정으로 판매합니다


직거래는 (세종, 조치원, 청주오송) 선호합니다",2250000,2026.04.14,256,6,6
227512452,중고나라,이사 정리,캐논 R6mark2,"캐논 R6 mark2 판매합니다

컷수는 대략 6000컷 이하이고

추가 여분배터리 1개랑
남은 화면 보호필름 추가로 드립니다




보증기간은 2025년 10월 29일 종료


직거래 선호합니다 (세종, 청주오송)",2000000,2026.04.14,243,5,2
227511074,중고나라,이사 정리,파이롯트 커스텀 742,"- 파이롯트 커스텀 742 블랙 만년필 F닙 풀박
- 이로시주쿠 월야, 산밤, 산머루 3종
- 루뻬

같이 드립니다. 
월야 잉입되어 있습니다.
연락주세요",180000,2026.04.14,252,2,4
227508114,중고나라,이사 정리,짐샤크 싱글렛 m,"gymshark 싱글렛 m사이즈 판매합니다
새상품이고 짐샤크 공홈에서 주문한 상품입니다
직거래도 합니다 지역은 조치원, 안양입니다
네고 연락 안받습니다",200000,2026.04.14,135,0,0
227508069,중고나라,이사 정리,SBD 팬텀 싱글렛 3XL,"SBD 팬텀 싱글렛 3XL사이즈 판매합니다
새상품이고 사이즈 안맞아서 판매합니다
직거래도 합니다 지역은 조치원, 안양입니다
네고 연락 안받습니다",150000,2026.04.14,60,1,0
227236804,중고나라,이사 정리,오토플렉스 코브라,"상태s급 
코브라 슬리브
sf505 
오토플렉스 st 입니다",60000,2026.04.08,11,0,0
227267418,중고나라,이사 정리,"이사 정리 합니다. 새 제품 투명 에어프라이어 5리터 택포함 39,000원 입니다.","새 제품 상품 확인후 실사 사진만 찍고 바로 판매 합니다.
이녹스 프랑 투명 에어프라이어 5리터 입니다. 사용 설명서 보시고 잘 사용 하세요. 

24시간 아무때나 채팅 주세요. 채팅 이여서 답변이 늦더라도 양해 바랍니다. 조금만 기다려 주세요. 쿨 거래 합니다.^^

주소지 전송시 대화창 옆에 있는 +버튼 있어요. 그거 누르시면 주소 전송 됩니다. 그냥 보내시면 주소 보이지 않게 나와요.참고 바랍니다.",39000,2026.04.08,18,0,0
227264132,중고나라,이사 정리,브레빌870 반자동 에소프레소 커피머신,"브레빌 870 에스프레소 머신과 각종 부품들이 포함된 세트예요. 

 

작동 상태 양호하고, 포터필터와 클리닝 태블릿 등 추가구매한 것들도함께 드려요.",380000,2026.04.08,129,5,5
227260947,중고나라,이사 정리,(새상품) 티니핑 아동용 머리핀 세트,"귀여운 캐릭터가 달린 아동용 머리핀이에요
. 다양한 색상과 디자인으로 구성되어 있고 새 제품 상태입니다. 아이들 브라이트 장식용으로 딱 좋아요!
포장은 두번째 사진 참고하세요",9000,2026.04.08,15,0,0
227260907,중고나라,이사 정리,(새상품) 티니핑 키링 세트,귀여운 캐릭터 키링 2개 세트예요! 핑크와 옐로우 컬러의 캐릭터들이 골드 체인에 달려있어서 가방이나 열쇠에 걸기 좋아요.,6000,2026.04.08,13,0,0
227260880,중고나라,이사 정리,(새상품 ) 티니핑 핫츄핑 여아 원피스 110,"귀여운 캐릭터가 프린트된 핑크색 여아 원피스예요. 하단에 꽃무늬 튤 스커트가 달려있어서 정말 예쁘고, 상태도 깨끗한 편이에요.

택은 없어요",12000,2026.04.08,18,0,0
227260477,중고나라,이사 정리,오버패스트 에어로 크랭크 DUB 162.5,"오버패스트 에어로 크랭크 DUB 162.5

45만원 판매하거나 & 사이브레이160mm 
시마노24 교환 합니다",450000,2026.04.08,46,0,2
218418061,중고나라,이사 정리,FPV 드론 SpeedyBee F405 V3 BLS 5,"SpeedyBee F405 V3 BLS 50A 30x30 FC ESC 스택

ESC 와 FC 가 같이 들어 있는 세트 입니다.

미개봉 새제품!!!

직거래 우선!!

파손면책 및 반품 불가 동의시엔 택배 발송 가능!!",92000,2026.04.08,250,4,2
224751123,중고나라,이사 정리,이사정리) 20주년 쿠로미 탐정 중형인형,"기본적으로 편의점 택배로 접수해드리고 제쪽에서도 최대한 성심껏 포장해드리겠습니다. 

오락실, 뽑기샵 인형이라 이염, 얼룩이 있을 수도 있고 제가 발견하지 못한 부분도 있을 수 있다는 점 당부드립니다. 

결제 전에 배송방식을 상의하고 가격을 수정하니 구매 전 채팅으로 먼저 연락해주시길 바랍니다.

중고거래 특성상 환불이 어렵다는 점 참고바랍니다.",8000,2026.04.07,26,0,0
224751077,중고나라,이사 정리,이사정리) 산리오 20주년 쿠로미 치어리더 중형인형,"기본적으로 편의점 택배로 접수해드리고 제쪽에서도 최대한 성심껏 포장해드리겠습니다. 

오락실, 뽑기샵 인형이라 이염, 얼룩이 있을 수도 있고 제가 발견하지 못한 부분도 있을 수 있다는 점 당부드립니다. 

결제 전에 배송방식을 상의하고 가격을 수정하니 구매 전 채팅으로 먼저 연락해주시길 바랍니다.

중고거래 특성상 환불이 어렵다는 점 참고바랍니다.",8000,2026.04.07,23,0,0
224751040,중고나라,이사 정리,이사정리) 산리오 쿠로미 막대과자2 중형인형,"기본적으로 편의점 택배로 접수해드리고 제쪽에서도 최대한 성심껏 포장해드리겠습니다. 

오락실, 뽑기샵 인형이라 이염, 얼룩이 있을 수도 있고 제가 발견하지 못한 부분도 있을 수 있다는 점 당부드립니다. 

결제 전에 배송방식을 상의하고 가격을 수정하니 구매 전 채팅으로 먼저 연락해주시길 바랍니다.

중고거래 특성상 환불이 어렵다는 점 참고바랍니다.",7000,2026.04.07,23,0,0
224654066,중고나라,이사 정리,이사정리) 산리오 쿠로미 똥글똥글 중형인형,"기본적으로 편의점 택배로 접수해드리고 제쪽에서도 최대한 성심껏 포장해드리겠습니다. 

오락실, 뽑기샵 인형이라 이염, 얼룩이 있을 수도 있고 제가 발견하지 못한 부분도 있을 수 있다는 점 당부드립니다. 

결제 전에 배송방식을 상의하고 가격을 수정하니 구매 전 채팅으로 먼저 연락해주시길 바랍니다.

중고거래 특성상 환불이 어렵다는 점 참고바랍니다.",6000,2026.04.07,26,0,0
224291131,중고나라,이사 정리,헌터x헌터 곤 목걸이,"✨ 헌터X헌터 그리드 아일랜드 아이템 팬던트 목걸이 ✨

✔ 사이즈: 가로 2.6cm × 세로 3.7cm
✔ 무게: 약 10.5g
✔ 소재: 합금 + 유리 돔 세팅
✔ 색상: 골드 프레임 & 블루 크로스 디자인

🎮 애니메이션 헌터X헌터 그리드 아일랜드 편에 등장하는 아이템을 그대로 구현한 팬던트 목걸이입니다.
거북이 모양의 프레임 속 신비로운 블루 크로스 문양이 특징이며, 애니 속의 아이템을 현실에서 소장할 수 있는 특별한 굿즈입니다.

🎁 특징
 • 헌터X헌터 팬이라면 소장 가치 100%
 • 애니메이션 속 아이템 디자인 그대로 재현
 • 가볍고 편안한 착용감 (10.5g)
 • 코스프레, 애니 굿즈 컬렉션, 선물용으로 추천

🔥 팬들에게는 소장 아이템, 코스프레 유저에게는 완성도를 높여주는 필수 아이템!
데일리 패션 목걸이로 착용해도 세련된 분위기를 연출할 수 있습니다.",7000,2026.04.07,127,8,0
227236874,중고나라,이사 정리,CP4+1221샤프트 코브라,"cp4+1221
코브라 슬리브
샤프트 s 입니다",50000,2026.04.07,4,0,0
226880705,중고나라,이사 정리,ps4 11.0 500g,"ps4 본체 듀얼쇼크4 1개
전원선 hdmi선 구성입니다

펌11.0으로 멈춰있고요
잘작동합니다",120000,2026.04.07,192,1,1
227231527,중고나라,이사 정리,DDR4 8GB 3200 1장,"DDR4 8GB 3200 1장

12:00 ~ 13:00 사이에는 조치원에서 거래가능

19:00 ~ 23:00 사이에는 대전 선화동 인근에서 거래가능

택배거래는 선입금하시면 택배발송해드립니다 안전결제x

채팅주세요",45000,2026.04.07,32,0,3
227231466,중고나라,이사 정리,DDR4 8GB 2666 2장 세트,"DDR4 8GB 2666 2장 세트

세트로 판매합니다.

12:00 ~ 13:00 사이에는 조치원에서 거래가능

19:00 ~ 23:00 사이에는 대전 선화동 인근에서 거래가능

택배거래는 선입금하시면 택배발송해드립니다 안전결제x

채팅주세요",75000,2026.04.07,42,0,3
227231303,중고나라,이사 정리,"PM991a, PM871b 256gb 2개 세트","PM991a 256GB M.2 NVMe SSD 1개
PM871b 256GB M.2 SATA SSD 1개

세트로 판매합니다.

12:00 ~ 13:00 사이에는 조치원에서 거래가능

19:00 ~ 23:00 사이에는 대전 선화동 인근에서 거래가능

택배거래는 선입금하시면 택배발송해드립니다 안전결제x

채팅주세요",65000,2026.04.07,25,0,0
227230753,중고나라,이사 정리,PM991a M.2 NVMe SSD 512GB,"PM991a M.2 NVMe SSD 512GB

12:00 ~ 13:00 사이에는 조치원에서 거래가능

19:00 ~ 23:00 사이에는 대전 선화동 인근에서 거래가능

채팅주세요",80000,2026.04.07,37,0,1
227230193,중고나라,이사 정리,리지드 관통기,"리지드 변기 관통기 판매합니다
배관업 그만두기 전에 사서 2번 정도 썼습니다",80000,2026.04.07,98,1,0
227230096,중고나라,이사 정리,비아지오 v6 전기 자전거,"배달용으로 딱 6번 사용했던 V6전기자전거예요. 뒤쪽에 배달박스가 달려있어서 바로 배달 시작할 수 있고, 접었다 펼 수 있어서 보관도 편리해요.
안전모 ,핸드폰 충전기, 배달통 전체 포함 가격입니다",1750000,2026.04.07,152,0,0
227224249,중고나라,이사 정리,로랜드RD2000,"RD2000 스테이지 피아노 아주좋은 명품 악기입니다 
상태a급 거의사용 없어요 칠시간없어 집에 모셔둠 
지역은 대전입니다 01048319225문자 남겨주세요 판매가격은220만원입니다 주유비정도 네고가능요",2200000,2026.04.07,60,1,1
226052127,중고나라,이사 정리,(급처. 이사정리) 세계 탐험 만화 역사상식 보물찾기 1~26권 + 살아남기 7권,"세계 탐험 만화 역사상식 보물찾기 시리즈 1권부터 26권까지, 그리고 살아남기 시리즈 7권 있습니다!
아이들이 만화로 쉽고 재미있게 세계 역사와 상식을 배울 수 있어요~

네고 문의 가능!!

전체적으로 깨끗합니다 

직거래 희망!! (화명동. 대저동) 택배 가능 착불

중고 나라에 사기가 많던데 사기 아닙니다!! 정직하고 빠르게 택배 발송 해드립니다.당근이나 번장에서도 판매 중입니다. 

문의 사항이 있으시면 언제든지 연락 바랍니다 ㅎㅎ 친절히 답변 드리겠습니다 ㅎㅎ",70000,2026.04.07,85,0,1
227211924,중고나라,이사 정리,아티산 타입99식 XXL SOFT 말차,"26년 1월 2일에 구매해서 2개월 정도 사용했습니다. 
사용하면서 문제생긴 부분 없었습니다. 
입금일 기준 다음 날까지 우체국 택배로 보내드립니다. (휴일 제외)
안전결제X 괜찮으신 분만 연락 부탁드립니다. 
환불X",29000,2026.04.07,29,0,1
227211869,중고나라,이사 정리,아티산 타입99식 XXL MID 말차,"25년 10월 28일에 구매해서 2개월 정도 사용했습니다. 
량글 영상에 나오는 마우스 패드 세척 방법으로 한 번 세척 했습니다. 
사용하면서 문제생긴 부분 없었습니다. 
입금일 기준 다음 날까지 우체국 택배로 보내드립니다. (휴일 제외)
안전결제X 괜찮으신 분만 연락 부탁드립니다. 
환불X",19000,2026.04.07,109,1,3
227211533,중고나라,이사 정리,독거미 f87 pro 그린 회목축,"26년 2월 25일에 구매했고 1개월 정도 사용했습니다. 
사용하면서 문제생긴 부분 없었습니다. 
구성품 모두 다 있습니다. (사진엔 없지만 미사용 케이블 포함)
입금일 기준 다음 날까지 우체국 택배로 보내드립니다. (휴일 제외)
안전결제X 괜찮으신 분만 연락 부탁드립니다. 
환불X",29000,2026.04.07,44,0,1
213584000,중고나라,이사 정리,아디다스 네메시스 19.1,"아디다스 네메시스 19.1 팝니다!
진짜 몇번 안신어서 거의 새상품입니다
네메시스 정말 편해요!
저렴하게 구매하세요!!
사이즈 250입니다",30000,2026.04.07,200,2,3
216043481,중고나라,이사 정리,푸마 퓨처7 얼티메이트 fg BNA 네이마르 한정판,"푸마 퓨처7 얼티메이트 엘리트 fg 팝니다
사진 속 한국에서 판매하지 않은 네이마르 한정판입니다

해외직구로 30만원 넘게 구매했습니다
거의 안신어서 상태 매우 좋습니다
상자까지 다 보유 중 입니다
연락 주시면 사진 보내드릴게요!
상태 좋습니다!!",100000,2026.04.07,99,0,1
216066539,중고나라,이사 정리,푸마 퓨처7 얼티메이트 BNA 네이마르 한정판,"푸마 퓨처 얼티메이트 엘리트 fg 팝니다
사이즈는 255입니다
사진 속 한국에서 판매하지 않은 네이마르 한정판입니다
해외직구로 30만원 넘게 구매했습니다
상자까지 다 보유 중 입니다
연락 주시면 사진 보내드릴게요!
상태 좋습니다!!",95000,2026.04.07,193,4,2
227205179,중고나라,이사 정리,"라이젠 5700x3d, msi b550 gaming edge wifi, 램32기가 팝니다.","라이젠 5700x3d
msi b550 gaming edge wifi
삼성 램3200 16gbx2

2년정도 사용하였습니다.
오늘까지도 사용한 제품이고 이상없습니다.
세종시 지역 직거래도 환영입니다.
박스는 메인보드만 남아있어요",600000,2026.04.07,114,2,3
226897479,중고나라,이사 정리,파워칼라 RX9070XT 헬하운드 판매,,860000,2026.04.07,294,1,1
185429670,중고나라,이사 정리,타이어 리페어킷(바람 넣는 기계)입니다,"새상품이고 
품번 52933-1P000입니다.
문제 있을시 환불 가능 합니다.",12000,2026.04.06,124,1,3
227203264,중고나라,이사 정리,칠보공예 전문가 세트 (전기 가마 + 유약 다수 + 도구일괄) 가격 낮췄습니다 이사로 정리중입니다,,950000,2026.04.06,244,2,4
227197497,중고나라,이사 정리,HU710PB 스탠드 팔아요,,45000,2026.04.06,104,1,2
227184127,중고나라,이사 정리,10세대 i5-10400 CPU,,110000,2026.04.06,27,1,2
226052374,중고나라,이사 정리,(급처. 이사 정리) 듀오삼단5T메모리폼 매트,"듀오삼단5T메모리폼 매트 팝니다.

사용감은 조금 있으나 그위에 이불을 더 깔고 사용했기에 흠집이나 깊은 째짐이 없습니다. 


직거래만 가능!!

중고 나라에 사기가 많던데 사기 아닙니다!! 당근이나 번장에서도 판매 중입니다. 


문의 사항이 있으시면 언제든지 연락 바랍니다 ㅎㅎ 친절히 답변 드리겠습니다 ㅎㅎ",40000,2026.04.06,34,0,1
227181053,중고나라,이사 정리,ps4 레드데드리뎀션2 팝니다~~~~~,,18000,2026.04.06,20,0,1
225601638,중고나라,이사 정리,"코페르 포에버 기초라인, 사니엘 물먹 판매합니다!","✅️★★★3개이상부터 거래가능★★★
✅️ 수량은 한번씩 추가됩니다!! 

안심거래❌️ 애눌❌️
직거래⭕️ (제가있는곳으로 오셔야해요)
택배거래⭕️ (로젠4.000원)


사니엘 👇

물먹 (르메이엘) 29.1.5 ㅡ 9개 / 8개남음

코페르 👇

팩투폼 27.12.15 ㅡ 11개 / 6개남음
때국물 27.3.25 ㅡ 7개 / 6개남음
더마앰플 27.3.31 ㅡ 8개 / 6개남음
시그니처앰플 28.1.6 ㅡ 9개 / 5개남음
솔루션 28.1.13 ㅡ 11개 / 6개남음
멜라크림 28.9.22 ㅡ 6개
딥프팅앰플 27.12.03 ㅡ 7개 / 3개남음
360리프팅크림 27.12.01 ㅡ7개 / 3개남음
미스트 27.3.25 ㅡ 3개 / 2개남음
선크림 27.12.16 ㅡ 10개 / 2개남음
선드랩핑 27.8.18 ㅡ 2개 
멜더sos시스템 28.6.60 ㅡ 7개 / 4개남음


코페르 공홈에보시면 원가격과 자체할인가격 
보실수있습니다!!
판매제품 공구가 개당 구매가격보다 저렴합니다!!
많이 쟁겨놔서 저렴하게 제가쓸것 놔두고 정리합니다^^
효능,효과,성분등은 코페르 공홈에 찾아보시면 되세요~!!
모공,기미, 유수분밸런스, 피부장벽, 탄력, 주름, 홍조,미백 
리프팅 위주입니다!!!",123456,2026.04.06,85,1,3
224158120,중고나라,이사 정리,헌터x헌터 헌터라이센스 카드케이스,,4500,2026.04.06,198,6,2
227173099,중고나라,이사 정리,소형 트럭용 원 터치지게발,"소형 트럭용 지게발35마력 사용할라고 구입했습니다. 
한번도 사용 안한 새제품 입니다 
판매지역. 대구광역시군위군 
☎️ 삼오공팔사팔구구",450000,2026.04.06,94,0,0
227172902,중고나라,이사 정리,농업용 스프링클러 (대포),,80000,2026.04.06,44,0,1
227171844,중고나라,이사 정리,02포크레인 대바가지,"02포크레인 대바가지 
1회사용 했습니다 
판매지역. 대구광역시군위군 
☎️ 삼오공팔사팔구구",350000,2026.04.06,70,0,1
224638415,중고나라,이사 정리,반다이 MG 발바토스 가조입니다.,,25000,2026.04.05,220,6,0
227152546,중고나라,이사 정리,로지텍 g309 화이트,"26년 4월 5일에 일렉트로마트에서 구매했고 2분 정도 사용했습니다. 
영수증 보유중입니다. 
사용하면서 문제생긴 부분 없었습니다. 
입금일 기준 다음 날까지 우체국 택배로 보내드립니다. (휴일 제외)
안전결제X 괜찮으신 분만 연락 부탁드립니다. 
환불X",39000,2026.04.05,38,0,2
226742167,중고나라,이사 정리,"닌텐도 3ds, ds 칩 팝니다","리듬세상 더 베스트 플러스 ㅍㅁㅇㄹ
레이튼교수 악마의 상자 ㅍㅁㅇㄹ
브레이블리 세컨드 2만5천원
루이지맨션 다크문 ㅍㅁㅇㄹ
포켓몬 불가사의던전 시간의 탐험대 ㅍㅁㅇㄹ
신세계수의 미궁 밀리니엄의 소녀 2만5천
마법천자문2 8천원
동키콩리턴즈 8천원
레고 라발의여행 5천원
비타민 위대한밥상 5천원
마인크래프트 ㅍㅁㅇㄹ
마인크래프트 던전스 ㅍㅁㅇㄹ
포켓몬 바이올렛 ㅍㅁㅇㄹ
팝니다

Gs25 택배
반택 2천원
택포 4천원",9999,2026.04.05,220,0,1
227145514,중고나라,이사 정리,삼성 사운드바 q930f 팝니다,"삼성 사운드바 q930f 거의 새상품 팔아요
2025. 10월 제조품이고
개봉 후 몇일 테스트로만 사용 후 판매합니다",540000,2026.04.05,212,3,3
227124745,중고나라,이사 정리,애니메이션 캐릭터 인형 세트,"단다단의 귀여운 미니 누이구루미에요! 아이라, 모모가 있고, 상태도 깨끗한 편입니다. 덕질 정리로 판매해요. 3개 같이 구매 시 45000원에 드립니다!",20000,2026.04.04,15,0,0
226831566,중고나라,이사 정리,아디다스 프레데터 리그 로우 245mm,"아디다스 프레데터 리그
사용감 있지만 상태 좋습니다
사이즈 245

매우 싸게 팝니다
배송비 무료
안전결제 가능",19000,2026.04.04,22,1,0
227108225,중고나라,이사 정리,골프공,"mu 골프공 2개들이 3개 총6개
kirkland 골프공4개

택배비 : 선
직거래 : 세종시 조치원
안전거래 : 세이프유 중고나라 가능 수수료 구매자부담
연락처 : 응 5437 132일",25000,2026.04.04,13,0,0
227108026,중고나라,이사 정리,삼성 디지탈카메라 VLUU PL10,"삼성 디지탈카메라 VLUU PL10
본체 충전케이블이 전체입니다

촬영잘되고 블루투스 와이파이 없는 모델입니다

택배비 : 선
직거래 : 세종시 조치원
안전거래 : 세이프유 중고나라 가능 수수료 구매자부담
연락처 : 응 5437 132일",200000,2026.04.04,17,0,0
227106925,중고나라,이사 정리,도요 코바4 6.8대1 블랙 우핸(딥스풀+쉘로스풀),"도요 코바4 6.8대1 블랙 우핸(딥스풀+쉘로스풀)

풀박스, 보증서 포함 이며
생활기스는 있을 수 있으나 눈에띠거나 하는 스크레치는
없습니다.
쉘로스플은 미사용품입니다
딥에는 생선용 1.2호 쉘로에는 쭈갑용 0.8호 사용하면될듯 합니다


택배비 : 선
직거래 : 세종시 조치원
안전거래 : 세이프유 중고나라 가능 수수료 구매자부담
연락처 : 응 5437 132일",380000,2026.04.04,68,1,3
227106818,중고나라,이사 정리,다이와 솔티가 IC 100 우핸 6.3대1 고맥서스핸들,"다이와 솔티가 IC 100 우핸 6.3대1 고맥서스핸들

구입가 솔티가 릴 560000 고맥서스 핸들 100000

솔티가 IC-100이고 6.3대1의 기어비 입니다.
광따에 서브릴로만 5번 정도 출조하였고
릴에 콕이나 이런거는 없고 직구 입니다.
참돔도 좋습니다
DI테클 2호라인 만땅 감겨 있고 풀박이며 기존핸들은없습니다
고맥서스 120핸들로 깔마춤 변경해놔 이쁩니다

택비 : 선
직거래 : 세종시 조치원
안전거래 : 세이프유 중고나라 수수료 구매자부담 가능
연락처 : 응 5437 132일",600000,2026.04.04,250,0,1
227100966,중고나라,이사 정리,밀워키M12충전기,"밀워키 m12충전기 입니다
구입후 한번도 사용 안한제품 입니다
기존 충전기 분실후 구입 했어나
충전기 다시 찿아 판매합니다
택배시 착불입니다
010-3533-2737",20000,2026.04.04,32,0,2
226864300,중고나라,이사 정리,닌텐도 new 3ds xl 피카츄에디션 풀박스 팝니다,"닌텐도 new 3ds xl 피타츄에디션 풀박스 팝니다

구성품 빠짐없이 모두있고

기스없고 경첩, 버튼, 스틱 상태 최상입니다

추가로 사진 요청하시면 더찍어드릴수 있습니다

제 거래내역 많고 안심결제, 직거래 다 가능합니다

연락주세요",950000,2026.04.04,442,9,3
226309916,중고나라,이사 정리,칸나 카무이 넨도로이드 1963,"칸나 카무이 넨도로이드 no.1963

미개봉 새상품 박스 손상 없습니다.",95000,2026.04.04,38,1,0
227098113,중고나라,이사 정리,이사정리) 포켓몬 잉어킹 봉제인형,"기본적으로 편의점 택배로 접수해드리고 제쪽에서도 최대한 성심껏 포장해드리겠습니다. 

오락실, 뽑기샵 인형이라 이염, 얼룩이 있을 수도 있고 제가 발견하지 못한 부분도 있을 수 있다는 점 당부드립니다. 

결제 전에 배송방식을 상의하고 가격을 수정하니 구매 전 채팅으로 먼저 연락해주시길 바랍니다.

중고거래 특성상 환불이 어렵다는 점 참고바랍니다.",10000,2026.04.04,14,0,0
226641452,중고나라,이사 정리,(새상품)산리오 머리핀세트 일괄 쿠로미 시나모롤 헤어핀 머리삔,"새상품이고요 
일괄가격이에요",9000,2026.04.03,16,0,0
226796866,중고나라,이사 정리,(새상품) 엘사 치랭스 120사이즈,"캐릭터가 프린트된 여아용 레깅스와 볼가운 스타일 스커트 세트예요. 화려한 컬러의 볼가운에 별무늬 장식이 있어서 정말 예뻐요! 상태 양호하고 아이가 입기 좋을 것 같아요.

사이즈120 
택 없어요",6000,2026.04.03,15,0,0
226796965,중고나라,이사 정리,(새상품)산리오 마이멜로디 파자마 원피스,"귀여운 캐릭터가 프린트된 핑크 체크 패턴 파자마예요. 레이스 트리밍과 리본 디테일이 포인트이고, 새상품 상태로 깔끔해요.

❤️선물로 받은거라 사이즈 조언 어려워요 ㅠ

귀여운 마이멜로디 캐릭터와 핑크 체크 패턴이 사랑스러운 잠옷입니다
레이스 카라와 리본 디테일이 더해져 더욱 예뻐요
부드러운 소재로 편안하게 착용 가능합니다

🍋‍🟩스판기 있어요
❤️사이즈16호 (사이즈 조언 어려워요 ㅠ)
🍓총 기장 72CM

🍓교환이나 환불 안됩니다",7000,2026.04.03,17,0,0
227080104,중고나라,이사 정리,기아 더뉴셀토스 라이트 LED 프로젝션 타입 12핀,궁금하신부분 챗주세요,235000,2026.04.03,25,0,0
226453123,중고나라,이사 정리,이사 전 집 서재 정리 처분합니다,"📢 제목에 ""출판사+책 이름+저자”를 넣어 작성하면, 보다 빠른 판매가 가능합니다! 
📢 게시글 작성 시 배송 방법에 “직거래”와 “내 위치” 설정할 경우, 보다 빠른 판매가 가능합니다! 
개인인데 책을 3000권쯤 집에 가득 갖고있습니다.
이사 전 팔면 좋겠네요.
책 더 있는 건 정리하는데로 올립니다.
왼쪽 가격 아니고 오른쪽 가격으로 팝니다.


010-2298-531일






🚨회원님의 거래 게시글을 노린 중고나라 운영진 사칭 피싱 사이트를 주의하세요🚨",2000,2026.04.03,55,0,1
226792103,중고나라,이사 정리,펄사 펄벡 fs-1,"펄벡fs1 03.10구매입니다
상태 좋아요 직거래 택배거래 안전거래 다 가능",135000,2026.04.03,266,2,4
226759917,중고나라,이사 정리,"이시다 uni-5L 라벨 프린터기 전자저울,정육점 저울 (정육,마트 사용)","이시다 uni-5L 라벨 프린터기 전자저울,정육점 저울 (정육,마트 사용) 

사용감있습니다 감안해서 싸게 내놓습니다

직접오시건가 화물로 받아가시던가 하셔야 할것같습니다",600000,2026.04.03,99,1,6
226784899,중고나라,이사 정리,[판매] AMD 라이젠 스레드리퍼 PRO 3975WX (샤갈 PRO / 32코어) 단품판매합니다.,"1. 제품 상세 정보

제품명 : AMD Ryzen™ Threadripper™ PRO 3975WX (sWRX8 소켓)

주요 사양 : 32코어 / 64스레드, 기본 3.5GHz / 최대 4.2GHz, L3 캐시 128MB

구성품 : CPU 본체

AS 여부 : 3년 만료되었습니다.",450000,2026.04.03,289,5,2
225450447,중고나라,이사 정리,젠틀몬스터 karl,"실착0회 새제품 렌즈 교환했는데 원래 껴져있는 렌즈 드립니다.
제 상품판매 내역 보시면 실착 횟수는 다 솔직하게 말씀드립니다.
택배/직거래 가능합니다",70000,2026.04.03,112,1,2
226784538,중고나라,이사 정리,[판매] AMD 라이젠9 9950X3D (병행수입 / 플라스틱 케이스 포함),"제품명: AMD 라이젠9 9950X3D

구성품: CPU 본체 + 전용 플라스틱 패키징 케이스 (※ 종이 박스는 없습니다)

구매 시기: 2024년 

탈거 전까지 아무 문제 없이 정상 작동 확인했습니다. 핀 휘어짐이나 외관상 찍힘 전혀 없는 A급 상태입니다.

특이사항: 현재 종이 박스는 분실하여 플라스틱 투명 케이스(클램쉘)에 안전하게 담겨 있습니다.

실 사용하실 분만 문의주세요.",600000,2026.04.02,276,4,5
227047169,중고나라,이사 정리,"오늘만 특가 노바엘리트 ,펄백fs-1, 아펙스5","오늘만 특가로 팝니다
노바엘리트600000 (판완)
펄벡 130000
아펙스5 130000 (판완)",110000,2026.04.02,64,0,1
226534039,중고나라,이사 정리,헌터 X 갤럭시 북 파우치 새상품,"헌터와 갤럭시 북의 콜라보 파우치입니다.
미개봉 새상품이며, 흰색입니다.
노트북 가방으로 사용하기 좋습니다.",40000,2026.04.02,43,1,2
227043456,중고나라,이사 정리,아펙스5 정발 충전독 케이스,"기능 문제 없는 정발 아펙스5 판매합니다.
패드를 잘 안 써서 그냥 판매하려고합니다.
직거래 택배거래 둘 다 가능합니다.
충전독 케이스 다 포함입니다",130000,2026.04.02,54,1,2
226647246,중고나라,이사 정리,항아리 뚜껑37개,항아리 뚜껑 큰것 작은것 37개 다용도로 사용가능 족발집 족발.보쌈 용기로 사용하였음,200000,2026.04.02,17,0,1
227034158,중고나라,이사 정리,아로니아 4년생 2만주,"아로니아 4년생 2만주 직접캐가는 조건입니다
1주당 1천원 입니다",1000,2026.04.02,14,0,0
227018342,중고나라,이사 정리,소형 관리기 아세아 관리기 AMC 880,농업용 소형 관리기로 밭갈이와 경운 작업에 사용하는 장비입니다. 사용감은 있지만 작동 상태 양호하며 농사일에 바로 활용 가능해요. 아세아 관리기 AMC 880 판매 로타리 구글 포함 150만원 이며 문의 010-2714-6995,1500000,2026.04.02,668,14,3
227011098,중고나라,이사 정리,시마노 550,"시마노 550
상태 좋아요",50000,2026.04.01,22,0,0
226998567,중고나라,이사 정리,아이폰14pro 128gb 딥 퍼플,"아이폰14pro 128gb 딥퍼플
배터리성능 83%",550000,2026.04.01,17,0,1
226988984,중고나라,이사 정리,14인치 순정휠 타이어 세트,"순정 14인치 휠과 타이어 4개 세트입니다. 타이어 트레드 상태 6~7mm 양호하고 휠 스크래치 없어요. 바로 장착 가능한 상태로 판매합니다.
TPMS센서.훨커버 포함 입니다.
신품 타이어 트레드8~8.5mm
펑크이력 사이드글힘 없읍니다
부피가 커서 직거래 나 화물배송가능 합니다
010-5425-3987",200000,2026.04.01,46,1,2
226983501,중고나라,이사 정리,삼성 JBL BAR 800 사운드바 팔아요,"삼성 공식 파트너 JBL BAR 800 사운드바 판매해요
집에서 영화관 같은 사운드를 즐길 수 있는 제품이에요
구성품은 사진에 보이는 사운드바와 우퍼입니다
풍부한 사운드로 몰입감 넘치는 경험을 선사할 거예요

리모컨 우퍼 사운드바 사이드캡 파워케이블 구성품 그대로이며 최근 구매했다가 다른스피커가 생겨 판매해용",450000,2026.04.01,205,2,3
226980966,중고나라,이사 정리,콜로이드분쇄기 5마력,"외형치수 685 × 335 × 928mm
전원 380V, 4Kw, 5HP
기기중량 약 200Kg
처리능력 50~100Kg/h

스테인리스 재질로 되어있고, 분쇄날은 초고장력 스테인리스(STS420J2) 열처리강을 사용하여, 내구성과 위생성이 매우 뛰어납니다.

원물과 생산량에 따라 마력수를 정할 수 있으며, 다양한 마력수 보유중 5마력 10마력 15마력 25마력 50마력",4000000,2026.04.01,27,0,0
226980946,중고나라,이사 정리,대형엔진펌프,"농작업용 엔진펌프입니다. 사용감은 있지만 작동에는 문제없어요. 농사일에 유용한 장비로 저렴하게 내놓습니다.
호스포함
판매지역. 경북영덕
 ☎️ 삼오공팔사팔구구",1700000,2026.04.01,23,0,0
226980755,중고나라,이사 정리,영흥고압 피스톤펌프 2500,"영흥고압 피스톤펌프 2500입니다 
경운기 부착용 입니다 
바로사용 하시면 됩니다 
판매지역. 대구광역시군위군 
판매가격. 22만원 (택배착불)
택배착불가능 합니다 
☎️ 삼오공팔사팔구구",220000,2026.04.01,164,1,1
226980617,중고나라,이사 정리,콜로이드분쇄기 15마력,"외형치수 975 × 456 × 1054mm
전원 380V, 11Kw, 15HP
기기중량 약 400Kg
처리능력 200Kg/h 이상

스테인리스 재질로 되어있고, 분쇄날은 초고장력 스테인리스(STS420J2) 열처리강을 사용하여, 내구성과 위생성이 매우 뛰어납니다.

원물과 생산량에 따라 마력수를 정할 수 있으며, 다양한 마력수 보유중 5마력 10마력 15마력 25마력 50마력",6000000,2026.04.01,163,1,0
226965719,중고나라,이사 정리,plaud 노트 핀,"녹음기입니다!!! 

작동 이상없음",200000,2026.03.31,52,2,1
224805559,중고나라,이사 정리,"이사정리,후류) 슈퍼소니코 동화 스페셜 하트의 여왕","공간부족으로 진열할 수가 없는 관계로 처분합니다. 현재 하자검수 겸 개봉촬영 후 재봉했습니다.

보관기간이 길어서 피규어 박스에 약간의 구겨짐이 있을 수 있지만 본체에는 별 문제는 없었습니다. 

기본적으로 편의점 택배로 접수해드리며 제 선에서 최대한 파손의 위험이 없게 노력하여 포장하였음을 구매자분께 고지해드립니다. 

중고거래 특성상 교환/환불이 불가하다는 점 인지해주십시오.

그리고 구매의사를 확실히 결정하시고 문의해주십시오. 

구매 전에 일반과 반값 중 택배비를 정해야 하니 결제 전 문의 주시기 바랍니다.",40000,2026.03.31,89,2,1
224805829,중고나라,이사 정리,"이사정리,후류) 슈퍼소니코 동화 스페셜 백설공주","공간부족으로 진열할 수가 없는 관계로 처분합니다. 현재 하자검수 겸 개봉촬영 후 재봉했습니다.

보관기간이 길어서 피규어 박스에 약간의 구겨짐이 있을 수 있지만 본체에는 별 문제는 없었습니다. 

기본적으로 편의점 택배로 접수해드리며 제 선에서 최대한 파손의 위험이 없게 노력하여 포장하였음을 구매자분께 고지해드립니다. 

중고거래 특성상 교환/환불이 불가하다는 점 인지해주십시오.

그리고 구매의사를 확실히 결정하시고 문의해주십시오. 

구매 전에 일반과 반값 중 택배비를 정해야 하니 결제 전 문의 주시기 바랍니다.",40000,2026.03.31,73,2,1
226409710,중고나라,이사 정리,"화이트닝기계에요 아직도몇백에 파는중,","화이트닝기기 에요. 
직 접 오셔서 가져가셔야 하기에 저렴히 내놓습니다. 
현재도 200선으로판매도 하네요",300000,2026.03.31,41,0,3
200613869,중고나라,이사 정리,페이유 g6max 짐벌,"끼워보고 실사용하지 않았습니다
한번도 사용하지 않음

저렴히 드립니다",160000,2026.03.31,112,1,1
226955200,중고나라,이사 정리,전기 회전 구이기,"380V, 6Kw
최대 300도까지 온도설정
자동 360도 회전기능 및 내부조명기능

열풍이 내부에 고르게 순환되는 구조이며,
기름은 하단으로 자연스럽게 배출되는 구조입니다.",2000000,2026.03.31,42,1,0
226952303,중고나라,이사 정리,트럭캠퍼 차박스,"베스트메이크 트럭캠퍼 차박스

세금계산서 OK / 제조사 AS 1년 중고 가격에 신품!

구성품

프레임 전체 304 스텐레스 설계 녹 발생 0%

테이블 가변형 침상 벙커 적용

인산철 배터리 280A

순수정현파 2KW 인버터

DC 에어컨 ( 자동차 에어컨과 동일 합니다 ) 성능 최고

DC 냉장고 98L 냉장 냉동 분리형

무시동히터 바닥난방 포함 

청수 55L 내장형

20L 전자렌지

카라반 창문 적용 방충망 블라인드 적용

미니 개수대

샤워실 & 이동식 화장실 적용

외부샤워기

외부 한전 

외부 USB

부가세 포함 금액으로 세금계산서 100% 발행

구입 일로부터 제조사 1년 AS 가능

문의전화 042 583 8336

#트럭캠퍼 #차박스 #차박스캠핑카",1990,2026.03.31,476,9,0
226949204,중고나라,이사 정리,아티산 제로 XSOFT XXL,"받고 5분 정도 사용했습니다. 
사용하면서 문제생긴 부분 없었습니다. 
입금일 기준 다음 날까지 우체국 택배로 보내드립니다. (휴일 제외)
안전결제X 괜찮으신 분만 연락 부탁드립니다. 
환불X",49000,2026.03.31,23,0,1
226833039,중고나라,이사 정리,애플워치 에르메스 싱글 투어 디버클 밴드 45mm,"애플워치 에르메스 싱글 투어 
디플로이먼트 버클(디버클) 밴드 팝니다
사이즈는 45mm 이고 풀박스로 가지고 있습니다
가죽 늘어남없이 깨끗하게 사용했습니다
문의사항 있으시면 연락주세요",250000,2026.03.31,58,0,3
226328324,중고나라,이사 정리,gmktec n97 mini pc 삽니다,"ram : 12GB
ssd : 126~256GB

15~20 가격협의",150000,2026.03.31,226,2,3
226939743,중고나라,이사 정리,대형엔진양수기,"농작업용 엔진펌프입니다. 사용감은 있지만 작동에는 문제없어요. 농사일에 유용한 장비로 저렴하게 내놓습니다.
판매지역. 경북영덕 
 ☎️. 삼오공팔사팔구구",1700000,2026.03.31,37,0,0
226939633,중고나라,이사 정리,영흥고압피톤펌프2500,"영흥고압피스톤펌프입니다. 사용감은 있지만 작동에는 문제없어요. 농업용이나 산업용으로 활용 가능합니다.
판매지역. 대구광역시군위군 
☎️ 삼오공팔사팔구구",220000,2026.03.31,22,0,0
219887401,중고나라,이사 정리,탁상용 파이롤러,"탁상용 파이롤러 / 안심결제 / 반품 x / 네고 x
성인 남성 2명 이동 가능
최소 1800x700 테이블 공간에 배치 가능
거래시 이동할 날은 매장운영으로 인해 자유롭게 일정 조율이 가능하신분
내용을 숙지하신후 문의 주시기 바랍니다.",1200000,2026.03.31,963,15,13
226937159,중고나라,이사 정리,폭섬제타 팝니다,"닐슨 톨기스 미개봉 - 판매완료,
폭섬제타 미개봉 - 3만 팝니다.

중고거래 특성상 반품, 환불 불가이며 택배거래시 +5000원입니다. 네고는 사양합니다
직거래는 대전 낭월동, 부사동 맥도날드 앞에서 가능합니다.",30000,2026.03.31,58,0,2
226927345,중고나라,이사 정리,프로급 야구글러브,"제트 프로스테이터스 겐다소스케 모델 글러브 입니다
검정색상에 흰색 스티치로 깔끔한 디자인 입니다
사용감 진짜 적고 2-1-1로 잠깐 사용 했습니다
글러브 오일 꾸준히 바르면서 관리 했습니다
와서 상태 보시고 결정하셔도 됩니다
아직 길 다 안 드려져서 쓰시면서 손에 맞춰가시면 될거 같아요 네고 가능하니 연락 편하게 먼저 주세요
연식이긴 하지만 프로스테이터스 라서 이 가격에 올려봅니다 
구매시 글러브 오일,롤링스 유지보수 브러쉬,글러브 주머니,글러브 박스 같이 드리겠습니다",350000,2026.03.30,126,1,2
226924750,중고나라,이사 정리,나는네가..플래툰 영화 블루레이 팝니다.,,43000,2026.03.30,30,0,1
219839557,중고나라,이사 정리,캘러웨이 에픽맥스 드라이버 9도(특주),"제품명 : 캘러웨이 에픽맥스 드라이버 9도

가격 : 30만원

거래 가능 지역 : 충북 청주시 오송읍 또는 세종시 조치원읍 또는 택배

상세설명 및 이미지: 
에픽맥스 드라이버 9도 : 민트급, 캘러웨이 정품 특주샤프트(텐세이오렌지 ck 5s)",300000,2026.03.30,88,0,1
226081573,중고나라,이사 정리,닥스키즈 하우스체크 투인원 원피스 130(9y),"닥스 여아용 체크 원피스 130(9y)사이즈입니다
 
⁃ 8-9세 아이에게 적합합니다
특별한 하자 없이 상태 양호합니다.
착용회수 적음",55000,2026.03.30,108,5,0
226917307,중고나라,이사 정리,업소용 두유기,"380V, 5.5Kw
120메쉬 필터망 적용
분당 화전수 2850rpm
처리능력 180kg/h",3000000,2026.03.30,66,2,0
226917030,중고나라,이사 정리,숯불 회전 훈제기,"숯불 회전 훈제기 고기, 오리훈제 가능합니다.",3000000,2026.03.30,30,0,0
226909905,중고나라,이사 정리,레벨기 세트,"수평기와 삼각대가 포함된 완전한 세트입니다. 전용 케이스에 깔끔하게 보관되어 있고 상태 양호해요. 건설 현장이나 벽면 작업에 바로 사용 가능합니다.
판매지역. 대구광역시군위군 
 ☎️ 삼오공팔사팔구구",100000,2026.03.30,20,0,0
226909803,중고나라,이사 정리,농업용 가습기 2개세트,"농업용 가습기 2대입니다 
바로사용 하시면 됩니다 
판매지역. 대구광역시군위군 
☎️ 삼오공팔사팔구구",80000,2026.03.30,15,0,0
226582395,중고나라,이사 정리,아이폰 16 프로맥스 화이트 1TB,"아이폰 16 Pro Max 1tb 실버 색상 판매합니다
배터리 성능은 91%입니다
처음 구매할 때 같이 구매했던 새 정품 케이스 2개와 esr 할로락 케이스 2개, 여분의 힐링쉴드 ar 강화유리, 반사 방지 렌즈 프로텍터 함께 드립니다.
현재 ar 강화유리 및 반사캔슬링 카메라 ar 필름 붙어있습니다.",1500000,2026.03.30,268,2,2
226898391,중고나라,이사 정리,농업용 관리기 AMC 900,농업용 관리기입니다. 농작업에 사용하는 전동 관리 장비로 상태 양호해 보여요. 실용적인 농기계 찾으시는 분께 추천드립니다. 아세아 관리기 AMC 900 입니다 로타리 구글 포함 판매가 230만원 이며 문의010-2714-6995,2300000,2026.03.30,237,6,1
226626413,중고나라,이사 정리,목동 [이사정리] sk매직 식기세척기 dwa19rop00bl 6인용 (4월이사),"sk매직 식기세척기 dwa19rop00bl 6인용 
4월 말 이사예정이라
4월중순이후 가져가실분이면 좋겠어요
가져가는것이랑 설치는 기사님 따로 부르셔야 할듯요",70000,2026.03.30,164,2,1
226302349,중고나라,이사 정리,빈폴 키즈 바람막이 자켓 140,"사이즈 140
빈폴 핑크색 아동용 바람막이예요. 안감은 체크 패턴으로 되어있고 상태도 깔끔합니다. 실용적이면서도 예쁜 디자인이라 아이들이 입기 좋아요.

택배비 포함 35,000원",34000,2026.03.30,86,3,0
226917194,중고나라,이사 정리,프리미엄 OSP방음부스,"방음부스 판매합니다
실내에 설치되어 있으며, 환풍기가 설치되어 있습니다
바닥은 헤링본 패턴입니다
문에 유리창이 달려있습니다
이동식에어컨도 함께 드립니다..상태 매우좋아요
프리미엄 OSP방음부스입니다.
외부 2400x2700x2230
내부 1980x2280x1830
입니다
이전설치비 별도입니다.

23년 9월부터 25년 10월까지사용했는데 아주 상태 좋습니다",3500000,2026.03.30,187,1,5
226907609,중고나라,이사 정리,경은 중형스크류착즙기,"전시용 새제품입니다.

⊙ 적용분야
 사과즙, 배즙, 오디즙, 기타 과일즙

⊙ 제품사양
 기계명칭 - 스크류 착즙기 (습식)
 정격전압 - 380v / 삼상
 소비전력 - 3kw이상 5마력
 기계제원 - (W)700 x (L)1550 x (H)1180MM
 생산능력 - 시간당 200kg 전후
 처리입도 - 150mm / 이하
 기계중량 - 약 200 ~ 300kg
 착즙수율 - 70% ~ 95% (내용물(과일)에 따라 차이가 남)

<제품의특징>
- 스텐인레스로 제작되어 위생적이다.
- 청소가 간편하여 미생물 번식이 없다.
- 열발생이 없어 맛과 영양소가 그대로 보존된다.
- 착즙 수율이 매우 높다. (65%~85%)
- 액상 상태의 원료(양파, 배, 복분자)등도 착즙 수율이 70~80% 가능하다.
 (섬유질이 풍부한 제품류)
- 인버터 기능(속도조절) - 과일상태(햇과일, 저장과일 or 다양한 종류 착즙가능)",10000000,2026.03.30,33,0,0
225591846,중고나라,이사 정리,코토부키야 미소녀 자타나 피규어팝니다,"코토부키야 미소녀 자타나 팝니다.

상태 양호합니다. 

코토부키야 미소녀 대량 판매중입니다.

@ 개인간 거래 입니다. 매너있는 거래가 기본 입니다.
최대한 가격 낮추어 판매중입니다. 대량구매시 
상식선 네고만 가능합니다.
중고피규어에서 칼박스, 미세도색미스등 
예민하신분은 새제품 구매 바랍니다@

일반,안전 다 가능합니다.

응 3사3일 오808",79000,2026.03.29,150,1,0
226882027,중고나라,이사 정리,LF 쏘나타 LED 트렁크등 테일램프 후미등 운전석,"LF 쏘나타 LED 트렁크등 운전석 쪽 팝니다. 탈거 후 보관 중이고, 작동 이상 없습니다. 사진 보시고 구매 결정해주세요!",87000,2026.03.29,13,0,0
226610254,중고나라,이사 정리,월딘명작 반식욕기,건강한 반신욕을 즐길 수 있습니다. 원적외선이 나오는 원목제품입니다. 내부가 넓고 따뜻하게 잘 되는 제품으로 상태도 양호합니다. 집에서 간편하게 반신욕을 즐기실 수 있어요.,250000,2026.03.29,31,0,2
226426824,중고나라,이사 정리,꼼지락 탄소온열매트,"국내 탄소 온열매로 최고인 꼼지락 제품 판매해요. 컨트롤러와 함께 구성되어 있고 5회사용했지만 매트 위와 아래에 패드를 사용해서 상태는 좋아요.
120×185 사이즈의 더블매트로 분리난방되며 물세탁 가능합니다.
온도조절기와 보관 가방 포함하여 판매합니다.
푹신한 쿠션감으로 편안한 잠자리를 제공하며
차박이나 캠핑시 매우 따뜻하게 사용하기 좋아요!",150000,2026.03.29,130,2,1
226427551,중고나라,이사 정리,다이팩토리 df230a파워뱅크와 2000a 정현파인버터,"전용 케이스와 함께 구성되어 있는데 파워뱅크는 1회 사용이고 인버터는 미사용입니다.
파뱅과 인버터 연결이 매우 간단하게 되어 있어요.
파배.인버터.25a정풍충전기와 충전기 보관 가방 포함 125만원입니다.
경동택배로 보내드립니니다.",1250000,2026.03.29,336,5,5
226819547,중고나라,이사 정리,"파워칼라 RX9070XT 헬하운드 판매(미개봉신품, 게임쿠폰포함)","파워칼라 rx9070xt 헬하운드 미개봉 새상품 판매합니다.
26년 3월16일 구매했습니다. 처음 받아서 사용하면서 쿠폰신청도 했고 실물쿠폰도 받았습니다.
몇 일 쓰다보니 고주파음이 생각보다 크게들리더라구요. 
그래서 유통사에 AS 신청했고 구매2주일내라서 신품교환받았습니다.
신품 교환받은뒤 상자는 미개봉 그대로구요. 게임쿠폰은 도착해서 미사용으로 있습니다.

귀찮게 별도로 게임쿠폰 신청하고 기다리지않으셔도 바로 받아볼수있고
제품상태는 미개봉이라 뭐라 할말이없네요 새거에요.
as기다리면서 5070ti의 유혹을 뿌리치지 못해 그것도 구매해버렸고..
9070XT는 처분하게되었네요.

파워칼라의 중급기이고 중급기답게 온도 착하고 팬소음 진짜 정숙합니다.
파워칼라가 이번 헬하운드를 정말 잘뽑은것같아요.

가격은 택포 93만원에 판매합니다.

알리세일 놓치신분이 구매하시면 딱 좋을것같아요.
구성품은 그래픽카드 미개봉새상품, 게임쿠폰(붉은사막) 입니다.
구매영수증 캡쳐본 증빙해드립니다. AS기간도 새거구매하는거랑 다를게없습니다.

택배거래는 파손면책(택배사의 배송과정에서 발생하는 파손을 책임지지않습니다) 을 동의하신다는 전제하에 진행합니다.중고거래특성상 단순변심에의한 반품 절대 불가능합니다.

안전거래가능합니다.
안전거래 하고싶으시고 별도문의 없으시면 그냥 결제해주시면됩니다.
판완처리나 예약중처리 아니면 상시판매중입니다.

미개봉 테이프 뜯으신순간 반품불가능이며 같이 드리는 게임쿠폰 긁으시는순간 반품 절대불가능입니다.
포장 정말 튼튼하게 뽁뽁이 왕창감아서 보내드립니다.

안전거래 가능합니다. 판매자수수료1프로 추가됩니다.
사기안칩니다. 판매내역도 많은편이고 대부분의 물건을 같은 이불위에서 사진찍어 판매해왔습니다.
전자제품 좋아해서 이것저것 사고팔고 취미로하다보니.. 내역이 좀 되는데 업자도아닙니다.",930000,2026.03.29,83,1,1
226309492,중고나라,이사 정리,디저트타임 명일방주 블레이즈,"디저트타임 명일방주 블레이즈
박스 손상 없는 새상품입니다.",40000,2026.03.29,74,2,1
226873799,중고나라,이사 정리,K5 LED 후미등(테일램프)-조수석,"K5 LED 조수석 후미등 판매합니다. 탈거 후 보관 중이고, 깨끗하게 사용했습니다. 사진 보시고 구매 결정해주세요! 문의 없으시면 바로 안전결제해주시면 됩니다!",45000,2026.03.29,57,0,0
226873647,중고나라,이사 정리,K5 LED 후미등(테일램프)-운전석,"후미등 판매해요

사진에 보이는 그대로이고, 상태는 사진을 참고해주세요",45000,2026.03.29,38,0,1
226872761,중고나라,이사 정리,BMW 6GT (G32) 조수석 LED전조등 헤드라이트 849722605,"해당 차량 : BMW 6시리즈 그란 투리스모
 (6GT, 코드명 G32)
부품 종류 : LED 헤드라이트 (조수석)
주요 품번 : 8497226-05, 1039.G32.0003

2번째 사진 보시면 아주살짝 돌빵표시 있습니다.
자세히 안보는이상. 거의 티안납니다.

잘보시고 구매 선택 부탁드려요.
구매후 반품/환불 안됩니다.",350000,2026.03.29,38,0,0
226868706,중고나라,이사 정리,싼타페DM 할로겐 라이트 조수석 헤드램프,"부품번호 : 921022W120
부품명 : 램프 어셈블리－헤드,우측
신품가격 : 609,400 원
작동 이상 없습니다",130000,2026.03.29,30,0,0
220309894,중고나라,이사 정리,기전사 배풍기 501CA,"미사용 포터블 배풍기 37kg 판매합니다.
화물택배 가능하고 직거래도 가능합니다!
연락주세요",300000,2026.03.29,109,0,2
225099301,중고나라,이사 정리,모노크롬 태양광패널 5인치,"모노크롬 태양광패널 5인치 새제품이에요. 포장도 그대로 되어있고 상태 완전 깨끗합니다. 전자기기나 DIY용으로 사용하시면 좋을 것 같아요!

솔라셀 판매합니다(태양열판넬)
1박스 100장포장입니다
대량구매로인해 미사용으로 판매합니다
다량보유하고있으면 1박스단위로 판매하겠습니다
크기는 사진확인하세요",30000,2026.03.29,94,0,0
223978819,중고나라,이사 정리,슈퍼마리오) 식물 레고 364pcs,"안녕하세요

마리오속에 식물 레고 입니다

진입장벽이 낮아서 쉽게 만들수 잇을꺼라 생각이 됩니다

박스는 업는데 내용물이랑 설명서 다 있습니다

연령 14세 이상

반택 ㅡ1800
일택 ㅡ 3600",16000,2026.03.29,140,3,0
226793401,중고나라,이사 정리,롯데리아 데리버거 기프티콘,유효기간 2026.04.02 입니다,2300,2026.03.29,21,1,3
226564030,중고나라,이사 정리,최종가격 아오맥스 패턴 B-175MH 심해 갑오징어 낚시대,"아오맥스 패턴 B-175MH 심해갑오징어 낚시대 
26년2월25일 구매후 제주도1회 사용
사용감 거의없고 거의새것입니다
보증카드 그대로있고 (평생1회무상A/S)
스크래치 방지용으로 바트대 PPF감아놨습니다
제주도낚시 너무힘들어 내놓습니다
저는 서해에서만 하려고 다른로드 보는중입니다",180000,2026.03.29,161,4,6
225643924,중고나라,이사 정리,다이어트 에스카페,"LG리튠 다이어트커피 입니다
90포 3만원",30000,2026.03.29,25,0,0
226875019,중고나라,이사 정리,K5 LED 트렁크 후미등(테일램프)-운전석,K5 LED 트렁크 후미등 운전석 방향입니다. LED 램프 모두 정상적으로 작동하는 것을 확인했습니다. 외관 상태는 사진과 동일합니다.,40000,2026.03.29,46,0,2
226871634,중고나라,이사 정리,싼타페DM 할로겐 라이트 운전석 헤드램프,"부품번호 : 921012W120
부품명 : 램프 어셈블리－헤드,우측
신품가격 : 609,400 원
작동 이상 없습니다

잘보시고 구매선택 부탁드려요.
구매후 반품/환불 안됩니다.",130000,2026.03.29,77,1,0
223854855,중고나라,이사 정리,포켓몬스터 피카츄 카드케이스줄/악세사리,"안녕하세요
피카츄 카드케이스 입니다
카드 홀드 크기 11x7 

종류 2가지 1개당 4000원입니다

줄길이 총45쌘치

일택 +3600
반택 +1800

궁금사항 잇으시면 톡주세요",4000,2026.03.28,40,0,0
226845728,중고나라,이사 정리,더 뉴 싼타페TM 전레일,"부품번호 : 64900S1510
부품명 : 빔 컴플리트-프론트 범퍼
영문 부품명
BEAM COMPLETE-FR BUMPER
신품가격 : 203,500 원",82000,2026.03.28,21,0,0
226845327,중고나라,이사 정리,[ATOM] 아톰골드 블랙박스 IQ-Z3 64G+GPS전.후방 HD 2채널,"IQ-Z3 HD 블랙박스 판매해요

전방 카메라와 후방 카메라, 그리고 전원 케이블이 포함되어 있어요",25000,2026.03.28,11,0,0
226844980,중고나라,이사 정리,제이와이커스텀 K7 네비마감재 트립일체형,"네비 호환 : 7인치, 8인치
추가 안내 : 2012년 이전 출시차량
사이즈 가로 : 180mm/세로 : 103mm",18000,2026.03.28,22,0,0
226842835,중고나라,이사 정리,기아 K5 DL3 신형 LED 프로젝션 헤드라이트 (운전석),"부품번호 : 92101L2500
부품명 : 램프 어셈블리－헤드,좌측

잘보시고 구매선택 부탁드려요.
구매후 반품/환불 안됩니다.",200000,2026.03.28,55,0,1
226839884,중고나라,이사 정리,Beast x pro 미디움 라일락 사이드 비타공,"26년 3월 16일에 구매했고 5일간 사용했습니다. 
사진에 없지만 케이블도 포함이고 그립테이프, 피트(도트피트 제외), 알콜솜, 1k 동글은 미사용입니다. 
사용하면서 문제생긴 부분 없었습니다. 
피트는 타이거 아이스 v2(마야 버전)로 교체했습니다. 
입금일 기준 다음 날까지 우체국 택배로 보내드립니다. (휴일 제외)
안전결제X 괜찮으신 분만 연락 부탁드립니다. 
환불X",159000,2026.03.28,27,0,1
226838953,중고나라,이사 정리,z플립6 스마트폰 256기가,"폴더블 스마트폰 512GB 모델이에요. 투명 케이스가 포함되어 있고 전체적으로 깔끔한 상태입니다. 

2월 수리 , 정상해지 , 기스 하자 아예 없습니다",410000,2026.03.28,57,1,9
226830284,중고나라,이사 정리,농업용 고압피스톤펌프,"농업용 고압펌프입니다. 사용감은 있지만 작동에는 문제없어요. 농사일이나 수경 작업에 유용한 제품입니다.
판매지역. 대구광역시군위군 
☎️ 삼오공팔사팔구구",250000,2026.03.28,113,0,0
226841935,중고나라,이사 정리,K8 운전석 LED 헤드라이트,"부품번호 : 92101L8550
부품명 : 램프 어셈블리－헤드,좌측
작동 이상없습니다.
깨진부분 복원 해놨습니다.
잘보시고 구매선택 부탁드려요.
구매후 반품/환불 안됩니다.",250000,2026.03.28,18,0,0
226835299,중고나라,이사 정리,농업용가습기(2대),"농업용 가습기 입니다 
2대있음 
판매지역. 대구광역시군위군 
☎️ 삼오공팔사팔구구 
바로사용 하시면 됩니다",80000,2026.03.28,24,0,0
226818934,중고나라,이사 정리,지클리커 SP199 마우스,"모델명 : 지클리커 SP199

사용감 : 3월27일 택배 받고, 실사용 40분.

설명 : 최근 유튜버들이 소개중인 마우스입니다.
생각한것보다 너무 가벼워서 바로 처분합니다.

8000Hz 지원 및 마우스 키 입력지점 설정가능합니다.

SP109랑 차이점은 충전독 사용 가능 OR 사용 불가능 모델차이입니다.
SP109는 마우스 본체에 충전독 충전단자가 없습니다.
본 상품 SP199는 충전독 사용가능.

편의점 택배 or 직거래 가능합니다.",25000,2026.03.27,40,0,0
226818552,중고나라,이사 정리,디스이즈네버댓 코튼팬츠,"사이즈 문제로 팔아요. 하자없고 거의 새거입니다.
사이즈 사진 참고.",73000,2026.03.27,94,0,0
221999953,중고나라,이사 정리,"옥수수빵 틀, 대왕 델리만쥬 틀,옥수수 소금빵 틀","코팅 1회 하고 2번 사용했고 이상 없습니다.
사진과 동일한 상태이고 대전, 청주 직거래 가능하고 택배도 가능합니다.

채팅주고 답장 안 하실거면 채팅 보내지마세요^^;",300000,2026.03.27,111,0,4
226814336,중고나라,이사 정리,"롯지 2way 고고팬츠(블랙, 탄 일괄) L사이즈","판매완료
판매완료
판매완료",100000,2026.03.27,30,3,1
226805293,중고나라,이사 정리,정관장 알엑스진 홍삼오일,"너무많아 소분합니다
박스없고 팩으로있습니다
한팩2캡슐 30팩한달치 10만
총 3개월치있습니다
소비기한 26년12월
택배는 제가부담합니다",90000,2026.03.27,25,0,1
226804792,중고나라,이사 정리,대형엔진양수기,"농작업용 엔진펌프입니다. 사용감은 있지만 작동에는 문제없어요. 농사일에 유용한 장비로 저렴하게 내놓습니다.
판매지역. 경북영덕
판매가격. 230만원 
기타. 토출구. 150m 입니다.
레고 가능합니다 
작동 잘 됩니다 
☎️ 
삼오공팔사팔구구",2300000,2026.03.27,42,0,0
223754155,중고나라,이사 정리,포켓몬도감/닌텐도 카드칩케이스 p16,"궁금사항은 톡으로 연락주세요

겉은 플라스틱 인거같아요
속은 실리콘? 같은 느낌입니다

번택 +1800
일택 + 3600

4개이상시 무료배송가능합니다",7000,2026.03.27,105,2,0
226796860,중고나라,이사 정리,중형 세단 운전석 헤드라이트,"자동차 헤드라이트 LH 판매해요
품번:운전석쪽 (92101S1501)
사진에 보이는 그대로이고, 살짝파손 있습니다.",45000,2026.03.27,14,0,1
226686182,중고나라,이사 정리,라이젠 9800x3d,"3월 23일 구매 
미개봉 대원 CTS 정발입니다 

네고 문의 X 
직거래는 대전 가오동에서 합니다",520000,2026.03.27,144,1,2
226793005,중고나라,이사 정리,로브펌프충진기[혼합형호퍼],"로브펌프충진기 [호퍼 변경가능]

액상 소스 점도 있는제품도 가능합니다.
제품 보고싶으시면 대전으로 오시면 됩니다.

궁금한 사항들은 1660-2827 연락주세요.",6400000,2026.03.27,50,1,1
226792237,중고나라,이사 정리,"사골중탕기,육수기 120리터","사골중탕기 120리터 [다양한 용량 선택가능]
순환펌프 장착으로 균일한 육수추출 가능합니다.
국내 AS 가능하며, 제품은 대전에서 확인가능합니다.

자세한 문의 사항은 1660-2827 연락주세요.",4000000,2026.03.27,36,0,0
225938248,중고나라,이사 정리,올란도 2.0디젤 터보차져,"올란도 2.0 디젤용 터보차져 순정이며, 예전에 터빈업 하면서 보관해둔 부품입니다. 3만km 때 탈착 하였습니다.
상태는 사진 참고바랍니다. 품번은 25187703 입니다.",300000,2026.03.27,119,3,3
222064351,중고나라,이사 정리,볼트EV 윈터타이어+휠(올뉴크루즈17),"볼트 EV에 사용했던 윈터타이어 입니다.
 올뉴크루즈 순정휠 17인치. 금호윈터크래프트WP72
 215 50 17 20년 42주

25년 3월에 탈거하였습니다. 탈거전 까지 아무 이상없이 사용 했습니다. 타이어는 트레드가 좀 남아있어 2시즌 사용 가능할듯 합니다. 그리고 TPMS 장착되어 있습니다.
거래장소는 남대전 ic에서 차량으로 10분거리 입니다. 
택배거래시 착불로 대신화물로 보냅니다.

010 이칠구사 9451

부재시 문자 남겨주시면 연락드리겠습니다.",400000,2026.03.27,408,6,3
226619168,중고나라,이사 정리,GTS125 보이저 . 보이져 배달x,"1대차주이며 출퇴근용으로 관리 잘하며 탔습니다. 상태 좋습니다. 배달x 
천키로마다 오일교환..
핸들열선 있음.
작년 5월경 처남이 탄다고해서 소모품 이것저것 고쳐서 줬는데 바뻐서 10개월에 200k정도 탔다고합니다.
(엔진오일. 미션오일. 필터. 브레이크패드
. 점화플러그. 이그니션코일.배터리 )
구동계앞쪽 아세이 .밸트는 6만초중반에 교체..
핸들 털림 없고 시동 잘걸립니다.
시속 평지 100~105 내리막길110
잔기스하고 밑에 조금 까짐있음.
오셔서 직접보시고 결정하세요
민증하고 핸드폰 맡기시면 시운전가능!
미성년자 사절!!
서류 3장 ok
16년식이라 오토바이 검사없습니다.
대전 동구 낭월동.
문의주세요^^",920000,2026.03.27,83,0,2
226785397,중고나라,이사 정리,마오마오 코스프레 세트,"하자없는 새상품이고 사이즈는 xs입니다
빠르게 배송 보내드려요!",20000,2026.03.27,13,0,0
226784637,중고나라,이사 정리,아이오닉5 아웃사이드 후미등,"후미등
아이오닉5 테일램프 운전석 아웃사이드 92401GI000
아이오닉5 테일램프 조수석 아웃사이드 92402GI000 
기스나 하자없고 작동 이상없습니다.
잘보시고 구매선택 부탁드려요.
구매후 반품/환불 안됩니다.",50000,2026.03.27,22,0,0
225107420,중고나라,이사 정리,"(가격내림)시놀로지 Synology DS1821+ NAS 나스 팝니다. ( 옵션 8GB RAM, UPS)","21년 4월에 구매하였습니다. 1차 구매자입니다.
정품 국내 시놀 공식총판에서 구매하였고 구매내역 인증가능합니다.

나스 열심히 사용하려다 외장하드가 편해 초반 1~2년만 사용하고 보관만 했습니다.

110만원


추가 옵션1.[RAM] 삼성 DDR4 3200 8GB 2개
개당 5만원

추가 옵션2.[UPS] Eaton UPS Ellipse Eco 650USBDIN
10만원


** 사진상 10g 랜카드는 별도로 판매완료했습니다. 
현재는 커버로 막혀있습니다.

** 택배비 2만원, 뽁뽁이왕창싸서 보내드립니다.",1020000,2026.03.27,1016,10,7
226819275,중고나라,이사 정리,굿라이프웍스 벌룬 팬츠,"안입어서 팝니다. 실착 3회 하자없고 상태 좋아요
사이즈 M",25000,2026.03.27,13,0,0
223084210,중고나라,이사 정리,"이사정리,제일복권) 오등분의 신부 E상 나카노 이츠키 원피스ver.","공간부족으로 진열할 수가 없는 관계로 처분합니다. 현재 하자검수 겸 개봉촬영 후 재봉했습니다.

보관기간이 길어서 피규어 박스에 약간의 구겨짐이 있을 수 있지만 본체에는 별 문제는 없었습니다. 

기본적으로 편의점 택배로 접수해드리며 제 선에서 최대한 파손의 위험이 없게 노력하여 포장하였음을 구매자분께 고지해드립니다. 

중고거래 특성상 교환/환불이 불가하다는 점 인지해주십시오.

그리고 구매의사를 확실히 결정하시고 문의해주십시오. 

구매 전에 일반과 반값 중 택배비를 정해야 하니 결제 전 문의 주시기 바랍니다.",20000,2026.03.27,85,1,0
226796228,중고나라,이사 정리,K5 공조기&수납 마감재,차량용 순정 오디오 컨트롤러입니다. 사용감은 있지만 기능상 문제없이 작동하는 중고 부품이에요. 차량 교체로 인해 판매합니다.,35000,2026.03.27,38,0,0
226789334,중고나라,이사 정리,경은 대형스크류 착즙기,"전시용 새제품입니다.

⊙ 적용분야
 사과즙, 배즙, 오디즙, 기타 과일즙

⊙ 제품사양
 기계명칭 - 스크류 착즙기 (습식)
 정격전압 - 380v / 삼상
 소비전력 - 5.5kw이상 7마력
 기계제원 - (W)700 x (L)1550 x (H)1180MM
 생산능력 - 시간당 500kg 전후
 처리입도 - 150mm / 이하
 기계중량 - 약 200 ~ 300kg
 착즙수율 - 70% ~ 95% (내용물(과일)에 따라 차이가 남)

<제품의특징>
- 스텐인레스로 제작되어 위생적이다.
- 청소가 간편하여 미생물 번식이 없다.
- 열발생이 없어 맛과 영양소가 그대로 보존된다.
- 착즙 수율이 매우 높다. (65%~85%)
- 액상 상태의 원료(양파, 배, 복분자)등도 착즙 수율이 70~80% 가능하다.
 (섬유질이 풍부한 제품류)
- 인버터 기능(속도조절) - 과일상태(햇과일, 저장과일 or 다양한 종류 착즙가능)",15000000,2026.03.27,28,1,0
226780314,중고나라,이사 정리,"그랑블루레온, 블래스트레인, 플레임노바 팜","그랑블루레온-11
블래스트레인-4.6
플레임노바-4.6

3개 다 박스 빼고 구성품 다 있고
 전시만 해서 상태 양호합니다!",202000,2026.03.26,67,0,1
223754110,중고나라,이사 정리,닌텐도모양 카드케이스 악세사리,"사진보시면 다 나와잇어요

끈길이는 총 45쌘치

가방에 매달아두 되고 목에 걸어도 됩니다

궁금사항 잇으시면 톡 주세여

일택 +3600
반택 + 1800",4000,2026.03.26,36,0,0
226778551,중고나라,이사 정리,레고 21351 크리스마스의 악몽 미개봉 판매합니다,"레고 미개봉품 입니다
박스 상태좋고 공홈에서 구매후 보관만 했습니다~~
직거래가능 대구 군위
택배거래 가능+5000
연락주세요^^",190000,2026.03.26,46,2,0
226778425,중고나라,이사 정리,21356 레고 미시시피증기선 미개봉 팝니다,"레고 미개봉품 판매합니다~MISB
구매하고 포장해서 보관만한 새상품이라 박스상태 다 좋습니다
직거래 추천 대구광역시 군위 입니다
택배거래는 +5000원입니다
(최대한 포장 잘해드리는데 파손될 가능성 있습니다)

21356 미시시피증기선 (카톤박스ㅇ)",290000,2026.03.26,91,4,2
226773611,중고나라,이사 정리,LG 시네빔 큐브 HU710PB 4K 빔프로젝터 팔아요,"LG 시네빔 큐브 HU710PB 4K 빔프로젝터입니다LG 시네빔 큐브 HU710PB 4K 빔프로젝터입니다
박스 및 구성품 모두 포함되어 있습니다
레이저 4K로 선명한 화질을 제공하며, 자동 화면 맞춤 기능으로 편리하게 사용할 수 있습니다
스마트 기능도 지원하여 다양한 콘텐츠를 즐길 수 있습니다
상태좋아요 98시간 사용했어요

파손면책하에 택배 가능합니다",700000,2026.03.26,253,2,6
226772549,중고나라,이사 정리,노트북 DDR4 메모리 16GB,"삼성 DDR4 3200 노트북용 램 16GB 두 개입니다. 개당 12 생각하고 있습니다. 노트북 업글하려고 샀는데 생각보다 쓸 일이 없어서 판매 합니다. 
질문 있으시면 편하게 해주세요. 다만 확인을 잘 못합니다. 
중고거래를 많이 안해봐서 미숙할수도 있습니다. 양해 부탁드립니다.

택배, 직거래 다 됩니다. 직거래는 세종 조치원역 쪽 희망합니다.",120000,2026.03.26,45,2,2
226768815,중고나라,이사 정리,"초등학생을위한양자역학,처음읽는코스모스외","초등학생을 위한 양자역학(총 5권)

처음읽는 코스모스,양자물리학, 상대성이론 (총3권)

깨끗합니다.

일관 착불30000원이예요",30000,2026.03.26,10,0,1
226755513,중고나라,이사 정리,"남자 가방, 크로스백, 힙색 판매 백팩 Rodeseois","전부 합쳐서 10000원이고 하자 없습니다! 감사합니다!!

백팩은 5000원으로 시작하겠습니다!",3000,2026.03.26,29,0,1
224332949,중고나라,이사 정리,핫토이 피규어 및 Premier Toys 리자드팝니다,"핫토이 가오갤2 스타로드 디럭스 20만원
핫토이 스팽클 캡틴 판매완료
Premier Toys 리자드 판매완료

리자드는 제가 1차구매자로 하자확이만 하고 박스보관만한 새상품이라 보시면 됩니다. 
스팽클 캡틴, 스타로드는 2차(중고)구매자로 하자만 확인하고 박스만 보관하였습니다. 
판매사진찍을때는 특이사항 없었지만 2차구매자인만큼 한 번 더 확인해 보겠습니다.
직거래(대구 군위),택배거래 가능하며 구매전 문의주세요^^",200000,2026.03.26,1509,1,2
226689462,중고나라,이사 정리,ASUS Maximus Z890 Extreme 인텍앤컴퍼니,"6개월정도 사용 후 해체해서 보관중이던 제품입니다
구성품 풀박이구요 사진과 상태 같습니다

마지막 사진에 보이는 Q Dimm.2 케이스에 기스 있는데
장착하면 안보이긴 합니다


네고 문의 답장 안드립니다

대전 동구 직거래나 안전거래 가능합니다",850000,2026.03.26,173,0,1
226748136,중고나라,이사 정리,전동 함마드릴세트,"전동 코어드릴과 드릴비트가 포함된 완전한 세트입니다. 사용감은 있지만 작동에는 문제없고, 전용 케이스도 함께 드려요. 건설이나 목공 작업에 유용한 전문 공구입니다.
삼오공팔사팔구구",120000,2026.03.26,10,0,0
226748094,중고나라,이사 정리,ES고속절단기,"실용적으로 사용 가능해요. 목공이나 금속 절단 작업에 유용한 전문 공구입니다.
삼오공팔사팔구구",100000,2026.03.26,11,0,0
226748042,중고나라,이사 정리,비닐하우스자동개폐기 (2개),"비닐하우스자동개폐기 2개
바로 사용 하시면 됩니다 
# 삼오공팔사팔구구",50000,2026.03.26,68,0,1
226747986,중고나라,이사 정리,비닐하우스 개폐기 (2개 ),"비닐하우스개폐기 
한번 더 사용하는 새 제품입니다
삼오공팔사팔구구",30000,2026.03.26,21,0,0
226746572,중고나라,이사 정리,절삭을,"극동 제유 절삭유
2개 판매 
개당 4만원
8만원에 판매합니다
택배 배송시 착불",40000,2026.03.26,18,0,0
226704561,중고나라,이사 정리,고장난 레이저 블랙샤크v2 pro,"사용한지 3년 정도 됐습니다
AS는 끝난 상태이고
현재 작동 자체에는 문제가 없으나 양쪽 이어컵을 고정하는 힌지가 부러진 상태입니다.
급한대로 알리에서 부품을 구해 대충 연결해서 사용하다 다시 파손되어 급처하게 되었습니다

* 사용하시려면 힌지 부품을 구하셔서 수리하셔야 합니다

헤드폰 본체, 마이크, 마이크 폼, USB 동글, 정품 박스 가지고 있습니다

케이블, 케이블 연장선은 없습니다
박스 보관 상태는 좋지 못하니 참고 부탁드립니다",20000,2026.03.25,64,0,3
226712580,중고나라,이사 정리,[Wlmouse] Beast x miao,"9일간 사용했고 사용하면서 문제 생긴 부분 없었습니다. 
흰색 그립테이프는 붙여진 상태고 사용감 있습니다. 
큰 피트, 도트 피트 4개 사용감 있습니다. 
피트는 제이드 스피드(마야 버전)로 교체했습니다. 
입금일 기준 다음 날까지 우체국 택배로 보내드립니다. (휴일 제외)
안전결제X 괜찮으신 분만 연락 부탁드립니다. 
환불X",99000,2026.03.25,115,0,5
226441698,중고나라,이사 정리,갤럭시탭 S9 울트라 512gb wifi 베이지,"상품명 
ㄴ 갤럭시탭 S9 울트라 512gb wifi 베이지

구성품
ㄴ 갤럭시탭 s9 울트라 (기스 없는 A급)
ㄴ 본품박스 (충전기, 펜 미사용)
ㄴ 삼성 파트너사 정품 파우치
ㄴ s9울트라 마그네틱 케이스 

내용
ㄴ 집에서 유튜브 머신으로만 쓰다가 TV 구매후 방치되어 판매합니다.
ㄴ 떨구거나 기스낸 적 없어서 깔끔합니다.
ㄴ 삼케플은 만료되었습니다.

가격
ㄴ 택배비 포함 85만
ㄴ 직거래 직접 오시면 차비 빼드려요 (세종시)",850000,2026.03.25,291,9,6
226723461,중고나라,이사 정리,3월28일 키움: 한화 중앙탁자석 2연석 판매,"3월28일 키움: 한화 중앙탁자석 2연석 판매

기타내용은 전에 올린 글 창고해주세요!~~

* 안심결제가능합니다",138000,2026.03.25,7,0,1
226717209,중고나라,이사 정리,아이폰 16 128GB,"아이폰16 128GB
구매시기 : 2024년 12월쯤
샤용기간 : 약 8개월
하자여부 : 뒷판 오른쪽 위 하자 있음",650000,2026.03.25,249,3,3
226581958,중고나라,이사 정리,[리퍼 새제품] 애플워치 8 에르메스 45mm,"1주전 리퍼 받은 애플워치 8 에르메스 45mm 팝니다
리퍼 후 미사용 상태라 외관 기스 전혀 없고, 
 배터리 성능 상태도 100%입니다. 
• 모델: 애플워치 시리즈 8 에르메스 실버
• 구성품: 워치 본체 / 정품 가죽밴드 / 
 정품 스포츠밴드 / 충전기 
공식 리퍼 후 미사용 보관중 입니다 
문의사항 있으시면 연락주세요",570000,2026.03.25,93,1,1
226704487,중고나라,이사 정리,반스 볼트 뉴스쿨 VLT LX 스웨이드 마쉬멜로우 (275),"사이즈 275
반스의 인기 모델인 뉴스쿨입니다.
https://kream.co.kr/products/111691
착용시 귀여운 쉐입과 입체적인 로고가 멋진 슈즈로,
자연스러운 사용감외 좋은 수준의 컨디션을 유지중입니다",32000,2026.03.25,20,0,0
226703182,중고나라,이사 정리,3월 28일 키움:한화 대전개막전 중앙탁자석 2연석,"3월 28일 키움:한화 대전개막전 중앙탁자석 2연석 양도합니다. 
좌석 안내도 참고하시면 되고, 중앙탁자석 C구역 2연석으로 
일괄 양도합니다. (장당)

한국시리즈 우승을 목표로 하는 한화이글스의 홈 개막전을 
한화생명볼파크 중앙탁자석에서 편안하게 즐관하세요!~~

* 티켓은 모바일티켓으로 전송해 드려요
* '안심결제'로 결제 가능합니다. 
* 환불 조건
- 우천 등으로 경기 공식 취소시 100% 환불해 드립니다.",138000,2026.03.24,44,0,1
226703039,중고나라,이사 정리,QCY H3s 헤드폰 블랙,"잘 안쓰개 되어서 팝니다.
헤드폰 파우치까지 같이 드립니다.
박스 보유중이고 사용감도 적습니다.
대전 직거래 우대, 택배 시 파손면책 동의 및 환불x
네고 교환 환불x",30000,2026.03.24,39,1,1
226264016,중고나라,이사 정리,정관장 알엑스진 홍삼오일,"너무많아 소분합니다
박스없고 팩으로있습니다
한팩2캡슐 30팩한달치 10만
총 3개월치있습니다
소비기한 26년12월
택배는 제가부담합니다",90000,2026.03.24,21,0,1
224641442,중고나라,이사 정리,전동킥보드,"전동킥보드 판매합니다. 
풀튜닝함 650k탐별로안타서팔아요
01088063111 대전",1300000,2026.03.24,126,1,3
225796360,중고나라,이사 정리,레노버 2024 Thinkbook 14IML G7 ULT7 ArcticGrey 21MR006BKR 1TB 64GB,"노버 2024 Thinkbook 14IML G7 ULT7 ArcticGrey 21MR006BKR 1TB DDR5 64GB

정품 원도우11홈 USB, 무선키보드, 마우스, 가방 포함입니다",1200000,2026.03.24,265,1,2
226679444,중고나라,이사 정리,기아 전기차 충전기 220v 가정용 비상용 15만원 팝니다.,"기아 전기차 충전기 220v 가정용 비상용 15만원 팝니다.
직거래시 대전 동구 대성동,가오동 거래
택배시 무료배송 가능합니다.",150000,2026.03.24,74,1,0
225450618,중고나라,이사 정리,museum60,"museum60입니다.
실착0회입니다. 제 판매내역 보시면 아시겠지만 실착횟수로 거짓말 안칩니다.
택배/직거래 가능합니다.
렌즈 교체히였고 원래 있던 렌즈는 없습니다.",50000,2026.03.24,44,0,0
225449998,중고나라,이사 정리,아미 빅하트 인타르시아 그레이 니트,"아미 니트입니다.
실착 10-15회 정도 됩니다.
173/65에 정핏입니다.
사이즈가 s였던걸로 기억합니다
직거래 택배거래ㅜ둘 다 가능합니다",250000,2026.03.24,48,1,0
226670202,중고나라,이사 정리,마끼다슬라이딩 각도절단기,"마끼다슬라이딩 각도절단기입니다. 목공 작업이나 정밀 절단에 유용한 전문 공구입니다.
한번도 사용 안한 제품입니다 
판매지역. 대구광역시군위군 
판매가격. 25만원 (택배착불)
삼오공팔사팔구구",250000,2026.03.24,118,2,1
226670073,중고나라,이사 정리,마끼다원형톱,"원형톱입니다. 사용감은 있지만 작동 상태 양호하고 전문 작업용으로 좋아요. 목공이나 철재 절단 작업에 최적화된 제품입니다.
판매지역. 대구광역시군위군 
판매가격. 7만원 (택배착불)
삼오공팔사팔구구",70000,2026.03.24,18,0,0
226670006,중고나라,이사 정리,보쉬원형톱,"전문가용 원형톱입니다. 사용감은 있지만 작동 상태 양호하고 전문 작업용으로 적합해요. 실용적인 목공 도구 찾으시는 분께 추천드립니다.
판매지역. 대구광역시군위군 
판매가격. 6만원 (택배착불)
삼오공팔사팔구구",60000,2026.03.24,59,0,0
226669932,중고나라,이사 정리,2.5HP 콤프레서,"2.5HP 엔진의 콤프레서입니다. 사용감은 있지만 작동 상태 양호하고 실용적으로 사용 가능해요. 작업용이나 취미용으로 좋습니다.
판매지역. 대구광역시군위군 
판매가격. 8만원 (택배착불)
삼오공팔사팔구구",80000,2026.03.24,10,0,0
226565373,중고나라,이사 정리,오토아트 밴티지 2019 신품,"오토아트1/18 밴티지 2019 제트 블랙 색상
풀오픈 모델입니다

상태 확인차 한번만 열어본 전시 안한 신품입니다
별다른 마감 하자 없습니다!

구매가보다 싸게 판매합니다",190000,2026.03.24,76,0,0
226662321,중고나라,이사 정리,릴ㅎㅇ,"릴 ㅎㅇ2.0
2주사용 사용감조금있지만 고장은없습니다 청소도했습니다
네고가능합니다",45000,2026.03.23,76,0,0
226582239,중고나라,이사 정리,애플워치 10 46mm 실버 gps,"애플워치 10 46mm gps 실버 색상 판매합니다
- 풀박스 구성이며, 추가 스트랩 여러 개와 테두리 케이스 함께 드립니다
- 배터리 성능 100% 유지 중입니다
- 가벼운 무게로 편안하게 착용 가능합니다
- 다양한 스트랩으로 개성있는 연출이 가능합니다
- 작년 6월에 구매한 시계입니다.",380000,2026.03.23,95,0,1
226655797,중고나라,이사 정리,NF소나타 트랜스폼(2009년식) 블루투스 오디오,"안녕하세요.
잘 사용하던 오디오 판매합니다.
사진에 보시는 것처럼 작동에 전혀 문제없습니다.",54000,2026.03.23,19,0,1
224081609,중고나라,이사 정리,이사정리) 포켓몬 빅팝 봉제인형 팽도리,"개당 8천원입니다.

기본적으로 편의점 택배로 접수해드리고 제쪽에서도 최대한 성심껏 포장해드리겠습니다. 

오락실, 뽑기샵 인형이라 이염, 얼룩이 있을 수도 있고 제가 발견하지 못한 부분도 있을 수 있다는 점 당부드립니다. 

결제 전에 배송방식을 상의하고 가격을 수정하니 구매 전 채팅으로 먼저 연락해주시길 바랍니다.

중고거래 특성상 환불이 어렵다는 점 참고바랍니다.",8000,2026.03.23,56,1,1
226642167,중고나라,이사 정리,마끼다슬라이딩 각도절단기,"슬라이딩 각도절단기입니다. 목공 작업이나 정밀 절단에 유용한 전문 공구입니다.
한번도 사용 안한 새제품 입니다 
보관만 했습니다
판매지역. 대구광역시군위군 
판매가격. 25만원 (택배착불)
삼오공팔사팔구구",250000,2026.03.23,132,1,2
226641532,중고나라,이사 정리,(새상품) 진주머리띠 6종세트 일괄,"새상품이고요
일괄가격입니다",6000,2026.03.23,12,0,0
223269658,중고나라,이사 정리,달빛천사 음원CD 판매합니다.,"달빛천사 펀딩받은 한정판 앨범입니다.
애니메이션 좋아하셨던 분들에게는 소장가치가 있다고 생각합니다.
제품상태는 단순개봉입니다. 패키지만 뜯어서 속만 확인했고
구성품들은 미사용입니다.

사진에 나온게 구성품입니다

직거래 경북 문경 나머지는 택배거래합니다.
택배거래시 파손면책 동의하신거라 생각하겠습니다.
포장은 튼튼하게해서 보내드립니다.

판매되면 판매완료 처리하니 판완처리가 안되어있다면 언제든지 연락주세요",12000,2026.03.18,86,1,1
226453988,중고나라,이사 정리,"고속절단기(3,마력)",건설현장이나 작업장에서 사용하던 유압 절단기입니다. 사용감은 있지만 작동에는 문제없어요. 실용적인 공구로 필요하신 분께 저렴하게 드립니다.,250000,2026.03.18,29,0,1
226209147,중고나라,이사 정리,샤크닌자청소기 bu3521kr,"샤크닌자청소기 bu3521kr 
미개봉제품입니다",330000,2026.03.18,83,0,2
109272967,중고나라,이사 정리,e클레스 2018년식 라이트 한셋트 판매합,2018년식 220d 아방가드로에 장착했던 모델입니다 양쪽 판매입니나 브라켓 수리 있습니다 수리 흔적은 없습니다 구매전 사진보내드릴깨요 사진찍고 포장해야했는데 깜빡하고 다 포장해놔서 장착사진만 올렸습니다,500000,2026.03.18,85,0,1
225830230,중고나라,이사 정리,245 40 19 윈터,"한국타이어 에보3 
트레이드 많음 24년30주
지렁이1개 
그랜져에 사용
30만
54814801
세종.진천",300000,2026.03.18,52,2,1
226427046,중고나라,이사 정리,다이팩토리 멀티스테이션 캠핑용 전원공급장치,"캠핑이나 야외활동에 유용한 다이팩토리 멀티스테이션이에요. 카메라 충전, 스마트폰 거치대 등 다양한 기능을 제공하고 전용 파우치와 케이블도 함께 포함되어 있어요. 
미사용제품입니다.",100000,2026.03.17,65,0,2
224136077,중고나라,이사 정리,이사정리) 포켓몬 이상해풀 중형인형 (2개),"개당 8천원입니다.

기본적으로 편의점 택배로 접수해드리고 제쪽에서도 최대한 성심껏 포장해드리겠습니다. 

오락실, 뽑기샵 인형이라 이염, 얼룩이 있을 수도 있고 제가 발견하지 못한 부분도 있을 수 있다는 점 당부드립니다. 

결제 전에 배송방식을 상의하고 가격을 수정하니 구매 전 채팅으로 먼저 연락해주시길 바랍니다.

중고거래 특성상 환불이 어렵다는 점 참고바랍니다.",8000,2026.03.17,35,0,1
226416694,중고나라,이사 정리,미개봉 이클립스 돔 텐트 300,"노르딕크로스 이클립스돔 300입니다
작년가을에 구매해두고 날씨가갑자기 추워져서 개봉도못하고 보관했습니다
구매가격이 가물거려서 생각나는대로 올려봅니다.
이유있는네고 가능합니다.
직거래선호합니다만 꼭필요하시다면 택배도가능합니다",180000,2026.03.17,20,1,2
225568246,중고나라,이사 정리,비프록 실버맥스 미생물 음식물처리기,"비프록 실버맥스. 미생물 음식물처리기

구입후 보관하다 내놓습니다

부피가 커서 가급적 직거래. 

출장이. 잦은 편이니. 어느 정도 맞으면. 직거래 가능 합니다

미사용.제품입니다

미생물도 그대로 입니다",250000,2026.03.17,60,0,4
225864431,중고나라,이사 정리,견인면허 필요없는 연식 카라반 바인스버그 390 팝니다,"카라반입니다 견인면허 필요 없습니다!!!
사진 업데이트했고 보시는 그대로 입니다

판매지역은 대전 낭월동입니다~

엔듀로 무버
캐리어 에어컨
맥스팬
가스레인지
가스통 2개
냉장고
트루마히터
태양광 1년전 교체(100만원, 200W)
쇼파 커버 인조가죽으로 교체
인산철 배터리(야마비시) 2개(각 200암페어)
오수, 청수탱크
옵션은 빵빵합니다

첫사진 보시면 사고는 아니고 약간의 찌그러짐이 있습니다 
주행은 문제 없습니다

18년식이고 22년 인수해서 10회 미만으로 캠핑 다녔었고, 노지는 가지 않았습니다

대부분 오토캠핑장을 다녀서 화장실, 주방시설은 전혀 사용하지 않았습니다

가격 인하했습니다

문의사항 있으시면 언제든 문의해주세요",13500000,2026.03.17,335,7,2
226216390,중고나라,이사 정리,타이니 모빌 세트,"타이니 모빌과 인형들이 포함된 세트예요. 박스도 있고 상태 양호해서 아기가 좋아할 것 같아요. 다양한 색상의 귀여운 인형들까지 함께 드려요!
택배는 착불로 보내 드립니다.",75000,2026.03.17,84,1,5
226401785,중고나라,이사 정리,붉은사막 일반판 암드쿠폰 팝니다,"제 컴에서 인증 끝내 놨구요 스팀키 나오는대로 보내드리기만 하면 됩니다. 전 디럭스 구매하려고 처분하는거라 후딱 싸게 넘겨드리려구요. 공일공 사사06 팔오일2 문자나 전화로 문의 주셔도 됩니다~
지역은 조치원 입니다.",40000,2026.03.17,88,0,5
226277130,중고나라,이사 정리,"i3-12100, 32g, 512ssd,1050Ti 판매합니다.","안녕하세요. 
잘 사용하지 않아 판매합니다.
cpu : i3-12100
보드 : Asrock H610M-HDV/M.2
ram : 삼성 16G * 2 = 32G
SSD : 컬러풀 CN600 Pro 512
VGA : 조텍 1050Ti 4G
HDD : WD 500G

사진에 보시는것처럼 백패널 비닐도 안벗긴 새거입니다. cpu와 메인보드는 산지는 2년 정도 됐는데 사용을 하지 않았습니다.

혹시 케이스와 파워를 제외한 반본체만 구입하시면 50만원 입니다.",500000,2026.03.17,87,0,1
226166705,중고나라,이사 정리,데상트 정품 여성 방한 부츠 (230mm) - 이사 정리 파격가,"상태 아주 깨끗한 데상트 정품 여성 방한 부츠 판매합니다.

*모델명: S242SGBT41 (블루/오렌지 배색)
사이즈: 230mm (공식 표기: USA W6 / EUR 36 / 23.0cm)

*주요 특징:
HEAT NAVI: 데상트만의 발열 기술이 적용되어 겨울철에도 발이 아주 따뜻합니다.
착화감: 지퍼와 벨크로(찍찍이)가 같이 있어 신고 벗기 매우 편하며, 발목을 안정적으로 잡아줍니다.

* 상태: 바닥면 보시면 아시겠지만 거의 신지 않아 뽕(돌기)이 살아있을 정도로 최상급입니다. (사진 확인 부탁드려요!)

*색상: 세련된 블루 톤에 상큼한 오렌지 끈 포인트가 있어 스키장이나 일상 방한화로 모두 예쁩니다.

이사 준비로 짐 정리 중이라 저렴하게 내놓습니다. 보관 상태는 좋으나 **한두 번이라도 신었던 '중고 제품'**입니다. 새 상품 퀄리티 기대하시거나 예민하신 분들은 정중히 패스해 주세요!

이사 준비 중이라 박스도 버리고 없어서 그냥 묻지도 따지지도 않고 올립니다. (네고는 사양할게요!)

먼저 오시는 분과 쿨거래 원합니다.

[거래 장소] 스타벅스 용인시청DT점",43000,2026.03.16,17,0,0
211655097,중고나라,이사 정리,이사 전 집 서재 정리 처분합니다,"📢 제목에 ""출판사+책 이름+저자”를 넣어 작성하면, 보다 빠른 판매가 가능합니다! 
📢 게시글 작성 시 배송 방법에 “직거래”와 “내 위치” 설정할 경우, 보다 빠른 판매가 가능합니다! 
개인인데 책을 3000권쯤 집에 가득 갖고있습니다.
이사 전 팔면 좋겠네요.
책 더 있는 건 정리하는데로 올립니다.
왼쪽 가격 아니고 오른쪽 가격으로 팝니다.


010-2298-531일






🚨회원님의 거래 게시글을 노린 중고나라 운영진 사칭 피싱 사이트를 주의하세요🚨",2000,2026.03.16,69,0,1
225018819,중고나라,이사 정리,자이언트 pa-2 휠셋,"프로펠에 달려있던 순정 휠셋입니다

로터 타이어 포함입니다",60000,2026.03.16,272,2,4
225012591,중고나라,이사 정리,젠하이저 hd660s,"자자 사세요 사세요 헤드폰 사세요 택포 20입니다.


젠하이저 HD 660S 유선 헤드폰입니다
박스와 6.35mm케이블, 3.5mm 변환 어댑터 포함되어 있습니다

자질구레한 생활 스크레치 있습니다. 

글 올리기 전에 작동 잘 되는지 확인했어요.

음향 빵빵합니다 사기꾼들 메세지 보내지 마세요~죽입니다~~",200000,2026.03.16,222,2,6
223392581,중고나라,이사 정리,짱구는 못말려 / 동전/카드 지갑 귀엽,"안녕하세요

귀여운 짱구 지갑입니다

작아서 가방에 쏙 들어감니다

반택 +1800
일택 +3600

궁금사항 잇으시면 톡 쥬세용",8000,2026.03.16,39,0,0
224158150,중고나라,이사 정리,스폰지밥 파인애플집 레고 (택포),"안녕하세요

새제풉입니다

가게를 운영중인데 여기에 한번 올려 봄니다

궁금사항 잇으시면 톡 주세요",65000,2026.03.16,178,5,1
226358968,중고나라,이사 정리,이동식저온창고(3평형),". 전문적인 냉동 저장과 기능을 갖춘 제품으로 상태 양호해요. 업소나 개인 사용 모두 가능한 실용적인 장비입니다.
3평형 입니다",1800000,2026.03.16,62,1,2
226131414,중고나라,이사 정리,애플워치10 42mm GPS,"애플워치 10시리즈 GPS모델입니다.
배터리 성능 95%이고
사용감은 사진 확인 부탁드립니다.
구성품은 박스, 워치 본품, 러버 스트랩, 충전기 로
구매 당시 그대로 존재합니다.",270000,2026.03.16,220,3,9
226190824,중고나라,이사 정리,필립스 전기면도기 X9001 1회사용 S급 판매합니다.,"필립스 전기면도기 X9001 1회사용 S급 판매합니다.
필립스s9000 시리즈 아니고 더 좋은 필립스i9000 시리즈로 필립스면도기 상위 버전입니다.
박스 개봉후 충전해서 1회만 사용했습니다.
포장지 하나까지 처음 그대로 박풀로 모두 다 있습니다.
세척기계,세척액도 모두 미사용 새제품
그대로 들어있습니다.
가격은 19만원에 조치원 직거래로 판매합니다.
010-삼삼30-칠삼92입니다.
제아이디 검색해보시면 중고나라에 거래내역많고 한번도 불미스런일 없었습니다.
그럼 다들 좋은하루 보내세요.",190000,2026.03.16,43,0,1
226312273,중고나라,이사 정리,라이젠 9600X 판매,"라이젠 9600X CPU 판매합니다.
24년11월 알리익스프레스에서 구매했고
1년 좀 넘게 잘 사용하다 이번에 시피유업글하면서 판매합니다.

하자없고 정상작동합니다.
직구CPU 인만큼 AS는 없다고보시는게 좋습니다.

OCCT 과부하 테스트30분 오류없이 통과했고
시네벤치R23 , 타임스파이 점수도 정상범주내입니다.

택배거래시 파손면책 동의하신다는 조건하에 진행합니다.
중고거래특성상 반품 절대 불가능입니다.
선입금택배거래시 택포가격에 드립니다.

안전거래 가능하지만 안전거래시 택포가격에 드리지못할것같습니다.
안전거래시 택배비 3천원+ 판매자수수료1프로 추가부가됩니다.

안전거래 하고싶으시고 별도 문의사향 없으시면 바로 결제신청하시면됩니다.
판매되면 예약처리나 판완처리합니다.",230000,2026.03.16,87,0,1
226312650,중고나라,이사 정리,붉은사막 게임쿠폰 판매,"붉은사막 게임쿠폰 판매합니다. 9800X3D 시피유 구매하고 받은 쿠폰입니다.
9800X3D 시피유를 사용중이셔야지 등록되는거같아요.

은박부분 긁어서 사진으로 보내드릴수도있고
실물 원하시면 택배비 부담해주시는 조건으로 택배보내드립니다.
(등기는 오래걸리고 택배보다 분실위험이 커서 택배로만 보냅니다)

안전결제 결제하시면 실물보내드리고 
아니면 사진찍어드립니다.

대리등록 불가능한건 아니지만 하는방법을 잘 모릅니다.
이것저것 따지지않으실분에 한정해서 대리등록해드립니다.

게임쿠폰 특성상 구매하면 환불 절대불가능입니다.
은박 긁어 코드 보내드린순간부터 절대불가능입니다.
택배로 받으실때도 마찬가지입니다.",60000,2026.03.16,360,3,3
226056712,중고나라,이사 정리,RTX 5080 이엠텍 게이밍프로,"올해 2월 중 구매, 리퍼품입니다 
보증 30개월 남았습니다 

제품 상자는 있으나 시리얼 적힌 겉박스 없어 
본체 시리얼로 보증 산정됩니다

플라스틱 부분 긁힘있습니다 

안전거래 가능(판매자 수수료도 구매자가 부담) 
네고 불가 

직거래는 대전 가오동에서 합니다",1700000,2026.03.16,636,5,4
225569542,중고나라,이사 정리,코토부키야 미소녀 헌트리스 피규어 팝니다.,"코토부키야 미소녀 헌트리스 팝니다.

상태 좋습니다.

코토부키야 미소녀 대량 판매중입니다.

@ 개인간 거래 입니다. 매너있는 거래가 기본 입니다^^
중고피규어에서 칼박스, 미세도색미스등 
예민하신분은 새제품 구매 바랍니다@

일반,안전 다 가능합니다.

응 3사3일 오808",82000,2026.03.15,69,0,0
225569649,중고나라,이사 정리,코토부키야 미소녀 캣우먼 피규어 팝니다,"코토부키야 미소녀 캣우먼 팝니다.

상태 좋습니다.

코토부키야 미소녀 대량 판매중입니다.

@ 개인간 거래 입니다. 매너있는 거래가 기본 입니다^^
중고피규어에서 칼박스, 미세도색미스등 
예민하신분은 새제품 구매 바랍니다@

일반,안전 다 가능합니다.

응 3사3일 오808",82000,2026.03.15,63,1,0
225591771,중고나라,이사 정리,코토부키야 미소녀 쥬빌리 피규어 팝니다,"코토부키야 미소녀 쥬빌리 팝니다.

상태 양호합니다. 

코토부키야 미소녀 대량 판매중입니다.

@ 개인간 거래 입니다. 매너있는 거래가 기본 입니다.
최대한 가격 낮추어 판매중입니다. 대량구매시 
상식선 네고만 가능합니다.
중고피규어에서 칼박스, 미세도색미스등 
예민하신분은 새제품 구매 바랍니다@

일반,안전 다 가능합니다.

응 3사3일 오808",82000,2026.03.15,56,1,1
225592575,중고나라,이사 정리,코토부키야 미소녀 카타나 피규어 팝니다,"코토부키야 미소녀 카타나 팝니다.

상태 양호합니다. 

코토부키야 미소녀 대량 판매중입니다.

@ 개인간 거래 입니다. 매너있는 거래가 기본 입니다.
최대한 가격 낮추어 판매중입니다. 대량구매시 
상식선 네고만 가능합니다.
중고피규어에서 칼박스, 미세도색미스등 
예민하신분은 새제품 구매 바랍니다@

일반,안전 다 가능합니다.

응 3사3일 오808",89000,2026.03.15,52,0,0
226336644,중고나라,이사 정리,막 다 퍼드림!!.이사정리! 가져가셔요!!다이어트!!패드리필까지8개포함.멜킨무선줄넘기. 신발정리대 한일서큘레이터.등,"이사정리해여~막 다퍼드릴테니 얼렁가져가셔여~

1 . 셀프피시 저주파마사지기/ 공짜인건가~~~2만 . 요
(젤패드 무려8개포함이라)

2. 멜킨 무선 줄넘기 ㅡ 5천 
이사정리하다 보았네여 
새거라고 보아도 무관. 켜는법도 잊었어요.

3. 신발정리대 10개 ㅡ 5천 
직접가져가시면 득템^^

4. 한일 리모컨 서큘레이터 ㅡ2만 

5. 한정판이지여~ 귀요미 충전식 스누피 무드등
 ( 5번켰나?ㅋㅋㅋ) ㅡ5천원 

물건 컨디션은 최상급입니다. 
직거래가 가장 좋겠습니다.
여러개 구매하시분께는 당연히 그쵸? 
잡동사니지만 이가격에 이런 퀄리티여?
쉽지않습니다~^0^
댓글 주세여~~",1234,2026.03.15,33,0,0
225510626,중고나라,이사 정리,레고 마인크래프트 30672 스티브와 아기 판다,"미개봉 새상품 입니다.
입금일 기준 다음 날까지 우체국 택배로 보내드립니다. (휴일 제외)
안전결제X 괜찮으신 분만 연락 부탁드립니다. 
환불X",2900,2026.03.15,69,0,1
225510618,중고나라,이사 정리,레고 마인크래프트 21251 스티브의 사막 탐험,"미개봉 새상품 입니다.
입금일 기준 다음 날까지 우체국 택배로 보내드립니다. (휴일 제외)
안전결제X 괜찮으신 분만 연락 부탁드립니다. 
환불X",5900,2026.03.15,107,2,3
226316230,중고나라,이사 정리,숯대감착화기 판매,"도시가스 LPG가능한 겸용모델
작동상태 양호
무료배송

문의 010 9282 238영",650000,2026.03.15,103,1,3
226314046,중고나라,이사 정리,농업용 송풍기,"농업용 스프레이팬으로 사용감은 있지만 작동 상태 양호합니다. 농사일이나 화산 작업에 유용한 제품이에요.
개당2만원 입니다 
23개 입니다",20000,2026.03.15,39,0,1
226314010,중고나라,이사 정리,이동씩 저온창고(3평형),"냉장고나 습식재료 보관용으로 사용할 수 있는 제습실이에요. 에어컨과 배수구가 설치되어 있고 내부 상태도 깔끔한 편입니다. 실용적인 공간으로 활용하시면 좋을 것 같아요
3평형 입니다",1800000,2026.03.15,52,0,0
225290407,중고나라,이사 정리,리얼포스 r3 tkl 45g,"풀박스 구성이구요,
전용 실리콘 키스킨,
직접 맞춘 아크릴 루프까지 같이 드립니다.
상태 아주 좋습니다

구매하시기 전 채팅 먼저 주세요",250000,2026.03.15,240,2,1
226309526,중고나라,이사 정리,디저트타임 명일방주 켈시,"디저트타임 명일방주 켈시
박스 손상 없는 새상품입니다.",50000,2026.03.14,69,1,1
89961678,중고나라,이사 정리,유아책 ㅡ초등저학년책ㅡ책장 이사정리,"콜디건
스쿨버스 9000
상태양호

착불 네고x
🎁 내 중고 명품 팔기 🎁
🔻 아래 양식에 맞춰 기재 시 더 빠른 판매로 이어질 확률 UP ! 🔻
1. 브랜드 :
2. 상품명 :
3. 구매 연도 :
4. 구매 장소 :
5. 구성품 :
6. 제품 상태 :
7. 상품 사진 (많을수록 판매 확률 :+1:)
① 정면 사진
② 후면 사진
③ 바닥면 사진
④ 내부 사진
⑤ 흠이 있는 부분 사진
8. 견적 받아보시겠습니까? (예/아니오) :
* 빠른 시일 내용 확인 후, 전문 업체에서 견적을 받아 전달 드릴 예정입니다.9",5000,2026.03.14,14,0,0
226019155,중고나라,이사 정리,쿠쿠 전기압력밥솥,쿠쿠 10인용 전기압력밥솥 CRP-QS1010FG 블랙입니다. 고무부분이 좀 헐거눠져서 김이 가끔 잘 안빠질때 있어서 그거 감안하고 싸게 팝니다!! 세척은 다 해드려요! 고무만 바꾸시면 새거처럼 사용하실수 있습니다! 찔러보셔도 괜찮습니다! 택배거래도 가능합니다,40000,2026.03.14,34,0,0
207333700,중고나라,이사 정리,PAVO20 및 추가 프로펠러 배터리 미포함 단순개봉품,"BETAFPV
파보20 elrs
PAVO20 및 추가 프로펠러 배터리 미포함 단순개봉품입니다!

O3유닛 장착만 해봤습니다!
실제 비행은 해본적 없습니다!

배터리 미포함!
O3 유닛 미포함!

추가 프로펠러 4세트분 추가로 드려요(16개입)",130000,2026.03.14,651,9,6
225756080,중고나라,이사 정리,엘파마 에포카2 gen2 XL사이즈,"사이즈는 XL입니다.

시마노 클라리스 구동계, 일체형 핸들바, 풀인터널 케이블, 카본 포크이고요

9월쯤에 사서 12월까지 탔습니다. 실주행 8번 미만일듯하네요

체인 스테이? 쪽에 살짝 기스 있고요, 그거 말고는 아예없는 거의 새거 수준 입니다.

페달은 평페달로 따로 드리겠습니다

궁금하신 거 있으시면 언제든지 물어보세요☺️☺️

고속버스 택배 가능하고요
직거래는 대전 또는 대전이랑 가까운 곳이면 가능합니다.",700000,2026.03.14,155,0,1
226252975,중고나라,이사 정리,ps5 디스크버전 팝니다.,"ps5 디스크버전 팝니다.(초기버전)

정품충전거치대랑 같이 드립니다.

뒤에쿨러도 장착 되어있습니다~",400000,2026.03.14,635,10,9
224664689,중고나라,이사 정리,21356 미시시피증기선 미개봉 팝니다,"레고 미개봉품 판매합니다~MISB
구매하고 포장해서 보관만한 새상품이라 박스상태 다 좋습니다
직거래 추천 대구광역시 군위 입니다
택배거래는 +5000원입니다
(최대한 포장 잘해드리는데 파손될 가능성 있습니다)

21356 미시시피증기선 (카톤박스ㅇ)",290000,2026.03.13,165,2,2
226266305,중고나라,이사 정리,25cm원부패접시 20 cm 원접시,"화이트칼라로 거의 새제품이에요 25cm 은110개정도 20cm40개정도 다하시면 내고 가능해요01068865692연락주세요 조치원이고 반반냄비도 있어요 

4칸접시도 있어요",1000,2026.03.13,18,0,0
224522703,중고나라,이사 정리,닌텐도 최초 게임기,"닌텐도 최초 게임기

작동유무확인 불가능

소장용으로 구입하실분

직거래 세종 조치원

010 5437 18영구",100000,2026.03.13,113,2,1
224522555,중고나라,이사 정리,snk 네오지오 aes 팝니다 161합팩포함,"네오지오 aes
본체 기본스틱 신형스틱 2인셋트

직거래 세종시 조치원

박스없고 사진상태가 다입니다

010 5437 18영구",870000,2026.03.13,1008,13,6
225797461,중고나라,이사 정리,유메르 벌키니트.캐시미어울혼방.상태굿.이사정리,"12만원에 판매됏던 제품
굵은 짜임과 벌키한 핏이 귀여워요
상태 좋고 옷 정말 이뻐용

캐시미어 혼방 소재
예민피부인데 따가움 전혀 없습니다

옷스타일이 바뀌어 판매해요
반값택포 가격 득템하세용!",35000,2026.03.13,85,2,0
225838687,중고나라,이사 정리,로지텍 G PRO X2 SUPERSTRIKE [지슈스],"일렉트로마트에서 구매했고 영수증 보유중입니다. 
사용하면서 기능 이상 생긴 부분 없었습니다. 
그립테이프는 없습니다. 
쿨거래시 택포 + 중고 g640 패드도 같이 드립니다. 
입금일 기준 다음 날까지 우체국 택배로 보내드립니다. (휴일 제외)
안전결제X 괜찮으신 분만 연락 부탁드립니다. 
환불X",289900,2026.03.13,343,1,7
226259133,중고나라,이사 정리,파코엔지니어링 천선 3단 롤포장기,"파코 천신 3단롤 포장기



규 격: 가로500mm X 세로540mm X 높이1,200mm

중 량: 약55kg

전 원: AC 단상220V, 50/60Hz

구 분: 3롤포장기 4면포장식

용 량: 30,000 cc

소비전력: 2,100W

포장속도: 12~15 분당

포장용량: 최대 90~120cc



부속품 교체 내역: 

솔밸브를 교체 하였습니다.",600000,2026.03.13,55,0,1
225352625,중고나라,이사 정리,닥터린 멜라바인,"잠 잘오게하는제품
깊게 잘수있게해주는제품입니다
식물성식품이라 안전합니다
2026.10.9일까지입니다
9케이스 4만원",40000,2026.03.12,50,0,2
220315352,중고나라,이사 정리,브라더 라벨프린터 PT-P900W,"브라더 라벨프린터 PT-P900W

가격: ₩250,000
라벨프린터 프로그램 다운받아 설치후 사용
(피터치 프로그램 다운)



사용감 있어서 라벨지 나오는 부분이 약간 누렇게 변색감이 있습니다.
라벨 테스트는 사진 있습니다.
기본3가지 모드로 하나씩 출력한 사진입니다.

직거래 세종 어진동 조치원읍 가능합니다.
우체국 택배로 가능 합니다.(제일 안전하고 빠름) 
택배비 착불입니다.

이유있는 네고 가능합니다.",250000,2026.03.12,293,3,3
226223415,중고나라,이사 정리,다꾸 스티커 마테 배경지 일괄판매,"🩷 다꾸 스티커, 마테, 배경지 등 일괄핀매 합니다 🩷

 내용물
여러 스토어 자체제작 스티커, 배경지, 인물, 디아리움 인물, 일본 티티 인물, 수입 빈티지 스티커, 배경지, 인물, 마테, 소분마테, 보석스티커, 물방울스티커, 도일리, 스탬프, 잉크, 여분 노트, 종이파우치, 집게, 다이컷 정리파일 (안에 다이컷 있는 것도 드려요)

⋆ 일부 사용한 제품과 뜯지도 않은 새 제품 섞여 있어요. 보다시피 너무 많아서 새 제품만 따로 골라서 보낼 수 없으니 참고 부탁 드립니다.
⋆ 반려묘 키우고 있습니다. 알러지 예민하신 분은 조심 해주세요.
⋆ 가격은 직거래 100,000원 / 택배 120,000원 입니다.",100000,2026.03.12,49,0,1
226223335,중고나라,이사 정리,다꾸 스티커 마테 배경지 일괄판매 합니다,"🩷 다꾸 스티커, 마테, 배경지 등 일괄핀매 합니다 🩷

⋆ 내용물
여러 스토어 자체제작 스티커, 배경지, 인물, 디아리움 인물, 일본 티티 인물, 수입 빈티지 스티커, 배경지, 인물, 마테, 소분마테, 보석스티커, 물방울스티커, 도일리, 스탬프, 잉크, 여분 노트, 종이파우치, 집게, 다이컷 정리파일 (안에 다이컷 있는 것도 드려요)

⋆ 일부 사용한 제품과 뜯지도 않은 새 제품 섞여 있어요. 보다시피 너무 많아서 새 제품만 따로 골라서 보낼 수 없으니 참고 부탁 드립니다.
⋆ 반려묘 키우고 있습니다. 알러지 예민하신 분은 조심 해주세요.
⋆ 가격은 직거래 100,000원 / 택배 120,000원 입니다.",100000,2026.03.12,20,0,0
226215270,중고나라,이사 정리,라이젠2600X CPU 판매,"라이젠2600X cpu 판매합니다.
하자없고 정상작동합니다.
OCCT 부하테스트 15분정도 돌려서 에러없었습니다.
성능 아직까진 쓸만하고 이 가격대에서 가장 최고의 선택지가 아닐까싶어요
대원CTS정품이고 cpu, 기본쿨러 풀 구성입니다.

정품박스 패키지 그대로 담아 보내드립니다.

안전거래가능합니다. 문의사항 있으시면 채팅하시고
별도 문의없으시면 그냥 결제하시면됩니다.",43000,2026.03.12,52,1,1
225829122,중고나라,이사 정리,업소용 제빙기 카이저 imk-3130 팝니다,"업소용 제빙기입니다

1년정도 사용하였고 2주에 1번씩 전체 청소하고 관리 잘했던 제품입니다

용달이용시 용달비 50% 지원해드려요

이유있는 네고 받습니다",750000,2026.03.12,74,0,3
224629001,중고나라,이사 정리,경운기운반차,"궤도 식

경운기운반차

일발시동 

덤프는없지만 

개조용 시린더 앗세이 있습니다.

같이드립니다

가격 95만,

문의 다른글보기",123123,2026.03.12,340,1,4
226211789,중고나라,이사 정리,"세화 항공법규(조종사,관제사)",세화 항공법규 책 입니다. 찢어진 곳은 없지만 중간중간 필기 해둔 것 있어 만원에 올립니다. 필기는 대부분 샤프로 한거라 필요하면 지우개로 지우고 쓰면 될 것 같습니다,10000,2026.03.12,32,1,3
226211646,중고나라,이사 정리,아이폰 12프로 맥스 128g 화이트 팝니다,"아이폰 12프로 맥스 128g 화이트 팝니다

배터리 성능 69%

카메라 한곳에 스크레치 있는데 기능상 문제 없습니다.

직거래 세종시 조치원 고대 인근

다수 케이스, 보호필름 1장 같이 드립니다

쿨거래서 만원 빼드릴게요.",250000,2026.03.12,40,0,1
226207191,중고나라,이사 정리,포터 프리스타일 멀티 코인 케이스 블랙,포터 프리스타일 멀티 코인 케이스 블랙 색상입니다 구매해놓고 손이 잘 안가서 올려요 사용은 10회 정도 한것 같고 사용감 거의 없습니다 지퍼 달려있어서 동전이나 카드 보관하기 용이합니다 깔끔한 디자인이라 어디든 잘 어울립니다. 구매 전 문의 부탁드려요 쿨거시 해드립니다,160000,2026.03.12,121,0,2
226056424,중고나라,이사 정리,아이패드 a16 + 애플펜슬,"아이패드 a16입니다.

베터리성능 100%고 현재기준 사이클 25회 거의 새거입니다.

애플펜슬도 펜촉여분 빼면 거의 새거고요

패드 제조일 25년8월 첫사용일9월입니다.

편하게 연락 주세요",500000,2026.03.12,125,3,3
222405460,중고나라,이사 정리,에듀매쓰 키즈 만지고느끼고 이사정리,"에듀매쓰키즈 만지고느끼고 판매합니다.
a단계 교재는 거의 사용하였고 
b단계 c단계는 사용하지 않았어요.
아이들이 직접 만지면서 수학을 접할수
있어 아이들이 좋아해요.
저렴하게 판매합니다.
택포입니다.",18000,2026.03.12,44,1,0
226201179,중고나라,이사 정리,농산물용 플라스틱 바구니,"농산물이나 과일 보관에 사용하는 오렌지색 플라스틱 바구니예요. 통풍구가 있어서 신선한 물건을 깔끔하게 보관할 수 있고, 상태도 양호합니다.
개당2000원 입니다 
약300정도 있습니다",2000,2026.03.12,33,1,0
226201138,중고나라,이사 정리,하우스 개폐기 컨트롤 박스,사용감은 있지만 기능상 문제없이 작동하는 상태입니다. 전기 관련 업체나 개인 작업용으로 활용하시면 좋을 것 같아요.,300000,2026.03.12,43,1,0
225501165,중고나라,이사 정리,HG 인피니트 저스티스 2식 반다이/건담/건프라/미개봉,"박스에 이상 없음 / 모두 검수 완료

거래 후 단순 변심으로 인한 환불은 일절 받지 않습니다

타 제품과 교환 및 네고X",28500,2026.03.11,64,0,1
223812504,중고나라,이사 정리,굿스마일 치토세리움,"굿스마일 치토세리움 미개봉입니다

구매후 설명서 보려고 한번 열었습니다

박스눌림 있습니다

ps흡연잡니다

애완동물 키웁니다(마지막사진)

타 사이트 유도거래 안합니다!

대전분은 직거래가능합니다!!",270000,2026.03.11,258,4,1
226187214,중고나라,이사 정리,게인워드 RTX3060TI 그래픽카드 판매,"AS기간은 끝났을겁니다.고사양게임을 크게 안하는데 컴퓨터 욕심은 있어서 이번에
그래픽카드 더 비싸지기전에 업그레이드 하면서 판매합니다. 딱히 하자점없고 깨끗한편입니다.
조립하다 생긴 기스정도는 있을수있는데 크게 눈에띄는건 없네요.
얼마전 에어건으로 청소하고 서멀재도포 했습니다. 서멀 좋은거 썻어요.

OCCT 과부하테스트 GPU만 갈구는거랑 V램만 갈구는거 15분씩 돌렸을때 에러 없었구요
타임스파이도 문제없이 통과입니다.온도도 준수한편이고 팬소음도 준수합니다.
제환경에서 고주파음같은거 못느꼇던거같은데 이건 집안환경, 컴퓨터셋팅따라 다른거라 확답은 못드리겠습니다.
택배거래시 착불로 보내드립니다. 선불 원하시면 4천원 추가하시면 됩니다.
택배거래시 파손면책 동의하신걸 전제하에 진행합니다. 파손에대한 책임지지않습니다.
포장은 튼튼하게해서 보내드립니다.
안전거래가능합니다. 안전거래시 판매자 수수료 1퍼센트 3200원 택배비에 +됩니다.

+ 안전결제 하고싶고 별 문의사항 없으시면 그냥결제하시면됩니다. 
예약이나 판완처리 안되어있으면 안팔린거에요",320000,2026.03.11,149,0,6
226058198,중고나라,이사 정리,시마노 오시아콘퀘스트CT 201pg,"오시아 25 직수 콘퀘스트 Ct
타켄 131핸들
디아이테클 270mm 감겨있음
2회사용
직거래 세종 공주 진천
84560564 연락주세요",520000,2026.03.11,135,1,2
226177041,중고나라,이사 정리,PGYTECH MantisPod 2.0 클래식 블랙 새상품,미개봉상품입니다..,60000,2026.03.11,23,0,0
226175098,중고나라,이사 정리,세나 50s 하만카돈 클림프킷(풀페용),기변으로 인해 판매.,60000,2026.03.11,31,0,3
225948558,중고나라,이사 정리,스마트폰,"갤럭시 S22 울트라 512 판매합니다
모서리 부분에 찍힘이 있습니다(사진 참고)
실리콘 케이스 계속 사용했는데도 모서리에 찍힘이 있어 잠깐 빼고도 사용했네요
통화중 로보트소리 발생하여 지난달에 내부 안테나 삼성as에서 9만원 교체하였습니다.

배터리도 교체할까 물어보니 성능 이상없는 정도라하여 교체하지 않았습니다 교체시 6만원
잘 보이게 찍는다고 찍었는데 생활기스 있고, 액정이나 뒷면 깨끗하고 성능에 문제 없습니다.

중고특성상 구매시 환불 어렵습니다.",350000,2026.03.11,45,0,2
226171734,중고나라,이사 정리,해밀턴 카키 에비에이션 파일럿 파이오니어 팝니다,"11월 18일 면세점 구매했습니다
거의 착용을 안 해서 팝니다
65만
고려대 세종캠 근처 직거래 가능 
01040775871 문자주세요",650000,2026.03.11,155,4,2
226166648,중고나라,이사 정리,"정태성 소방학개론,법규 세트 일괄판매","소방학개론 기본서 제외 나머지 새책입니다
40000원에 일괄판매만 합니다",40000,2026.03.11,55,0,2
221814756,중고나라,이사 정리,트렉 에몬다 림브di2,"트랙 에몬다 sl6 림브 
울테그라 di2 업글(8050)
본트레거 에올루스 5 카본휠셋 
파워미믹 안장
47사이즈 (150후반~170초반)
gs 뒷드레일러 교체로 34t까지 가능합니다
18년~19년식으로 알고있어요~
연식에 비해 깨끗한편입니다 군데군데 필름도
붙여놔서 좋아요! 
직거래 대전입니다 
꼼꼼히 보시고 결정하세요! 가볍습니다",1700000,2026.03.11,500,2,1
226129129,중고나라,이사 정리,닌텐도 스위치 + 마리오카트월드 세트,"미개봉상품입니다 
안전거래 시 판매자 수수료도 구매자가 부담

직거래는 대전 가오동에서 가능합니다 

네고 문의 불가",660000,2026.03.10,29,1,1
225670283,중고나라,이사 정리,DDR5 16GB 메모리 2개 세트,"서린정품 팀그룹 ddr5 16g 5600 두개 세트 팝니다
23년 11주차이고 조립컴으로 사고 튜닝램으로 교체해서 거의 사용하지 않았습니다
오셔도되고 택배로도 보내드립니다
010-717구-518사
문자나 전화주세요~",420000,2026.03.10,113,0,1
226125572,중고나라,이사 정리,인류탐험 보고서 시리즈 2~8권,"인류탐험 보고서 시리즈 2~8권이에요. 
책 상태 좋습니다.",35000,2026.03.10,13,0,0
226125352,중고나라,이사 정리,인간탐구보고서 1~15권,"인간탐구보고서 시리즈에요. 
아이들 과학 학습에 좋은 책으로 
상태도 훌륭합니다.
여러권이 함께 있어서 체계적으로 읽기 좋을 것 같아요.",100000,2026.03.10,35,0,1
226124565,중고나라,이사 정리,농업용 관리기 AMC900 신품 판매,농업용 관리기로 밭갈이와 경운 작업에 사용하는 장비입니다.신품 이미 한번도 사용 하지 않음 실용적인 농기계예요. 농사일에 바로 활용 가능한 제품입니다. 판매 가격은 300만원 이며 문의 010-2714-6995 26년 신제품 가격은 366만원 입니다,3000000,2026.03.10,219,3,1
225631635,중고나라,이사 정리,조경석(견치석) 팝니다,"견치석(45×45×60 사이즈) 팝니다.
수량. 100~150개.
개당. 1만원.
대량구매시 레고가능
상차가능. 운반비 별도.
문의. 010-3457-9716",111111,2026.03.10,36,0,0
226117131,중고나라,이사 정리,니콘 50mm f1.8 D 단렌즈 판매합니다.,"니콘 AF 50mm f1.8D 단렌즈입니다.
일본 내수용 모델이며, 외관상태 양호하고 정상 작동합니다. AF 잘 맞고 광학상태 아주 훌륭하며, 신형 1.8G 렌즈보다 선예도나 화질 더 좋습니다. 니콘 D3에 물려 사용했으며, F마운트 디지털/필름 바디에 사용가능합니다. 
렌즈 본품과 니콘 뒷캡 구성입니다. 바디 가져오셔서 테스트 후 구매하셔도 됩니다.

고지사항으로는 필터 체결 스크류 부분에 찍힘이 있는데 필터 사용하지 않으시면 전혀 지장 없습니다. 감안하여 구매부탁드립니다.

세종시 조치원 직거래/편의점 반값택배 가능합니다.",70000,2026.03.10,51,0,1
226147769,중고나라,이사 정리,접종기 표고버섯 봉형배지 접종기,"편안하게 오셔서 직접보시고 결정하세요.

수확중일땐 전화를 못받습니다.
문자남겨주시면 연락드리겠습니다.
연락처010-2311-3773",2000000,2026.03.10,27,0,1
223491956,중고나라,이사 정리,235 55 19 255 50 19 셋트 벤츠 GLC 타이어 피렐리,"피랠리 스콜피온 235/55R19 255/50R19 사이즈 중고 타이어입니다. 트레드 상태 많이남았고 지렁이 편마모 없어요 22년19주차 제조타이어 대전은 장착가능(공임별도)
합니딘",140000,2026.03.10,255,0,1
226061895,중고나라,이사 정리,ps5(플스5 프로) 용 삼성 ssd 메모리 1테라 팝니다.,"플스5, 플스5 프로 용 삼성 1tb 메모리 팝니다.
(SSD PM9A1)
22년 10월즘 구매한후 플스에 장착
게임을 거의하지 않아 쓰고,지우고 하지 않아 
상태 좋을거라 확신합니다.

추가 구매 방열판도 같이 드리며,
플스에 장착시 딱 맞게 들어갑니다.

일반, 안전 다 가능합니다.

응 3사3일 오808",195000,2026.03.10,121,1,1
225511077,중고나라,이사 정리,레고 벌크 일괄,"벌크로 판매하는 것이다보니 상세 확인은 불가능하고 상태 안좋은 것도 섞여있습니다. 
사진에 보이는 구성 다 드립니다. 
대전 동구 낭월동에서 직거래만 가능합니다. 
계좌 선입금 비대면 거래만 가능하니 괜찮으신 분만 연락 부탁드립니다. 
환불X",54000,2026.03.10,310,3,2
226106408,중고나라,이사 정리,화웨이 E5885 글로벌 원 모바일 wifi 라우터 해외버전,"화웨이 글로벌원 E5885 모바일 wifi 라우터
해외 직구버전이라 국내 3사 전부다 지원합니다.
LTE 지원하는 공유기예요. 
CAT6 규격에 6400mAh 배터리 용량으로 넓은 영역에서 사용 가능합니다. 상태 양호한 중고 제품입니다.
직거래 선호합니다
세종이나 청주 가능합니다",90000,2026.03.09,46,0,2
226105692,중고나라,이사 정리,캠핑칸오크돔M+신베 판매합니다.,"캠핑칸 오크돔M+신베 판매합니다.
1회피칭 제품이며 사진에서 보시다시피 상태A급입니다.
텐트 무게상 직거래 합니다. 세종.천안.청주 가능합니다.
면텐트 무게상 택배거래시에는 택배비는 별도입니다.
빠른 판매를 위해 가격내립니다!!!",1300000,2026.03.09,38,0,2
226105268,중고나라,이사 정리,갤럭시 5G 모바일 wifi 라우터 scr-01,"갤럭시 5G 모바일
scr-01 wifi 라우터입니다
상태 좋고
직거래 선호합니다~~
세종 청주 가능합니다",120000,2026.03.09,71,0,1
225315384,중고나라,이사 정리,정관장 알엑스진 홍삼오일,"너무많아 소분합니다
박스없고 팩으로있습니다
한팩2캡슐 30팩한달치 10만
총 3개월치있습니다
유통기간 2026.8월
택배는 제가부담합니다",100000,2026.03.09,68,0,2
226094183,중고나라,이사 정리,EMG 컴뱃마스터,"2년전에 구입했고 실사용은 집안에서 5~6번 정도 쏴봤습니다
사진의 까진부분은 처음 샀을때부터 까진 상태였습니다
탄창에서 가스가 샙니다
케이스, 가스 반통, 탄, 타겟 포함입니다",150000,2026.03.09,24,0,1
226090765,중고나라,이사 정리,"농업용 스프링클러 (,대포)","농업용 스프링펌프 2대입니다. 삼각대가 포함되어 있고 사용감은 있지만 작동에는 문제없어요. 농사일에 유용한 실용적인 제품입니다.
2대에 16만원 입니다",160000,2026.03.09,30,0,0
226090625,중고나라,이사 정리,농산물 수납용 플라스틱 바구니,"농산물이나 과일 등을 깔끔하게 보관할 수 있는 오렌지색 플라스틱 바구니예요. 통풍구가 잘 되어 있어서 야채나 
개당2000원 입니다 
약300정도 있습니다",2000,2026.03.09,26,0,0
225987178,중고나라,이사 정리,이사정리 급매) LG세탁기16kg + 양문형냉장고 + LG냉장고 일괄 60만원 / 1인사용,"LG 통돌이 세탁기 16kg
 • 모델명 : TR16MK2
 • 제조년월 : 2023년 7월
 • 용량 : 16kg
 • 상태 : 사용기간 짧고 상태 매우 좋습니다
 • 정상 작동 확인

대형 양문형 냉장고
 • 색상 : 다크 메탈
 • 대용량 냉장고
 • 외관 깔끔하고 냉장 / 냉동 정상 작동

 LG 2도어 냉장고
 • 상냉장 / 하냉동 구조
 • 상태 좋음
 • 정상 작동

*일괄 판매 : 70만원 -> 60만원 인하!!
*전남 광양 푸르지오 더퍼스트 직접 수거 조건 (자세한 주소는 연락주세요 010-3삼3영-1하나3육)
*엘리베이터 있어 이동 편합니다
*중고 특성상 교환 환불 어려운 점 양해 부탁드립니다",600000,2026.03.09,99,0,2
226081116,중고나라,이사 정리,내셔널지오그래픽 키즈 160 다이아 튜브 경량 다운 점퍼 K234UDW030,"-네셔럴지오그래픽 키즈 160 경량패딩
-다이아 튜브 경량 다운 점퍼 K234UDW030
-구매회2-3회 착용
-사이즈 160
-택배비 포함 35,000원

다이아 튜브 경량 덕 다운 점퍼
-베이직 블루종 경량 다운 점퍼 
-RDS 인증 덕다운 충전재 사용으로 가볍고 보온성 높은 아이템 소재 사용으로 야외활동에 적합
-베이직한디자인으로 다양한스타일 가능",35000,2026.03.09,52,3,1
225452928,중고나라,이사 정리,헥스 e100 + 커즈와일 kg-15엠프,"일렉기타
헥스 e100 
!앞부분 기스, 뒷부분 조금 까짐, 지판쪽 기타줄 조금 녹슴
사진참고해주세요.

엠프
커즈와일 kg-15 옆쪽 조금 찌그러졌는데 이거 받았을때랑 똑같은상태입니다.

(거짓말안치고 쿠팡놈들이 던졌나봐요 찌그러져서옴;;)

여분 기타줄, 거치대, 발판, 케이블 드립니다. 👍",285000,2026.03.09,28,1,1
225575648,중고나라,이사 정리,HG 야크트 도가 규네이기 반다이/건담/건프라/미개봉,"박스에 이상 없음 / 모두 검수 완료

거래 후 단순 변심으로 인한 환불은 일절 받지 않습니다

타 제품과 교환 및 네고X",30000,2026.03.08,61,1,0
226068758,중고나라,이사 정리,클럭 차량용공기청정기 pro 필터,새제품 무료 나눔이구요~ 착불입니다~ 받으실분 어서 연락 주세요ㅎㅎㅎ,,2026.03.08,25,0,0
226068514,중고나라,이사 정리,백토스쿨 스페셜팩 학습용품 세트,"백토스쿨 스페셜팩으로 다양한 학습용품들이 포함된 세트예요. 색연필, 지우개, 브러시 등 여러 아이템이 들어있어서 바로 학습 시작할 수 있어요. 새 제품 상태로 깔끔하게 보관되어 있습니다.택배거래 시 10000원, 직거래 시 5000원 입니다.",10000,2026.03.08,10,0,0
226068242,중고나라,이사 정리,Wi-Fi 확장기,"아이피타임 11ac plus Wi-Fi 확장기 판매해요. 박스와 구성품 모두 포함되어 있고 상태 양호합니다. 제품구성품 그대로구요.넓은 공간에서 안정적인 Wi-Fi 연결을 원하시는 분께 추천드려요! 택배거래 시 30,000원, 직거래시 25,000원 입니다.",30000,2026.03.08,12,0,0
226068035,중고나라,이사 정리,TWS 무선 이어폰,"penton ts1 TWS 무선 이어폰 입니다. 트루 워시브 스트리오 기술과 블루투스 연결 지원하는 이어폰입니다. 사용감 거의 없어요~ 설명서, 이어팁, 메뉴얼까지 잘 있는데 박스가 깨끗하지가 못하네요. 잘 작동하는지 확인 후 판매합니다. 막 쓰기좋아요~~ 직거래 시 15,000원, 택배거래 시 20,000원 입니다.",20000,2026.03.08,13,0,0
226067657,중고나라,이사 정리,10000mAh 대용량 보조배터리,"정품 10000mAh 대용량 보조배터리예요. 박스포장 상태로 새 제품이고, 아이폰과 애플 무선충전도 지원하는 실용적인 배터리입니다. 오래 방치해둬서 박스상태가 좀 더럽네요. 직거래 시 5000원이고, 택배거래 시 10000원 입니다.",10000,2026.03.08,19,0,0
226057731,중고나라,이사 정리,sm6 이니셜몰딩,"sm6 이니셜몰딩 

대전
장착비별도
새제품",50000,2026.03.08,40,0,0
225961075,중고나라,이사 정리,a7m3 965컷 A급,"제조년월 2020년 4월
정품등록 2021년 1월
정품만료 2023년 8월

보증연장하고 23년 8월 sips센터서 마지막 점검까지 받았습니다. 이상무

컷수 965컷

소니스토어서 구매시 스티커부착하여 사용

카메라 바디렌즈만 20개 가까이 있어 사용을 많이 못했습니다.

가격은 안팔리면 내릴예정입니다.",1200000,2026.03.08,152,3,1
225961498,중고나라,이사 정리,"틸타 히드라 tilta hydra, hda-t15-c-cb 차량부착","새상품입니다.

2개사서 하나만쓰고 하나 남았네요

hda-t15-c-db

tilta hydra
틸타 히드라

차량부착가능",220000,2026.03.08,38,0,1
226051136,중고나라,이사 정리,삼성 에어컨 컴프레서 모델명 44B124IXCEZ,삼성 에어컨 컴프레서 모델명 44B124IXCEZ입니다.,50000,2026.03.08,22,0,0
226047141,중고나라,이사 정리,피엘라벤 켑 트라우저,"피엘라벤 켑 카모 트라우저입니다.
2회 착용..
왁스 작업되어 있습니다.",140000,2026.03.08,81,2,0
226047035,중고나라,이사 정리,룬닥스 마케,"룬닥스 마케 48 블랙입니다.
2회 착용하였습니다.
사진 확인하시구요..
감사합니다.",140000,2026.03.08,231,4,2
226046886,중고나라,이사 정리,켑 카모 자켓,"캠핑용 후디 자켓이에요. 그레이와 블랙 컬러 조합으로 실용적이고 스타일리시해요. 상태 양호한 중고 제품입니다.

왁스 작업 해 놓은 상태입니다.",160000,2026.03.08,12,0,1
226044696,중고나라,이사 정리,삼성 1ph 에어컨 컴프 콤프,삼성 에어컨 컴프레서 모델명 39B080ISAEA입니다. 208-230V 60Hz 1Ph LRA17.5 모델입니다.,50000,2026.03.08,21,0,0
226026144,중고나라,이사 정리,23뱅퀴시 c3000sdh hg,"박스 보증서 전부보유중

하자 : 잔기스 있음 , 핸들 스크류캡 분실",360000,2026.03.08,77,3,2
226003462,중고나라,이사 정리,조텍 RTX 5080 솔리드 OC,"올해 2월 구매 
리퍼제품으로 as 2년 남았습니다 

부분 흠집들 있고 

박스는 시리얼 없고 
그래픽카드 자체에 시리얼 붙어있어서 
시리얼 기준으로 as 보증됩니다
(26년 2월 10일로 2년 as)

네고 불가 안전 거래 가능
(판매자 수수료도 구매자 부담)

직거래는 대전 가오동에서 합니다",1700000,2026.03.08,216,2,3
226059725,중고나라,이사 정리,파나소닉 UB45-K 4K 블루레이 플레이어 팝니다.,"4k 블루레이 플레이어
파나소닉 dp- ub45 - k 판매합니다.

리뷰등 참고하시면 알듯
안정성, 디스크 호환성등 최고의 기기 입니다.
HDR, 돌비비젼, 3D등 최근 기능 거의 지원합니다
프리코드로 돼지코잭껴서 바로 사용하시면 됩니다.
(동봉 해드림)

작년 초 구매하여 생활기스 등 있을수 있으나
5회 미만 사용하였습니다. 
1대는 팔고 한대 여유로 가지고 있으려다 팝니다.
(상태는 믿고 구매하셔도 됩니다. 거의 새제품입니다.)

hdmi 케이블은 동봉 안된제품으로
남는 케이블 드릴수는 있으나 고품질 케이블
사셔서 쓰길 권장합니다.
테스트 블루레이 타이틀 1개 드립니다.

일반, 안전 다 가능합니다.

연락주세요~

응 3사3일 오808",123456,2026.03.08,185,3,0
225684206,중고나라,이사 정리,마이크로닉스 풀체인지 600W 실버파워 리퍼 새상품 판매,"25년 8월 구매한 마이크로닉스 풀체인지 600W 브론즈제품을 샀었고
고주파 하자로 AS보내 센터의 재고부족으로 상위등급인 풀체인지 실버 제품으로 교환받았습니다.
리퍼교환받은 후 미사용 제품이고 AS기간은 25년8월 기준으로 승계되었을겁니다.
작년8월 구매라서 AS기간 짱짱하니 길게 남아있습니다. 

제품 사진찍기위해 뽁뽁이 뜯어본거말곤 미사용제품입니다.
제품에 25년8월 스티커가 붙어있으니 그 기준으로 처리되실거에요.
원하시면 구매영수증도 같이 드립니다.

계좌거래시 택포가격에드립니다
택배거래시 파손면책 동의하신다는 전제하에 진행하며중고거래 특성상 반품 불가능입니다.

안전거래 가능합니다. 
안전거래시 택포가격에 불가능합니다. 
판매자수수료+택배비일부 해서 2700원 배송비추가됩니다.",42000,2026.03.07,110,0,1
225946520,중고나라,이사 정리,슈퍼플라워 1000W 골드파워 미개봉 새상품 판매,"슈퍼플라워 SuperFlower SF-1000F14GE LEADEX III GOLD ATX3.1 파워 판매합니다.
슈퍼플라워 골드등급 1000w 파워 미개봉 새상품입니다.
26년 1월 제조품이고 AS기간은 36년1월까지 넉넉합니다.. 
슈플 AS좋은편이라 하나 사두면 든든하게 사골까지 뽑아먹으며 쓰셔도됩니다.

계좌거래시 택포가격에드립니다
택배거래시 파손면책 동의하신다는 전제하에 진행하며 중고거래 특성상 반품 불가능입니다.
미개봉품인만큼 혹 초기불량이 생긴다면 AS받으시면됩니다.

안전거래 가능합니다. 안전거래하시면 택포가격엔 불가능합니다. 
판매자 수수료+ 택배비 일부해서 배송비 5천원 추가됩니다.",125000,2026.03.07,160,3,3
225976814,중고나라,이사 정리,지슈라2 덱스 화이트 (풀박스 S급) 팝니다.,"지슈라2 덱스 화이트 팝니다. (비대칭형입니다.)
로지텍 공홈에서 구매해 새 상품 수령한지 1주 정도밖에 안됐고 실사용기간은 더 짧습니다.
구성품 당연히 전부 있습니다.
직거래시 문자주시면 주소 남겨드립니다.

중고거래 특성 상 거래 후 환불은 어렵습니다.",150000,2026.03.07,50,0,2
226009665,중고나라,이사 정리,BMW X3 컨티넨탈 출고타이어 (245 50 19),"BMW X3 컨티넨탈 출고타이어 4개 팝니다.
2월 중순에 출고하였고,
주행거리는 1,402 정도(사진 참고)입니다.
상태는 좋습니다. 
오늘 바로 거래 가능하고, 구입하실 분 연락주세요.",360000,2026.03.07,107,4,1
221905960,중고나라,이사 정리,레고 슈퍼히어로 76050 크로스본즈 하자드 히트 새제품,레고 슈퍼히어로 시리즈의 크로스본즈 하자드 히트 세트예요. 박스 상태가 깨끗하고 미개봉 새제품입니다. 캡틴 아메리카와 크로스본즈의 대결을 경험할 수 있는 멋진 세트입니다!,70000,2026.03.06,50,0,0
221249058,중고나라,이사 정리,레고 79110 새제품,"레고 론 레인저 79110 새제품 입니다
9세부터 14세까지 사용 가능합니다
2013년 2월에 출시 제조되었습니다
KC인증을 받은 제품입니다

12년 전 출시한 단종제품입니다.
박스상태는 세월대비 양호하고 씰 늘어짐 없는편입니다.

개당 12만원 판매하며 혹여 4개 일괄구매시
44만원에 네고 해드립니다

1개 판매로 재고 4개있음",120000,2026.03.06,196,1,1
220599617,중고나라,이사 정리,레고 7347,"레고 크리에이터 7347 제품입니다
- 9-12세 사용 가능
- 3가지 모델을 만들 수 있는 3 in 1 제품입니다
- KC인증을 받은 제품입니다
박스에 손상이 조금 있습니다

2012년 1월 제조 단종 새제품입니다.
박스 앞면에 훼손이 있어 조립용추천합니다

네이버최저가보다 저렴하게 올렸습니다.
직거래시 5천원 네고해드립니다.",120000,2026.03.06,76,0,1
220598647,중고나라,이사 정리,레고40158 새제품,"레고 해적 체스 40158 미개봉 새상품입니다
- 857 pieces
- 7세 이상 사용 가능
레고 브릭으로 즐기는 해적 테마 체스 게임입니다

2015년 12월 출시 단종 새제품입니다.
10년가까이 된 제품이다보니 박스 씰이 늘어나거나 했지만 미개봉 새제품으로 조립용으로 추천드립니다.

네이버최저가 보다 저렴하게 올렸습니다.
직거래시 5천원 네고해드립니다.",135000,2026.03.06,117,0,0
224259578,중고나라,이사 정리,옥스포드 새제품 이마트 트레일러&버스만,"2016년에 출시한

이마트 콜라보 제품 2종 새제품입니다.",100000,2026.03.06,79,0,1
224271045,중고나라,이사 정리,레고 시티 60050 철도역 새제품 NIB,"레고 시티 60050 철도역 세트 새제품입니다.

코스트코에서 2016년에 구매했던 제품이고

세월이 흐르다보니 씰이 한쪽 떨어진 NIB입니다.",100000,2026.03.06,132,2,1
224293964,중고나라,이사 정리,파라디사 레고 일괄정리(재업로드),"빈티지 레고 시즌 4 세트들이에요! 미니피규어와 다양한 건물들이 포함된 빈티지 레고 컬렉션으로 상태 양호합니다. 레고 매니아나 빈티지 레고 수집가분들께 추천해요

레고 시스템 파라디사 시리즈 10종 일괄입니다.
상품 상태는 아래와 같습니다.

레고 6416 새제품 NIB (씰 개봉)
레고 6411 새제품 NIB (씰 개봉)
레고 6409 새제품 MISB
레고 6410 새제품 MISB
레고 6403 새제품 MISB
레고 6402 새제품 MISB
레고 1815 새제품 MISB
레고 6404 조립 1회 후 보관 인스분실
레고 6489 조립 1회 후 보관 인스있음
레고 6405 박스만개봉 새제품 인스있음
파라디사 포스터 포함 

1993년도 출시 제품이라 박스 상태는
감안 해주세요 올드레고에 추억이 있는 분이라면 소장가치 충분한 제품이죠",1990000,2026.03.06,204,5,1
225996243,중고나라,이사 정리,바이오하자드 9 레퀴엠 (코드 미사용),"플레이스테이션5용 생존 게임 
바이오하자드9 리퀴엠입니다. 박스 상태 양호하고 디스크도 깨끗해요.

종말 코스튬 바우처 사용안했습니다",63000,2026.03.06,95,1,1
225995002,중고나라,이사 정리,이사정리) 포켓몬 탕구리 중형인형,"기본적으로 편의점 택배로 접수해드리고 제쪽에서도 최대한 성심껏 포장해드리겠습니다. 

오락실, 뽑기샵 인형이라 이염, 얼룩이 있을 수도 있고 제가 발견하지 못한 부분도 있을 수 있다는 점 당부드립니다. 

결제 전에 배송방식을 상의하고 가격을 수정하니 구매 전 채팅으로 먼저 연락해주시길 바랍니다.

중고거래 특성상 환불이 어렵다는 점 참고바랍니다.",6000,2026.03.06,19,0,0
225990358,중고나라,이사 정리,MSI GTX980 Ti gaming 6G 필요없어서 처분 합니다.,"MSI GTX980 Ti gaming 6g 그래픽카드입니다. 
10만원에 중고구입한지 얼마되지도 않았구요. 필요가 없어서 처분합니다.
청소 잘되어 있고 외관은 깔끔합니다. 
듀얼 쿨링팬으로 성능 좋고 상태 양호해요. 게임이나 작업용으로 최고예요!
★ 결제하지 마시고 채팅 먼저 주세요. ★
중고나라 아이디 앨리스0920 입니다. 
 pc버전으로 중고나라 판매내역 조회 해보세요.
신뢰지수 태클걸면 즉시차단합니다. 저는 그동안 모바일 판매 
잘 안하고 제도가 바뀌기 전까지 pc 중고나라 에서 주로 
 판매 했으며 사기 친적도 없으니까 .....",70000,2026.03.06,111,0,2
225353032,중고나라,이사 정리,케어젠 프로지스테롤,"혈당관리식품입니다
혈당관리에 탁월하고 체중감량효과도 아주좋습니다
30포 한달치 6만원
4달치 있습니다
박스는 버렸고 10포단위비닐포장",60000,2026.03.06,40,0,0
225578851,중고나라,이사 정리,뉴스킨 마린오메가프리미어,"기한 2026.07.16
한통 한달치
한통38000원
두통76000원 
택비는 제가부담합니다
최소구매 2통부터입니다
총 6통 있습니다
2통 남았습니다
오메가3중 최상품이라 생각합니다",38000,2026.03.06,85,3,1
225672339,중고나라,이사 정리,뉴스킨 티그린97 120캡슐,"티그린97 
120캡슐입니다
두통판매합니다
한통은 먹으려고 뚜껑만개봉했습니다
소비기한 넉넉합니다
한통5만택미포
두통10만택포
네고 어렵습니다",50000,2026.03.06,88,3,2
223898781,중고나라,이사 정리,"이사정리,제일복권) 오등분의 신부 꿈의 한 때 E상 나카노 이츠키","공간부족으로 진열할 수가 없는 관계로 처분합니다. 현재 하자검수 겸 개봉촬영 후 재봉했습니다.

보관기간이 길어서 피규어 박스에 약간의 구겨짐이 있을 수 있지만 본체에는 별 문제는 없었습니다. 

기본적으로 편의점 택배로 접수해드리며 제 선에서 최대한 파손의 위험이 없게 노력하여 포장하였음을 구매자분께 고지해드립니다. 

중고거래 특성상 교환/환불이 불가하다는 점 인지해주십시오.

그리고 구매의사를 확실히 결정하시고 문의해주십시오. 

구매 전에 일반과 반값 중 택배비를 정해야 하니 결제 전 문의 주시기 바랍니다.",20000,2026.03.06,54,0,0
223898554,중고나라,이사 정리,"이사정리,제일복권) 오등분의 신부 꿈의 한 때 A상 나카노 이치카","공간부족으로 진열할 수가 없는 관계로 처분합니다. 현재 하자검수 겸 개봉촬영 후 재봉했습니다.

보관기간이 길어서 피규어 박스에 약간의 구겨짐이 있을 수 있지만 본체에는 별 문제는 없었습니다. 

기본적으로 편의점 택배로 접수해드리며 제 선에서 최대한 파손의 위험이 없게 노력하여 포장하였음을 구매자분께 고지해드립니다. 

중고거래 특성상 교환/환불이 불가하다는 점 인지해주십시오.

그리고 구매의사를 확실히 결정하시고 문의해주십시오. 

구매 전에 일반과 반값 중 택배비를 정해야 하니 결제 전 문의 주시기 바랍니다.",20000,2026.03.06,41,0,0
223179445,중고나라,이사 정리,"이사정리,제일복권) 오등분의 신부 D상 나카노 요츠바 플라워 에이프런","공간부족으로 진열할 수가 없는 관계로 처분합니다. 현재 하자검수 겸 개봉촬영 후 재봉했습니다.

보관기간이 길어서 피규어 박스에 약간의 구겨짐이 있을 수 있지만 본체에는 별 문제는 없었습니다. 

기본적으로 편의점 택배로 접수해드리며 제 선에서 최대한 파손의 위험이 없게 노력하여 포장하였음을 구매자분께 고지해드립니다. 

중고거래 특성상 교환/환불이 불가하다는 점 인지해주십시오.

그리고 구매의사를 확실히 결정하시고 문의해주십시오. 

구매 전에 일반과 반값 중 택배비를 정해야 하니 결제 전 문의 주시기 바랍니다.",20000,2026.03.06,50,1,0
225455339,중고나라,이사 정리,뉴베스트 세븐 4단 롤포장기 정회전 역회전 기능 포함,"홍삼액 포장시 사용했던 4단 롤포장기입니다

기판, 가열히터, 펌프, 솔밸브, 롤러, 스위치 
모두 이상없이 작동확인 완료한 제품입니다.",1000000,2026.03.06,48,1,0
225723523,중고나라,이사 정리,숯대감 겸용 판매합니다,"도시가스 LPG 둘다 가능

23년식 . 전반적 상태양호(정상작동)

두대구입시 160만원(1대 85만원)

010 9282 238영

숮소화기도 있음",840000,2026.03.06,50,0,0
225928554,중고나라,이사 정리,1200&1400 웨이브 책상 팝니다,"웨이브책상

상판 1200 & 1600 짜리 판매합니다
사무실에서 쓰던거라 상태는 양호합니다

수량 1200짜리 10개
. 1600짜리 5개. 입니다
분해해노은 상태며 오시면 조립및 설명해드립니다
지역은 대전입니다",40000,2026.03.06,30,0,0
225981319,중고나라,이사 정리,2026 독끝코레일 ncs팝니다!,"2026 독끝 코레일 ncs책 팝니다

사진처럼 비닐 뜯지도 않은 새책입니다!

cu반값택배로 택포 15000원에 판매합니다!!",15000,2026.03.06,33,0,1
225981199,중고나라,이사 정리,토스 시계토끼 기본서 팝니다,"토익스피킹 시계토끼 올인원 기본서 

구성품은 사진에 있는것처럼

책+ 만능문장포켓북입니다

책은 펼치기만했고 필기는 밑줄 딱 한곳이나 두곳?
연필로 했습니다 

나머진 깨끗합니다!

cu반값택배로 택배비 포함 13000원 입니다",11000,2026.03.06,36,0,1
225096571,중고나라,이사 정리,베이트캐스팅 릴(아부 오렌지맥스),"아부가르시아 오렌지맥스
보증서 부속 다있습니다 
네번째 사진 핸들 고정나사 기스있어 
아부에서 구입했습니다 기스 신경 쓰이시면
교체하세요 사용 하던거니 당연 사용감 있습니다 
눈에 보이는 파손 없고 아직 쓸만 합니다
합사는 풀고 판매합니다 (어느정도 내고가능)
택배도 가능하니 문자 주세요 
(공일공 팔팔둘둘 5735)",60000,2026.03.06,39,1,0
224391320,중고나라,이사 정리,"이사정리,이염) 제일복권 리제로 잠깐의 티파티 A상 에키드나","공간부족으로 진열할 수가 없는 관계로 처분합니다. 현재 하자검수 겸 개봉촬영 후 재봉했습니다.

검수결과 머리에 이염이 있어서 원래 판매가에서 깍았습니다.

보관기간이 길어서 피규어 박스에 약간의 구겨짐이 있을 수 있지만 본체에는 별 문제는 없었습니다. 

기본적으로 편의점 택배로 접수해드리며 제 선에서 최대한 파손의 위험이 없게 노력하여 포장하였음을 구매자분께 고지해드립니다. 

중고거래 특성상 교환/환불이 불가하다는 점 인지해주십시오.

그리고 구매의사를 확실히 결정하시고 문의해주십시오. 

구매 전에 일반과 반값 중 택배비를 정해야 하니 결제 전 문의 주시기 바랍니다.",45000,2026.03.06,89,2,0
225966550,중고나라,이사 정리,농산물 보관용 플라스틱 바구니,"농산물이나 과일 보관에 사용하는 대형 플라스틱 바구니예요. 통풍이 잘 되는 구멍이 많아서 실용적이고, 상태도 양호합니다.
개당2000원 입니다 
약400개정도 있습니다",2000,2026.03.06,39,0,0
225966519,중고나라,이사 정리,하우스 개폐기콘트롤박스,사용감은 있지만 기능상 문제없이 작동하는 상태입니다. 전기 관련 업체나 개인 작업용으로 활용하시면 좋을 것 같아요.,300000,2026.03.06,43,0,1
225965621,중고나라,이사 정리,e-비즈니스와 e-커머스,"E-비즈니스와 e-커머스 제3판 교재입니다. 새로운 e-비즈니스 기반구조의 이해, 최신 e-비즈니스 동향 분석이 담겨 있습니다.

e-비즈니스와 e-커머스
개정판 3 판 | 양장본 Hardcover
차훈상 , 홍일유 , 이경민 저자(글)
법문사 · 2024년 06월 25일

새책입니다.",22000,2026.03.06,40,1,0
225963912,중고나라,이사 정리,피그미다람쥐 ㅡ대구칠곡 대구군위,건강한 피그미다람쥐들이에요.26.2.26일생5마리. 3월3일생 4마리.암컷 2만 수컷1만분양.대구 칠곡 거래. 대구 군위읍 직거래입니다,10000,2026.03.06,189,5,1
225879523,중고나라,이사 정리,코토부키야 미소녀 스트리트파이터 쥬리 피규어 팝니다.,"코토부키야 미소녀 쥬리 팝니다.

박스 세월의 흔적 빼고는 상태 양호 합니다.

코토부키야 미소녀 대량 판매중입니다.

@ 개인간 거래 입니다. 매너있는 거래가 기본 입니다.
최대한 가격 낮추어 판매중입니다. 대량구매시 
상식선 네고만 가능합니다.
중고피규어에서 칼박스, 미세도색미스등 
예민하신분은 새제품 구매 바랍니다@

일반,안전 다 가능합니다.

응 3사3일 오808",128000,2026.03.05,112,3,1
225592917,중고나라,이사 정리,코토부키야 미소녀 킬빌 피규어 팝니다,"코토부키야 미소녀 킬빌 팝니다.

상태 양호합니다. 코토부키야 미소녀중 
최상위 레어템 입니다. 국제배송비 제외 2만3천엔 구매

코토부키야 미소녀 대량 판매중입니다.

@ 개인간 거래 입니다. 매너있는 거래가 기본 입니다.
최대한 가격 낮추어 판매중입니다. 대량구매시 
상식선 네고만 가능합니다.
중고피규어에서 칼박스, 미세도색미스등 
예민하신분은 새제품 구매 바랍니다@

일반,안전 다 가능합니다.

응 3사3일 오808",158000,2026.03.05,112,2,2
225949237,중고나라,이사 정리,삼성 에어컨 부속 도어 상하 모터,"삼성 에어컨 부속 도어 상하 모터
에어컨 모델명 AF-TQ151WWG
모터 모델명 42SM24-65S",20000,2026.03.05,24,0,0
222848188,중고나라,이사 정리,이동식에어컨,"에어렉스 이동식에어컨 팝니다
대전
010 7738 4200",800000,2026.03.05,80,0,0
224760435,중고나라,이사 정리,엘라소니카 디바2SE 풀디지털 앰프 판매합니다.,"엘라소니카 디바2se 풀디지털 앰프입니다.
디지털앰프지만 AB클에가까운 소리내어줍니다.
풀디지털이라 별도의 DAC없이도 좋은소리나고 이 가격대에서는 만나보기힘든 
사운드라고 생각합니다.

국산앰프라서 AS걱정도 없고 좀 시간이 오래걸릴순있지만 
업체사장님이 열정적으로 고쳐주시기도해서 오래쓰기도 좋은앰프라고 생각합니다.

새것같은컨디션은 아닙니다. 전반적으로 깔끔하고 깨끗하지만 군데군데 잔기스가 있습니다.
크고 깊은상처는없지만 새것같은컨디션의 제품을 찾으신다면 피해주세요.

어댑터도 5.2A어댑터로 신형디바어댑터입니다. 
구형디바2se의 막바지품이라 어댑터를 신형것으로 받았다고 들었습니다.
내부도 완전초기형이랑은 좀 다를거같긴한데 확인된사항은 아닙니다.

하자없습니다. 구성품은 앰프, 어댑터, 사진상엔 안찍혀있지만 리모컨입니다.
초기상자 보관중이라 거기담아서 보내드립니다.

가격은 택포35만원에 드립니다.


중고거래특성상 단순변심반품 불가능이며 택배거래시 파손면책 동의하신다는 전제하에 진행합니다.
포장은 튼튼하게 해서 보내드립니다.

안전거래 가능합니다.
안전거래시 택포가격에는 판매불가능합니다.
판매자수수료+배송비일부해서 6천원 배송비로 추가됩니다.",350000,2026.03.05,461,2,3
225490221,중고나라,이사 정리,벤트 우드 엣지 테이블 (아이보리) 1400,"-벤트우드 엣지 테이블(아이보리) 
-사이즈는 가로 140 세로 60 사이즈 입니다 
- 4인용으로 적합하며 자작나무로 제작되었습니다 
-실사용 4개월로 사용감 없는 거의 새것 입니다 
- 분해하셔서 가져가셔도 괜찮으실꺼 같습니다",120000,2026.03.05,46,1,1
225490669,중고나라,이사 정리,소년과 나무 레이크 테이블 1200,"-소년과 나무 레이크 
상판 유리 사이즈 가로 120 세로 60 
주문제작 상품이며 카페에서 3개월 사용하였습니다 290000원 주고 구매 하였으며 
4개월 사용하였습니다 싸게 올려봅니다",100000,2026.03.05,77,0,1
225489996,중고나라,이사 정리,오늘의집 벤트우드 엣지 테이블 600 의자 Set,"-벤트우드 엣지 테이블 
-사이즈는 가로 60 세로 60 높이는 72 입니다 
-자작나무 테이블로 실사용 4개월이라 컨디션 좋습니다
해체하셔서 가져가셔도 괜찮을꺼 같아요",100000,2026.03.05,60,1,1
225943788,중고나라,이사 정리,sm6 듀얼 디퓨져,"sm6 듀얼 디퓨져 

대전
무료장착",170000,2026.03.05,39,2,0
225923596,중고나라,이사 정리,지슈스 국내 정발 무선 충전독 포함,"지슈스팝니다 국내정발입니다.
저랑 잘 안맞아서 판매합니다
직거래 조치원내가능하고
택배거래 가능합니다 뽁뽁이 많아요
흡연x",290000,2026.03.05,375,4,7
225940548,중고나라,이사 정리,"삼성 ddr4 3200 ,2666 16기가 2장","택배시 노리턴 착불
직거래 세종 조치원
네고 안심결제 안합니다.",200000,2026.03.05,51,0,2
225935222,중고나라,이사 정리,도서출판무지개 추피 생활동화,"도서출판 무지개 추피 생활동화
70권 전권
사용감 있으며 열권 정도는 훼손된 책 있을 수 있습니다.
한권한권 체크하기 어려워 저렴히 해놓습니다.
직거래, 택배거래 가능합니다.
세이펜은 안되는 버전입니다.",35000,2026.03.05,101,2,1
224528315,중고나라,이사 정리,팝마트 디무 레트로 12종 풀박스 팝니다.,"팝마트 디무 레트로 풀박스(12종) 팝니다.

개봉품이며 사진에 보다시피
개별 아랫박스 최대한 깔끔히 뜯어서 
비닐 개봉후 내용물 확인후 다시 포장 보관중입니다.

일반, 안전 다 가능합니다.

응 3사3일 오808",92000,2026.03.05,39,1,0
225931280,중고나라,이사 정리,폴드7 실버 자급제 512G 판매합니다,"안녕하세요.
폴드7 실버 자급제 512G 판매합니다.

지난주에 중고나라에 등록을 했었는데 제가 갑자기 급한 상황이
있어서 판매를 취소했었습니다. 그때 연락주신 분들한테는 
죄송합니다.
케이스 껴서 사용했습니다. 외관상 기스 하나 없구요.
카메라에도 보호케이스 부착했습니다.
전면 액정도 삼성정품 필름 붙였고(1장 남음) 내부도 역시 기스 없습니다. 내부는 기스가 없을 수 밖에 없는게 거의 펼쳐 사용을 안했습니다.
판매 이유도 펼쳐서 사용안할거면 폴드를 왜쓰냐 싶어서 판매하게 된 이유입니다. 박스 있습니다.
최초 통화일은 작년 7월 28일 입니다.
대전은 시간 맞으면 직거래 가능하고 택배 가능합니다.

삼성 케어 플러스 안됩니다.
저는 AI구독을 사용했습니다.",1550000,2026.03.05,71,0,3
225928015,중고나라,이사 정리,M1 Mac pro 16인치 판매합니다.,"M1 Mac pro 16인치 16램 512GB 10코어 CPU/16코어 GPU이며 사이클수 35 배터리효율 98프로입니다

사용은 많이 안하였는데, 관리를 잘한것은 아니다보니 감안하고 판매합니다 박스는없고 충전기는 있습니다.",1000000,2026.03.05,174,4,5
225927915,중고나라,이사 정리,스프링쿨러,"농업용 스프링 농구기 여러 대 일괄 판매해요. 사용감은 있지만 작동에는 문제없는 상태입니다. 농사일에 유용한 실용적인 도구예요.
총10개 있습니다",140000,2026.03.05,49,0,0
225927821,중고나라,이사 정리,스프링쿨러( 대포 )2대,"사용감은 있지만 작동에는 문제없는 상태입니다. 농사일이나 정원 관리용으로 활용하시면 좋을 것 같아요.
2대있음",180000,2026.03.05,31,1,0
216874208,중고나라,이사 정리,"요이치 몬스터 메가 100W 대용량 보조배터리 40,0","요이치 몬스터 메가 100W 
대용량 보조배터리 

40,000mAh

미개봉 새제품",57000,2026.03.05,112,0,0
224955927,중고나라,이사 정리,이사정리) 포켓몬 피카츄 태엽 피규어 장난감,"공간부족으로 진열할 수가 없는 관계로 처분합니다.

뽑기 상품으로 뽑은 피규어라 박스에 약간의 구겨짐이 있을 수 있지만 본체에는 별 문제는 없었습니다. 

기본적으로 편의점 택배로 접수해드리며 제 선에서 최대한 파손의 위험이 없게 노력하여 포장하였음을 구매자분께 고지해드립니다. 

중고거래 특성상 교환/환불이 불가하다는 점 인지해주십시오.

그리고 구매의사를 확실히 결정하시고 문의해주십시오. 

구매 전에 일반과 반값 중 택배비를 정해야 하니 결제 전 문의 주시기 바랍니다.",7000,2026.03.04,37,0,0
225876078,중고나라,이사 정리,리바이스 남성 568 루즈 스트레이트 진,"루즈 스트레이트 블랙 데님 팬츠예요. 편안한 와이드 핏으로 스타일링하기 좋고, 새상품입니다. 사이즈는 기장 32에 허리는 36입니다 네고 됩니다",120000,2026.03.04,47,0,2
225913820,중고나라,이사 정리,DDR4 32GB 메모리 두개 세트,"삼성전자 ddr4 32g ram 게이밍용으로 약 1년쯤 사용
 세트로만 판매합니다",400000,2026.03.04,71,1,1
225422368,중고나라,이사 정리,명탐정 코난 직소퍼즐 150+300피스 코난/굿즈/미개봉,"150+300피스 직소퍼즐 / 미개봉

거래 후 단순 변심으로 인한 환불은 일절 받지 않습니다

타 제품과 교환 및 네고 안 받습니다",15000,2026.03.04,18,0,0
225906741,중고나라,이사 정리,농산물 보관용 플라스틱 바구니,"농산물이나 과일 보관에 사용하는 대형 플라스틱 바구니예요. 통풍이 잘 되는 구멍이 많아서 실용적이고, 상태도 양호합니다.
개당2000원 입니다 
약500개 정도 있습니다",2000,2026.03.04,19,0,0
225895482,중고나라,이사 정리,농산물 보관용 플라스틱 바구니,"농산물이나 과일 보관에 사용하는 대형 플라스틱 바구니예요. 통풍이 잘 되는 구멍이 많아서 실용적이고, 상태도 양호합니다.
개당2000원 입니다 
약500개 정도 있습니다",2000,2026.03.04,21,0,0
224567509,중고나라,이사 정리,"로그원판,로그피트니스,우레탄원판총 200kg ,키로당 3,750원","로그피트니스 우레탄 원판 판매합니다
20년도 신품 구매 하였습니다
일괄 판매만 합니다
55lb × 4
45lb × 2
35lb × 2
25lb × 2
10lb × 2 
구매당시 사진으로 현재는 사용감좀 있습니다 5,6,7번 사진이 현상태입니다
직거래 대전 낭월동입니다",700000,2026.03.04,584,6,6
225881758,중고나라,이사 정리,이사정리) 포켓몬 라이츄 중형인형,"개당 7천원입니다.

기본적으로 편의점 택배로 접수해드리고 제쪽에서도 최대한 성심껏 포장해드리겠습니다. 

오락실, 뽑기샵 인형이라 이염, 얼룩이 있을 수도 있고 제가 발견하지 못한 부분도 있을 수 있다는 점 당부드립니다. 

결제 전에 배송방식을 상의하고 가격을 수정하니 구매 전 채팅으로 먼저 연락해주시길 바랍니다.

중고거래 특성상 환불이 어렵다는 점 참고바랍니다.",7000,2026.03.03,17,0,0
225879351,중고나라,이사 정리,코토부키야 미소녀 스트리트파이터 이부키 피규어 팝니다.,"코토부키야 미소녀 이부키 팝니다.

지금은 구하기 힘든 스트리트파이터 이부키입니다.
발매된지 좀 된 제품이라 박스는 세월의 흔적 있습니다.

코토부키야 미소녀 대량 판매중입니다.

@ 개인간 거래 입니다. 매너있는 거래가 기본 입니다.
최대한 가격 낮추어 판매중입니다. 대량구매시 
상식선 네고만 가능합니다.
중고피규어에서 칼박스, 미세도색미스등 
예민하신분은 새제품 구매 바랍니다@

일반,안전 다 가능합니다.

응 3사3일 오808",135000,2026.03.03,51,2,2
225879200,중고나라,이사 정리,"코토부키야 미소녀 스트리트파이터 춘리,캐미 피규어팝니다","코토부키야 미소녀 춘리, 캐미 일괄 팝니다.

구하기 힘든 초기 레어제품이며 박스는 발매된지 
좀 돼서 세월의 흔적 있습니다.
춘리 발판 생활기스 있습니다.(사진참조)
춘리, 캐미 포즈가 셋트개념이라 
일괄로만 정리합니다.

코토부키야 미소녀 대량 판매중입니다.

@ 개인간 거래 입니다. 매너있는 거래가 기본 입니다.
최대한 가격 낮추어 판매중입니다. 대량구매시 
상식선 네고만 가능합니다.
중고피규어에서 칼박스, 미세도색미스등 
예민하신분은 새제품 구매 바랍니다@

일반,안전 다 가능합니다.

응 3사3일 오808",280000,2026.03.03,88,1,0
225857873,중고나라,이사 정리,LS2 FF901 어드밴트 카본 시스템 헬멧팝니다3xl,"LS2 FF901 어드밴트 카본 시스템 헬멧팝니다
2xl, 3xl 내피포함
투명쉴드,블랙쉴드 포함
사용시간 2시간 내외(바라클라바 착용)
내고불가입니다
박스 및 구성품 있음

평일 세종 조치원 거래
주말 전주 만성동 거래가능",375000,2026.03.03,67,0,2
225865806,중고나라,이사 정리,ps5 무선 헤드셋 (미개봉),ps5 정품 무선 헤드셋 미개봉 새제품입니다. 게임용으로 최고의 음질을 경험하실 수 있습니다!,55000,2026.03.03,21,0,1
225675391,중고나라,이사 정리,닌자AG301KR,"닌자AG301KR 미사용입니다
집들이 선물받은 제품 안써서 판매합니다.
대전 직거래가능하구요
택배는착불이거나별도입니다.",180000,2026.03.03,55,0,1
225523178,중고나라,이사 정리,"리바트 책상,책꽂이,서랍장 세트","현대리바트 책상 판매합니다
책상은 책꽂이와 서랍장이 있어 수납이 용이합니다
규격 가로 × 세로 × 높이(cm)
책상 150 × 75 × 75
책꽂이 150 × 30 × 105
서랍장 40 × 40 × 55",100000,2026.03.03,61,0,1
225841577,중고나라,이사 정리,이사정리)딥디크 캔들,"딥디크 캔들 190g (70g x)

연락주세요. 

감사합니다.",45000,2026.03.03,33,0,2
225852730,중고나라,이사 정리,농산물 보관용 플라스틱 박스,"농산물이나 과일 보관에 사용하는 대용량 플라스틱 박스들이에요. 오렌지색과 그린색으로 구성되어 있고, 창고나 농장에서 많이 사용되는 상태입니다. 실용적이고 튼튼한 제품이라 농업이나 유통업체에서 유용하게 쓸 수 있어요.
개당2000원 입니다 
약500개 정도 있습니다",2000,2026.03.03,76,2,3
225852701,중고나라,이사 정리,하우스 개폐기 컨트롤 박스,하우스개폐기컨트롤박스. 사용감은 있지만 기능상 문제없이 작동하는 상태입니다. 전기 관련 업체나 개인 작업용으로 활용하시면 좋을 것 같아요.,350000,2026.03.03,24,0,0
225850544,중고나라,이사 정리,(3월 3일 이사정리) 화이트 미니 거울 화장대 + 스툴 세트,"3월 3일 이사를 위해 정리를 합니다.
오전 9시 ~ 오후 12시 까지 이사 짐 뺍니다.
편하게 보시고 마음에 드시면 가져가시면 됩니다.

사이즈 작아서 작은방에서 사용하기에 나쁘지 않아요.

이사갈때까지 나눔 받으시는 분 안계시면 스티커 붙여서 폐기 할 예정입니다.

스툴 의자는 보관함 있는 의자 입니다.

의자는 바퀴 달려있어요 

가로 70 X 세로 40 X 높이 140

고촌은 수기로 136 번지 아파트입니다

화이트 색상의 화장대와 스툴 세트입니다
화장대 상단에 거울이 부착되어 있습니다
약간의 사용감은 있지만 전체적으로 깨끗합니다",,2026.03.03,41,1,0
224654340,중고나라,이사 정리,"이사정리,2개) 포켓몬 이브이 빅팝 중형인형","개당 8천원입니다.

기본적으로 편의점 택배로 접수해드리고 제쪽에서도 최대한 성심껏 포장해드리겠습니다. 

오락실, 뽑기샵 인형이라 이염, 얼룩이 있을 수도 있고 제가 발견하지 못한 부분도 있을 수 있다는 점 당부드립니다. 

결제 전에 배송방식을 상의하고 가격을 수정하니 구매 전 채팅으로 먼저 연락해주시길 바랍니다.

중고거래 특성상 환불이 어렵다는 점 참고바랍니다.",8000,2026.03.02,37,1,1
204063416,중고나라,이사 정리,이더리움 클래식 채굴기 jasminer x16 qe,이더리움 클래식 채굴기 jasminer x16 qe 팝니다.,1000000,2026.03.02,153,0,3
204063353,중고나라,이사 정리,이더리움 클래식 채굴기 jasminer x4,"이더리움 클래식 채굴기 jasminer x4 팝니다.
재고 2개 있습니다.",600000,2026.03.02,206,1,3
225233461,중고나라,이사 정리,타미야 TT-02,"타미야 TT-02 섀시 RC카입니다
Ford Mustang GT4 바디와 Subaru WRX STI 바디 포함입니다
GXservo 4.0KG 디지털 서보도 포함되어 있습니다
사진에서 보시는 것처럼 사용감은 있습니다
구매한지 3주정도됐고 
5회미만으로 주행 했습니다 ~
그리고 드리프트휠, 랠리타이어 같이드려요~~
송수신기는 없어요~~.
직거래 선호하는편 입니다
거래후 환불어렵습니다.",340000,2026.03.02,250,0,1
225825126,중고나라,이사 정리,CGV 일반관 1명 판매합니다,"CGV 일반관 1명 예매해드립니다.
지점 / 영화 / 시간 / 좌석
으로 채팅 주세요",7000,2026.03.02,13,0,4
210217766,중고나라,이사 정리,그랜드 우성 돌피자 오븐,"현재 가게에서 사용하는 
우성 돌피자 오븐 판매해요
총 4칸이고 상태 좋아요~ 
편리하게 잘 사용한 제품입니다 
저희는 두칸만 사용했습니다

사이즈
외측. 660* 710*860 정도 됩니다
소비전력 3키로 와트고. 
온도는 80-320까지 가능해요. 

화물 택배 원하시면 보내드려요.",600000,2026.03.02,646,4,1
224654171,중고나라,이사 정리,이사정리) 산리오 헬로키티 스탠딩 중형인형,"기본적으로 편의점 택배로 접수해드리고 제쪽에서도 최대한 성심껏 포장해드리겠습니다. 

오락실, 뽑기샵 인형이라 이염, 얼룩이 있을 수도 있고 제가 발견하지 못한 부분도 있을 수 있다는 점 당부드립니다. 

결제 전에 배송방식을 상의하고 가격을 수정하니 구매 전 채팅으로 먼저 연락해주시길 바랍니다.

중고거래 특성상 환불이 어렵다는 점 참고바랍니다.",6000,2026.03.02,26,0,0
224653959,중고나라,이사 정리,이사정리) 산리오 폼폼푸린 라떼베어 중형인형,"기본적으로 편의점 택배로 접수해드리고 제쪽에서도 최대한 성심껏 포장해드리겠습니다. 

오락실, 뽑기샵 인형이라 이염, 얼룩이 있을 수도 있고 제가 발견하지 못한 부분도 있을 수 있다는 점 당부드립니다. 

결제 전에 배송방식을 상의하고 가격을 수정하니 구매 전 채팅으로 먼저 연락해주시길 바랍니다.

중고거래 특성상 환불이 어렵다는 점 참고바랍니다.",6000,2026.03.02,29,0,0
225280694,중고나라,이사 정리,이사정리) 포켓몬 탕구리 중형인형,,6000,2026.03.02,29,0,0
221905880,중고나라,이사 정리,레고 해적 시리즈 70412 새 제품,"해적 시리즈 블록 세트예요. 박스 상태가 깨끗하고 미개봉 새제품 입니다. 해적 모험을 좋아하는 분께 추천해요!

레고 해적 시리즈 70412 새 제품입니다
6-12세 사용 가능합니다

해군장교 피겨를 얻을 수 있는 세트입니다",150000,2026.03.01,152,2,1
223614972,중고나라,이사 정리,이사정리) 포켓몬 깜지곰 중형인형,"개당 8천원 입니다. 

기본적으로 편의점 택배로 접수해드리고 제쪽에서도 최대한 성심껏 포장해드리겠습니다. 

오락실, 뽑기샵 인형이라 이염, 얼룩이 있을 수도 있고 제가 발견하지 못한 부분도 있을 수 있다는 점 당부드립니다. 

결제 전에 배송방식을 상의하고 가격을 수정하니 구매 전 채팅으로 먼저 연락해주시길 바랍니다.

중고거래 특성상 환불이 어렵다는 점 참고바랍니다.",7000,2026.03.01,33,0,0
224329532,중고나라,이사 정리,이사정리) 포켓몬 뮤 윙크 중형인형,,6000,2026.03.01,23,0,0
225544824,중고나라,이사 정리,"닌텐도 스위치 1, 2 게임 악세사리","- 명 : 게임에 딸려오는 악세사리들
- 시기 : 작년
- 기간 : 지금까지 보유
- 하자 : 없음

나눔이 아니라서 개당 1,000₩에 팔겠습니다.

택배비도 부담하셔야 됩니다 ㅠ

매너거래, 해피거래, 감사거래.

- 구혼의 쿠온 파일
- 마리오 파티 잼버리 패드
- 젤다의 전설 왕국의 눈물 쇼핑백
- 데몬 X 마키나 타이타닉 스키온 마우스 패드
- 야차, 100개의 검 이야기 호랑이 표지 2매
- 더 퍼스트 버서커 카잔 마우스 패드
- 둠 더 다크 에이지즈 마우스 패드
- 투 포인트 뮤지엄 자석 스티커
- 비의 수국 키링
- 동방 스펠 카니발 펜던트
- 별의 커비 합본 펜던트
- 더 칼리스토 프로토콜 뱃지

비싸신가요?? 당근으로 가야될까요??

😃

D-7 (2026. 03. 01.)",2000,2026.03.01,70,0,0
225800026,중고나라,이사 정리,닌자 tb401 박스개봉 미사용 제품,"닌자 믹서기 올해 1월 이사시 집들이 선물로 받음

박스만 개봉후 미사용 그대로

닌자코리아 서비스 가능

풀박스라 택배 가능. 직거래 우선",250000,2026.03.01,19,0,1
225798878,중고나라,이사 정리,생면,"생면 1kg 15000
10kg 남았어요",15000,2026.03.01,8,0,0
224357555,중고나라,이사 정리,"핫토이 정리,판매합니다~ 가격내림","미개봉을 제외한 등록한 피규어는 
제가 1차구매자로 하자만 확인하고 루즈사용X, 비닐제거X,
 전시X 박스보관한 새상품이라 보시면 됩니다 
직거래(인천 주안동),택배거래 가능하며(+5000)
배트모빌은 부피가 커서 오로지 직거래만 합니다 
구매전 문의주세요^^

핫토이 스팽클 캡틴 판매완료
핫토이 가오갤2 스타로드 디럭스 20만원
Premier Toys 리자드 판매완료
(스팽클 캡틴, 스타로드는 2차(중고)구매자로 하자만 확인하고 박스만 보관하였습니다. )

핫토이 배트맨 포에버 로빈 판매완료
핫토이 로키 드라마버전 판매완료
핫토이 이터널스 길가메시 15만원
핫토이 배트맨 포에버 배트맨 판매완료
핫토이 완다비전 드라마버전 스칼렛위치(완다) 판매완료

핫토이 노웨이홈 그린고블린(디럭스) 30만원
핫토이 베놈2 베놈 판매완료
핫토이 나이트 몽키(디럭스) 12만원
핫토이 노웨이홈 무비프로모 배틀링 판매완료
핫토이 노웨이홈 닥터스트레인지 판매완료

핫토이 배트맨 리턴즈 합본 50만원
핫토이 1989 배트모빌 리뉴얼버전 70만원<직거래>
(리턴즈 합본, 배트모빌 일괄 구매시 110만원, 직거래>

핫토이 일렉트로 판매완료
핫토이 닥터 옥토퍼스(일반) 판매완료
핫토이 샘스파(디럭스) 판매완료
핫토이 어스파(디럭스) 판매완료
핫토이 인터그레이티드 수트(디럭스) 판매완료
핫토이 X-23 로라(미개봉) 판매완료",1212121,2026.03.01,671,7,3
225791649,중고나라,이사 정리,에르고바디 허리보호대 복대,,15000,2026.03.01,33,0,1
225790910,중고나라,이사 정리,아이폰12미니 256GB,"아이폰 12 미니 화이트 색상 판매합니다
용량 큰걸로 바꾸고 싶어서 판매해요

배터리 성능 상태는 72%입니다

원하시면 케이스 여러 개 같이 드립니다
+액정필름 새거

잔기스 조금 있지만 케이스와 액정필름 항시
하였어요
현재 프라이버시필름 부착되어있음

카메라 초점이 잘 안맞는거 말곤(어플캠은 잘됨) 작동 기능 문제 없습니다
충전기 선 사용하던 것 같이 드려요 (어댑터x)
박스있음",200000,2026.03.01,262,1,0
225789284,중고나라,이사 정리,맥북프로 2020 m1,"M1칩 노트북 모델로 8GB 메모리와 저장용량을 갖춘 제품입니다. 외관 상태가 깔끔하고 사용감이 적어 보입니다. 정상 작동하는 중고 제품으로 실사용에 문제없어요.

택배 가능 택배비별도",600000,2026.03.01,688,0,16
225668263,중고나라,이사 정리,존스보 D32 PRO 화이트,"파손면책 동의 택배비 착불 4만원에 판매합니다.
결착흔 있고 구성품다있습니다. 케이스 호환성 문제로 판매합니다.",40000,2026.03.01,155,5,2
225269640,중고나라,이사 정리,제네시스BH 17인치 순정 휠타이어 판매합니다.,"안녕하세요.
제네시스BH 17인치 순정 휠타이어 판매합니다.
기스는 조금 있습니다. 
타이어 트레드는 50% 이상은 있습니다.
지방인데 중간지점도 가능합니다.",300000,2026.03.01,198,3,3
225677764,중고나라,이사 정리,xfx RX7800XT merc 그래픽카드 판매합니다.,"XFX RX7800XT merc 그래픽카드 판매합니다.
xfx 최상급라인 모델입니다. 발열 잘 잡고 정숙하고 좋습니다.

OCCT 그래픽카드테스트, VRAM 테스트 15분씩 오류없이 통과했고 타스 돌린내용도 첨부합니다.
제품상태 하자없고 깨끗한편인데 라데온 글씨쪽에 기스있습니다. 케이스에서 빼던과정 긁힌거같은데
언제생겼는지 모르겠네요. 그리고 중앙팬 플라스틱쪽에도 약간의 번들거림? 같은게 있습니다. 그쪽부분만 
무광코팅이 살짝 벗겨진거같아요. 엄청 거슬리지않습니다. 전반적으로 깔끔한편이고 기능적인 하자는없습니다. 

AS기간 26년 11월6일까지입니다. 아직 널널하게 남아있어 사용중 문제가 발생해도 AS받으실수있습니다.
구매하시면 구매영수증 같이 첨부해드립니다.

구성품은 그래픽카드 단품+ 정품박스입니다.

직거래 경북 문경 나머지는 착불 택배거래합니다.
택배거래시 파손면책 동의하신다는 전제하에 진행합니다.
중고거래 특성상 반품 불가능입니다. 선불원하시면 4천원 추가해주시면됩니다.
안전거래 가능합니다. 네고요청 죄송합니다.",570000,2026.03.01,265,1,3
225761783,중고나라,이사 정리,더뉴IG 19휠타,"상태좋음 마지막사진 기스 하나있음
타이어 트레이드 많지않음 
TPMS포함

문자주세요

5481 4801
직거래 세종. 진천인근

55만",550000,2026.02.28,22,0,0
225594621,중고나라,이사 정리,(새상품)여아 삼중직 내의세트 70호 2세트,"삼중직 내의 세트 70호 새상품입니다~ 
부드러운 삼중직 소재로 아이 피부에 자극이 적고 편안하게 입을 수 있어요.",10000,2026.02.28,15,0,0
225594448,중고나라,이사 정리,하트 모양 목시계,"귀여운 하트 모양의 십자수 반제품 원목시계예요. 빨간색 프레임에 시침과 분침이 잘 보이고, 박스도 함께 있어서 상태 좋습니다. 인테리어 소품으로 딱이에요!
한번도 사용안한 새상품 입니다.
무소음 아닙니다.",5000,2026.02.28,20,0,0
225594315,중고나라,이사 정리,여아 한복 세트,"소담예원 3호 여아용 한복 상하의 세트예요. 화이트 저고리에 컬러풀한 소매가 예쁘고, 핑크 치마와 함께 구성되어 있어요. 어깨끈 조절 가능하고 어린이집 행사때만 입어서 깔끔한 상태로 보관되어 있습니다.",9000,2026.02.28,46,0,0
225758775,중고나라,이사 정리,삼성 비스포크 AI 콤보,수예뽕님 2차 결제입니다,700000,2026.02.28,56,1,2
224079832,중고나라,이사 정리,이사정리) 포켓몬 어니부기 봉제인형,"기본적으로 편의점 택배로 접수해드리고 제쪽에서도 최대한 성심껏 포장해드리겠습니다. 

오락실, 뽑기샵 인형이라 이염, 얼룩이 있을 수도 있고 제가 발견하지 못한 부분도 있을 수 있다는 점 당부드립니다. 

결제 전에 배송방식을 상의하고 가격을 수정하니 구매 전 채팅으로 먼저 연락해주시길 바랍니다.

중고거래 특성상 환불이 어렵다는 점 참고바랍니다.",8000,2026.02.28,29,0,0
224079373,중고나라,이사 정리,이사정리) 포켓몬 식스테일 봉제인형,"기본적으로 편의점 택배로 접수해드리고 제쪽에서도 최대한 성심껏 포장해드리겠습니다. 

오락실, 뽑기샵 인형이라 이염, 얼룩이 있을 수도 있고 제가 발견하지 못한 부분도 있을 수 있다는 점 당부드립니다. 

결제 전에 배송방식을 상의하고 가격을 수정하니 구매 전 채팅으로 먼저 연락해주시길 바랍니다.

중고거래 특성상 환불이 어렵다는 점 참고바랍니다.",6000,2026.02.28,24,0,0
225752820,중고나라,이사 정리,삼성 갤럭시 s9,"삼성 갤럭시 s9
앞면 우측하단 모서리 파손이랑 뒷면 파손
화면잔상 o
다른기능 정상작동합니다",40000,2026.02.28,49,0,0
225605546,중고나라,이사 정리,애플 30w 어댑터 충전기 팝니다~~~~|,애플 30w 어댑터 충전기 .,12345,2026.02.28,23,0,0
225742915,중고나라,이사 정리,"XBOX용 페이탈프레임1,2 일판 팝니다","XBOX용 페이탈프레임1, 2 일판, 페이탈프레임2 정발 팝니다.

소장용으로 가지고 있어 상태는 깨끗합니다. 사실상 일판 1,2

판매하는거고 정발은 그냥 드리는 제품입니다. 정발품 제외

가격할인은 없습니다.

문경, 상주, 예천, 괴산 등 이와 비슷한 거리에서 직거래합니다

이외 지역은 협의 가능합니다.

택배거래도 가능하나 선입금, 노리턴 조건입니다.

또한, 평일 발송이며 주말 및 공휴일에 직거래가 잡히면

우선입니다(선입금시에만 구매로보고 발송)

감사합니다",400000,2026.02.28,61,0,1
225742547,중고나라,이사 정리,농산물 보관용 플라스틱 바구니,"농산물이나 과일 보관에 사용하는 대형 플라스틱 바구니예요. 통풍이 잘 되는 구멍이 많아서 실용적이고, 상태도 양호합니다.
개당2000원 입니다 
약700정도 있습니다",2000,2026.02.28,22,0,0
225742493,중고나라,이사 정리,하우스 개폐기 컨트롤 박스,사용감은 있지만 기능상 문제없이 작동하는 상태입니다. 전기 관련 업체나 개인 작업용으로 활용하시면 좋을 것 같아요.,300000,2026.02.28,44,1,0
225668926,중고나라,이사 정리,닌텐도스위치2 마리오카트월드 번들 미개봉 팝니다,"닌텐도스위치2 마리오카트 번들 미개봉팝니다.

전자제품이라 직거래만 하며

문경, 상주, 예천 등 이와 비슷한 거리에서 거래합니다

그 외 지역의 협의 부탁드립니다",620000,2026.02.28,232,3,3
224899252,중고나라,이사 정리,1050ti 부품용,"1050ti 글카입니다. 잘되던 글카였는데, 여기서 택배거래 했는데, 환불건으로 다시 받아서 부품용으로 사용하실분있으시면 가져가시라고 올립니다. 배송중 소자가 탈락이됬는지 어떻게됬는지 알길이없네요. 다음과 같이 화면출력되고 그래픽드라이버를 못잡네요,
택배 거래시 우체국 택배 보내드리긴 힘들고 집앞 편의점택배 이용합니다.택배비용 구매자부담. 반값택배 혹은 일반택배가능.
네고문의X 안전거래X",20000,2026.02.28,209,2,2
225473069,중고나라,이사 정리,DDR5 램 크루셜 32GB 세트,"11마존 구매 
CL38 6400 16GBx2
라이젠 환경에서 램테스트 5주기 통과 확인 후
보관만 했습니다

직거래는 대전 가오동에서 합니다 

네고 문의 불가",400000,2026.02.28,220,1,2
225733911,중고나라,이사 정리,이사정리) 포켓몬 누리공 중형인형,"개당 7천원 배송비 별도입니다. 

기본적으로 편의점 택배로 접수해드리고 제쪽에서도 최대한 성심껏 포장해드리겠습니다. 

오락실, 뽑기샵 인형이라 이염, 얼룩이 있을 수도 있고 제가 발견하지 못한 부분도 있을 수 있다는 점 당부드립니다. 

결제 전에 배송방식을 상의하고 가격을 수정하니 구매 전 채팅으로 먼저 연락해주시길 바랍니다.

중고거래 특성상 환불이 어렵다는 점 참고바랍니다.",7000,2026.02.27,25,0,0
225730892,중고나라,이사 정리,뱅가드 35마력엔진 (신품급) + 유압펌프 팝니다,"뱅가드 35마력 엔진 및 유압펌프 팝니다

출고한지 얼마 안 된 소방 사다리차 에서탈거 하였고
보조엔진으로 유압장비 고장 시 펼쳐진
사다리를 접는 용도 로만 사용되게끔
특장에설치된 비상용 엔진이라 거의 
신품이라보시면 됩니다.

35마력은 이런 특A급 물건잘 안나옵니다.
세루모타 솔레노 이드가 현재 24v 용인 관계로12 쓰실분들은 솔레노이드 만 12v용 으로바꾸시면 됩니다.
게시글 내역 보면 35마력 작년에도 한대 올리자 마자
바로팔렸습니다

직거래 대전 또는 화물차 보내주시면 상차 해드립니다.
판매가 
010.4650.",9999999,2026.02.27,94,0,2
225720928,중고나라,이사 정리,삼성 오딧세이 커브드,"삼성 오딧세이, 2020년 구매,

하자 없음

울트라가 좋아서 28만 원에 샀는데 15만 원에 드립니다.

네고가 가능할까요~~?? 충분히 쌉니당...

😄

😃",150000,2026.02.27,25,1,1
210049059,중고나라,이사 정리,전기매트 자동온도조절기 T301-4A,"전기매트 자동온도조절기 T301-4A
세종시 조치원",10000,2026.02.27,88,0,0
218836004,중고나라,이사 정리,1마력 에어컨 콤프 중고,"1마력 에어컨 콤프 중고
세종시 조치원",50000,2026.02.27,108,0,0
221893537,중고나라,이사 정리,샘소나이트 방한 슬리퍼가방포함,"샘소나이트 방한 슬리퍼
가방포함
260이하로 맞을것같아요.
세종시 조치원",9500,2026.02.27,50,0,1
221893446,중고나라,이사 정리,워드 마스터 이투스북 단어책 어휘책,"워드 마스터 이투스북 단어책 어휘책
거의 새거
반값택배, 알뜰택배 무료, 일반택배 2000원 추가
세종시 조치원",10000,2026.02.27,30,0,0
221893395,중고나라,이사 정리,남성 시계 TIMEX USA D702,"남성 시계 TIMEX USA D702
밧데리는교체해야합니다
반값택배, 알뜰택배 무료, 일반택배 2000원 추가
세종시 조치원",45000,2026.02.27,112,0,1
225707335,중고나라,이사 정리,아세아 관리기 AMC880SM,"아세아 관리기 AMC880 SM
. 사용감은 있지만 작동에는 문제없어 보여요. 농사일에 유용한 실용적인 장비입니다.
 로타리 구글 포함 판매 밧데리 시동 방식 일발 시동 판매가 150만원 이며
문의 010-2714-6995",1500000,2026.02.27,756,15,4
225704524,중고나라,이사 정리,농산물 보관용 플라스틱 바구니,"농산물이나 과일 보관에 사용하는 대형 플라스틱 바구니예요. 통풍이 잘 되는 구멍이 많아서 실용적이고, 상태도 양호합니다.
개당2000원 입니다 
약800정도 있습니다",2000,2026.02.27,14,1,0
225704495,중고나라,이사 정리,현대5톤 스키로더,"5톤 스크류롤러입니다. 농작업이나 건설현장에서 바로 사용 가능해요. 실용적인 중고 장비 찾으시는 분께 추천드립니다.
년식. 2021년식 입니다",19000000,2026.02.27,120,0,1
225704440,중고나라,이사 정리,하우스 개폐기 컨트롤 박스,사용감은 있지만 기능상 문제없이 작동하는 상태입니다.,350000,2026.02.27,33,0,1
225667731,중고나라,이사 정리,노트북용 DDR5 5600 32GB,"마이크론 노트북 ddr5입니다 작동 문제없습니다.!
안전결제로 진행 해주시면 됩니다",310000,2026.02.27,32,0,1
225687257,중고나라,이사 정리,포켓몬카드 디스크 카드,릴리에의 삐삐 EX SAR입니다 실가격은 10~20만원이지만 싸게 올렸습니다 상태 안좋은거 하나없이 깔끔합니다. 가격제안도 가능합니다!,60000,2026.02.26,37,0,0
225668891,중고나라,이사 정리,농산물 보관용 플라스틱 바구니,"농산물이나 과일 보관에 사용하는 대형 플라스틱 바구니예요. 여러 개 있어서 필요하신 분께 저렴하게 드려요. 상태는 양호한 편입니다.
개당2000원 입니다 
약800정도 있습니다",2000,2026.02.26,22,0,0
225668848,중고나라,이사 정리,현대스키로더,5톤 스키더입니다. 작동 상태 양호하고 농작업이나 건설현장에서 바로 사용 가능해요. 실용적인 중고 장비 찾으시는 분께 추천드립니다.,20000000,2026.02.26,78,0,0
225668769,중고나라,이사 정리,하우스 개폐기 컨트롤 박스,하우스 개폐기 컨트롤 박스입니다.,350000,2026.02.26,23,1,0
225491920,중고나라,이사 정리,컬럼비아 등산화260,"몇번신지않아 밑창도 갈리지않았습니다
고어텍스와 동일한 방수 투습 기능성이고 바닥창은 접지력좋은 기능성창입니다
신발싸이즈는 넉넉한260 
택비3000
네고 어렵습니다",55000,2026.02.26,69,1,2
225638306,중고나라,이사 정리,5700x b550m 32gb 512gb 반본체,"Cpu : AMD Ryzen 7 5700X 8코어 16스레드
Cpu쿨러 : 존스보 CR-201 RGB 화이트
Gpu : X
M/B : ASUS TUF GAMING B550M-PLUS
Ram :삼성 DDR4 3200MHz 8GB x 4개 총 32GB 
SSD :삼성 PM9A1 M.2 SSD 512GB
 (MZVL2512HCJQ-00BL7) + 방열판
Power : MSI MAG A850GL 80PLUS GOLD 850w 화이트
Case : dlx21 화이트 
( 팬 전면3 , 측면2 ,상단2,후면1 )

새로운 본체구매로 판매합니다. 그래픽카드 제외입니다.

하자고지 : 케이스 rgb선이 접촉불량인지 부팅시에 바로안켜지고나중에 켜지는 증상 

윈도우10 포멧해놨습니다.(메인보드 귀속) 
글카만 구매하셔서 사용하시면됩니다. 
ssd도 얼마사용안한 제품입니다.(크리스탈인포 첨부)
본체에 필요한 그래픽카드지지대, 라이저케이블등드려요.


네고금지 물건이니 네고하지마세요 ㅋ.ㅋ
택배거래 안심거래도 안해유",600000,2026.02.26,178,3,2
225664712,중고나라,이사 정리,이사정리) 포켓몬 빅팝 봉제인형 루카리오,"기본적으로 편의점 택배로 접수해드리고 제쪽에서도 최대한 성심껏 포장해드리겠습니다. 

오락실, 뽑기샵 인형이라 이염, 얼룩이 있을 수도 있고 제가 발견하지 못한 부분도 있을 수 있다는 점 당부드립니다. 

결제 전에 배송방식을 상의하고 가격을 수정하니 구매 전 채팅으로 먼저 연락해주시길 바랍니다.

중고거래 특성상 환불이 어렵다는 점 참고바랍니다",8000,2026.02.26,24,0,0
225030295,중고나라,이사 정리,이사정리) 권투 캥거루 키링인형 처분합니다.,"1번사진 권투 캥거루 개당 2천원 

기본적으로 편의점 택배로 접수해드리고 제쪽에서도 최대한 성심껏 포장해드리겠습니다. 

오락실, 뽑기샵 인형이라 이염, 얼룩이 있을 수도 있고 제가 발견하지 못한 부분도 있을 수 있다는 점 당부드립니다. 

구매 전 캡쳐나 이미지 편집기능으로 구매하려는 상품을 지정하시고 채팅으로 찾아오셔서 문의 부탁드립니다. 

중고거래 특성상 환불이 어렵다는 점 참고바랍니다.",2000,2026.02.26,40,1,0
225241839,중고나라,이사 정리,이사정리) 각종 키링인형 처분합니다.,"1번사진 렌고쿠, 진로 두꺼비, 피아노, 파우치 2천원. 무이치로 및 뒷라인 인형들 3천원

2번사진 각종 키링인형 개당 2천원. 

3번사진 각종 키링인형 개당 2천원.

4번사진 각종 키링인형 개당 2천원.

5번사진 각종 커비 키링인형 개당 2천원. 

2개 이상 구매부터 거래가 가능하며, 이점 유의하여 구매하시기 바랍니다. 

기본적으로 편의점 택배로 접수해드리고 제쪽에서도 최대한 성심껏 포장해드리겠습니다. 

오락실, 뽑기샵 인형이라 이염, 얼룩이 있을 수도 있고 제가 발견하지 못한 부분도 있을 수 있다는 점 당부드립니다. 

구매 전 캡쳐나 이미지 편집기능으로 구매하려는 상품을 지정하시고 채팅으로 찾아오셔서 문의 부탁드립니다. 

중고거래 특성상 환불이 어렵다는 점 참고바랍니다.",65000,2026.02.26,29,0,0
225662920,중고나라,이사 정리,A6700,"컷수 14560회

상태 겁나 좋아여
팔기싫을정도로 너무 좋습니다
렌즈만 있으면 바로 사진 영상 고고싱~

스몰리그 풀세팅 
스몰리그 가격만 무려 10만원!!!",1300000,2026.02.26,73,0,0
220602684,중고나라,이사 정리,레고 스타워즈 75180 새제품,"레고 스타워즈 75180 라타르 탈출 제품입니다

17년 5월 제조 출시제품으로
당시 이마트 구매시 분실방지용 택이 박스에 부착되어있으나 씰이나 박스상태 양호합니다.",120000,2026.02.25,255,1,0
225575657,중고나라,이사 정리,HG 어메이징 즈고크 반다이/건담/건프라/미개봉,"박스에 이상 없음 / 모두 검수 완료

거래 후 단순 변심으로 인한 환불은 일절 받지 않습니다

타 제품과 교환 및 네고X",20000,2026.02.25,44,0,1
225653622,중고나라,이사 정리,닌자 푸디맥스스마트그릴. 박스개봉미사용ag551kr,"닌자 ag551kr. 

선물받은 제품. 이사시 지인에게받았으나

기존 사용하던 제품있어. 내놓습니다

직거래 우선 닌자 서비스도 가능 합니다",260000,2026.02.25,29,0,3
225650144,중고나라,이사 정리,애플 맥북에어 13인치 2013 mid 영문자판,"MacBook Air (13-inch, Mid 2013)
프로세서 1.3 GHz 듀얼 코어 Intel Core i5
메모리 4GB 1600 MHz DDR3
그래픽 Intel HD Graphics 5000 1536 MB

보시는 것과 같이 화면이 정상적으로 나옵니다

애플로고도 선명하게 빛이 납니다

하자 - 자판의 S, D키가 페인트 번졌습니다
우측 외관에 약간 찍힌 자국이 있습니다

그 외 반응속도도 2013년형치고 빠른 편이고 감성용으로 가볍게 쓰기 좋습니다

커버에 얼룩이 있는데 거래 완료시 지운 후 보내드립니다",110000,2026.02.25,276,0,1
222951512,중고나라,이사 정리,아이캠퍼 루프탑텐트 스카이 캠프 2.0(지도버전),"아이캠퍼 루프탑 텐트 스카이캠프 2.0 모델입니다
차량 위에 설치하여 캠핑을 즐길 수 있습니다
- 196cm x 210cm 사이즈로 넉넉한 공간을 제공합니다
- 설치가 간편하고, 견고한 구조로 안전하게 사용할 수 있습니다
캠핑을 좋아하시는 분들께 추천드립니다

- 구성품

*아이캠퍼 스카이캠프2.0. (400만원 구입가)

*기존 가로바 드림 툴레(4~50만원상당)
 가로바는 싼타페dm기준입니다
 호환 안되시면 가로바 새로 구입하셔야 합니다
차량과 호환기준은 전국 아이캠퍼 매장에 전화하셔서 알아보셔야합니다

1. 스카이캠프 2.0 :지도버전 입니다.

3.0 레일 설치해놔서 3.0어넥스플러스 설치 편하게 할 수 있습니다

* 20년 7월에 루프탑텐트 구매했고, 
 실내외 상태 깨끗합니다. 
 실사용횟수는 15회 남짓입니다.

이전 가능지역 (광주광역시 , 대전광역시)
(아이캠퍼 매장 중에 고르셔야 합니다)!",900000,2026.02.25,602,6,2
225629200,중고나라,이사 정리,농산물용 콘테이너상자,"농산물이나 과일 보관용으로 사용하던 오렌지색 플라스틱 박스예요. 통풍구가 있어서 실용적이고, 여러 개 일괄 판매합니다.
약1300개 정도 있습니다 
개당2000원 입니다",2000,2026.02.25,27,0,2
225629134,중고나라,이사 정리,현대스키로더,"소형 스크류 로더입니다. 농장이나 소규모 작업에 적합한 장비로 기능상 문제없이 잘 작동합니다. 실용적인 건설 장비 찾으시는 분께 추천드려요.
년식. 2021년식 입니다",20000000,2026.02.25,38,1,1
225629041,중고나라,이사 정리,하우스 개폐기 컨트롤판,"사용감은 있지만 기능상 문제없이 작동하는 상태입니다. 
하우스 개폐기 컨트롤 박스 입니다",350000,2026.02.25,21,0,0
225594823,중고나라,이사 정리,키즈팡 워크북 미술 (만1세) 새상품,"미술놀이와 다양한 유아 교육 활동을 위한 책들이에요. 아이들 창의력과 학습에 도움이 되는 구성으로 되어있어요. 
비닐도 뜯지 않은 새상품입니다.
제가 구입한곳 남기니 상세내용 확인해주세요
https://link.coupang.com/a/dK1R0l",10000,2026.02.25,11,0,0
225594939,중고나라,이사 정리,폴레드 에어러브 쿨시트 새상품,아기 쿨시트 새상품이에요! 여름철 시원하게 사용할 수 있는 제품입니다. 박스 포장 그대로 미개봉 상태로 판매해요.,35000,2026.02.25,43,0,1
225595215,중고나라,이사 정리,"(새상품)목 보호대, 허리복대","새상품 미개봉이에요.
포장 그대로 깨끗한 상태로 판매해요.
개당 목보호대 1,500원 
허리복대 3,000원입니다.",3000,2026.02.25,16,0,0
225623583,중고나라,이사 정리,칼디짓 TS4 caldigit TS4 썬더볼트4 스테이션,"칼디짓 TS4 썬더볼트4 스테이션이에요. 박스와 본체 모두 깔끔한 상태로 보관되어 있습니다. 고성능 썬더볼트4 지원으로 다양한 기기 연결에 최적화된 제품입니다. 

구매는 23년 7월이고요. 맥사용을 6개월만에 접고 여태까지 사용안해 거의 새거 입니다. 
직거래는 청주애서 가능합니다. 택배도 가능합니다만 되도록 직거래가 우선입니다.",430000,2026.02.25,56,0,0
226499719,중고나라,이사 정리,노바 엘리트 헤드셋 풀박 2026.2.20구매,"노바 엘리트 팝니다.
구매일자 한달도 안됐고 해외여행가고 개강해서 크게 사용 안한 제품입니다.
좋은 이어폰이 생겨 판매합니다.
상자있고 거치대도 드립니다
모두 풀박스입니다",600000,2026.02.20,200,2,5
225237054,중고나라,이사 정리,연료필터 렌치,싼타페tm이나 팰리세이드 연료필터 교체 렌치입니다,3000,2026.02.20,27,0,2
225455389,중고나라,이사 정리,마이다스 3단 롤포장기 역회전 기능포함,"마이다스 3단 롤포장기입니다
수리내역:
기판교체 완료했습니다

가열히터, 펌프, 솔밸브, 롤러, 스위치 
모두 작동확인 완료한 제품입니다.",700000,2026.02.20,43,0,0
225442861,중고나라,이사 정리,ddr4 3200 8gb * 2,"ddr4 3200 8기가 두장 입니다
일괄 판매만 합니다",110000,2026.02.20,23,0,1
225441743,중고나라,이사 정리,농산물용 플라스틱 바구니,"농산물이나 과일 보관에 사용하는 대형 플라스틱 바구니예요. 여러 개가 있어서 필요하신 분께 저렴하게 드려요. 상태는 양호한 편입니다.
개당2000원 입니다 
2000개정도 있습니다",2000,2026.02.20,29,0,0
225430292,중고나라,이사 정리,오월드 자유이용권 2매,"2월28일까지 사용가능한
대전 오월드 자유이용권 
대인2매 판매해요
바코드로바로 보내드립니다.
구매후 환불불가합니다
2장 가격23000원에 판매합니당",23000,2026.02.19,50,0,2
30548812,중고나라,이사 정리,(이사정리) 프리스트 형민우 작가 일러스트집,"형민우 작가 일러스트집입니다.
외부는 좀 그런데 안에는 새책이랑 똑같다고 자신있게 말할수 있습니다.
일러스트집하고 프리스트도 같이 판매하고 있습니다.
같이 가져가실분은 빨리 연락주시는게 좋을듯합니다.
두개 같이 가져가시면 5천원 빼드리겠습니다.
따로 일러스트집만 구매하셔도 됩니다.
왠만하면 직거래 희망합니다.
정 안되면 택배해야죠.
택배하실거면 쿨거래 원합니다...
택배비는 착불 혹은 3천원 같이 보내주시면 될듯합니다.
010-7477-86O4로 연락하시면 됩니다.
이사정리로 처음 생각했던것보다 싸게 내놓습니다.
이사후에는 처음 생각했던대로 팔 생각입니다.
책말고도 이사정리로 중고거래를 많이하고 있어 부득이 하게 답변이 늦을수도 있는점 양해부탁드립니다.",20000,2026.02.19,211,0,0
225424766,중고나라,이사 정리,대학 실험복 100,"대학 실험복 
사이즈 100
세탁은 되어있어 깨끗한데 구김있어서 다림질은 한번 하셔야합니다.
세종시 조치원
반값택배나 알뜰택배 발송가능",9500,2026.02.19,13,0,0
220600950,중고나라,이사 정리,레고7065 새제품,"레고 에일리언 컨퀘스트 7065 새제품입니다
- 8-14세 사용 가능
- 416 피스로 구성
- 사운드 기능 포함

출시한지 오랜 단종제품이라 박스상태는 좋지 않아 조립용 추천합니다.

네이버최저가보다 낮게 올렸습니다",160000,2026.02.19,137,4,1
202944058,중고나라,이사 정리,자외선 열탕 살균 건조기. 자외선칼.도마 살균 건조기,정상작동 입니다2대,400000,2026.02.19,185,0,2
224209567,중고나라,이사 정리,접이식 의자,"접의자 청색 갈색 2종류 판매합니다
갈색의자는 100개정도 됩니다
파란색은 40개정도됩니다

지역은 대전 입니다",5000,2026.02.19,159,2,5
224839569,중고나라,이사 정리,툴레 가로바 ㆍ루프박스 팝니다.,"툴레 정품 풀셋.
가로바 열쇠 2개 
문틀형이면 장착됩니다.
k9.k7.bh.dh.스타렉스. y소나타 .sm5.
에쿠스 vi . 모닝. 장착해보았고 
툴레제품이라서 안전합니다.
루프박스툴레780 열쇠 1개 양문형 개방.(편리함)
상태 좋습니다. 기스외 하자 없습니다.
편하게 캠핑도하고 .. 낚시도 다녔습니다.
차량 판매로인해 팝니다.
경북 군위
45장
직거래 됩니다.",450000,2026.02.19,122,0,1
224405269,중고나라,이사 정리,"이사정리,제일복권) 민나노쿠지 프리코네 B상 캬루 누들스토퍼","공간부족으로 진열할 수가 없는 관계로 처분합니다. 현재 하자검수 겸 개봉촬영 후 재봉했습니다.

보관기간이 길어서 피규어 박스에 약간의 구겨짐이 있을 수 있지만 본체에는 별 문제는 없었습니다. 

기본적으로 편의점 택배로 접수해드리며 제 선에서 최대한 파손의 위험이 없게 노력하여 포장하였음을 구매자분께 고지해드립니다. 

중고거래 특성상 교환/환불이 불가하다는 점 인지해주십시오.

그리고 구매의사를 확실히 결정하시고 문의해주십시오. 

구매 전에 일반과 반값 중 택배비를 정해야 하니 결제 전 문의 주시기 바랍니다.",40000,2026.02.18,27,1,0
224387123,중고나라,이사 정리,"이사정리,제일복권) 모노가타리 B상 오시노 시노부 코미컬라이즈ver.","공간부족으로 진열할 수가 없는 관계로 처분합니다. 현재 하자검수 겸 개봉촬영 후 재봉했습니다.

본체에는 별 이상은 없었지만 박스 위 한쪽이 약간 찢어진 상태입니다. 구매시 유의바랍니다.

보관기간이 길어서 피규어 박스에 약간의 구겨짐이 있을 수 있지만 본체에는 별 문제는 없었습니다. 

기본적으로 편의점 택배로 접수해드리며 제 선에서 최대한 파손의 위험이 없게 노력하여 포장하였음을 구매자분께 고지해드립니다. 

중고거래 특성상 교환/환불이 불가하다는 점 인지해주십시오.

그리고 구매의사를 확실히 결정하시고 문의해주십시오. 

구매 전에 일반과 반값 중 택배비를 정해야 하니 결제 전 문의 주시기 바랍니다.",30000,2026.02.18,92,2,2
225201556,중고나라,이사 정리,필립스 전기면도기 i9000프레스티지 XP9203 미사용제품 판매합니다.,"필립스 전기면도기 i9000프레스티지 XP9203 미사용제품 판매합니다.
필립스s9000 시리즈 아니고 더 좋은 필립스i9000 시리즈로 필립스면도기 최상위 버전입니다.
박스 개봉후 충전해서 동작잘되는지 전원만 켜본 제품입니다.
사용 일절하지않은 새제품입니다.
포장지 하나까지 처음 그대로 박풀로 모두 다 있습니다.
세척기계,세척액도 모두 미사용 새제품
그대로 들어있습니다.
미사용 필립스 코털정리기 같이드립니다.
가격은 28만원에 조치원 직거래로 판매합니다.
010-
제아이디 검색해보시면 중고나라에 거래내역많고 한번도 불미스런일 없었습니다.
그럼 다들 좋은하루 보내세요.",280000,2026.02.18,95,1,2
224984408,중고나라,이사 정리,Eave65 plus + venom65he [베놈65he],"빌드 내역
아이페이 네온 클리어 투명 키캡 오렌지
raw he 40g
황동 보강판
기보강 흡음재
나이트 스테빌
venom 65he
하부 흡음재

추가 구성품은 사진 확인 부탁드립니다. 
키캡, 기보강은 사용감 있습니다. 
2개월 정도 사용하는 동안 문제 생긴 부분은 없었습니다. 
여유분 스위치 파손된 부분 있습니다. 
입금일 기준 다음 날까지 우체국 택배로 보내드립니다. 
안전결제X 괜찮으신 분만 연락 부탁드립니다. 
환불X",139000,2026.02.18,254,0,3
225381633,중고나라,이사 정리,사운드블라스터g6,사블g6 11에 팝니다. 찍힘은 없고 생활기스 있지만 기기에 이상은 전혀 없습니다. 동봉된 선도 같이 드려요,110000,2026.02.18,53,0,2
225377151,중고나라,이사 정리,ga25 모바일상품권 3만원권,편의점에서 사용 가능한 3만원 모바일 상품권이에요. 유효기간 2026년 4월18일까지,26000,2026.02.18,47,0,2
225376581,중고나라,이사 정리,닥터랩노쉬 슬림혈당컷,"2026.04.14
식후에 드시면 혈당스파이크및 체지방감소에 좋습니다
기한 두달정도 남아서 싸게팝니다
1박스 1만원
총 8박스 있습니다",10000,2026.02.18,14,0,1
225107136,중고나라,이사 정리,무르 르모어백 다크브라운,"무르 르모어백 다크브라운 색상입니다. 
원가 134,000원
X에서 품위유지백으로 유명한 브랜드에욥...
가격이 있어서 그런지 가방 질이나 퀄리티가 엄청 좋아요!!
탈부착 가능한 카드지갑이 달려있고 넉넉해서 16인치 노트북 딱 들어가는 보부상 가방이에요!
사용한 적 없는 새 상품인데
왔을 때 손잡이쪽에 스크래치가 있더라고요ㅜㅜ 귀찮아서 냅뒀다가 쓸 일이 없어서 반값으로 드려요ㅜㅜ",54000,2026.02.18,40,0,0
225365086,중고나라,이사 정리,농산물용 콘테이너상자,"농산물이나 과일 보관에 사용하는 대형 플라스틱 바구니예요. 여러 개가 있어서 필요하신 분께 저렴하게 드려요. 상태는 양호한 편입니다.
개당2000원 입니다 
2000개정도 있습니다",2000,2026.02.18,67,0,2
225361123,중고나라,이사 정리,맥북프로 M1 8/256 판매합니다,"맥북프로 M1 8/256 판매합니다.

21년 초에 구매했고, 상태는 전신필름이 붙어있어서 깔끔합니다. 일부 흠집은 사진에 있습니다. 

배터리는 85%입니다.
구성품은 풀박스(충전기 미사용), 인케이스 파우치(10만원 구매)입니다. 채팅주세요.",650000,2026.02.17,71,1,0
224671139,중고나라,이사 정리,숯대감 착화기 겸용 판매,"23년식으로 상태 양호
직배송 또는 화물 택배보내드려요

숯대감 착화기 
LPG LNG 겸용모델

010 9282 238영",850000,2026.02.17,126,2,0
225326478,중고나라,이사 정리,갤럭시워치4 클래식 42mm GPS 실버,"워치4 클래식 42mm GPS 모델입니다.
사용 빈도가 적어 전체적으로 매우 깨끗합니다.
기본 스트랩도 오염없이 깨끗합니다.
충전기 같이 드립니다.
네고교환환불 X
대전 동구 직거래 우대
택배 시 파손면책 및 환불불가",60000,2026.02.17,36,2,1
225346934,중고나라,이사 정리,스틸시리즈 아크티스 게임버즈,"26년 2월 16일에 구매 후 17일에 받아서 10분 정도 사용했습니다. 
영수증 있습니다. 
구성품들 전부 다 있습니다. 
순정 이어팁 1회 착용 후 동봉되어있는 이어팁 큰 사이즈로 변경했습니다. 
입금일 기준 다음 날까지 우체국 택배로 보내드립니다. (휴일 제외)
안전결제X 괜찮으신 분만 연락 부탁드립니다. 
환불X",129900,2026.02.17,29,0,1
225344749,중고나라,이사 정리,농산물용 플라스틱 바구니,"농산물이나 과일 보관에 사용하는 대형 플라스틱 바구니예요. 여러 개가 있어서 필요하신 분께 저렴하게 드려요. 상태는 양호한 편입니다.
개당2000원 입니다 
2000개정도 있습니다",2000,2026.02.17,21,0,0
225343603,중고나라,이사 정리,qm6 사이드스텝,"qm6 사이드스텝 
새제품 
대전
장착비포함",350000,2026.02.17,70,2,0
224926952,중고나라,이사 정리,애플워치 울트라2 다크그린 알파인루프 S사이즈 팝니다~~~~~,애플워치 49mm 다크 그린 알파인 루프.,12345,2026.02.17,95,0,1
225339241,중고나라,이사 정리,ddr4 4기가 두장 판매합니다,ddr4 4기가 두장 입니다,30000,2026.02.17,17,0,1
225177511,중고나라,이사 정리,[4K 32인치] MSI MAG 322URDF800,"실사용 시간 20시간 정도 됩니다. 
사용하는 동안 이상 없었고 불량화소 테스트 사진 참고용으로 올렸습니다. 
2025년 1월 2일에 구매했고 영수증 있습니다. 
박스+구성품 모두 있습니다. 
쿨거래시 모니터암도 같이 드려요. (엔산마운트 OL-16 싱글 책상 모니터암 브라켓 스탠드 거치대)
대전 동구 낭월동으로 오셔서 가져가셔야 합니다. 
환불X",319900,2026.02.16,169,1,4
225167145,중고나라,이사 정리,로지텍 지슈라2c 2026.1.16구매,"지슈라2c
2026.1.16구매로 거의 새 상품입니다. 쿠팡로지텍 공식에서 구매",150000,2026.02.16,273,3,6
225312161,중고나라,이사 정리,갤럭시 3060ti 8기가 LHR 버전 판매합니다,"갤럭시 3060ti 8기가 모델 입니다
흡연 x, 박스 없습니다 
롤 배그 위주로 사용 했구요 보증은 끝나서 
써멀 재도포 한번 하시는게 좋을거 같아요",310000,2026.02.16,57,0,3
225329812,중고나라,이사 정리,ps vita 게임 타이틀,"저도 중고로 샀습니다.

다 잘 돌아갑니다.

팩당 5000₩, 50,000₩ 이하 택배비 구매자 부담

////////--------

남은 것

원피스 해적무쌍 2
원피스 해적무쌍 3 (일판)
하츠네 미쿠 프로젝트 디바 f2
파이팅 클라이맥스 (클라이막스)
소드 아트 온라인 뭐시기 (일판)
용사 죽다
건담 브레이커 3
단간론파 어나더 에피소드
내 시체를 넘어서 가라 2

All 예약, 감사합니다. 😃

All 배송, 감사합니다. 😃",5000,2026.02.16,181,1,8
225189639,중고나라,이사 정리,데스에더 V4 프로 [Deathadder V4 PRO],"25년 12월 31일에 구매했고 영수증 있습니다. 
그립테이프 붙여서 1개월 사용하는 동안 이상 없었습니다. 
입금일 기준 다음 날까지 우체국 택배로 보내드립니다. 
안전결제X 괜찮으신 분만 연락 부탁드립니다. 
환불X",139900,2026.02.16,173,0,4
225316968,중고나라,이사 정리,농산물용 플라스틱 바구니,"농산물이나 과일 보관에 사용하는 대형 플라스틱 바구니예요. 여러 개가 있어서 필요하신 분께 저렴하게 드려요. 상태는 양호한 편입니다.
개당2000원 입니다 
2000개정도 있습니다",2000,2026.02.16,21,0,0
224894897,중고나라,이사 정리,조셉트 105 265,"조셉트 105 굿이어 웰트 기법이 사용 되어서 밑창 다 달면 갈수도 있고 디자인 잘 빠졌습니다.
너무 드레시하지도 않아 정장 외에 슬랙스 코디할 때도 신을 수 있어 밸런스가 좋은 신발입니다!

제품 상태 10/10

사이즈 미스 났는데 다음날 일정있어서 어쩔 수 없이 한번 신었습니다.

중고 거래 특성상 환불 불가입니다.",135000,2026.02.15,121,2,0
225303971,중고나라,이사 정리,소니 SEL20F28 E 20mm F2.8 렌즈 민트,"소니 E 20mm F2.8 렌즈 SEL20F28입니다
- 2.8/20 렌즈
- 0.2m/0.66ft
- 49mm 필터 사이즈

가볍고 휴대성이 좋은 렌즈입니다

박스 없습니다",160000,2026.02.15,49,0,1
225303792,중고나라,이사 정리,selp1650 II selp16502 미사용 소니 E 3.5-5.6/PZ 16-50 OSS II 렌즈,"소니 E 3.5-5.6/PZ 16-50 OSS II 렌즈입니다

- 렌즈 구경은 40.5mm입니다
- 손떨림 보정 기능이 있어서 안정적인 촬영이 가능합니다
- 부드러운 전동 줌 기능으로 영상 촬영에 용이합니다


e10 사면서 같이있던 렌즈입니다.

미사용 상품입니다.

렌즈 정품등록 아직 안한상태입니다.
박스없습니다.",100000,2026.02.15,132,1,1
224263954,중고나라,이사 정리,젠하이저 hd400S,"젠하이저 하급기입니다. 젠하이저는 이런소리이구나? 향을 느낄수있는 헤드폰이라 생각합니다. 저렴한가격대에 상당히 준수한 음질이에요. 울리기쉽고 아무곳에 연결해도 제 소리납니다. 케이블에 마이크 포함되어있어 3.5파이연결시 디코 가능합니다.
신품 구매했었는데 산지 좀 많이 오래되서 구매일시가 기억안납니다. AS는 당연 기간지났구요 메인은 스피커라 서브용도로 써야지하고 구매해놓고진짜 거의 안쓰고 박아만뒀습니다. 안에 모셔놓고 신경안썻더니 이어패드 가죽이 다 삭아서 가루가 날리더라구요. 이어패드 2쪽 다 벗겨내서 삭삭삭 비비니까 가죽이 벗겨지고 떨어져서 매끈한 패드가 되었습니다. 한번 새척하고나니 그냥써도 불편함없고 묻어나는것도 없더군요. 정품패드인데 호환패드 사는비용이 더 비싸 그냥쓰는게 좋을듯합니다. 폼? 빵빵하니 별로안써서 죽지도않았고 좋아요. 케이블을 그냥 감아뒀더니 기스나 눌림? 같은게 있긴한데 사용상 지장없고 피복벗겨짐같은거 전혀없습니다.

그냥 박혀있으면서 물건넣고빼는 서랍안쪽에 뒀더니 물건들에 의해 생긴 생활기스? 있을수있지만 전반적으로 깨끗한편입니다. 음악듣는데 아무이상없고 양품입니다.

풀박스에 구성품 다 있습니다.
택포가격입니다.

직거래 경북 문경 나머지는 택배거래합니다.
택배거래시 파손면책 동의하신걸 전제하에 진행하며 
중고거래특성상 반품불가능입니다. 파손안되도록 포장 튼튼하게해서 보내드립니다.",30000,2026.02.15,95,2,1
225292711,중고나라,이사 정리,벡터 vs201 레이싱 기체,"레이싱 기체 판매 합니다 
모터 : Xnova
변속기, FC : 학rc
수신기 : 라디오마스터 rp1
vtx : 폭시어
안테나 : 폭시어 롤리팝 카메라: 폭시어 프레데터 v5
프렘 : 벡터 vs201
약간의 진동이 생겨서 판매 합니다
vtx 변속기 fc 안테나 수신기 카메라는 쌔거 입니다 아
예
20만원에 판매 합니다. 쿨거시 택포",200000,2026.02.15,41,1,0
225292158,중고나라,이사 정리,Douk audio T6 pro+ 추가진공관6k4 2알 포함,"Douk audio T6 pro+ 추가진공관6k4 2알 포함하여 판매합니다. 
인터넷에서 핫한 제품이고 외관 성능 신품 컨디션입니다.",150000,2026.02.15,77,1,1
225292021,중고나라,이사 정리,Ampapa d1 풀박스 판매합니다.,"작년에 한참 핫했던 ampapa d1 입니다.
제품 성능,외관 신품컨디션이고 풀박스입니다.
궁금하신 점 채팅주세요",170000,2026.02.15,117,1,1
224725193,중고나라,이사 정리,로프리 플로우 라이트 마블 84키,"1년전에 구매한 제품입니다.
스펙터 스위치(리니어)이고,
패키지는 없고 본체랑 비닐만 있어요
일수로 따지면 20일 정도 사용한 것 같습니다

청소도 물론 하고 보내드립니다

스위치랑 같이 구매하시면 네고해드려요

질문 없으시면 바로 안전결제 해주시면 돼요",60000,2026.02.15,322,7,6
225289118,중고나라,이사 정리,숄 목도리 머플러 5종 모두 1만원 (각3000)보풀없이 상태 모두 좋아요이사로 빠른 정리 원해요,"숄 목도리 머플러 5종 모두 1만원 (각3000)
보풀없이 상태 모두 좋아요
이사로 빠른 정리 원해요",10000,2026.02.15,15,0,0
225284822,중고나라,이사 정리,농산물용 플라스틱 바구니,"농산물이나 과일 보관에 사용하는 대형 플라스틱 바구니예요. 여러 개가 있어서 필요하신 분께 저렴하게 드려요. 상태는 양호한 편입니다.
개당2000원 입니다 
2000개정도 있습니다",2000,2026.02.15,31,0,0
223294722,중고나라,이사 정리,"이사정리,제일복권) 전생슬 라스트원상 리무르 사립 템페스트 학원2","공간부족으로 진열할 수가 없는 관계로 처분합니다. 현재 하자검수 겸 개봉촬영 후 재봉했습니다.

보관기간이 길어서 피규어 박스에 약간의 구겨짐이 있을 수 있지만 본체에는 별 문제는 없었습니다. 

기본적으로 편의점 택배로 접수해드리며 제 선에서 최대한 파손의 위험이 없게 노력하여 포장하였음을 구매자분께 고지해드립니다. 

중고거래 특성상 교환/환불이 불가하다는 점 인지해주십시오.

그리고 구매의사를 확실히 결정하시고 문의해주십시오. 

구매 전에 일반과 반값 중 택배비를 정해야 하니 결제 전 문의 주시기 바랍니다.",50000,2026.02.15,82,1,0
223292232,중고나라,이사 정리,"이사정리,제일복권) 전생슬 C상 슈나 사립 템페스트 학원2","공간부족으로 진열할 수가 없는 관계로 처분합니다. 현재 하자검수 겸 개봉촬영 후 재봉했습니다.

보관기간이 길어서 피규어 박스에 약간의 구겨짐이 있을 수 있지만 본체에는 별 문제는 없었습니다. 

기본적으로 편의점 택배로 접수해드리며 제 선에서 최대한 파손의 위험이 없게 노력하여 포장하였음을 구매자분께 고지해드립니다. 

중고거래 특성상 교환/환불이 불가하다는 점 인지해주십시오.

그리고 구매의사를 확실히 결정하시고 문의해주십시오. 

구매 전에 일반과 반값 중 택배비를 정해야 하니 결제 전 문의 주시기 바랍니다.",30000,2026.02.15,49,0,0
225298817,중고나라,이사 정리,타이틀리스트 스카티카메론 팬텀11 22년형 (보호스킨 사용),"2022년 구입
보호해줄게 보호스티커 바로 부착 후 사용

샤프트 각인넘버 정품인증 가능

대전 직거래 가능

타이틀리스트
스카티카메룬 스카티카메론
팬텀11

사진은 기스가 아니라 스티커붙인거에요",300000,2026.02.15,45,1,0
225189956,중고나라,이사 정리,갤럭시탭S11 WIFi 128gb 미개봉(그레이),"갤럭시탭S11 WIFi 128gb 미개봉(그레이)
미개봉상품입니다

미개봉상품이라 별다른 설명은 없습니다!!",805000,2026.02.14,266,3,0
225270048,중고나라,이사 정리,농산물용 플라스틱 바구니,"농산물이나 과일 보관에 사용하는 대형 플라스틱 바구니예요. 통풍구가 잘 되어있어서 실용적이고, 여러 개 있어서 필요하신 분께 저렴하게 드려요.
개당2000원 입니다 
2000개 정도 있습니다",2000,2026.02.14,58,0,0
225037753,중고나라,이사 정리,조정래 태백산맥 팝니다~~~~~,조정래 태백산맥……….,12345,2026.02.14,31,0,0
225253107,중고나라,이사 정리,캡티바2011-2015 2.0 2.2 유로5 DPF 지엠 정품 새제품,캡티바 2011-2015 2.0 2.2 유로5 용 dpf 지엠정품 미사용품 입니다.,700000,2026.02.14,96,5,1
225249606,중고나라,이사 정리,자급제 아이폰17 256 블랙 단품,"미개봉 자급제 동내마켓에서 구배하여,
1월20일 사용. 구성품 박스는 본가에 있어서 없는것으로하고 단품으로만 판매.

자급제는 모델번호 끝자리로 확인이 됩니다.
하자는 케이스 빼다가 한번 떨어트렸는데 저렇게 됬습니다.
마지막사진2장 찍힘사진참고.

배터리성능 100%
배터리 사이클수 35

구입일 60일이내 애플케어 또는 카카오보험 가입가능.
제품 제한보증 날짜가 26년 1월20일이니, 활성화기준으로 60일면 3월까지는 가입가능하겠네요. 구입일 기준아니고 활성화 기준 60일입니다.

기계 찍힘 민감하시면 연락하지마세요. 
고민은 혼자 다 하시고 연락주세요. 연락주셔서 고민한다 하지마시구요,

안심결제 안합니다. 네고안합니다.
직거래 세종 조치원에서만 가능합니다. 
택배거래시 선입금후 발송입니다. 
택배보내는 과정 꼼꼼하게 찍어서 보내드립니다.",950000,2026.02.14,133,0,0
225248155,중고나라,이사 정리,[스위치2 에디션] 젤다의 전설 야생의 숨결,"정상 구동 확인 했습니다. 
입금일 기준 다음 날까지 우체국 택배로 보내드립니다. 
안전결제X 괜찮으신 분만 연락 부탁드립니다. 
환불X",59900,2026.02.13,52,0,0
225195031,중고나라,이사 정리,닌텐도 스위치2 + 게임팩 4개 + 게임칩 케이스,"2026년 1월 10일에 구매했고 영수증 있습니다. 
강화유리 액정 보호필름 붙여놓은 상태입니다. 
15일 정도 사용하면서 이상 없었습니다. 
초기화 해서 드릴 예정이고 마리오 카트는 없을거에요. 
입금일 기준 다음 날까지 우체국 택배로 보내드립니다. 
안전결제X 괜찮으신 분만 연락 부탁드립니다. 
환불X",699900,2026.02.13,131,1,3
224136022,중고나라,이사 정리,"이사정리,2개) 포켓몬 라이츄 중형인형","개당 7천원입니다.

기본적으로 편의점 택배로 접수해드리고 제쪽에서도 최대한 성심껏 포장해드리겠습니다. 

오락실, 뽑기샵 인형이라 이염, 얼룩이 있을 수도 있고 제가 발견하지 못한 부분도 있을 수 있다는 점 당부드립니다. 

결제 전에 배송방식을 상의하고 가격을 수정하니 구매 전 채팅으로 먼저 연락해주시길 바랍니다.

중고거래 특성상 환불이 어렵다는 점 참고바랍니다.",7000,2026.02.13,27,0,0
225161622,중고나라,이사 정리,배스킨라빈스 NEW 해피버스데이 케이크 2.1만원 팝니다.,"배스킨라빈스 케이크 27,000원을
21,000원에 판매합니다.
26.4.22일 까지입니다.",21000,2026.02.13,56,1,3
225222166,중고나라,이사 정리,올리브영 5만원권,올리브영 5만원권 44000원에판매합니다.,44000,2026.02.13,19,0,2
225221505,중고나라,이사 정리,내셔널 지오그래픽 크로노 운동화,,70000,2026.02.13,15,0,0
225248203,중고나라,이사 정리,슈퍼 마리오 오디세이,"정상 구동 확인 했습니다. 
입금일 기준 다음 날까지 우체국 택배로 보내드립니다. 
안전결제X 괜찮으신 분만 연락 부탁드립니다. 
환불X",34900,2026.02.13,50,1,0
225248183,중고나라,이사 정리,[스위치2 에디션] 동물의 숲,"정상 구동 확인 했습니다. 
입금일 기준 다음 날까지 우체국 택배로 보내드립니다. 
안전결제X 괜찮으신 분만 연락 부탁드립니다. 
환불X",59900,2026.02.13,18,0,0
225248169,중고나라,이사 정리,뉴 슈퍼 마리오브라더스 U 디럭스,"정상 구동 확인 했습니다. 
입금일 기준 다음 날까지 우체국 택배로 보내드립니다. 
안전결제X 괜찮으신 분만 연락 부탁드립니다. 
환불X",29900,2026.02.13,26,0,1
225248120,중고나라,이사 정리,동물의 숲 + 젤다의 전설 야생의 숨결 + 마리오 오디세이 + 마리오u디럭스 + 칩 케이스,"모두 정상 구동 확인 했습니다. 
전체 일괄입니다. 
칩 케이스는 12개까지 보관 가능합니다. 
입금일 기준 다음 날까지 우체국 택배로 보내드립니다. 
안전결제X 괜찮으신 분만 연락 부탁드립니다. 
환불X",149900,2026.02.13,37,0,0
222231663,중고나라,이사 정리,와후 키커바이크 1세대,"와후 키커바이크 1세대입니다
앞에 선반도 같이 드립니다
직거래만 가능하고 세종 조치원입니다
차 싣는거는 도와드리는데
일반 세단에는 들어가지 않을수도 있습니다",2300000,2026.02.13,1029,8,11
225228781,중고나라,이사 정리,농산물용 플라스틱 바구니,"농산물이나 과일 보관에 사용하는 대형 플라스틱 바구니예요. 여러 개가 있어서 필요하신 분께 저렴하게 드려요. 상태는 양호한 편입니다.
개당2000원 입니다 
약2000개정도 있습니다",2000,2026.02.13,13,0,0
225169697,중고나라,이사 정리,DDR4 2666 16GB 2개,"삼성 ddr4 2666 16기가 * 2 판매 합니다
개별로 판매 하지 않고 일괄로 판매 합니다",220000,2026.02.13,46,1,1
225003164,중고나라,이사 정리,혜인서 185 커큐민 Plus 판매합니다!,"혜인서 185 커큐민 Plus 판매합니다!!
- 600mg x 60캡슐
한박스당 50.000원 4박스있어요~ 
택배비 별도입니다~~!
유통기한 1년 넘게 남았습니다^^",50000,2026.02.12,16,0,0
225198201,중고나라,이사 정리,,"다이나핏 여자 95 사이즈입니다 
상태는 사진과 같이 양호합니다

보온성이 뛰어나 따뜻하게 입을 수 있고
디자인이 깔끔하고 세련되었어요
네이비 색이고 여자 사이즈라 라인 잡혀있어요
작년에 선물 받아서 올해 2월 초까지 입었어요
구매하실 분 채팅 주세요",180000,2026.02.12,27,0,2
223614686,중고나라,이사 정리,이사정리) 포켓몬 누리공 중형인형,,7000,2026.02.12,41,0,1
225185435,중고나라,이사 정리,농산물 콘테이너상자,"농산물이나 과일 보관용으로 사용하던 대형 플라스틱 박스예요. 통풍구가 있어서 농산물 보관에 좋고, 여러 개 있어서 필요하신 분께 저렴하게 드려요.
약140개정도 있습니다 
개당2000원 입니다",2000,2026.02.12,37,1,1
223912061,중고나라,이사 정리,카이저 제빙기 공냉식 50kg 23년식,"카이저 50kg 공냉식 모델입니다 
23년도 7월제조 중고 기계 사와서 4개월쓰고 올립니다 
카페에서 사용하여 상태 너무 좋습니다 직접 오셔서 확인하시고 가져가세요!",450000,2026.02.12,319,3,3
225208441,중고나라,이사 정리,ps4 세키로 팝니다~~~~~,"ps4 세키로.,.",12345,2026.02.12,49,0,1
224542243,중고나라,이사 정리,키 락픽,"저거 해보진 않았는데 문 손잡이는 안들어가더라고요
제 생각에는 자동차 키 락픽 아닐까 싶네요",15000,2026.02.12,43,3,0
224576348,중고나라,이사 정리,"이사정리,타이토) 타이토쿠지 길티크라운 A상 유즈리하 이노리","공간부족으로 진열할 수가 없는 관계로 처분합니다. 현재 하자검수 겸 개봉촬영 후 재봉했습니다.

세월감에 의한 변색이 좀 있습니다. 

보관기간이 길어서 피규어 박스에 약간의 구겨짐이 있을 수 있지만 본체에는 별 문제는 없었습니다. 

기본적으로 편의점 택배로 접수해드리며 제 선에서 최대한 파손의 위험이 없게 노력하여 포장하였음을 구매자분께 고지해드립니다. 

중고거래 특성상 교환/환불이 불가하다는 점 인지해주십시오.

그리고 구매의사를 확실히 결정하시고 문의해주십시오. 

구매 전에 일반과 반값 중 택배비를 정해야 하니 결제 전 문의 주시기 바랍니다.",50000,2026.02.12,47,0,0
225191839,중고나라,이사 정리,qm6 3D 태일램프,"qm6 태일램프 
4개 한대분
장착비별도 
대전
택배 착불",100000,2026.02.12,37,1,0
225183395,중고나라,이사 정리,삼성 AI 비스포크 콤보 세탁건조기,"삼성 BISPOKE AI 콤보입니다.

건조기 따로 구매할 필요 없어 매우 좋습니다
버튼 한 번 누르면 세탁에 건조까지 완료되니 직장인분들 너무 편리하게 이용하실 수 있습니다

세탁기 통세척 등 전부 세탁기 ai가 스스로 해요
1인 가구가 사용해서 사용횟수 적고 상태 좋아요

직접 가져가셔야해요
이사로 판매하는 거라 환불은 불가능합니다",1000000,2026.02.12,149,1,3
225104489,중고나라,이사 정리,컨셉2 PM5 로잉머신 판매합니다,"컨셉2 로잉머신 모델 D PM5입니다
구매한지 1년 반쯔음 됐구요 이사가는 집에 가져가려 고민하다 안될꺼 같아서 판매합니다

정품오일과 필요하시면 헬스장매트 드립니다 총 18장 정도 보유중이며 헬스장 매트 쓰면 층간소음과 밀림이 전혀 없었습니다

직거래 세종 조치원입니다
0I0-2O46-9l49
연락주세요 감사합니다",650000,2026.02.11,146,2,1
225171001,중고나라,이사 정리,MG 비다르 반다이/건담/건프라/미개봉,"박스에 이상 없음 / 모두 검수 완료

거래 후 단순 변심으로 인한 환불은 일절 받지 않습니다

타 제품과 교환 및 네고X",70000,2026.02.11,19,0,0
225167339,중고나라,이사 정리,바툼욕실온풍기,"개봉해본 박스파손 미사용품
구성품다있어요",92000,2026.02.11,39,0,1
224901593,중고나라,이사 정리,레버프레소v4 전용스탠드 세트 새상품,"새상품입니다
사놓고 안써서 판매합니다
전용스탠드 포함 풀구성 드립니다",80000,2026.02.11,60,0,5
225162024,중고나라,이사 정리,고장난 에어팟맥스,"페어링 오류 납니다. 주황불 3번
헤드밴드 늘어짐 있습니다.
이어패드랑 다 세척 해뒀습니다.
고칠수 있는 분이 고쳐서 쓰시면 됩니다. 전체적으로 상태는 깨끗해요.
박스 있고 케이블만 없습니다.
네고환불교환 안받습니다.
대전 동구 직거래 우대, 택배 시 파손면책 동의 및 환불x",110000,2026.02.11,37,1,1
225156866,중고나라,이사 정리,메가커피 모바일 금액권 3만원권,"커피전문점에서 사용 가능한 3만원 모바일 상품권이에요. 커피, 디저트 등 다양한 음료와 식사 구매할 때 유용하게 쓸 수 있어요.",26000,2026.02.11,26,0,2
225152170,중고나라,이사 정리,크리스피바바 양모차렵이불 싱글,"펼쳐만본 미사용품

싱글

대전 낭월동 직거래가능",100000,2026.02.11,85,4,0
225153535,중고나라,이사 정리,갤럭시 탭 a with s팬 32gb wifi,"박스 있고 s팬있어요. 잘쓰다가 태블릿을 하나 사게되서 판매합니다. 사용감 있고, 상태는 사진과 같아요",60000,2026.02.11,26,0,1
225147923,중고나라,이사 정리,스타벅스 아메리카노 쿠폰 2장 7000원입니다,"스타벅스 아메리카노 2장 7000원입니다
유효기간 2월 14일 / 3월 3일입니다~~",7000,2026.02.11,14,0,1
225147042,중고나라,이사 정리,농산물용 콘테이너상자,"식물 재배나 과일 보관에 사용하는 대형 플라스틱 바구니예요. 통풍이 잘 되는 구멍이 많아서 식물을 깨끗하게 보관할 수 있고, 상태도 양호합니다.
개당2000원 입니다 
약300정도 있습니다",2000,2026.02.11,33,0,0
223723702,중고나라,이사 정리,야마하 퍼시피카 112vm 아이스블루 일렉기타,"야마하 퍼시피카 112VM 아이스 블루 색상 일렉 기타입니다
퍼시피카는 다재다능한 톤으로 다양한 장르를 소화할 수 있습니다
편안한 연주감으로 초보자도 쉽게 연주할 수 있습니다

작년에 구입해서 딱 한번 연습하고
쭈욱 인테리어로만 있었던 새상품급입니다.
픽과 잭 어댑터 
사진에 보이는 기타받침 케이블 모두 드립니다.
가방은 찾아서 나오면 같이 드릴게요 없을수도 있습니다.

제품특성상 직거래위주로만하며
정 택배거래 원할시 반품불가 안전거래X",350000,2026.02.11,334,3,0
223725053,중고나라,이사 정리,포커스라이트 스칼렛 4세대 2i2 오디오 인터페이스,"포커스라이트 스칼렛 Focusrite Scarlett 2i2 4세대 오디오 인터페이스입니다
- USB로 연결하여 사용 가능합니다
- 2개의 입력 포트가 있습니다
- 상태는 사진과 같습니다
- 작고 가벼워서 휴대하기 좋습니다
- 고품질 오디오 인터페이스로 뛰어난 음질을 제공합니다

사놓고 한번 연결해보고 한번도 안쓴 새상품급입니다 앞뒤비닐도 안뗌
제품 단품+ 박스 있습니다. 케이블은 없습니다",200000,2026.02.11,260,5,5
225134738,중고나라,이사 정리,Mitutoyo버니어캘리퍼스,"ㆍ미사용 일제 상품입니다
ㆍ150mm 디지털 입니다",80000,2026.02.10,105,0,5
224763834,중고나라,이사 정리,LG 24GN600,"LG 모니터 24GN600 팝니다.
2년정도 사무실에서 서브모니터로만 사용했습니다.
박스랑 정품케이블 등 구성품 전부 보유중
택배 박스있어서 파손면책 동의해주시면 가능합니다.",100000,2026.02.10,88,0,2
224543134,중고나라,이사 정리,JFA각도 커팅기 팝니다.,"JFA 각도 절단기입니다.

궁금하신거 있으면 문의주세요.",80000,2026.02.10,36,0,0
224586311,중고나라,이사 정리,코로나 제연기 / 애프터 버너 15kg 급 + 전동 밸브 포함,,4300000,2026.02.10,283,2,3
225110952,중고나라,이사 정리,농산물용 플라스틱 수납박스,"농산물이나 과일 보관에 사용하는 노란색 플라스틱 박스예요. 통풍구가 잘 되어있어서 실용적이고, 여러 개 있어서 필요하신 분께 저렴하게 드려요.
개당2000원 입니다 
약100개정 있습니다",2000,2026.02.10,91,1,2
225108038,중고나라,이사 정리,크리에이티브 BT-W5 판매합니다.(고음질 블루투스 동글),"크리에이티브 BT-W5 판매합니다.

상태 최상.. 풀구성품 다 있습니다.

반택포 3에팝니다.
일반택배 원하시면 2천원 추가해주시면 됩니다.

하자없고 정상작동합니다.
구매한지 1년지나서 AS기간없습니다.

직거래 경북 문경 나머지는 택배거래합니다.
택배거래시 파손면책 동의하신걸 전제하에 거래진행하며
중고거래특성상 반품 절대 불가능입니다.",30000,2026.02.10,23,0,1
222365366,중고나라,이사 정리,헌터x헌터 그리드 아일랜드 위험주사위,"✅ 제품 특징
 • 구성품: 리스크 다이스 주사위 1개 + 카드 1장
 • 사이즈: 20면체 주사위
 • 무게: 약 50g (묵직한 그립감)
 • 디자인: 블랙 바탕에 일본어 문구가 새겨져 있어 애니메이션 원작 분위기를 그대로 재현
 • 콜렉터 아이템: 헌터X헌터 팬, 보드게임 주사위 수집가에게 추천",20000,2026.02.10,256,16,0
225136156,중고나라,이사 정리,나이키 acg 스미스 서밋 팬츠 xxl,나이키 acg 스미스서밋팬츠 xxl 새제품입니다,95000,2026.02.10,40,0,0
225115292,중고나라,이사 정리,이사정리)엄마표영어 뉴 까이유 스페셜 굿프렌즈+ 까이유대본집,"엄마표 영어로 봤던 까이유에요
집에 까이유 버전 다사서.. ㅎㅎ너무 많아서
이제 방출하려고 해서 저렴히 판매합니다
거의 한두번 보거나 그래서 cd뒷 상태 너무 좋아요~~
한 두장정도 살짝 지문 있는듯한데
보는데 지장없었어요.
사진으로 사용감 다 확인후 연락주세요.

이사로 저렴히 판매해요

그외 대본집도 드립니다.",3500,2026.02.10,25,0,3
225110912,중고나라,이사 정리,농산물용 플라스틱 바구니,"식물 재배나 과일 보관에 사용하는 대형 옐로우 플라스틱 바구니예요. 통풍구가 잘 되어있어서 식물을 깨끗하게 보관할 수 있고, 상태도 양호합니다.
개당2000원 입니다 
약300정도 있습니다",2000,2026.02.10,30,0,1
224946683,중고나라,이사 정리,포터블 미니웨건,미개봉 새제품 포터블 미니웨건이에요. 캠핑이나 야외활동에 딱 좋은 사이즈로 실용적입니다. 박스 상태 깨끗 회사에서 선물로 받은건데 미사용 제품 뜯지도 않았어요 바로 사용하시면 돼요! 사실 분 채팅 주세요 직거래 택배 가능 (택비 포함),80000,2026.02.10,36,0,1
224573961,중고나라,이사 정리,"이사정리,2개) 포켓몬 헤드셋 이브이 중형인형",,10000,2026.02.09,24,0,0
225089246,중고나라,이사 정리,관리기,"농업용 경운기입니다. 사용감은 있지만 작동 상태 양호하며, 농사일에 바로 사용 가능해요. 실용적인 농기계 찾으시는 분께 추천드립니다.",2800000,2026.02.09,125,1,1
177122656,중고나라,이사 정리,다케이 디지털 체전굴계 측정기구,"※ 카페 상품 게시글은 자동으로 중고나라 앱/사이트에 노출합니다. 노출을 원하지 않으실 경우 고객센터로 문의 바랍니다. 
※ 등록한 게시글이 회원의 신고를 받거나 이상거래로 모니터링 될 경우 중고나라 사기통합조회 DB로 수집/활용될 수 있습니다. 
─────────────────── 
📢 제목에 ""제조사/브랜드 명 ""과 ""상품명(ex. 아령 1kg)”을 넣어 작성하면, 보다 빠른 판매가 가능합니다! 
📢 게시글 작성 시 배송 방법에 “직거래”와 “내 위치” 설정할 경우, 보다 빠른 판매가 가능합니다! 
다케이 디지털 체전굴계 측정기구
불용품이라 판매 합니다 박스는 없습니다
직거래 택배 모두 가능 택배시 파손면책 동의시 
가능 합니다 직거래 4만원
약간 내고 가능 하니 구입하실분 문자 주세요
ㅇㅣㅇ8822 5735",45000,2026.02.09,40,1,2
225096626,중고나라,이사 정리,자동차 휠밸런스기,"전문 자동차 정비용 휠밸런스기예요. 모니터와 각종 도구들이 포함되어 있고 상태 양호합니다. 전문 업체에서 사용하던 제품으로 실용적이에요.

대전
버틀러 휠밸런스 
355S
010 7738 4200",5000000,2026.02.09,116,1,1
224565063,중고나라,이사 정리,이사정리) 포켓몬 꼬부기 생일축하 중형인형,"기본적으로 편의점 택배로 접수해드리고 제쪽에서도 최대한 성심껏 포장해드리겠습니다. 

오락실, 뽑기샵 인형이라 이염, 얼룩이 있을 수도 있고 제가 발견하지 못한 부분도 있을 수 있다는 점 당부드립니다. 

결제 전에 배송방식을 상의하고 가격을 수정하니 구매 전 채팅으로 먼저 연락해주시길 바랍니다.

중고거래 특성상 환불이 어렵다는 점 참고바랍니다.",8000,2026.02.09,25,0,1
224819204,중고나라,이사 정리,피에가 Piega T micro 스피커,"스위스 스피커 피에가 T micro입니다.
책상위에서 움직인적 없이 써서 흠집은 없습니다.
정품 박스와 구성품 모두 있어서 택배거래도 가능합니다.
직거래 대전 대성동입니다. 
네고는 정중히 사양하겠습니다.",300000,2026.02.09,98,1,2
224811183,중고나라,이사 정리,오토바이 탑박스,"xmax에 장착했던 탑박스 판매합니다
리어다이 포함이구요 탑박스는 바닥 철판작업 및
파티션 3개도 포함 입니다.
사진처럼 사용감은 좀 있으나 하자 되는건 없이 
잘 사용했습니다.
네고 가능하니 궁금하신거 편하게 말씀해주세요~",99000,2026.02.09,50,0,2
225072693,중고나라,이사 정리,"시에 균일가 25,000 이사 전 정리","모두 아끼는 옷들이지만 사이즈 이슈로 인해 정리하려고 균일가로 내놓았습니다 상태 깨끗하지만 중고 예민힌신분들은 새제품 구매 부탁드리고 추가 에누리 문의는 받지 않습니다.
택배비별도입니다.

리네 레이어드 스커트 겉치마 속치마 모두 S 여름소재

시에 에밀리 슬릿 트위드 미디 화이트 S

시에 슈어 슬랙스 23SS 크림 S 미착용",25000,2026.02.09,91,2,3
224664732,중고나라,이사 정리,뉴발란스 프레쉬폼 모어 트레일 v3 270mm,"뉴발란스 프레쉬폼 모어 트레일 v3 270mm 신발입니다
2E 와이드핏으로 발볼이 편안해요
비브람 아웃솔이 적용되어 뛰어난 접지력을 제공하며, 프레쉬폼 미드솔 덕분에 장거리 트레일 러닝에도 발의 피로를 덜어주는 뛰어난 쿠셔닝을 자랑합니다
깨끗하게 관리되었습니다
밑창 마모는 적은 편이며, 사진에서 보시는 것처럼 상태 양호합니다",65000,2026.02.09,70,0,0
225053158,중고나라,이사 정리,듣보 픽시 2에 사고싶어요,듣보 픽시 2에 사고싶습미다아,100,2026.02.08,79,0,3
225067690,중고나라,이사 정리,ZOTAC GTX 1060 6GB 그래픽카드+삼성PC3 메모리4GB 2개,"ZOTAC GTX 1070 8GB 그래픽카드입니다
- HDMI, DVI, DP 포트 지원
- 고성능 게이밍에 적합

PC3삼성메모리4GB 2개

상태는 사진과 같습니다

문경 예천 안동 권역 직거래 가능
개포면 인근이나
풍산농공단지 인근 아니시면 기름값이 더 많이 나올듯 합니다.

타지역 선입금 택배거래입니다.",69300,2026.02.08,56,0,2
225043035,중고나라,이사 정리,로프리 맥 실버 계산기 (미개봉) 현금생활,"미개봉이고 블랙 있어서 안 쓸거 같아 내놓아요ㅠㅠ
택배비 포함 11만원입니다!

💚채팅주세요💚",110000,2026.02.08,19,0,1
225032285,중고나라,이사 정리,딥디크 도손 오드뚜왈렛 100ml,"올데프 애니가 사용한다고 요새 더 유명해진 향수
딥티크 도손 오 드 뚜왈렛 100ml입니다
3번 정도 뿌려봤습니다
박스 쇼핑백 풀구성으로 드립니다
도손은 튜베로즈의 부드러움과 바다의 신선함이 어우러진 향입니다

튜베로즈, 아이리스, 머스크 향이 특징입니다
섬세하고 매혹적인 향을 선사합니다
빨리 연락주시면 8에 드릴게요",90000,2026.02.08,37,3,0
225025208,중고나라,이사 정리,bmw640d 그린쿠페 x드라이버,깔끔한 블랙 컬러의 중형 세단입니다. 외관 상태 양호하고 실내도 깨끗해 보여요. 관심 있으시면 연락주세요!,12000000,2026.02.07,94,1,1
225018905,중고나라,이사 정리,가민 속도 센서,가민 속도 센서입니다 연결 불량 없고 속도 측정 잘됩니다,50000,2026.02.07,53,0,0
218653390,중고나라,이사 정리,19인치 BBS RSGT st 싼타페DM 싼타페TM,"19인치 BBS RSGT st 싼타페DM 싼타페TM 싼타페MX5 팰리세이드 맥스크루즈 베라크루즈 카니발KA4 쏘렌토R 쏘렌토MQ4 스포티지QL NQ5 EV5 EV6-GT 올뉴카니발 더뉴카니발 쏘렌토R 베뉴 니로 셀토스 코나 NF소나타 LF소나타 YF소나타 올뉴K5 올뉴K7 투싼ix 스포티지R . . . =============================== 30만원
4개 모두 9.5j 입니다. 리어휠만 4개 입니다. 블랙유광으로 도색된 휠 입니다.
지인 물건이라 직거래만 합니다. 대전입니다. 혹시라도 택배 원하시면 노리턴 조건입니다.
택배비는 개당 8천원 입니다.

연락처는 아래에 잘 보면 보입니다.

0 1 0 4 5 5 3 5 3 4 5
============================
공 . ===============================
일 . ================================
공 . 대전 직거래 가능.
..
사 .
오 . 택배 가능.
오 .
삼 . 원하시는 제품 사진을
..
오 .
삼 . 문자로 먼저 보내주세요.
사 .
오 . 앱채팅은 답장이 늦어요






🚨회원님의 거래 게시글을 노린 중고나라 운영진 사칭 피싱 사이트를 주의하세요🚨",280000,2026.02.07,738,12,5
224751369,중고나라,이사 정리,2025다산에듀 전기기사실기 이론+기출팝니다,,95000,2026.02.07,141,3,1
221903719,중고나라,이사 정리,레고 70228 키마 빙하 드래곤,"레고 지마 시리즈의 빙하 드래곤 세트예요. 박스 상태가 깨끗하고 미개봉 새제품입니다. 레고 매니아나 지마 팬에게 추천해요!

레고 키마 70228 벌트릭스의 스카이 스캐벤저 새제품입니다
8-14세 이용 가능합니다
제조년월은 2014년 10월입니다

당시 이마트에서 구매해서 박스에 도난방지 스티커 테잎부착 있습니다",150000,2026.02.07,223,1,1
225018851,중고나라,이사 정리,울테그라 로터,울테그라 로터이고 500키로 이내여서 많이 닳지 않았습니다 휨 하자 없습니다,60000,2026.02.07,27,0,0
224902831,중고나라,이사 정리,마이크론 32GB DDR4 PC4-3200AA-RB2-12 서버용,"마이크론 32GB DDR4 PC4-3200AA-RB2-12 서버용 램입니다. 

서버컴용 램 장착 가능한지 확인 후 구매 부탁드려요.

총 10개 보유중입니다.

10개 구매시 260",540000,2026.02.07,141,0,3
224581032,중고나라,이사 정리,하타케야마 포수미트 PRO-M2,"상품명 : 하타케야마 m2

사진과 같이 검빨 배색이 조합이 잘 된 미트이며 검지에 떼탐도 잘 없이 관리 잘 되어있습니다ㅎㅎ 길각은 잡혀있으나 아직 많이 하드한 미트입니다.

사용감 매우 적으며 캐치볼정도 소화한 민트급 미트입니다.
사용자에따라 길 많이 더 들이셔야 할 수도 있습니다! 탄탄하고 하드하여 공 들어오는 손맛과 포구음 매우 좋습니다

헤진곳이나 경화 전혀 없으며
포구면과 웹도 사진과 같이 매우 깔끔한 상태
유지중입니다
더 궁금한 점 있으시거나 구매 원하시는분은 편히 연락주세요!
약간에 네고 가능합니다 ~",470000,2026.02.07,179,3,4
224999162,중고나라,이사 정리,닌텐도 스위치 모여봐요 동물의 숲,"닌텐도 스위치 모여봐요 동물의 숲 타이틀 판매합니다!
작동 잘되고 재밌습니다! 후회 안함
대전 동구,중구 직거래 가능하고, 근처
오시면 네고 해드리겠습니다.",42000,2026.02.07,40,0,1
224999026,중고나라,이사 정리,닌텐도 스위치 짱구 탄광마을의 흰둥이,"닌텐도 스위치 짱구 탄광마을의 흰둥이 게임칩 판매니다.작동 잘되고 재밌습니다!! 대전 동구,중구 직거래 가능합니당",40000,2026.02.07,42,0,1
224998895,중고나라,이사 정리,농산물용 플라스틱 박스,"농산물이나 과일 보관에 사용하는 대형 플라스틱 박스들이에요. 여러 개가 있어서 농업이나 유통업체에서 바로 사용 가능합니다. 상태는 양호한 편이고 실용적으로 쓰기 좋아요.
개당2000원 입니다 
100개 있습니다",2000,2026.02.07,48,0,0
224998626,중고나라,이사 정리,ps5 pro + 정품 수직스탠드 팝니다~~~~~,1. ps5 pro,12345,2026.02.07,117,0,2
224989531,중고나라,이사 정리,옴니북 울트라 플립 14-fh0010TU U7 258V판매합니다,"HP 옴니북 울트라 플립 14-fh0010TU U7 258V 32GB 1TB 터치 OLED 루나레이크 노트북
2차구매자
펜사용감있음 큰기스없고 단자끼는곳에 생활기스있음
힐링쉴드 종이질감 보호필름부착 앞뒤보호필름부착 앞쪽은 잘못붙여서 기포많음
마지막사진 hp ai컴패니언 계정 포멧하고새로 깔아도 계정등록이 안바뀜 
안전거래가능 파손면책동의 환불x 네고x
직거래 세종 대전가능합니다",1250000,2026.02.06,187,3,3
224989201,중고나라,이사 정리,ifi xdsd dac 휴대용 앰프,"아이파이 iFi xdsd DAC 휴대용 앰프입니다

실사용은 1개월입니다.

3D+, xbass+ 옵션이 있어서 선명한 저음역대 소리와 공간감이 있어 앰프 사용전후 차이가 확실해요. 

구매하시면 케이스랑 케이블도 같이 드릴게요.",300000,2026.02.06,328,2,1
224989064,중고나라,이사 정리,"이사정리,후류) 프리즈마 이리야 - 이리야, 미유 일괄판매","공간부족으로 진열할 수가 없는 관계로 처분합니다. 현재 하자검수 겸 개봉촬영 후 재봉했습니다.

보관기간이 길어서 피규어 박스에 약간의 구겨짐이 있지만 본체에는 이염 정도로 별 문제는 없었습니다. 

기본적으로 편의점 택배로 접수해드리며 제 선에서 최대한 파손의 위험이 없게 노력하여 포장하였음을 구매자분께 고지해드립니다. 

중고거래 특성상 교환/환불이 불가하다는 점 인지해주십시오.

그리고 구매의사를 확실히 결정하시고 문의해주십시오. 

구매 전에 일반과 반값 중 택배비를 정해야 하니 결제 전 문의 주시기 바랍니다.",80000,2026.02.06,53,0,0
224985897,중고나라,이사 정리,22,분할///////:::::,1600000,2026.02.06,9,0,1
224985868,중고나라,이사 정리,111,,3000000,2026.02.06,17,0,1
224971546,중고나라,이사 정리,농산물용 콘테이너상자,"식물 재배나 과일 보관에 사용하는 대형 플라스틱 바구니예요. 통풍이 잘 되는 구멍이 많아서 식물을 안전하게 운반할 수 있어요. 상태 양호한 중고 제품입니다.
개당2000원 입니다 
약300정도 있습니다",2000,2026.02.06,39,0,0
224971187,중고나라,이사 정리,농산물용 플라스틱 박스,"농산물이나 과일 보관에 사용하는 대형 플라스틱 박스들이에요. 여러 개가 있어서 필요하신 분께 저렴하게 드려요. 상태는 양호한 편입니다.
개당2000원 입니다 
100개 정도 있습니다",2000,2026.02.06,38,0,0
224966604,중고나라,이사 정리,나이키 머큐리얼 베이퍼 16 프로 tf 270,"크레이지11에서 구매한 나이키 머큐리얼 베이퍼16 프로 tf입니다

270 사이즈이고 사이즈 미스로 5-6회정도 착용 후 내놓습니다

인솔에 프린팅도 안벗겨진 사용감 적은 제품입니다",60000,2026.02.06,89,0,2
224526702,중고나라,이사 정리,필립스 전기면도기 i9000프레스티지 XP9207 S급 판매합니다.,"필립스 전기면도기 i9000프레스티지 XP9207 S급 판매합니다.
필립스s9000 시리즈 아니고 더 좋은 필립스i9000 시리즈로 필립스면도기 최상위 버전입니다.
동작확인차 딱1회 사용한 제품입니다.
면도기 본체와 충전선외에 다른 구성품은 모두 미사용입니다.
포장지 하나까지 처음 그대로 모두 다 있습니다.
세척기계,세척액도 모두 미사용 새제품
그대로 들어있습니다.
usb 충전어댑터(5V 1.0A)도 같이 드립니다.
가격은 35만원에 조치원 직거래로 판매합니다.
미개봉 SH91/51 면도날 같이구매시 38만원 입니다.
010
제아이디 검색해보시면 중고나라에 거래내역많고 한번도 불미스런일 없었습니다.
※사기꾼들 사기치려고 이상한 타 사이트에 등록해달라고 하면 신고한다.욕도 많이 먹는다※",350000,2026.02.06,169,1,2
224952513,중고나라,이사 정리,올해 1월 구매 애플워치11 46mm 알루미늄 블랙,"다른구성품 없이 워치만 있어서 저렴하게 내놓습니다.
한 두어번 착용하고 귀찮아서 방안에만 두고있었습니다.
상태는 새것처럼 깨끗합니다. 직거래 택배거래 다 가능하며 세종에서 거래가능합니다. 네고 , 안전거래 연락 하지마세요.",400000,2026.02.06,73,1,1
224945883,중고나라,이사 정리,대형 SUV 트렁크 매트,"더뉴카니발18년식에 쓰였던 실용적인 아이템입니다. 상태 ss급이고 필요하신 분께 저렴하게 드려요!
한번 펴보기만했던 제품입니다. 아이들과 차박하기 좋습니다~ 색은 검은색입니다. 신품45만원주고 구입했습니다~",280000,2026.02.06,19,0,2
224959314,중고나라,이사 정리,뉴스킨쉐이크 얼그레이 54포,"가벼운 다이어트를 위한 TRME 쉐이크 제품이에요. 새상품 상태로 깨끗하고 좋습니다. 건강한 다이어트 및 단백질보충하실분
유통기한 2027년5월
너무많아 소분합니다
18포 5만
54포 150000원",150000,2026.02.06,56,0,1
224956168,중고나라,이사 정리,폴더블 스마트폰 512GB,"폴더블 스마트폰 512GB 입니다. 접었다 펼쳤다 하는 폴딩 기능이 있는 고성능 폴더블 스마트폰이에요.

힌지부분 멍 있습니다
터치가 될때도 있고 안될때도 있습니다
안될때 폰 껐다키면 되긴하는데 수리하셔야할 거 같아요
밖에 있는 액정 깨졌습니다",280000,2026.02.05,39,1,1
224158135,중고나라,이사 정리,귀여운 헬로 키티 모양 지갑,,6000,2026.02.05,36,1,1
224948133,중고나라,이사 정리,농산물플라스틱 바구니,"식물 재배나 과일 보관에 사용하는 대형 플라스틱 바구니예요. 통풍구가 잘 되어있어서 식물을 건강하게 키울 수 있고, 상태도 양호합니다.
개당2000원 입니다 
약300정도 있습니다",2000,2026.02.05,17,0,0
224863226,중고나라,이사 정리,아이폰15 블루 128GB,"아이폰15 블루 128기가 팝니다
2년정도 실사용 하였습니다
사용감 좀 있습니다
배터리성능 80% 입니다
구성품은 박스 있습니다
직거래 대흥 자이 아파트에서 해요",450000,2026.02.05,143,2,2
224939110,중고나라,이사 정리,가민 바리아 715,"카메라,렌즈 모두 깨끗한 상태이며 케이스 끼우면서 사용하여 정말 깨끗합니다 작동 잘 됩니다.",380000,2026.02.05,81,0,0
224935312,중고나라,이사 정리,농산물용 콘테이너상자,"농산물이나 과일 보관에 사용하는 노란색 플라스틱 박스예요. 통풍구가 잘 되어있어서 실용적이고, 여러 개 있어서 필요하신 분께 저렴하게 드려요.
개당2000원 입니다 
약100개정도 있습니다",2000,2026.02.05,21,0,0
224929693,중고나라,이사 정리,농산물 콘테이너상자,"식물 재배나 과일 보관에 사용하는 대형 플라스틱 바구니예요. 통풍구가 잘 되어있어서 식물을 건강하게 키울 수 있고, 상태도 양호합니다.
개당2000원 입니다 
약300정도 있습니다",2000,2026.02.05,19,0,0
206517137,중고나라,이사 정리,테팔 더서브 컴팩트 맥주 제조기 VB6418KR,"테팔 더서브 컴팩트 맥주 제조기 VB6418KR 미개봉 새제품
이마트에서만 2리터 케그 판매한다고 합니다!!",145000,2026.02.05,112,0,0
224866536,중고나라,이사 정리,자급제 갤럭시S25엣지 256 블랙,"자급제 상품으로 25년 7월구매후 6개월가량 사용하다 판매합니다.
본체 테두리 , 액정 등에는 기스나 찍힘은없으나, 한번 휴대폰을 손에서 놓쳐서 카메라에 실기스가 있습니다.
사진촬영에 문제가 될 정도는 아닙니다.
마지막 사진 참고해주시면 될것같구요.

구성품으로는 본체와 , 박스 , 미사용케이블 있습니다. 직거래는 세종,청주 인근에서 가능하고 택배거래는 가능하나, 안전거래는 하지않습니다. 네고문의 안받습니다.",750000,2026.02.05,192,0,1
221819151,중고나라,이사 정리,자이언트 tcr opal 25년식 반차,"1. 판매(희망)금액 : 4.700.000원 (반차)


2. 사이즈 : M (반차)


3. 사용기간/거리 : 마일리지 따로 측정을 안 했지만 5000키로 미만입니다.


4. 물건상세설명 : 울테그라 di2 크랭크만 듀라에이스로 교체 하였습니다.

클빠링으로 우측 레버 까짐이 있습니다.

이 외에 프레임에는 도장까짐 없습니다. 워낙 병적으로 관리하던 자전거여서 상처가 하나도 없습니다.

자이언트 contact slr 카본 핸들바로 교체하였습니다. 이 외에는 추가 변경사항이 없습니다.

스티어러는 3.5칸 싯포스트는 충분히 여유 있습니다.

악세서리류,페달 제외입니다.",4700000,2026.02.04,368,1,1
224843683,중고나라,이사 정리,레트로 디카 케녹스 #1 MP3,"상태 완전 좋아요
2005년 출시된 케녹스 #1 MP3 디카입니다.
요즘 레트로 디카열풍이더라구요
MP3 기능까지 있고 상태 완전 좋아요
외장 메모리는 따로 구입하셔야하구요
밧데리 충전기 충전독 카메라케이스까지 다있습니다.
그 당시 사놓고 잘 사용안해서 화면기스 없구요
테두리쪽 생활찍힘 있는데 사용하는데 지장없습니다.
정면으로 보는 색상까짐 없어요
거의 새제품 처럼 보여요

직거래는 세종시 조치원읍 
택배비는 별도 입니다.",90000,2026.02.04,79,6,1
224903873,중고나라,이사 정리,"빵지순례용 대전 호텔 ICC 숙박권 (평일/주말/설연휴 가능, 조식 2인 포함)","대전 호텔 ICC 객실 이용권 판매합니다
2026년 3월 23일 까지 아무때나 사용 가능합니다
호텔icc로 전화해서 이용권쓴다고 방 예약하면 돼요
1장당 2명 이용권이에요

체크인 시 쿠폰을 제시해 주시면 됩니다
도난, 분실 시 재발행되지 않으니 유의해 주세요

트윈룸 1실 1박 이용 가능하며, 
조식 2인도 포함되어 있습니다

조식 맛있기로 유명 하대요
설 연휴는 조식운영을 안한다고 하던데
호텔 전화해서 확인해보세요

가족이랑 대전으로 빵지 순례가려고 했는데 
빵사려고 줄서는거 싫다고 하셔서 취소됐어요

3장있었는데 1장 팔리고
2장 더있어요 총 4인용

1장당 9만원 네고 없습니다

호텔 근처에 성심당dcc점 있어서 걸어가서 
성심당가도 돼요",90000,2026.02.04,165,2,5
221571860,중고나라,이사 정리,BMW 정품 알칸타라 키 케이스,"BMW 정품 알칸타라 키 케이스 판매합니다 
사용감 있습니다.",25000,2026.02.04,181,0,4
221102155,중고나라,이사 정리,g20 전기형 레이저라이트 우측 판매합니다,"g20 전기형 레이저라이트 우측 판매합니다.

led모듈 및 메인 모듈 포함입니다

사진에 보이듯 라이트에 기스 있습니다.",700000,2026.02.04,110,1,2
221102055,중고나라,이사 정리,BMW G20 좌측 레이저라이트 LED모듈 판매합니다,,150000,2026.02.04,150,2,1
224899350,중고나라,이사 정리,접이식 전기자전거,접이식 전기자전거 판매합니다. 접이식으로 보관과 이동이 편리하고 상태 양호해요. 실용적인 전기자전거 찾으시는 분께 추천드려요!,1000000,2026.02.04,53,0,1
223462658,중고나라,이사 정리,mq4 순정 리어브레이트 패드 팝니다 (하브),"16키로 타고 빼둔 겁니다 차출고는 25일에 했어요 
신품급 팔아여",20000,2026.02.04,47,0,0
224884253,중고나라,이사 정리,농산물 보관용 플라스틱 박스,"농산물이나 과일 보관에 사용하는 대형 플라스틱 박스예요. 여러 개가 있어서 필요하신 분께 저렴하게 드려요. 상태는 양호한 편입니다.
개당2000원 입니다 
약800개에서1000개정도 있습니다",2000,2026.02.04,90,0,4
224525651,중고나라,이사 정리,RG 소드 임펄스 스펙2 반다이/건담/건프라/미개봉,"박스에 이상 없음 / 모두 검수 완료

거래 후 단순 변심으로 인한 환불은 일절 받지 않습니다

타 제품과 교환 및 네고X / 구매 문의 가능",45000,2026.02.03,59,0,0
224863730,중고나라,이사 정리,LG 냉동고 업소용 500L,"LG전자 500L 대형 냉동고 판매합니다.

제조년월: 2017년 7월

용량: 500L (냉동 전용)

문 구조: 위·아래 2도어 미닫이

전압/주파수: 220V 단상 / 60Hz

정격전류: 1.0A

소음: 43dB(A)

절연: E종

크기: 640 × 1909 × 805(mm)

무게: 85kg

업소용/가정용 모두 사용 가능하며 현재까지 사용에 문제 없습니다.
성능 양호하고 냉동력 좋습니다.
직거래 원하며, 무게가 있어 1층 또는 엘리베이터 있는 곳 선호합니다.

실사용 사진 원하시면 요청 주세요.
선착순 거래 원합니다.",410000,2026.02.03,31,0,0
224862567,중고나라,이사 정리,미니PC ser7 베어본,무작정 중고로 구매했는데 ddr5 가격이 너무 만만치 않아서 다시 판매합니다,320000,2026.02.03,93,0,2
221828514,중고나라,이사 정리,방송 업무용 캠코더 세트 SONY PMW-EX3,"방송 업무용 캠코더 SONY PMW-EX3와 액세서리 세트를 일괄 매각합니다.
취미로 다큐멘터리 제작하고자 구매하였는데 바쁜 직업 탓에 많이 사용하지 못했습니다.
현재 시스템 온타임 121 시간 밖에 않된 잔기스 하나 없는 새 것과 같은 제품입니다.
꼭 필요한 분에게 가서 잘 쓰였으면 좋겠습니다.

[ 구성품 ]
SONY PMW-EX3 : FHD (1920*1080)
와이드 렌즈 : x0.8
마이크 : SONY ECM-678
메모리카드 : 16GB 3개 + 8GB 1개, 
영상 파일 리더기 : SBAC-US10
배터리 : 대용량 A급 1개 + 소용량 B급 1개,
충전기 : BC-U1
조명 : SONY HVL-LBPA + 배터리
삼각대 : Manfrotto 501HDV
전용 가방",3290000,2026.02.03,320,5,0
220477924,중고나라,이사 정리,보노보노 DVD,"보노보노 DVD팝니다
가격은 3만이고 편의점 택배가격 포함입니다",30000,2026.02.03,86,2,1
224329854,중고나라,이사 정리,이사정리) 포켓몬 탕구리 중형인형,"기본적으로 편의점 택배로 접수해드리고 제쪽에서도 최대한 성심껏 포장해드리겠습니다. 

오락실, 뽑기샵 인형이라 이염, 얼룩이 있을 수도 있고 제가 발견하지 못한 부분도 있을 수 있다는 점 당부드립니다. 

결제 전에 배송방식을 상의하고 가격을 수정하니 구매 전 채팅으로 먼저 연락해주시길 바랍니다.

중고거래 특성상 환불이 어렵다는 점 참고바랍니다.",6000,2026.02.03,23,0,0
224556477,중고나라,이사 정리,"초등 저학년(초1,2학년) 권장도서 아홉살 마음 사전 등 단행본 + 서비스","예비 초1,2 학년이 보기 적합한 단행본 + 서비스 입니다. 책 아주 깨끗해요 ~ 새책사서 한 두번 읽고 보관했습니다


• 행복한 관찰 그림책 1: 어슬렁어슬렁 동네 관찰기 (웅진주니어)
• 거인의 정원 (비룡소)
• 작은 집 이야기 (시공주니어)
• 재미있다 우리말 2: 밥상에 우리말이 가득하네 (웅진주니어)
• 강아지 똥 (길벗어린이)
• 나는 나의 주인 (웅진주니어)
• 솔이의 추석 이야기 (길벗어린이)
• 사계절 저학년문고 12: 신발 속에 사는 악어 (사계절)
• 문학동네 동시집 36: 글자동물원 (문학동네)
• 비룡소의 그림동화 49: 종이 봉지 공주 (비룡소)
• 비룡소의 그림동화 9: 원숭이 오누이 (비룡소)
• 치과 의사 드소토 선생님 (비룡소)
• 선생님 바보 의사 선생님 (한림출판사)
• 언제나 칭찬 (웅진주니어)
• 아홉 살 마음 사전 (창비)

서비스 
• OX 퀴즈 서바이벌 100: 신기한 과학 이야기 1 (글송이)
• 도전! 어메이징 미로 찾기 100 (은하수미디어)
• EBS 초등 겨울방학 생활 2학년 (2024)
• 과학소년 (2025년 04월호) (빨간펜)
• 과학소년 (2025년 05월호) (빨간펜)",35000,2026.02.03,205,5,1
224853327,중고나라,이사 정리,농산물 보관용 플라스틱 박스,"농산물이나 과일 보관에 사용하는 대형 플라스틱 박스예요. 여러 개가 있어서 필요하신 분께 저렴하게 드려요. 상태는 양호한 편입니다.
개당2000원 입니다 
약800개에서1000개정도 있습니다",2000,2026.02.03,65,0,2
224397666,중고나라,이사 정리,에이서 니트로 16s 슬림 5060 게이밍노트북 (신품급),"RTX5060 탑재된 고성능 게이밍 노트북이에요. RGB 백라이트 키보드와 함께 게임이나 작업용으로 완벽합니다.

램16기가
저장공간512기가
qhd 180hz
tgp115w
5060성능 다 뽑습니다

하루 딱 켜보고 사용하지 않았습니다 


무하자입니다

비닐도 안떼었습니다

풀박스

보증1년",1280000,2026.02.03,721,8,6
211293231,중고나라,이사 정리,Lazer 자전거헬멧,"2024년 7월 대구파라마운트 매장에서 구매
3번착용 컨디션 매우훌륭함.
싸이즈 L. 택배가능합니다",100000,2026.02.02,299,6,4
217050871,중고나라,이사 정리,아수스 자전거 엉뽕바지,"작년 대구 파라마운트에서 24만원에 구매했던걸로 기억합니다 1회 착용하였습니다 컨디션최상급입니다
먼저가져가시는분 임자입니다!!
싸이즈 M. 택배 가능",100000,2026.02.02,113,0,1
224277953,중고나라,이사 정리,크리스찬 루부탱 스터드 장식 클러치백,시그니처 스타일의 스터드 장식 클러치백이에요. 그린 컬러에 실버 스티칭이 포인트로 들어가 있어서 고급스럽고 개성 있어요. 상태 양호하고 실용적으로 사용하기 좋은 사이즈입니다. 1290000만원에 새상품 구매했습니다.,300000,2026.02.02,59,0,1
224839876,중고나라,이사 정리,모디무드 하이넥 무스탕 퍼 패딩 블랙,"택 그대로 있고 집에서 한번 입어 본 새 상품이에요 하자 없어요 ㅜ ㅜ
퀄 진짜 좋고 패딩 안감이라 진짜 따뜻해요!!
저한텐 짧은 것 같아서 싸게 판매해료ㅜㅜ
사진이랑 똑같아요!!
국내 제작이라 퀄 좋고 털도 진짜 보송보송 예뻐요...
원가 8만원 넘는데 세일가보다 더 싸게 팔아요....
구매 인증/사진 인증 가능",55000,2026.02.02,22,1,1
224839811,중고나라,이사 정리,아이블랭크 새들노즈 rt705-3 안경,"베타티타늄. 가벼움

4~5개월 정도 사용했고 상태 좋습니다.
코패드도 새거로 교체 했습니다.

안경알은 도수가 있는 관계로
알은 빼고 드립니다.

직거래ㅡ세종시 조치원읍",75000,2026.02.02,22,0,0
224834140,중고나라,이사 정리,삼성 제트 무선 청소기 거치대 VCA-SST90EH,"삼성 제트 무선 청소기 거치대 VCA-SST90EH
세종, 오송, 조치원",30000,2026.02.02,41,0,0
224827688,중고나라,이사 정리,소니 인존버즈 판매합니다,"무선이어폰과 헤드셋이 많아서 사용빈도는 적습니다
실리콘케이스 씌어서 사용하여 거치해놨습니다
이어팁은 첨부터 다른제품을 사용해서 미사용입니다
스틸,ASUS 무선이어폰 전부 사용해봤지만 이급에서는 인존버즈가 모든면에서 압승입니다
세종시 직거래하고 택배는 안전거래X 쿨거래(택포)만 택배거래합니다",100000,2026.02.02,80,1,1
224822769,중고나라,이사 정리,콘크리트 축조블럭 1000x700x500,"축조블럭(1000*700*500)입니다
밭에서 사용하려고 구입했다가 남아서 판매합니다 차 보내 주시면 상차는 해드릴께요 
수량은 150개있습니다",20000,2026.02.02,43,0,3
224816780,중고나라,이사 정리,캐리어 소형 182L 냉장고 (3개월 사용),"제품명 : CRF-TD182WDE 182L

상품 설명 : 
25년 11월 쿠팡에서 구매한 KC인증 제품입니다.
탕비실 냉장고로 사용하려 했으나, 주변환경에 맞지 않아 판매합니다.

제품은 사진처럼 슬림한 디자인으로 냉장 및 냉동 2도어입니다.

에너지소비효율등급은 3등급이고, 24시간 가동기준 년당 56,000원으로 기재되어있습니다.

온도조절 다이얼있는 제품이고, 내부 조명은 LED(백색)등입니다.

선반 높이도 조절 가능하고, 내부 구조가 단순해서 청소도 간단합니다.

거래는 조치원읍사무소 인근 직거래이며, 뒷자리 시트가 접히는 차량정도면 충분히 싣고 가실수 있습니다.",200000,2026.02.02,102,1,2
224812322,중고나라,이사 정리,제드 구이바다 세트 판매 합니다,"구이바다 판매 합니다
점화기 고장으로 저렴하게 팔아용
직거래 오송 세종 조치원 입니다",20000,2026.02.02,61,0,2
224806679,중고나라,이사 정리,농산물 보관용 플라스틱 박스,"농산물이나 과일 보관에 사용하는 대형 플라스틱 박스예요. 여러 개가 있어서 필요하신 분께 저렴하게 드려요. 상태는 양호한 편입니다.
개당2000원 입니다 
약800개에서1000개정도 있습니다",2000,2026.02.02,80,0,1
224201699,중고나라,이사 정리,"젠하이저 IE900,슈어 tw2,mmcx 변환젠더 팝니다~~~~~",1. 젠하이저 ie900.,12345,2026.02.02,198,2,1
223488925,중고나라,이사 정리,MQ4 헤드레스트 팝니다 1열,"색상 올리브브라운 12.26 구매후 바로 탈거하여 판매 합니다 
사용감없음 
1열 2개 입니다",20000,2026.02.02,177,0,1
224797985,중고나라,이사 정리,디월트 배터리2개+충전기 일괄,"디월트 충전기 + 배터리2개 일괄 판매 입니다.
상태 좋아요~~
직거래 오송 세종 조치원 입니다",135000,2026.02.01,99,0,2
224796582,중고나라,이사 정리,커피 그라인더 안핌 스코디2,"커피 그라인더 판매합니다. 
외관 상태 나쁩니다.
작동 가능하고 밑에 판 없고 나사가 없어요.
고쳐서 사용하시던 부품용으로 사용하시던 하시면 될듯합니다. 사진 그대로 입니다.",80000,2026.02.01,73,1,2
224795072,중고나라,이사 정리,한궁 게임 과녁 및 스탠드,"한궁 과녁 및 자석으로 구성된 게임 일괄 판매 합니다
어린이들과 가족게임으로 좋아요
저렴하게 판매합니다",50000,2026.02.01,72,2,3
224794758,중고나라,이사 정리,노스피크 윈드브레이크 소이밀크 미사용,"윈드브레이크 소이밀크 판매합니다
사용하지 않고 보관만 했습니다.
직거래 오송 세종 조치원 입니다",35000,2026.02.01,21,0,0
224793683,중고나라,이사 정리,농산물 보관용 플라스틱 박스,"농산물이나 과일 보관에 사용하는 대형 플라스틱 박스예요. 여러 개가 있어서 필요하신 분께 저렴하게 드려요. 상태는 양호한 편입니다.
약800개에서1000개정도 있습니다 
개당2000원 입니다",2000,2026.02.01,49,2,1
224792776,중고나라,이사 정리,고급형 핸드 마킹기,"고급형 마킹기 세트입니다. 전용 케이스와 각종 액세서리가 모두 포함되어 있어요. 상태 양호한 중고 제품으로 바로 사용 가능합니다.

원가 50만원 넘는데 실제로 많이 사용 못했어여
많이 저렴하게 판매 합니다!!",330000,2026.02.01,63,0,2
224792692,중고나라,이사 정리,에어박스 에어매트 280*200*15,"에어박스 에어매트 280*200*15 사이즈 입니다!
짱짱하고 좋습니다.
다만 보관 가방 옆면이 뜯어져서 저렴하게 올립니다.
많은 문의 주시고 혹시 캠핑 시작하실 분은 제가 전기장판도 팔고 있으니 확인 해주세욥",85000,2026.02.01,61,1,0
224792600,중고나라,이사 정리,캠핑용 전기장판 에어매트용 260*200,"차콜그레이트리 패턴 전기장판이에요. 그레이 바탕에 나무 패턴이 예쁘고 네이비 컬러의 수납가방도 함께 드려요. 깔끔한 상태로 판매합니다!

에어박스 매트랑 같이 쓰던것이고 상태 좋아요
분리형 난방 입니다",45000,2026.02.01,42,1,1
224642987,중고나라,이사 정리,MG 듀얼 어썰트 슈라우드 반다이/건담/건프라/미개봉,"박스에 이상 없음 / 모두 검수 완료

거래 후 단순 변심으로 인한 환불은 일절 받지 않습니다

타 제품과 교환 및 네고X",54000,2026.02.01,40,1,0
224790972,중고나라,이사 정리,엘가토 스트림덱 페달 elgato STREAM DECK PEDAL,"1월 4일 주문하여 1월 6일 수령해 약 한달간 사용했던 장비입니다

국내 정발제품으로 a/s 기간 많이 아직 남아있습니다

방송 준비 하시는분 사용하시면 될거 같습니다

박스 넣기 직전까지 정상작동한 물품입니다

스프링은 좀더 부드러운 걸로 바꿔놓은 상태입니다

(사진속 얼룩은 오염물질이 아닌 상품을 세척한 흔적입니다)

직거래 우선 구해보고 없으면 택배거래 할게요

택배비용은 이쪽에서 부담합니다

!!! 반품 및 환불 불가하오니 신중하게 구매 부탁드립니다 !!!",80000,2026.02.01,76,1,1
223615454,중고나라,이사 정리,"이사정리,잔량2) 포켓몬 파스텔 피카츄 중형인형","개당 7천원이고 2개 남아있습니다. 

기본적으로 편의점 택배로 접수해드리고 제쪽에서도 최대한 성심껏 포장해드리겠습니다. 

오락실, 뽑기샵 인형이라 이염, 얼룩이 있을 수도 있고 제가 발견하지 못한 부분도 있을 수 있다는 점 당부드립니다. 

결제 전에 배송방식을 상의하고 가격을 수정하니 구매 전 채팅으로 먼저 연락해주시길 바랍니다.

중고거래 특성상 환불이 어렵다는 점 참고바랍니다.",7000,2026.02.01,38,0,0
224785534,중고나라,이사 정리,써멀라이트 AXP120-X67 WHITE ARGB판매합니다,"미니타워 및 itx세팅용으로 아주좋습니다
발영판은 사용했으며 쿨러는 미사용입니다
세종시 직거래
택배시 35,000원",30000,2026.02.01,55,1,1
223868649,중고나라,이사 정리,여성문학 전집 50권 세트삼성비엔씨 소년소녀 한국대표문학 전집 64권 (이사정리),"삼성비엔씨
소년소녀 한국대표문학 전집 총 64권입니다.

✔ 전권 구성 빠짐없이 있습니다
✔ 내부 찢김 없이 깨끗합니다
✔ 책은 깨끗한 편이나, 책에 빛바램 있습니다
✔ 보관만 해두었던 책이라 읽기에는 전혀 문제 없습니다

이사 정리로 내놓습니다.
아이들 필독서로 좋고, 전집으로 한 번에 가져가실 분께 추천드려요.

교환,반품 안됩니당~
직거래 선호합니다.
강서구 등촌동 입니다.
HP: 010-8891-4869",44000,2026.02.01,100,1,0
224783803,중고나라,이사 정리,나도나도 올렌티아 그라인더,"올렌티아 그라인더 블랙 색상 새제품 입니다
박스뚜껑만 열어봤습니다
추가구성 상품으로 풀구성세트 입니다
12월 말에 구매했고 사용하지않을것같아 판매합니다

직거래는 세종 조치원 / 청주 가능합니다
박스 스트로폼 그대로 갖고있어 택배거래도 가능합니다",880000,2026.02.01,78,1,2
224778208,중고나라,이사 정리,갤로퍼 이노베이션 앞휀더,"갤로퍼
이노베이션
운전석 앞 휀더
대전 
010 7738 4200",70000,2026.02.01,32,0,0
224778128,중고나라,이사 정리,지프 랭글러 YJ 도어,"지프
랭글러
YJ 
조수석 도어
대전010 7738 4200",150000,2026.02.01,94,1,0
224738019,중고나라,이사 정리,이엠텍 2070 8기가 판매합니다,"세컨컴에서 사용하였습니다
사용감은 있을테지만 작동이상무 입니다
세종시 직거래 우선
택배는 노리턴 쿨거래만 연락주세요(신용은 중고나라웹 dear11검색)
안전거래X
타사이트 유도 바로 차단합니다",165000,2026.02.01,125,1,1
224121354,중고나라,이사 정리,기인돼지3공바인더지갑(현금생활)+키링포함,"기인돼지 일반3공이고 안에 쓰던 속지 있어요~
중고이니 만큼 예민하신분 피해주세여~
이염, 흠집 있을 수 있어용
색상: 핑크 
#택배비 별도
💚채팅 및 문자 01029956263",15000,2026.01.31,188,2,1
224317715,중고나라,이사 정리,ets토익 기출문제집 1000제 4 lc,"ets 정기시험 기출문제집 1000제 4 LC
분철되어있어 보기 편하실겁니다

필기xx 깨끗합니다

cu반값택배로 택배비 포함 14000원에 판매합니다!",14000,2026.01.31,54,2,1
224665075,중고나라,이사 정리,철도교통안전관리자(철교안) 박영사 책 팝니다,"철교안 10일완성 박영사 팝니다

필기xx 눈으로만 봄

cu반값택배로 택포 16000원입니다!",16000,2026.01.31,30,0,1
224744882,중고나라,이사 정리,CGV 일반관 1명 판매합니다,"CGV 일반관 1명 예매해드립니다.
지점 / 영화 / 시간 / 좌석
으로 채팅 주세요",7000,2026.01.31,8,0,1
224518298,중고나라,이사 정리,MSI 알파 17판매합니다,"2차구매자입니다
생활기스있습니다 마지막사진 액정에 먼지만한 기스있습니다 자세히 봐야 보임 윗판 보호필름부착 여분하나더 드립니다. 
직거래 세종 대전에서 가능합니다",1050000,2026.01.31,304,6,3
223850555,중고나라,이사 정리,인존 H9 2세대 판매합니다,"25.10.9 구입
헤드셋이 많아서 거의 사용하지않았습니다
새제품급으로 보셔도 될듯합니다
as등록되어있습니다
가볍고 음질좋고 착용감 좋습니다
세종시 직거래 우선
택배는 쿨거래만 연락주세요(신용은 중고나라웹 dear11검색)
안전거래X
타사이트 유도 바로 차단합니다",275000,2026.01.31,328,3,4
224431667,중고나라,이사 정리,"[이사정리, 25.12 구매] 비스포크 큐커 스팀쿠커 S급","글램화이트색입니다.

구매하자마자 이사를 가게되어 

5회도 사용 안한 큐커 판매합니다..

새상품급 싸게 바로 가져가실분 연락주세요..!!

안팔리면 그냥 이사할때 들고가려고 합니다!

구성품 전부 미사용이고 다같이 드립니다!

직거래장소는 경기도 화성시 산척동 747 입니다",325000,2026.01.31,111,0,0
224556328,중고나라,이사 정리,삼일 2025 ERP 정보관리사 회계/인사 2급,"2025년 대비 ERP 정보관리사 회계 2급과 인사 2급 수험서입니다
중요한 부분 별표 및 필기는 했으나 문제는 전혀 풀지 않았어요. 

권당 8000 일괄 시 15000",8000,2026.01.31,53,0,0
224734668,중고나라,이사 정리,농산물 보관용 플라스틱 박스,농산물이나 과일 보관에 사용하는 대형 플라스틱 박스예요. 여러 개가 있어서 필요하신 분께 저렴하게 드려요. 상태는 양호한 편입니다.,2000,2026.01.31,32,0,0
224709484,중고나라,이사 정리,바이퍼v3프로 미개봉 새상품 바브삼,"바브삼 새상품입니다.
웨이코스에서 as로 새상품 교환 후 지슈라가 생겨 판매합니다.",180000,2026.01.31,104,2,4
222466298,중고나라,이사 정리,메가미디바이스 아수라 타마모노마에(ASRA TAMAMONOMAE),아수라 타마모노마에 구매 상태 그대로예요.,100000,2026.01.30,248,0,2
224723584,중고나라,이사 정리,카다이프,"1키로 34.000원
5키로 남아있어요~
냉동보관",34000,2026.01.30,28,1,0
224418156,중고나라,이사 정리,문호스트레이독스 태피스트리 문스독/굿즈/미개봉,"태피스트리 A2 A+B / 미개봉

거래 후 단순 변심으로 인한 환불은 일절 받지 않습니다

타 제품과 교환 및 네고 안 받습니다",50000,2026.01.30,30,1,0
224721842,중고나라,이사 정리,클래식 우드핸들 팝니다,"브랜드는 몰라요
사용감은 있어요
구형현대 스타렉스에 장착이되었었어요
클래식한 구형 현대차량에 맞아요
우드로 되어있어서 사포질후 칠하면 깨끗할거같아요
손재주있으시면 저렴히 가져가새요",50000,2026.01.30,53,1,2
224708184,중고나라,이사 정리,바이퍼v3프로 바브삼,"바브삼 미개봉 새상품입니다.
as로 새상품으로 교환 후 다른 마우스가 생겨 판매합니다.",180000,2026.01.30,57,0,2
224670603,중고나라,이사 정리,아이폰 14 Pro 512GB 스페이스그레이(박스O) 팝니다.,"모델 : 14 Pro
용량 : 512GB
색상 : 스페이스그레이
상태 : 사진 참고(액정 및 카메라 파손 없음, 정상작동)
 * 카메라 전용 보호캡 및 액정 강화유리 항시 붙여서 사용
 * 현재 강화유리 부착되어 있음.
배터리 : 73%

박스 및 고속충전케이블 같이 드립니다.
필요시 케이스도 드립니다.

조치원 직거래 합니다.
택배거래시 우체국택배로 보내드립니다.",650000,2026.01.30,137,0,1
224702502,중고나라,이사 정리,농산물 보관용 플라스틱 박스,"농산물이나 과일 보관에 사용하는 대형 플라스틱 박스예요. 여러 개가 있어서 필요하신 분께 저렴하게 드려요. 상태는 양호한 편입니다.
약800개에서1000개정도 있습니다 
개당2000원 입니다",2000,2026.01.30,35,0,0
224609256,중고나라,이사 정리,ps5 정품 듀얼센스 충전거치대 팝니다~~~~~,소니 정품 입니다.,12345,2026.01.30,90,2,1
224065327,중고나라,이사 정리,유니크 직냉식 냉장 냉동고 1500입니다,"- 유니크 직냉식 냉장 냉동고 
- 22년 제품 구매후 4개월 사용
-카페에서 사용하였으며 음식 냄새도 없고 작동 잘됩니다 
-직접 가지러 오셔야 할꺼 같습니다",450000,2026.01.29,64,0,0
224626520,중고나라,이사 정리,아디다스 토바코 브라운 275,"슈클리너 맡기고 보관중
제품 상태 8.5/10
시착8회 

중고 거래 특성상 환불 불가입니다.",85000,2026.01.29,21,1,1
223925630,중고나라,이사 정리,아디다스 웨일스보너 삼바 그린 크림 270,"상태는 전체적으로 무난합니다.
여분끈, 박스 없어서 저렴하게 판매합니다!

구매하고 8번정도 신었습니다. 스타일 바뀌어서 판매합니다.

중고 거래 특성상 환불 불가입니다",75000,2026.01.29,45,1,1
224664576,중고나라,이사 정리,ddr2 2g,"Team Group Xtreem Dark DDRII 800 2GB 램 2개 판매합니다

- CL: 4-4-4-12, 2.0V - 2.1V 스펙을 가지고 있습니다
- 모델명은 TXDD2048M800HC4-D 입니다

사진과 같이 상태 양호합니다",20000,2026.01.29,36,0,0
224662194,중고나라,이사 정리,태광관리용함마제초기,태광관리기용함마제초기입니다. 농작업에 사용하는 전문 장비로 상태는 양호한 편이에요. 실용적인 농기계 찾으시는 분께 추천드립니다.,350000,2026.01.29,110,3,1
224662122,중고나라,이사 정리,농산물 보관용 플라스틱 박스,농산물이나 과일 보관에 사용하는 대형 플라스틱 박스예요. 여러 개가 있어서 필요하신 분께 저렴하게 드려요. 상태는 양호한 편입니다.,2000,2026.01.29,44,1,2
221122040,중고나라,이사 정리,에코플로우 휴대용 태양광패널 400W,"에코플로우 휴대용 태양광패널 400W
부피가 있어서 직거래만 가능할거 같아요",600000,2026.01.29,376,4,4
224418134,중고나라,이사 정리,HG 썬더볼트 FA-78 풀 아머 반다이/건담/건프라/미개봉,"박스에 이상 없음 / 모두 검수 완료

거래 후 단순 변심으로 인한 환불은 일절 받지 않습니다

타 제품과 교환 및 네고X",30000,2026.01.28,28,0,0
224432377,중고나라,이사 정리,[이사정리] LG 울트라PC 15U370 실버,"15.6인치 FHD화면으로 인강 및 영상 보는 용도로 좋을 것 같아요.

LG 매장에서 구매해서 윈도우 정품 설치되어 있습니다.

노트북 가방, 충전기 마우스, 패드 같이 드립니다.",170000,2026.01.28,63,0,0
224619285,중고나라,이사 정리,태광관리기용함마제초기,태광관리기용함마제초기 입니다. 사용감은 있지만 작동에는 문제없어 보여요. 농사일에 유용한 실용적인 장비예요.,350000,2026.01.28,348,9,4
224619178,중고나라,이사 정리,황소풍구,한번 사용했습니다.농사일에 바로 사용 가능해요. 실용적인 농기계 찾으시는 분께 추천드립니다.,450000,2026.01.28,113,1,2
224619064,중고나라,이사 정리,성부콩탈곡기 (소형),"바퀴 달려있어서 이동도 편리합니다. 
바로 사용 하시면 됩니다 
220볼트 입니다",400000,2026.01.28,113,0,1
224618993,중고나라,이사 정리,농산물 콘테이너상자,"식물 재배나 과일 보관에 사용하는 대형 플라스틱 바구니예요. 통풍이 잘 되는 구멍이 많아서 식물을 안전하게 운반할 수 있어요. 상태 양호한 중고 제품입니다.
약800개에서1000개정도 있습니다 
개당2000원 입니다",2000,2026.01.28,28,0,0
222535975,중고나라,이사 정리,필름카메라,필름카메라예요. 박스와 설명서가 포함되어 있고 상태도 깔끔해 보입니다. 빈티지한 감성을 좋아하시는 분께 추천드려요! 새상품입니다! 착불만가능합니다,15000,2026.01.28,99,2,0
224322202,중고나라,이사 정리,디퍼슈 키높이 독일군,"디퍼슈 7cm 키높이 독일군
사이즈 260-265입니다
박스포함 미사용 새상품",50000,2026.01.27,118,2,3
224603847,중고나라,이사 정리,위아위스 레디컬 로드,판매합니다 105 기계식 아비아브 아데온2 휠셋 카르마토 핸들셋 105클릿페달 스페셜라이즈드 안장 전조등 마일리지 1500키로 미만 입니다 쿨거 하시면 마빅클릿슈즈도 드리겠습니다. 하자는 클빠링으로 인한 레버까짐이 있습니다 기스 등 있습니다,2200000,2026.01.27,439,1,3
224599770,중고나라,이사 정리,황소풍구,농업용 풍구기입니다. 거의 사용 안했습니다. 농사일에 바로 사용 가능해요. 실용적인 농기계 찾으시는 분께 추천드립니다.,450000,2026.01.27,54,0,0
224502243,중고나라,이사 정리,메제99 클래식 헤드폰 판매,"전판매자분께서 취향 아니셨는지 별로 안듣고 방치하신걸 구매했습니다.
받은지 1주일 채 안되었는데 메제 헤드폰소리가 궁금해서 구매했고 만족했습니다.
착용감 정말좋고 소리도 편안한 올라운더 같은 소리를 들려주더라구요.
이것때문에 메제 상급기가 궁금해졌지만 원래쓰던 헤드폰이 아무래도 더 좋아서 판매합니다.

영수증은 전판매자분이 프린터해준거 넣어드립니다.
초기상자부터 풀박스 풀 구성품 다 있고 헤드폰제외 모든구성품 미사용입니다.
직거래 경북 문경 나머지는 착불 택배거래 합니다. 선불원하시면 4천원 추가해주시면됩니다.
중고거래특성상 반품 불가능이며 택배거래시 파손면책 동의하신다는 전제하에 진행합니다.
파손안되도록 포장 잘 해서 보내드립니다.

안전거래가능합니다.",200000,2026.01.27,89,1,2
224587114,중고나라,이사 정리,대우사 공압식 가스 추출기 110리터,"대우사
공압식 가스 추출기 110리터입니다.
콤프레셔는 별도입니다.",2500000,2026.01.27,46,0,0
224586062,중고나라,이사 정리,원두 자동 계량기 2연식 + 원두 이송기 포함,"커피 원두 자동 계량기 2연식이고 이송기 포함 풀셋입니다. 

2연식 계량기 본체 + 원두 싸이클론 + 이송기(로더) + 이송 원료통 구성입니다. 

한국에 에스엠테크 제조사 국산 제품이라 AS도 가능합니다. 

3년 되었지만 실사용 많지 않아서 상태는 매우 좋습니다. 

현재는 탈거해서 창고에 보관중입니다. 바로 판매 가능합니다. 

제품 문의는 010-4100-6467로 연락 주시기 바랍니다.",4300000,2026.01.27,180,2,2
224300741,중고나라,이사 정리,DS 포켓몬스터 DP 디아루가,"GS택배 거래 가능
반택 2,000원 추가
택포 3,000원 추가

2개이상 구매시 반택지원
3개이상 구매시 택포지원",45000,2026.01.27,49,2,1
223697842,중고나라,이사 정리,원목 거실장 판매합니다,"이사로 판매하게 되었습니다 가져가려했는데 이사하는 집 분위기와 달라서 아쉽게도 판매를 하게 되었습니다 티비나 무거운것을 올려놓거나 하지 않고 사진에 보시는것만 올려서 사용했습키다 되게 무거워서 성인남성 2분은 오셔야합니다

색상은 브라운이며, 사이즈는 W1785 x D520 x H745 (mm)입니다

연락주세요 감사합니다",100000,2026.01.27,67,0,0
223699436,중고나라,이사 정리,장미멘숀 브루나 네스팅 테이블 3단브라운,"이사를 하게 되어 판매하게 되었습니다

장소 세종시 조치원입니다
연락주세요 감사합니다",60000,2026.01.27,47,1,0
224579797,중고나라,이사 정리,농업용 관리기부착용함마제초기,농업용 관리기입니다. 농작업에 사용하는 전문 장비로 상태는 양호한 편이에요. 실용적인 농기계 찾으시는 분께 추천드립니다.,400000,2026.01.27,94,1,0
224579744,중고나라,이사 정리,성부콩탈곡기 (소형),"바퀴 달려있어서 이동도 편리합니다.
바로 사용 하시면 됩니다 
단상220볼트 입니다",450000,2026.01.27,66,0,0
224579661,중고나라,이사 정리,농산물 보관용 플라스틱 박스,"농산물이나 과일 보관에 사용하는 대형 플라스틱 박스예요. 여러 개가 있어서 필요하신 분께 저렴하게 드려요. 상태는 양호한 편입니다.
개당2000원 입니다 
약800개에서1000개정도 있습니다",2000,2026.01.27,39,0,1
224578188,중고나라,이사 정리,"ps5 듀얼센스 블랙,충전거치대 팝니다~~~~~",1. 듀얼센스 블랙.,12345,2026.01.27,73,0,2
224575473,중고나라,이사 정리,"이사정리,세가) 스즈미야 하루히의 우울 엑스트라 조릿대잎 랩소디","공간부족으로 진열할 수가 없는 관계로 처분합니다. 현재 하자검수 겸 개봉촬영 후 재봉했습니다.

보관기간이 길어서 피규어 박스에 약간의 구겨짐이 있을 수 있지만 본체에는 별 문제는 없었습니다. 

기본적으로 편의점 택배로 접수해드리며 제 선에서 최대한 파손의 위험이 없게 노력하여 포장하였음을 구매자분께 고지해드립니다. 

중고거래 특성상 교환/환불이 불가하다는 점 인지해주십시오.

그리고 구매의사를 확실히 결정하시고 문의해주십시오. 

구매 전에 일반과 반값 중 택배비를 정해야 하니 결제 전 문의 주시기 바랍니다.",12000,2026.01.27,46,0,0
223518502,중고나라,이사 정리,네파 안전화 280,"네파 안전화 GT-36N 카키 색상 새상품입니다
박스채 그대로 보관중입니다
- 접지력이 우수하여 미끄럼 방지에 효과적입니다
- 발의 피로도를 줄여주는 쿠셔닝이 좋습니다
착용샷 때문에 한번 그자리서 1분 착용
280 두개 있습니다 직거래 택배(착불) 모두가능",35000,2026.01.27,68,1,1
223173601,중고나라,이사 정리,"코페르 포에버 기초라인, 사니엘 물먹패드 판매합니다!","✅️★★★3개이상부터 거래가능★★★
✅️ 수량은 한번씩 추가됩니다!! 

안심거래❌️ 애눌❌️
직거래⭕️ (제가있는곳으로 오셔야해요)
택배거래⭕️ (로젠4.000원, 편의점3.800원)


사니엘 👇

물먹패드 (르메이엘) 27.8.4 ㅡ 3개 / 0개남음


코페르 👇

팩투폼 26.10.16 ㅡ 11개 
때국물 26.11.7 ㅡ 7개 
더마앰플 27.3.31 ㅡ 8개 / 7개남음
시그니처앰플 28.1.6 ㅡ 9개 
솔루션 28.1.13 ㅡ 11개 / 7개남음
멜라크림 28.9.22 ㅡ 6개
하이니컬 딥프팅앰플 27.12.03 ㅡ 7개 / 4개남음
하이니컬 360리프팅크림 27.12.01 ㅡ7개 / 4개남음
미스트 27.3.25 ㅡ 3개 / 2개남음
선크림 27.12.16 ㅡ 10개 
선드랩핑 27.8.18 ㅡ 2개 
멜더sos시스템 28.6.60 ㅡ 7개 / 6개남음




코페르 공홈에보시면 원가격과 자체할인가격 
보실수있습니다!!
판매제품 공구가 개당 구매가격보다 저렴합니다!!
많이 쟁겨놔서 저렴하게 제가쓸것 놔두고 정리합니다^^
효능,효과,성분등은 코페르 공홈에 찾아보시면 되세요~!!
모공,기미, 유수분밸런스, 피부장벽, 탄력, 주름, 홍조,미백 
리프팅 위주입니다!!!",123456,2026.01.26,126,0,1
223583823,중고나라,이사 정리,아이더 퀼팅 조끼 L 이사정리,"◇ 이사정리로 1월까지 저렴하게 올립니다 

아이더 퀼팅 조끼 L 사이즈입니다

베이지 컬러의 퀼팅 패딩 조끼예요. 
브라운 안감과 버튼 디테일이 포인트이고, 전체적으로 깔끔한 상태입니다.

반값택배 가능합니다",10000,2026.01.26,25,1,0
223610029,중고나라,이사 정리,벨킨 디즈니 100주년 3종패키지 선물세트 한정판,"📢 제목에 ""제조사/ 브랜드 명""과 “상품명(ex. 갤럭시 S11) ”을 넣어 작성하면, 보다 빠른 판매가 가능합니다! 
📢 게시글 작성 시 배송 방법에 “직거래”와 “내 위치” 설정할 경우, 보다 빠른 판매가 가능합니다! 


벨킨 Belkin 디즈니 100주년 기념 스페셜 3종 패키지 미개봉판매합니다


구성은

1.5000mah 맥세이프 보조배터리
2.65w c타입 고속충전기
3.c타입 2m 고속충전케이블

미개봉 새제품입니다. 문자주세요








🚨회원님의 거래 게시글을 노린 중고나라 운영진 사칭 피싱 사이트를 주의하세요🚨",90000,2026.01.26,70,0,2
224556609,중고나라,이사 정리,브레인 퀘스트 영어카드 4종 세트,"브레인 퀘스트 영어 카드 4종 세트

- My First (Ages 2-3): 350 Questions to Build Your Toddler's Word Skills
- For Threes (Ages 3-4): 300 Questions and Answers to Get a Smart Start
- Pre-School (Ages 4-5): 300 Questions and Answers to Get a Smart Start
- Kindergarten (Ages 5-6): 300 Questions and Answers to Get a Smart Start

각 연령대에 맞춰 300~350개의 질문과 답변으로 구성되어 있어 아이들의 어휘력과 학습 능력 향상에 도움을 줍니다",10000,2026.01.26,26,0,1
224197756,중고나라,이사 정리,코딩맨 앤트리/어드벤처 총 15권,"새책사서 아이 혼자 봤어요~ 
코딩 좋아하는 아이라 한동안 재밌게 봤어요",41000,2026.01.26,41,0,0
224555490,중고나라,이사 정리,농산물 보관용 플라스틱 박스,"농산물이나 과일 보관에 사용하는 대형 플라스틱 박스예요. 여러 개가 있어서 필요하신 분께 저렴하게 드려요. 상태는 양호한 편입니다.
약800개에서1000개정도 있습니다 
개당2000원 입니다",2000,2026.01.26,25,0,1
224555460,중고나라,이사 정리,"마미야 RB67pro sd,렌즈3,필름백2,파인더","사용감 충만하지만 사진 찍는데에는 문제없습니다.

<구성>
렌즈: 65mm f4.5, 90mm f3.8, 180mm f4.5
필름백 2개,바디,아이레벨파인더,하드케이스

노리턴,네고×,택배거래×
직거래만합니다.
구성대비 최저가라고 보시면됩니다.

더 궁금하신건 챗주세요.",700000,2026.01.26,191,4,2
224555291,중고나라,이사 정리,성부콩탈곡기 (소형),"작동 상태 양호 바퀴 달려있어서 이동도 편리합니다. 
바로 사용 하시면 됩니다",450000,2026.01.26,73,0,0
224555088,중고나라,이사 정리,농산물용 플라스틱 박스,"농산물이나 과일 보관에 사용하는 노란색 플라스틱 박스예요. 통풍구가 있어서 실용적이고, 여러 개가 있어서 바로 사용 가능합니다. 상태는 양호한 편이에요.
약300정도 있습니다 
개당2000원 입니다",2000,2026.01.26,20,0,1
224554644,중고나라,이사 정리,세종// lg울트라기어 fhd 32인치 게이밍모니터 32gn550,"32gn550
165hz 높이,각도,가로세로 변경 가능
플리커프리 (눈 보호 기능)

hdmi 선

박스 없고, 뒷 면에 기스 살짝 있습니다.
작동 잘 되고 인치수 줄이게 되어 팝니다.

세종시 조치원읍 에서 직거래만 합니다.",180000,2026.01.26,34,1,0
224478182,중고나라,이사 정리,플라즈마 커팅기,"월드웰

플라즈마 절단기 팝니다.

문의주세요.",450000,2026.01.26,60,0,1
223699851,중고나라,이사 정리,레고 닌자고 70746 콘드라이 콥터 공격,"번호별로 분류해놨고 누락 브릭 없습니다. 
박스 제외 피규어, 설명서 전부 있습니다. 
대전 낭월동에서 직거래 가능합니다.
입금일 기준 다음 날까지 우체국 택배로 보내드립니다. 
안전결제X 괜찮으신 분만 연락 부탁드립니다. 
환불X",18900,2026.01.26,263,5,3
224536808,중고나라,이사 정리,아이폰se 1세대 실버 32기가,"카메라 무음 가능합니다.
기능이상 없습니다.
배터리 오래 갑니다. 성능 100%
외관은 흠집하나 없이 깨끗합니다.
네고 교환 환불 불가.
대전 동구 직거래 우대하며
택배 시 파손면책 동의 및 환불 불가 조건으로 진행합니다.
이번주 내로 안팔리면 글 내립니다.",120000,2026.01.26,40,1,1
224165655,중고나라,이사 정리,노트북 에센코어 DDR5 16GB 램 판매,"작년 쿠팡에서 구매한 에센코어 DDR5 16GB 램 판매합니다.
원래는 판매할생각이 없어 어딘가에 박아둔것같은데.. 아무리찾아도
초기 케이스가 안보입니다. 거기에 유통사 정품 스티커가 있는데말이죠..

파인인포 제품입니다.
정품 스티커 분실했고 구매증빙 영수증은 있습니다.
파인인포 문의통해서 영수증만으로도 AS가능하다는 답변 받았습니다.

정상작동하고 양품입니다. 가격은 택포 20만원입니다.
직거래 경북 문경 나머지는 택배거래합니다.
택배거래시 파손면책 동의하신다는 전제하에 진행하며
중고거래특성상 반품 불가능입니다. 포장은 튼튼하게해서 보내드립니다.",200000,2026.01.26,216,3,2
224538668,중고나라,이사 정리,QCC 동글 PRO 팝니다~~~~,QCC 동글 PRO.,12345,2026.01.26,26,0,0
224528073,중고나라,이사 정리,팝마트 유니버셜 몬스터 풀박스(미개봉) 팝니다.,"팝마트 유니버셜 몬스터 (9종) 풀박스 팝니다.
현재 국내에서 구매하기 어려운 피규어 입니다.

일본에서 구매후 보관만 하다가 팝니다.
겉박스 비닐까지 미개봉이라
혹시모를 내용물 하자는 책임지지 않습니다.

다른제품 합배송 가능합니다",105000,2026.01.25,20,0,0
224525656,중고나라,이사 정리,HG 리젤 반다이/건담/건프라/미개봉,"박스에 이상 없음 / 모두 검수 완료

거래 후 단순 변심으로 인한 환불은 일절 받지 않습니다

타 제품과 교환 및 네고 안 받습니다",24000,2026.01.25,9,0,0
224522563,중고나라,이사 정리,굴리킷 tt max 국내정발판 레트로그레이 패드 컨트롤러,"1/8 구매후 1/10에 수령하여 사용했던 패드입니다
 
백버튼이 개인적으로 손에 맞지않고
전용소프트웨어 부재로 방출하게 되었습니다

국내 정발판으로 1년 무상 보증입니다

(구매시 호환 가능한 KK3 킹콩3 게임패드 악세사리
같이 드립니다)

고주파 이슈 있는점 미리 고지해드리고
패드 잘 아시는 분만 구매해주세요

네고 정중히 사양합니다

직거래 우선 구해보고 없으면 택배거래로 하겠습니다

!!! 구매후 반품, 환불 절대 불가입니다 !!!
신중히 구매 부탁드립니다",60000,2026.01.25,65,0,2
224339128,중고나라,이사 정리,천재교육 LIVE 과학 & 라이브 한국사 전집,"천재교육 LIVE 과학 1~50권과 한국사 1~10권 전집입니다
- 만화로 되어있어 아이들이 쉽고 재미있게 과학과 역사를 배울 수 있습니다
- 교과서와 연계되어 학습 효과를 높일 수 있습니다
- 생생한 사진과 삽화로 구성되어 있어 이해도를 높여줍니다

사용감있어요. 중복되는 책도 원하시면 다 드립니다. 
한국사 9권이랑 첨단과학 17권이 없어요.
택배비 반반부담(20kg넘어서 두박스로 나올예정), 교환환불 X",65000,2026.01.25,88,0,3
224493310,중고나라,이사 정리,스노우보드 세트,"데크 나이트로t1 149
바인딩s 플럭스gs
부츠 반스 스텐다드 245 250
사용감은 있지만 상태 양호하고 바로 슬로프 나가실 수 있어요. 
초보자부터 중급자까지 사용하기 좋은 제품입니다",350000,2026.01.25,171,1,1
224504449,중고나라,이사 정리,성부콩탈곡기 (소형),"전기 모터용입니다
220볼트 입니다 


작동 상태 양호하고 바퀴 달려있어서 이동도 편리합니다.",450000,2026.01.25,65,1,0
224504351,중고나라,이사 정리,농산물 보관용 플라스틱 박스,"농산물이나 과일 보관에 사용하는 대형 플라스틱 박스예요. 여러 개가 있어서 필요하신 분께 저렴하게 드려요. 상태는 양호한 편입니다.
약800개에서1000개정도 있습니다 
개당2000원 입니다",2000,2026.01.25,41,1,1
224504296,중고나라,이사 정리,태광관리기용 함마제초기,"태광관리기부착입니다. . 농사일에 유용한 실용적인 장비예요.
바로 사용 하시면 됩니다",400000,2026.01.25,154,4,0
224504219,중고나라,이사 정리,농산물용 플라스틱 박스,"농산물이나 과일 보관에 사용하는 노란색 플라스틱 박스예요. 통풍구가 있어서 실용적이고, 여러 개가 있어서 바로 사용 가능합니다. 상태는 양호한 편이에요.
300개정도있음 
개당2000원 입니다",2000,2026.01.25,21,0,0
224502267,중고나라,이사 정리,fiio PL50 리니어전원 판매,"알리발 리니어보다는 그래도 쬐금더 신뢰가 가는 fiio PL50 리니어전원 파워입니다.
12v 15v 선택가능한게 장점입니다.

중고로 구매해서 아포지심포니데스크탑 오인페에 연결해서 잘 사용했습니다.
dc항공케이블이 기본구성케이블이 아니고 알리발 케이블인듯합니다.
그럭저럭 사용함에있어 문제는 없는데 케이블품질이 썩 좋은편은 아닌듯합니다.
새로 구매할까 하다 다른 DAC를 들이며 오인페도 판매결정을 해서 리니어도 판매합니다.
제품하자없고 v 표시해주는 lcd창도 잘 나옵니다. 외관에 자잘한 생활기스 있습니다.

구성품은 리니어 본품, 알리발 DC케이블. 번들 전원케이블입니다.

가격은 12만원입니다.

직거래 경북 문경 나머지는 착불택배거래합니다.선불택배원하시면 4천원추가해주시면됩니다.
중고거래특성상 반품 불가능이며 택배거래시 파손면책 동의하신다는 전제하에 진행합니다.
파손되지안도록 포장 튼튼하게해서 보내드립니다.

안전거래 가능합니다. 판매자수수료1퍼센트 부담해주신다는 조건하에 가능하며
기재된가격은 수수료포함된가격이니 채팅후 구매해주시면됩니다.",121200,2026.01.25,113,0,0
224502201,중고나라,이사 정리,aune s17pro evo,"aune s17pro evo 판매합니다.
설명할것없이 가성비 좋은 헤드폰앰프라고 생각합니다.
미세한 생활기스정도는 있을수있지만 제눈에는 안보입니다.
하자없고 상태 최상급입니다.

가격은 85만원이며 네고사절입니다.

중고 2차구매이며 최초구매자 25년 11월 구매 구매영수증도있습니다.
AS기간도 짱짱하니 남았네요.

초기상자부터 구성품 풀로 다 있습니다.
직거래 경북 문경 나머지는 착불 택배거래합니다.
중고거래특성상 파손면책 동의하신다는 전제하에 택배거래 진행하며
반품 절대불가능입니다. 택배거래시 6천원 추가해주시면됩니다.
파손안되도록 포장 잘 해서보내드립니다.

안전거래 가능합니다. 판매자수수료 1퍼센트 부담해주시는 조건입니다.
올린가격은 수수료 포함된가격이니 채팅주신후 결제해주시면됩니다.",858500,2026.01.25,47,0,1
224188080,중고나라,이사 정리,HG 경캐논 반다이/건담/건프라/미개봉,"박스에 이상 없음 / 모두 검수 완료

거래 후 단순 변심으로 인한 환불은 일절 받지 않습니다

타 제품과 교환 및 네고X",26000,2026.01.24,68,4,0
224453039,중고나라,이사 정리,서피스 프로 11 보증 남음 가격 인하,"서피스 프로 11 x plus 16gb, 256gb 기본형입니다. 키보드까지 전부 풀박이고 사진에 보이시는 측면 기스 이외에 깨끗합니다.

2025년 2월 19일에 첫주인이 구매하신지 일주일된 것 구매했습니다(영수증 유)
작년 3월 키보드, 펜 세트로 미개봉 중고상품 구매했으며 약간의 사용감만 존재합니다.

배터리 싸이클 76회, 배터리 효율 94%이며 정식 보증기간도 올해 2월 중순까지, 롯데 보험 2년 들어놔서 추가로 28년 2월까지 보험 가능합니다. 구매확정시 보험 이전해드리겠습니다. 노트북 파우치도 드립니다.


사기꾼도 연락오고 무례한 네고 요청도 오고해서 빠르게 판매하려고 가격 내립니다. 더이상 네고 없고 네고 요청은 답장드리지 않겠습니다.",1050000,2026.01.24,206,3,2
224485461,중고나라,이사 정리,"이사정리,제일복권) 승리의 여신 니케 챕터4 B상 홍련","공간부족으로 진열할 수가 없는 관계로 처분합니다. 현재 하자검수 겸 개봉촬영 후 재봉했습니다.

보관기간이 길어서 피규어 박스에 약간의 구겨짐이 있을 수 있지만 본체에는 별 문제는 없었습니다. 

기본적으로 편의점 택배로 접수해드리며 제 선에서 최대한 파손의 위험이 없게 노력하여 포장하였음을 구매자분께 고지해드립니다. 

중고거래 특성상 교환/환불이 불가하다는 점 인지해주십시오.

그리고 구매의사를 확실히 결정하시고 문의해주십시오. 

구매 전에 일반과 반값 중 택배비를 정해야 하니 결제 전 문의 주시기 바랍니다.",100000,2026.01.24,39,0,0
224479037,중고나라,이사 정리,성부콩탈곡기(소형),모터 220볼트 입니다 바퀴 달려있어서 이동도 편리합니다.,450000,2026.01.24,75,0,0
224478902,중고나라,이사 정리,태광관리기 용함마제초기,농업용 관리기용함마제초기입니다. 농사일에 유용한 실용적인 장비예요.,400000,2026.01.24,143,1,0
224474521,중고나라,이사 정리,타케이 배근력기,"타케이 배근력기
공무원체력 중 배근력만큼 기술로 땡기는 종목 없습니다 ! 구매 후 한달 열심히 땡기면 만점 쉽게 나오니
구매하셔서 감잡으시면 좋을 것 같아요 !!
저도 만점 나와 판매합니다~
대우 악력기도 같이 판매중입니다
두 개 동시에 구매하시면 2만원 빼드려요ㅎㅎ",350000,2026.01.24,59,1,2
224474452,중고나라,이사 정리,대우 악력기,"대우 악력기 판매합니다 !
소방공무원 준비하면서 악력기 감잡기 좋습니다 !!
구매해서 한달 꾸준히 연습하니 만점나와서
이제 판매합니다!!",300000,2026.01.24,41,0,2
224473122,중고나라,이사 정리,에센코어 SSD 클레브 C930 M.2 1테라 판매합니다,"미개봉 새상품 입니다
세종 조치원에서 거래가능합니다
택배가능 안전결제X 쿨거시 택포해드림
신용은 중나카페 dear11검색
외부채널 유도시 신고 및 차단",170000,2026.01.24,40,0,0
224307983,중고나라,이사 정리,갤럭시 S21 울트라 256기가,작년 여름에 삼성서비스센터에서 액정이랑 후면 + 배터리 교체했구요 배송비 포함 27만원에 팝니다 세종시는 직거래 가능해요,267000,2026.01.24,137,0,1
224469012,중고나라,이사 정리,농산물 보관용 플라스틱 박스,"농산물이나 과일 보관에 사용하는 대형 플라스틱 박스예요. 여러 개가 있어서 필요하신 분께 저렴하게 드려요. 상태는 양호한 편입니다.
개2500입니다
약800개에서1000개정도 있습니다",2500,2026.01.24,40,0,0
224468857,중고나라,이사 정리,농산물용 플라스틱 박스,"농산물이나 과일 보관에 사용하는 노란색 플라스틱 박스예요. 통풍구가 있어서 실용적이고, 여러 개가 있어서 바로 사용 가능합니다. 상태는 양호한 편이에요.
개당2000원 입니다 
약300정도 있습니다",2000,2026.01.24,26,0,0
224441798,중고나라,이사 정리,(본문필독) 아이폰se 1세대 스페이스그레이 32기가,"부품 교체 이력 없는 북미형 se 1세대 입니다.
북미형이라 카메라 무음 됩니다.
3utools 100점 확인했습니다.
외관 상태 사진 참조.

원격관리 우회된 기기입니다.
설정에 관리감독되는 기기라고 메세지 뜹니다.
공장초기화 하면 다시 락 걸립니다. 유심은 확인 못했는데 그냥 유심 없이 공기계로 쓰시는걸 추천드립니다.
애플 로그인, 앱 설치 등등 문제 없습니다.
추후 다시 락 걸리면 다시 작업 해드리겠습니다.

네고 교환 환불 안받습니다.
이번주 안에 안팔리면 소장합니다.",65000,2026.01.24,104,5,0
224264734,중고나라,이사 정리,레이저 헌츠맨 V3 PRO MINI,"1월 18일 일렉트로마트에서 구매해서 30분 사용했고 영수증 있습니다. 
상태 매우 좋습니다. 
입금일 기준 다음 날까지 우체국 택배로 보내드립니다. 
안전결제X 괜찮으신 분만 연락 부탁드립니다. 
환불X",109900,2026.01.24,115,0,1
224463950,중고나라,이사 정리,버즈2프로,"4번착용
케이스까지 드려요",85000,2026.01.24,59,2,0
224456700,중고나라,이사 정리,"이사정리,제일복권) 승리의 여신 니케 챕터4 A상 레드후드","공간부족으로 진열할 수가 없는 관계로 처분합니다. 현재 하자검수 겸 개봉촬영 후 재봉했습니다.

보관기간이 길어서 피규어 박스에 약간의 구겨짐이 있을 수 있지만 본체에는 별 문제는 없었습니다. 

기본적으로 편의점 택배로 접수해드리며 제 선에서 최대한 파손의 위험이 없게 노력하여 포장하였음을 구매자분께 고지해드립니다. 

중고거래 특성상 교환/환불이 불가하다는 점 인지해주십시오.

그리고 구매의사를 확실히 결정하시고 문의해주십시오. 

구매 전에 일반과 반값 중 택배비를 정해야 하니 결제 전 문의 주시기 바랍니다.",75000,2026.01.23,24,2,0
224456367,중고나라,이사 정리,"이사정리,제일복권) 니케 챕터3 A상 아니스","공간부족으로 진열할 수가 없는 관계로 처분합니다. 현재 하자검수 겸 개봉촬영 후 재봉했습니다.

보관기간이 길어서 피규어 박스에 약간의 구겨짐이 있을 수 있지만 본체에는 별 문제는 없었습니다. 

기본적으로 편의점 택배로 접수해드리며 제 선에서 최대한 파손의 위험이 없게 노력하여 포장하였음을 구매자분께 고지해드립니다. 

중고거래 특성상 교환/환불이 불가하다는 점 인지해주십시오.

그리고 구매의사를 확실히 결정하시고 문의해주십시오. 

구매 전에 일반과 반값 중 택배비를 정해야 하니 결제 전 문의 주시기 바랍니다.",70000,2026.01.23,51,3,0
224452395,중고나라,이사 정리,현대의료기 흙침대 슈퍼싱글 사이즈,"현대 의료기 흙침대 ss 

구매하고 한번도 사용하지 않은 제품입니다 

직접 가지러 오시거나 용달 부르셔야합니다 

이사문제로 싸게 처분합니다",150000,2026.01.23,46,0,1
224417112,중고나라,이사 정리,필립스면도기 XP9406 i9000프레스티지 울트라 S급 박풀팝니다.,"필립스면도기 XP9406 i9000프레스티지 울트라 S급 박풀팝니다.
구매후 1회 사용한 제품이고 깨끗하게 세척해서 UV살균기로 살균한후 다시 박스에 넣어놓은 S급 제품입니다.
UV살균기 포함된 제품입니다.
추가로 필립스정품 LED스탠딩 충전기 같이 드립니다.
필립스 홈페이지에 
정품등록 하시면 7년 as 가능합니다.
가격은 47만원에 판매합니다.
거래는 조치원 직거래를 우선으로하고
택배거래는 택배비5000원이고 앱결제는
하지않습니다.
되도록 제품상태가 얼마나 깨끗한지 직접보시구 
맘에드시면 구매할수있도록 직거래를 우선으로 합니다.
010
제아이디 검색해보시면 중고나라에 거래내역많고 한번도 불미스런일 없었습니다.
※사기칠려고 다른 사이트에 포인트 있다고 그 사이트에 좀 올려달라고 하면 욕 엄청먹는다※",470000,2026.01.23,45,0,1
224229745,중고나라,이사 정리,라이젠 5500gt,"Cpu : 5500gt
Gpu : 내장형 그래픽
M/B : COLORFUL BATTLE-AX A520M-K M.2
Ram : 없음.
SSD : COLORFUL CN600 PRO M.2 NVMe 512GB
Power : 태왕 EP600 300w

램 제외하고 판매합니다.",280000,2026.01.23,361,2,5
224432636,중고나라,이사 정리,Seagate 플레이스테이션 외장하드 5TB,"씨게이트 게이밍 하드 5TB 외장하드입니다
- PS4, PS5에서 추가 하드로 연결가능합니다
- 크리스탈 인포 같이 첨부합니다
 224시간밖에 안사용했고 데이터 저장만해서
 외관도 거의 새것입니다
- 풀구성품 및 케이스 포함입니다
- 포멧후 판매합니다",160000,2026.01.23,58,1,1
224436648,중고나라,이사 정리,농산물 보관용 플라스틱 박스,"농산물이나 과일 보관에 사용하는 대형 플라스틱 박스예요. 여러 개가 있어서 필요하신 분께 저렴하게 드려요. 상태는 양호한 편입니다.
1000개정도 입니다 
개당. 2500입니다",2500,2026.01.23,26,1,0
224436486,중고나라,이사 정리,농산물용 플라스틱 박스,"농산물이나 과일 보관에 사용하는 노란색 플라스틱 박스예요. 통풍구가 있어서 실용적이고, 여러 개가 있어서 바로 사용 가능합니다. 상태는 양호한 편이에요.
300개 정도 있습니다 
개당2000원 입니다",2000,2026.01.23,21,0,0
224393445,중고나라,이사 정리,아이폰se 1세대 골드 64기가 이번주만 판매,"아이폰se 64기가 골드
외관 상태 사진 참조
배터리 러허허 배터리 새걸로 교체 했습니다. 100% 입니다.
사설 액정입니다.
카메라 무음은 안되는거 같습니다.
근접센서가 작동하지 않습니다.
그 외 기능이상 없습니다. 지문인식, 카메라 전부 잘 나옵니다.
네고 교환 환불 안됩니다.
대전 직거래 우대하며 택배 시 파손면책 동의 및 환불불가 조건 하에 진행합니다.
계좌 거래로 진행합니다.
이번주 안에 안팔리면 소장합니다.",80000,2026.01.23,44,0,0
224332962,중고나라,이사 정리,필립스면도기 XP9406 i9000프레스티지 울트라 S급 박풀팝니다.,"필립스면도기 XP9406 i9000프레스티지 울트라 S급 박풀팝니다.
구매후 1회 사용한 제품이고 깨끗하게 세척해서 UV살균기로 살균한후 다시 박스에 넣어놓은 S급 제품입니다.
UV살균기 포함된 제품입니다.
추가로 필립스정품 LED스탠딩 충전기 같이 드립니다.
필립스 홈페이지에 
정품등록 하시면 7년 as 가능합니다.
가격은 47만원에 판매합니다.
거래는 조치원 직거래를 우선으로하고
택배거래는 택배비5000원이고 앱결제는
하지않습니다.
되도록 제품상태가 얼마나 깨끗한지 직접보시구 
맘에드시면 구매할수있도록 직거래를 우선으로 합니다.
010
제아이디 검색해보시면 중고나라에 거래내역많고 한번도 불미스런일 없었습니다.
※사기칠려고 다른 사이트에 포인트 있다고 그 사이트에 좀 올려달라고 하면 욕 엄청먹는다※",470000,2026.01.23,87,1,1
224431193,중고나라,이사 정리,[이사 정리] 슬라이딩 4도어 옷장 급처 (2400x2000),"4슬라이딩 도어 + 도어 한짝은 거울도어입니다!

수납 되게 넉넉하고 깔끔하게 사용했습니다!

직접 혹은 업체 불러서 가져가실분만 연락 부탁드립니다!

저렴하게 가져가세요!

장소는 화성시 산척동 747입니다 (2동탄)",160000,2026.01.23,55,0,0
219381302,중고나라,이사 정리,프뢰벨 한글 프로그램 한글떼기 택포 이사정리,"프뢰벨 한글 프로그램
책29권 (전권)
디비디9개 cd1개
글자버스 포함
상태좋음
무료배송",33000,2026.01.23,55,0,0
224425083,중고나라,이사 정리,더뉴그랜저 순정 공조기 컨트롤러 97250-G8CF0,"현대 순정 오디오 컨트롤러 97250-G8CF0 모델입니다
차량용 공조기 제어 기능을 제공하며, 직관적인 버튼 구성으로 사용이 편리합니다
전반적으로 깨끗하고 양호한 상태입니다",100000,2026.01.22,63,0,0
224421059,중고나라,이사 정리,크루셜 DDR4 16GB 2666MHz 노트북 메모리,"https://naver.me/IFGC05CY

크루셜 DDR4 16GB 2666MHz 노트북 메모리",70000,2026.01.22,37,1,1
224408784,중고나라,이사 정리,Sm6 기본룸미러,"SM6 기본 룸미러 판매합니다. 검정색이며, 탈거 후 보관 중입니다. 사진 보시고 필요하신 분은 연락 주세요! 별도 문의 없으시면 바로 안전결제 부탁드려요!",22000,2026.01.22,20,0,0
224408435,중고나라,이사 정리,차량 블루투스 리시버 차량용 카오디오,차량 블루투스 리시버 차량용 카 연결 싱글 디니 라디오 수신기 스테레오 핸드 콜링 FM MP5 플레이어 3개 USB 포트,50000,2026.01.22,80,2,0
224406958,중고나라,이사 정리,뷰게라 VG-803V 블랙박스 풀세트,뷰게라 VG-803V 블랙박스 풀세트입니다. 전방 카메라와 후방 카메라 모두 드립니다. 설명서도 같이 드려요. 문의 없으시면 바로 안전결제해주시면 됩니다!,42000,2026.01.22,22,0,0
224406002,중고나라,이사 정리,비쎌 공식 정품 새상품) 비쎌 스팀청소기 풀세트 거의새것 이사정리 59만원>25만 쿨거시 약간에눌해드림 급처,"송파구입니다
송파나루역 걸어서 5분안쪽입니다

‼️정품 공식 공홈 구매
병행수입상품 아닙니다!!

11월말 구매해서 한번만 돌려본
거의 새것과 다름없는 제품입니다!
‼️이사로인해서 급처해요
구매가는 이벤트 할인 받아서 30만원 중반대였습니다> 이벤트구성 추가
풀구성이며, 성명서부터 뜯지않은 모든것들 다 있습니다
세부 청소 가능한 키트도 있습니다
추가구매한 부품들도 같이드려요
쿨거시 기름값1만 빼드릴게요


공홈구매했습니다
구매번호 불러드림
새상품 공홈 구매 혜택 그대로 받으세요
As와 보증 등 전부 받으며 사용 가능

궝일궝 췰9O5 이5췰l 입니다!!
업자아니고 직장인여성1인입니다ㅔ",250000,2026.01.22,310,8,5
224405719,중고나라,이사 정리,젠하이저 BTD700 팝니다~~~~~,젠하이저 btd700 동글,12345,2026.01.22,38,0,0
222811164,중고나라,이사 정리,"이사정리,제일복권) 오등분의 신부 B상 나카노 니노","공간부족으로 진열할 수가 없는 관계로 처분합니다. 현재 하자검수 겸 개봉촬영 후 재봉했습니다.

보관기간이 길어서 피규어 박스에 약간의 구겨짐이 있을 수 있지만 본체에는 별 문제는 없었습니다. 

기본적으로 편의점 택배로 접수해드리며 제 선에서 최대한 파손의 위험이 없게 노력하여 포장하였음을 구매자분께 고지해드립니다. 

중고거래 특성상 교환/환불이 불가하다는 점 인지해주십시오.

그리고 구매의사를 확실히 결정하시고 문의해주십시오. 

구매 전에 일반과 반값 중 택배비를 정해야 하니 결제 전 문의 주시기 바랍니다.",20000,2026.01.22,47,1,0
223930223,중고나라,이사 정리,"이사정리,제일복권) 오등분의 신부 행복한 나날 E상 나카노 이츠키","공간부족으로 진열할 수가 없는 관계로 처분합니다. 현재 하자검수 겸 개봉촬영 후 재봉했습니다.

보관기간이 길어서 피규어 박스에 약간의 구겨짐이 있을 수 있지만 본체에는 별 문제는 없었습니다. 

기본적으로 편의점 택배로 접수해드리며 제 선에서 최대한 파손의 위험이 없게 노력하여 포장하였음을 구매자분께 고지해드립니다. 

중고거래 특성상 교환/환불이 불가하다는 점 인지해주십시오.

그리고 구매의사를 확실히 결정하시고 문의해주십시오. 

구매 전에 일반과 반값 중 택배비를 정해야 하니 결제 전 문의 주시기 바랍니다.",20000,2026.01.22,34,0,0
223898188,중고나라,이사 정리,"이사정리,제일복권) 오등분의 신부 행복한 나날 C상 나카노 미쿠","공간부족으로 진열할 수가 없는 관계로 처분합니다. 현재 하자검수 겸 개봉촬영 후 재봉했습니다.

검수결과 뒤쪽발이 신발과 접촉이 떨어져 살짝 헐렁하지만 조립하는데 문제는 없습니다만 구매 전 유의하여 주시기 바랍니다.

보관기간이 길어서 피규어 박스에 약간의 구겨짐이 있을 수 있지만 본체에는 별 문제는 없었습니다. 

기본적으로 편의점 택배로 접수해드리며 제 선에서 최대한 파손의 위험이 없게 노력하여 포장하였음을 구매자분께 고지해드립니다. 

중고거래 특성상 교환/환불이 불가하다는 점 인지해주십시오.

그리고 구매의사를 확실히 결정하시고 문의해주십시오. 

구매 전에 일반과 반값 중 택배비를 정해야 하니 결제 전 문의 주시기 바랍니다.",30000,2026.01.22,29,0,0
224403338,중고나라,이사 정리,농산물 콘테이너상자 (약1000개),"식물 재배나 과일 보관에 사용하는 대형 플라스틱 박스들이에요. 여러 개가 있어서 필요한 분께 저렴하게 드려요. 상태는 양호한 편입니다.
개당2500원 요",2500,2026.01.22,50,0,0
224403150,중고나라,이사 정리,농산물용 콘테이너상자,"농산물이나 과일 보관에 사용하는 대형 플라스틱 바구니들이에요. 여러 개가 있어서 필요하신 분께 저렴하게 드려요. 상태는 양호한 편입니다.
개당2000원 입니다",2000,2026.01.22,36,0,0
224401221,중고나라,이사 정리,"이사정리,제일복권) 리제로 당신에게 정령의 축복이 있기를 A상 에키드나","공간부족으로 진열할 수가 없는 관계로 처분합니다. 현재 하자검수 겸 개봉촬영 후 재봉했습니다.

검수결과 치미 밑단에 공정하자가 있습니다. 구매시 유의하여 구매하시기 바랍니다. 

보관기간이 길어서 피규어 박스에 약간의 구겨짐이 있을 수 있지만 본체에는 별 문제는 없었습니다. 

기본적으로 편의점 택배로 접수해드리며 제 선에서 최대한 파손의 위험이 없게 노력하여 포장하였음을 구매자분께 고지해드립니다. 

중고거래 특성상 교환/환불이 불가하다는 점 인지해주십시오.

그리고 구매의사를 확실히 결정하시고 문의해주십시오. 

구매 전에 일반과 반값 중 택배비를 정해야 하니 결제 전 문의 주시기 바랍니다.",15000,2026.01.22,27,1,0
224391864,중고나라,이사 정리,모자 hgp 쉬프터,모자 hgp 쉬프터 입니다,120000,2026.01.22,18,0,1
224389367,중고나라,이사 정리,"이사정리,제일복권) 소드아트온라인 10주년 라스트원 아스나","공간부족으로 진열할 수가 없는 관계로 처분합니다. 현재 하자검수 겸 개봉촬영 후 재봉했습니다.

보관기간이 길어서 피규어 박스에 약간의 구겨짐이 있을 수 있지만 본체에는 별 문제는 없었습니다. 

기본적으로 편의점 택배로 접수해드리며 제 선에서 최대한 파손의 위험이 없게 노력하여 포장하였음을 구매자분께 고지해드립니다. 

중고거래 특성상 교환/환불이 불가하다는 점 인지해주십시오.

그리고 구매의사를 확실히 결정하시고 문의해주십시오. 

구매 전에 일반과 반값 중 택배비를 정해야 하니 결제 전 문의 주시기 바랍니다.",35000,2026.01.22,25,0,0
224388778,중고나라,이사 정리,"이사정리,제일복권) 오등분의 신부 C상 나카노 미쿠 백무구","공간부족으로 진열할 수가 없는 관계로 처분합니다. 현재 하자검수 겸 개봉촬영 후 재봉했습니다.

보관기간이 길어서 피규어 박스에 약간의 구겨짐이 있을 수 있지만 본체에는 별 문제는 없었습니다. 

기본적으로 편의점 택배로 접수해드리며 제 선에서 최대한 파손의 위험이 없게 노력하여 포장하였음을 구매자분께 고지해드립니다. 

중고거래 특성상 교환/환불이 불가하다는 점 인지해주십시오.

그리고 구매의사를 확실히 결정하시고 문의해주십시오. 

구매 전에 일반과 반값 중 택배비를 정해야 하니 결제 전 문의 주시기 바랍니다.",40000,2026.01.22,29,0,0
224388285,중고나라,이사 정리,"이사정리,제일복권) 타이토쿠지 미쿠의 날 A상 흉상 피규어","공간부족으로 진열할 수가 없는 관계로 처분합니다. 현재 하자검수 겸 개봉촬영 후 재봉했습니다.

보관기간이 길어서 피규어 박스에 약간의 구겨짐이 있을 수 있지만 본체에는 별 문제는 없었습니다. 

기본적으로 편의점 택배로 접수해드리며 제 선에서 최대한 파손의 위험이 없게 노력하여 포장하였음을 구매자분께 고지해드립니다. 

중고거래 특성상 교환/환불이 불가하다는 점 인지해주십시오.

그리고 구매의사를 확실히 결정하시고 문의해주십시오. 

구매 전에 일반과 반값 중 택배비를 정해야 하니 결제 전 문의 주시기 바랍니다.",70000,2026.01.22,46,1,0
224404188,중고나라,이사 정리,트러스트마스터 페달,"트마 ts sw에 있던 페달입니다
기판문제인지 클러치만 인식됩니다
수리하거나 부품 필요하신분 구매해가세용

택거 가능합니다",25000,2026.01.22,44,1,1
224387540,중고나라,이사 정리,사제네비 N트립/아이나비/파인/ 등등,★필요한트립 있으시면 챗주세요★,30000,2026.01.21,130,2,3
224387484,중고나라,이사 정리,아이폰 13 미니 256GB 레드 리퍼,"작년 1월에 리퍼 받자마자
전후면 강화유리, 필름 부착 후 
습도 45~50도, 온도 22~27도에서 
보관만 했습니다 

iOS 17.4.1
배터리효율 100퍼센트 

구성품 
- 리퍼 받기 전 기기의 박스 및 정품 케이블 
- 정품 맥세이프 가죽 케이스 (개봉만 했습니다)
- 정품 맥세이프 실리콘 케이스 (사용감 조금 있습니다)

네고 문의 안받고
안전 거래 시 판매자 수수료도 
구매자분께서 부담해주셔야 합니다 

택배는 우체국택배로 보내드릴터라 
출근 이후에 거래 시 
그 다음 날에 보내드립니다 

문자로 연락주세요 

010-육칠육사-칠1칠1",656000,2026.01.21,51,0,1
224386756,중고나라,이사 정리,yf쏘나타 조수석 사이드미러,"yf 쏘나타 조수석 사이드미러 판매합니다. 검정색이고, 작동 잘 됩니다. 배선은 사진과 같이 되어있으니 참고 부탁드려요. 문의 없으시면 바로 안전결제해주시면 됩니다!",25000,2026.01.21,71,1,0
224386358,중고나라,이사 정리,K7 네비게이션 마감재 만도 KF700,"K7 만도 KF700 네비게이션 마감재입니다. 마감재, 배선 전부 다 드립니다. K7 차량에 호환되는 제품입니다. 문의 없으시면 바로 안전결제해주시면 됩니다!",52000,2026.01.21,47,1,1
224385220,중고나라,이사 정리,"벤츠S클래스 w222 전,운전석/조수석 일반 스피커","벤츠S클래스 w222 전,운전석/조수석 일반 스피커 판매합니다. 탈거 후 보관 중이라 상태 좋습니다. 사진 보시고 문의사항 있으시면 편하게 연락주세요. 문의 없으시면 바로 안전결제해주시면 됩니다!",60000,2026.01.21,29,0,0
224384791,중고나라,이사 정리,그랜저 HG 계기판 35694km(슈퍼비전),현대 그랜저HG 계기판 판매합니다. 현재 주행거리는 35694km입니다. 문의 없으시면 바로 안전결제해주시면 됩니다!,150000,2026.01.21,70,1,0
224379678,중고나라,이사 정리,이고진 전동 상.하지 실내 자전거,"이고진 실내 자전거로 상,하지 재활운동용으로서 팔운동시에는 전동식도 되고 수동도 됩니다.
좌석은 무엇을 사용하던지 자,유.
승용차에 실을수있어 운반도 편하고 기타 자세한 것은 채팅으로 문의 주시면 친절히 설명 드리겠습니다.",55000,2026.01.21,80,1,1
224377890,중고나라,이사 정리,COX SCARLET 게이밍 헤드셋,"COX SCARLET 게이밍 헤드셋입니다
RGB 라이트가 특징이며, 게임 몰입도를 높여줍니다
마이크가 달려있어 음성 채팅도 가능합니다
사용감은 있지만, 기능에는 문제 없습니다
귀에 닿는 부분에 가죽이 뜯어져서 버렸습니다 이것만 따로 파니까 따로 사시면 될 거 같아요",10000,2026.01.21,29,0,0
224377861,중고나라,이사 정리,로지텍 G502 HERO 유선 게이밍 마우스,"로지텍 G502 HERO 유선 게이밍 마우스입니다
HERO 센서가 탑재되어 정확한 컨트롤이 가능하고, 빠른 응답 속도를 자랑합니다
- 무게추를 이용하여 마우스 무게를 조절할 수 있습니다
- 다양한 버튼을 통해 사용자가 원하는 대로 설정할 수 있습니다
전체적으로 사용감은 많이 있지만, 기능에는 문제 없습니다",17000,2026.01.21,109,1,2
224094575,중고나라,이사 정리,마사지기,"1,온열찜질기 하나는 한번사용햇엇고 하나는 사용감있어요.택포하여 25000드려요.
2,어깨온열진동마사지기 두번정도 사용했어요.택포하여 15000드려요.
3,무선브러쉬 뿌리볼륨 업할때 좋아요.택포하여45000드려요.
4,폴리오종아리마사지기 사용감잇어요.택포하여45000드려요.
5,마사지기(주황색) 사용감있어요.택포하여 15000드려요.
일괄하시면 12만원에 드릴께요.",120000,2026.01.21,20,1,3
223898633,중고나라,이사 정리,레고 마인크래프트 21159 약탈자 전초기지,"번호별로 분류해놨고 누락 브릭 없습니다. 
박스 제외 피규어, 설명서 전부 있습니다. 
대전 낭월동에서 직거래 가능합니다.
입금일 기준 다음 날까지 우체국 택배로 보내드립니다. 
안전결제X 괜찮으신 분만 연락 부탁드립니다. 
환불X",24900,2026.01.21,95,0,1
224364986,중고나라,이사 정리,삼성 사무용 슬림 컴퓨터 본체 Dm301s3b-c25,"램 4기가 추가하고 ssd 추가하면 사무용으로 충분할겁니다.
키보드 같이 드립니다.
초기화 해서 드립니다.
대전 동구 직거래만 합니다.",40000,2026.01.21,36,0,0
224355820,중고나라,이사 정리,원에이티 포수미트,"원에이티 포수미트 c24패턴입니다
길잘들여져있고 전체적으로 잘 관리되어 있습니다",200000,2026.01.21,44,2,1
224340175,중고나라,이사 정리,그해우리는 ost 앨범 cd,"그해우리는 드라마 ost cd입니다.
단순 개봉품 상태 깔끔합니다 :)",80000,2026.01.20,64,1,0
223085830,중고나라,이사 정리,"이사정리,파손할인) 제일복권 오등분의 신부 C상 나카노 미쿠 원피스ver.","공간부족으로 진열할 수가 없는 관계로 처분합니다. 현재 하자검수 겸 개봉촬영 후 재봉했습니다.

검수결과 촬영 후 베이스랑 분리하는 과정에서 샌들과 발이 분리되었습니다.. 다시 조립해보면 사진과 같이 티가 안 나지만 예민하신 분들은 참고하여 주시기 바랍니다.

그래서 원래 4만원에 올리려던걸 3만원으로 인하 하였습니다. 

보관기간이 길어서 피규어 박스에 약간의 구겨짐이 있을 수 있습니다. 

기본적으로 편의점 택배로 접수해드리며 제 선에서 최대한 파손의 위험이 없게 노력하여 포장하였음을 구매자분께 고지해드립니다. 

중고거래 특성상 교환/환불이 불가하다는 점 인지해주십시오.

그리고 구매의사를 확실히 결정하시고 문의해주십시오. 

구매 전에 일반과 반값 중 택배비를 정해야 하니 결제 전 문의 주시기 바랍니다.",30000,2026.01.20,38,0,0
224330672,중고나라,이사 정리,이사정리) 포켓몬 꼬부기 생일축하 중형인형,"기본적으로 편의점 택배로 접수해드리고 제쪽에서도 최대한 성심껏 포장해드리겠습니다. 

오락실, 뽑기샵 인형이라 이염, 얼룩이 있을 수도 있고 제가 발견하지 못한 부분도 있을 수 있다는 점 당부드립니다. 

결제 전에 배송방식을 상의하고 가격을 수정하니 구매 전 채팅으로 먼저 연락해주시길 바랍니다.

중고거래 특성상 환불이 어렵다는 점 참고바랍니다.",8000,2026.01.20,10,0,0
224321405,중고나라,이사 정리,르노 엘이디 rgb 기어봉,"르노 로고 엘이디 기어봉
RGB 자동변환
USB 충전

무료장착 
대전",90000,2026.01.20,24,0,0
224320523,중고나라,이사 정리,xm3 아르카나 무빙 키킹플레이트,"xm3
아르카나 무빙기능 엘이디 키킹플레이트 
대전

1열 2개 한세트

2열 별도 문의
장착비별도",50000,2026.01.20,44,1,0
224320465,중고나라,이사 정리,xm3 무빙 키킹플레이트,"새제품

1열 2개 셋트

2열 별도문의
장착비별도
대전",50000,2026.01.20,16,0,0
224315016,중고나라,이사 정리,윌로수중펌프,수중펌프입니다. 사용감은 있지만 작동 상태 양호해요. 물 배수용으로 유용한 제품입니다.,100000,2026.01.20,47,0,0
224314897,중고나라,이사 정리,계양전기 원형톱,"계양전기 원형톱 박스와 함께 있어서 한 번도 사용 안 한 새제품입니다. 목공이나 DIY 작업용으로 좋을 것 같네요.
새거 가격은 16만원 정도 합니다",90000,2026.01.20,40,2,1
224314793,중고나라,이사 정리,습식 코아드릴,". 사용감은 있지만 작동 상태 양호하고, 작업용으로 활용하기 좋을 것 같아요. 전문 작업이나 구멍 가공에 적합합니다.",130000,2026.01.20,135,2,1
224314744,중고나라,이사 정리,완자 생명과학1 15개정,"완자 생명1 15개정 문제집
하나도 안 풀었어요",,2026.01.20,22,1,0
222086646,중고나라,이사 정리,토미카 ae86,"소장하다가 정리합니다.
초기불량으로 도색까짐 몇군데 있습니다. 사진참조
택배 별도
대전 직거래 우대합니다.
안전거래 안합니다.",20000,2026.01.20,90,1,0
222120600,중고나라,이사 정리,삼성 와이즈2 폴더폰 소장용,"파손부분 없습니다. 충전구 덮개도 있습니다.
흠집은 좀 있습니다.
기계만 있습니다.
안전거래 안해요.",30000,2026.01.20,111,1,0
224171464,중고나라,이사 정리,아이폰 se1 실버 32기가 이번주만 팔아봅니다.,"카메라 무음 되고 강화유리 필름 붙어있습니다.
투명 케이스 3개, 충전 케이블 같이 보내드립니다.

두번째 사진 뒷면에 까만건 imei 가린겁니다.
기능이상 없고 터치아이디 잘 됩니다.
집에 있던건데 수리 된건지는 잘 모르겠습니다. 배터리는 교체가 된건 맞는거 같아요.

이번주만 팔아보고 안팔리면 그냥 소장 합니다.
안전결제는 귀찮아서 안합니다.
네고나 교환 환불은 안받습니다.",110000,2026.01.20,79,1,1
224303412,중고나라,이사 정리,860 EVO SSD 250 9개,"삼성 ssd 250g. 제품 이상 없어요 디스크 인포 점검 완료 

일괄 판매. 택배 착 불 입니다

직거래 대전 입니다",270000,2026.01.19,37,0,1
197718651,중고나라,이사 정리,아우디 a7 스페어 타이어,필요하신 분 연락 주세요,20000,2026.01.19,57,1,1
221398911,중고나라,이사 정리,Darllyshop 블랙 무스탕 자켓 새제품 55 이사정리,"Darllyshop의 블랙 무스탕 자켓입니다
부드러운 안감으로 따뜻하게 입을 수 있고, 스타일리시하게 코디하기 좋습니다
 -보관상 구김이 좀있네요
-실제색상은 완전블랙입니다 약간밝게나옴
-인조무스탕입니다 
-카라부분 지퍼로 탈부착가능
-무겁지 않습니다",10000,2026.01.19,67,1,0
224028890,중고나라,이사 정리,벽산 바이오 아스텍스,"박스당 가격입니다
대전 산내 직거래
사오32 공구91",100000,2026.01.19,46,0,1
224291797,중고나라,이사 정리,피규어라이즈 스탠다드 드래곤볼 프라모델 판매합니다,"피규어라이즈 스탠다드 초사이어인 갓초사이어인 베지터 - 판매완료
피규어라이즈 스탠다드 초사이어인4 베지터(패키지 리뉴얼 Ver) - 29,000원
피규어라이즈 스탠다드 초사이어인4 손오공 - 29,000원
피규어라이즈 스탠다드 초사이어인 손오공 - 29,000원
피규어라이즈 스탠다드 손오공 - 판매완료
피규어라이즈 스탠다드 초사이어인 트랭크스 - 판매완료

조치원 오송 직거래 가능
택배 거래시 3,000원",130000,2026.01.19,220,6,2
224291414,중고나라,이사 정리,다르다 순수정현파 인버터 24v 3kw DK2430,"다르다 3kw 순수 정현파 인버터 팝니다.

모델명 DK2430

입력 24 출력3k 입니다
키로수 짧은 관공서 특장 장비에(소방) 
형식적으로 달려만 있던것 탈착한거라 사용시간 거의 없습니다. 
직거래 대전 30만원 판매합니다.

택배발송 가능하나 송장을 붙이면 입금을 해주겠다고 하고는
택배영업소 가서 접수하니 그때가서 가격 깍는 사람 부터,

대뜸 사업자 등록증 보내더니 자기 믿고 물건 보내면 도착후 결제 해준다는 사람 까지 별의별 사람 많네요ㅜㅜ 

거래내역 보시면

이런 종류 물건

꾸준히 취급합니다.

원하다면 영상통화든 뭐든 가능 한데

이상한 제안 일절 안받고 100프로 선입금 받고

착불 택배 발송 합니다. 010.4650.3667

(타싸이트 결제 유도 보이스피싱 문자 사절)",300000,2026.01.19,74,1,0
224164453,중고나라,이사 정리,topping a90d 헤드폰앰프 겸 프리앰프,"TOPPING A90D 헤드폰앰프 겸 프리앰프 판매합니다.
중고2차구매했고 하자없이 상태 깔끔깨끗합니다.
미세생활기스정도는 있을수있지만 제눈엔 안보입니다.

제품하자없고, 소리이상없고 구성품 다 있습니다.
택포 43만원 판매합니다.

직거래 경북 문경 나머지는 택배거래합니다.
택배거래시 파손면책 동의하신걸 전제하에 거래진행하며
중고거래특성상 반품 불가능입니다. 파손되지않도록 튼튼하게 포장해서 보내드립니다.
안전거래 가능합니다.",430000,2026.01.19,224,3,2
224274494,중고나라,이사 정리,반다이 PG 페넥스 가조 팝니다(네러티브X),"PG페넥스 가조 팝니다.(가조이지만 일부 도색)
네러티브 아닙니다. 

1차분 페넥스이며 LED는 코스모스led들어가있습니다 
프레임은 건메탈/장비류 별도로 도색하고 조립하였습니다
박스 메뉴얼 모두 포함입니다 

직거래는 세종시에서 가능하고 
그 외 지역은 최대한 꼼꼼하게 포장하겠지만 
택배사로 인한 박스 손상등은 책임 안진다는 조건하에
택배 붙이겠습니다.",280000,2026.01.19,184,2,2
224285926,중고나라,이사 정리,지벤 안전화,"지벤 안전화 275. 입니다
한번 신어 상태 최상입니다
택배비 포함 2만2천원
박스는 없고 다른박스로 포장해서
배송해드려요",22000,2026.01.19,28,0,0
224157011,중고나라,이사 정리,레더맨K4 +시그널 코요테 탄 색상 국내정품 미사용 새제품 팝니다.,"레더맨K4 +시그널 코요테 탄 색상 국내정품 미사용 새제품 팝니다.
둘 다 개봉만한 미사용 새제품입니다.
신명글로빅스 정품이고 박스에 한글보증서 붙어있는 국내정품입니다.
가격은 27만원에 판매합니다.
010-
제아이디 검색해보시면 중고나라에 거래내역많고 한번도 불미스런일 없었습니다.
근무시간에는 답장이 약간늦을수 있습니다.",270000,2026.01.19,122,0,0
224274504,중고나라,이사 정리,메리다 스피더200 하이브리드 자전거,"메리다 스피더200 자전거 입니다 

구매일은 22년도 봄쯤 구매하였습니다
싸이즈 : XS
핸들바는 에르곤 정품 그립
안장은 순정안장 별도로 있습니다. 

구매일은 오래되었지만 
와이프하고 같이 타려고 반 충동적으로 구매하였다가 집앞에서 한두번 정도 타본뒤 집에서 보관만하고 있는 상태라 
전체적인 상태는 매우 좋습니다.
(1년전 바이크 샵에서 정비 후 다시 보관)
사진에 보다 싶이 크랭크나 기어쪽 보시면 주행 안햇다 싶을정도 입니다. 

주행도 거의 안한상태라 신품급이라 보시면 됩니다. 

기본적인 앞뒤 라이트는 당연포함입니다.


자전거 특성상 직거래만 가능할거 같습니다. 
직거래 가능위치는 세종시 조치원입니다!",400000,2026.01.19,84,0,0
201360752,중고나라,이사 정리,캐나다구스 패딩 베이지 xs 팝니다,"캐나다구스 남자패딩 팝니다
색상은 베이지에 사이즈 xs 이며 
전체적으로 컨디션 좋습니다! 사진참고 하세요
충진재도 빵빵합니다 만족하실거에요 ㅎㅎ색상 이쁩니다.",250000,2026.01.18,283,2,4
224261637,중고나라,이사 정리,파나소닉 DP-UB45-K 팝니다.(4k 블루레이 플레이어),"4k 블루레이 플레이어
파나소닉 dp- ub45 - k 판매합니다.

리뷰등 참고하시면 알듯
안정성, 디스크 호환성등 최고의 기기 입니다.
HDR, 돌비비젼, 3D등 최근 기능 거의 지원합니다
프리코드로 돼지코잭껴서 바로 사용하시면 됩니다.
(동봉 해드림)

작년 초 구매하여 미세한 생활기스 등 있을수 있으나
10회 미만 사용하였습니다. (믿고 구매하셔도 됩니다)

hdmi 케이블은 동봉 안된제품으로
남는 케이블 드릴수는 있으나 고품질 케이블
사셔서 쓰길 권장합니다.

연락주세요~

응 3사3일 오808",230000,2026.01.18,126,2,2
223900265,중고나라,이사 정리,스즈키 브이스트롬250 (DL250) 19년식 요시무라 슬립온 구변완 판매합니다,"1. (필수) 판매지역 말머리 설정 하셨나요? : 네

2. 제작사 , 모델명 : 스즈키 브이스트롬250 (DL250)

3. 제작연식 : 2019

4. 적산거리 : 36,000+@

5. 사고나 슬립 꿍 여부 : 좌꿍 우꿍 

6. 판매 희망가격 : 350 -> 310 -> 299
 그냥 빨리 팔게요..
제발 가져가주세요 ㅠㅠ

7. 흥정가능? (불가능?) 표시 (자유) : X

 추가금 주고 받고 대차 가능? (자유) : 불가

★ 이 오토바이 무이자 신용카드로 구입 가능합니다. 
★ 바튜매페이 이용료 3.6% (vat별도) 무이자 상담! 
★ 페이 문의 : 1544-5076 (구매자가 수수료 부담!) 

8. 판매물건 볼수있는 지역 : 광주 광산구 수완동

9. 연락방법 : 공1공 이육56 07오칠

★ 가입후 활동없이 첫글이 판매글인 경우 전번필수! 
★ 선불폰인지 꼭 확인, 공지사항에 사기패턴글 참조 
★ 화물거래 사기주의 바튜매용달 : 010-7646-0300 

10. 이제 물건 설명해주시고 사진 올려주세요~ 

-> 
올해 9월에 업어와서 몇천 타지도 못하고 넘깁니다
오일류 갈아놨고 체인은 한 달에 한 번씩 루브칠 하면서 탔습니다. 체인 상태 타이어 싱태 모두 좋습니다
가족 반대로 바접하게 되어 눈물을 머금고 판매합니다..
 따라서 대차는 받지 않습니다..
그냥 오셔서 직접 확인하시는게 제일 좋습니다만
오시기 곤란하시면 원하시는 부위 사진 다 찍어드립니다
아시다시피 이런 멀티류는 조지면서 타는 장르가 아닌지라 키로수 크게 상관 없습니다. 키로수에 겁 안먹으셔도 됩니다. 
탁송료는 양수인 부담입니다.

이미 이 매물을 보고 계신다면 기본적인 정보는 다 알고 있으리라 생각되지만, 그래도 장점 몇 자 읊어보자면
- 항속 시 27km 거뜬하게 찍는 미친 연비
- 방지턱 씹어먹는 물렁이 서스펜션
- 거구도 너끈히 소화하는 압도적 빵
- 무거움에도 불구하고 시트고가 낮아서 저같은 숏다리도 안정적으로 양발 착지 가능합니다
- 당연~히 시동은 일발입니다. 지금같이 얼어죽는 날씨에도 세루 짱짱합니다.


[포함된 항목]
+ 시동 키 두 개 + 탑박,사박 키 한개씩
 + 요시무라 슬립온 정품 (구변완)
 - 요따금 팝콘도 터집니당
 + 휴대폰 거치대
+ 순정 사박 + 사제 탑박스 
-풀페 들어가는 넉넉한 용량입니다t. 순정 탑박은 없습니다.
+ 알리산 숏스크린
+ 샤드 클릭시스템 탱크백 “피팅킷” - 탱크백은 없습니다. 다만 2만원 상당의 피팅킷은 설치되어 있습니다. 원하시면 클릭시스템 구매하셔서 쓰면 됩니다.

이상입니다. 많은 관심 부탁드립니다,,^^",2990000,2026.01.18,179,2,1
224253703,중고나라,이사 정리,쿠첸 6인용 밥솥,"쿠첸 프리미엄IH엣지 밥솥 CJH-PG0603RCM
- 6인용(출시년도 상위등급모델) 
상부에 Full Color LCD로 보기 쉽고 자동세척기능과
스마트 다이얼도 있어 조작 편합니다.
밥솥 내솥 사용감은 있습니다. 잘 사용했어요.",80000,2026.01.18,39,0,0
224223812,중고나라,이사 정리,CP컴퍼니 카고팬츠,"보관을 잘못했더니 곰팡이가 있어요
세탁하시면 될듯해요~
싸게 내놓아요
직거래는 세종시 조치원읍입니다.
사이즈는 46 입니다.

정품입니다.

네고 거절합니다. 
이미충분히 많이깎았다고생각듭니다.",60000,2026.01.18,61,0,4
224223556,중고나라,이사 정리,CP컴퍼니 조거팬츠,"CP컴퍼니 정품 조거 팬츠입니다.
사이즈 M입니다.
택비포함 85000원
직거래 세종시 조치원읍입니다. 
물빠짐 없고 상태는 좋아요

정품입니다.
네고거절합니다.",85000,2026.01.18,58,0,1
223111190,중고나라,이사 정리,다다모아님의 현금생활 1년저축 속지(60만원),"dadamoa product 브랜드의 6공 다이어리 속지입니다.(60만원 저축 속지)
2025.7월부터 2026.6월까지 구성되어 있습니다.
1번 사용
불투명 바인더 새 것 1개 드려요💚🫶🏻
#택배비 별도
💚채팅 및 문자 01029956263",8000,2026.01.18,285,7,0
223615398,중고나라,이사 정리,이사정리) 포켓몬 파스텔 꼬부기 중형인형,"기본적으로 편의점 택배로 접수해드리고 제쪽에서도 최대한 성심껏 포장해드리겠습니다. 

오락실, 뽑기샵 인형이라 이염, 얼룩이 있을 수도 있고 제가 발견하지 못한 부분도 있을 수 있다는 점 당부드립니다. 

결제 전에 배송방식을 상의하고 가격을 수정하니 구매 전 채팅으로 먼저 연락해주시길 바랍니다.

중고거래 특성상 환불이 어렵다는 점 참고바랍니다.",7000,2026.01.18,25,1,0
224208969,중고나라,이사 정리,1:18 얼모스트리얼 렉서스 LS500H 다이캐스트,"파손 없습니다.
얼모스트리얼 답게 퀄리티 좋습니다.
들여온지 얼마 안되었는데 장식장 자리 부족으로 인해 눈물을 머금고 다시 올립니다..
종이박스 상태는 좋지 못합니다. 오픈툴 있습니다.
네고 교환 환불 안받습니다.
물품 특성상 대전 동구 직거래 우대합니다.
택배 시 파손면책 동의 하에 진행합니다.",120000,2026.01.18,101,0,0
224236034,중고나라,이사 정리,닌텐도 스위치 본체 + 마리오카트 홈 서킷 +링피트,"닌텐도 스위치 본체와 마리오카트 홈 서킷 링피트가 포함된 세트입니다.
박스와 구성품이 모두 깔끔하게 보관되어 있어요. 게임과 액세서리가 함께 있어서 바로 즐기실 수 있습니다.
따로 구매 가능하고요 닌텐도 본체 사시면 케이스도 드려요

닌텐도 조이스틱 하나가 본체에 연결하면 잘 인식이 되지 않는 경우가 가끔 있어 싸게 팔아요

닌텐도+케이스90000

홈서킷 25000

링피트 25000",180000,2026.01.18,35,0,2
224235909,중고나라,이사 정리,발로란트 2023챔스 쿠나이,도색이 살짝 까진 것 빼고는 멀쩡해요,8000,2026.01.18,84,1,0
224235822,중고나라,이사 정리,나혼자만 레벨업 게이밍 마우스패드,나혼자만 레벨업의 캐릭터가 그려진 게이밍 마우스패드예요. 블랙과 그레이 컬러로 깔끔하고 멋있어요. 상태 양호한 중고 제품입니다.,10000,2026.01.18,47,1,0
224235795,중고나라,이사 정리,포켓몬스터 소드 실드 칩 세트,"포켓몬스터 소드, 실드 세트로 판매합니다
상태는 양호해요 구입 하시면 DLC도 드릴게요 다른 본체에 썼던거라 되는지 몰라서 그냥 드려요",40000,2026.01.18,23,0,0
224190422,중고나라,이사 정리,ASUS RX 580 4GB,"ASUS RX 580 4GB

풀박스


예전에 롤용으로 쓰다가 보관을 오래하게되어 판매합니다

기본적인 벤치 테스트, 작동 인증 영상O


#RX580 #RX 580 #RX5804GB #RX 580 4GB #RX580 4GB",49000,2026.01.17,54,0,0
222811005,중고나라,이사 정리,"이사정리,제일복권) 오등분의 신부 D상 나카노 요츠바","공간부족으로 진열할 수가 없는 관계로 처분합니다. 현재 하자검수 겸 개봉촬영 후 재봉했습니다.

검수결과 피규어 본체 군데군데 부위에 이염이 있습니다. 구매하실 때 유의사항으로 인지해주십시오. 

보관기간이 길어서 피규어 박스에 약간의 구겨짐이 있을 수 있지만 본체에는 별 문제는 없었습니다. 

기본적으로 편의점 택배로 접수해드리며 제 선에서 최대한 파손의 위험이 없게 노력하여 포장하였음을 구매자분께 고지해드립니다. 

중고거래 특성상 교환/환불이 불가하다는 점 인지해주십시오.

그리고 구매의사를 확실히 결정하시고 문의해주십시오. 

구매 전에 일반과 반값 중 택배비를 정해야 하니 결제 전 문의 주시기 바랍니다.",17000,2026.01.17,30,0,0
224209487,중고나라,이사 정리,3인 대기석,"병원이나 관공소 에서 주로쓰는 3인 대기석 입니다
상태는 좋습니다
거래는 대전 입니다",50000,2026.01.17,32,0,0
224084902,중고나라,이사 정리,이케아 삿수마스 화분스탠드,상태 좋습니다 소나무 재질,24000,2026.01.17,29,0,0
224201675,중고나라,이사 정리,헤스트라 페커리 장갑(글러브) 8사이즈 새제품 팝니다~~~~~,헤스트라 페커리 .,12345,2026.01.17,38,0,0
224196486,중고나라,이사 정리,2025 전기기사 속전속결 이론책 팝니다,"2025 다산에듀 전기기사 속전속결 이론책 팝니다

usb는없고 유튜브로 

원하는 강사 무료로 들을수있습니다

사진마지막처럼 곳곳에 연필로 필기가 좀 있습니다

감안해서 필요하신분만 연락주세용!!

cu반값택배로 택배비포함 5만 입니다!!",50000,2026.01.16,43,0,3
224196466,중고나라,이사 정리,베이더3 프로,"상태와 구성품은 사진 확인 부탁드립니다. 
입금일 기준 다음 날까지 우체국 택배로 보내드립니다. 
안전결제X 괜찮으신 분만 연락 부탁드립니다. 
환불X",14900,2026.01.16,55,1,3
224195203,중고나라,이사 정리,복싱 헤드기어 + 복싱글러브 세트,"왼쪽부터 가미 포수형 헤드기어 입니다. 안면 부상 걱정되시는 분들은 이거 끼고 스파링하시면 딱이에요. 시야는 좀 제한됩니다. 10만원에 드려요!
가운데는 진파이 12온스 글러브, 코보호 헤드기어 입니다. 글러브는 3회 정도 착용해서 거의 새것입니다. 두개 세트로 3만원에 드립니다.
오른쪽은 리복 16온스 글러브 입니다. 10회 미만 사용이고 1년 정도 보관했어요. 3만원에 드립니다.
직거래는 세종에서 가능하구요. 직거래 힘드시면 택배도 가능합니다. 01035850662로 연락주세요!!",100000,2026.01.16,195,0,1
224166241,중고나라,이사 정리,파워컬러 RX 9070 XT 헬하운드,"파워컬러 RX 9070 XT 헬하운드
PowerColor RX 9070 XT Hellhound
https://prod.danawa.com/info/?pcode=77380985&cate=112753#bookmark_cm_opinion

구매 시기: 2025.09 
메모리: 삼성
대원 씨티에스 정품.

개인 사용자입니다. 

https://www.reddit.com/r/buildapc/comments/1japfs9/is_powercolor_good_gpu_brand/?tl=ko
파워컬러는 AMD 라데온만 제조하는 근본있는 회사입니다. 소음, 온도, 고주파 모두 양호합니다. 

오버클럭X 흡연X 애완동물X
구매 영수증O 풀박스O

안전거래X
우체국 택배로 보내드립니다.

직거래 경북이고 대구에서 1시간 거리에 있습니다.

5070ti 추금교환 가능합니다.
택포 81

#파워컬러9070XT #9070XT #RX9070XT",810000,2026.01.16,265,1,1
223635272,중고나라,이사 정리,레고 닌자고 유령의 날 70596 사무라이X의 동굴,"번호별로 분류해놨고 누락 브릭 없는걸로 확인했으나 사람이 하다보니 소량 안맞을 수 있는 점은 참고 부탁드립니다.
박스 제외 피규어, 미피, 설명서 있습니다. 
대전 낭월동에서 직거래 가능합니다. 
입금일 기준 다음 날까지 우체국 택배로 보내드립니다. 
안전결제X 괜찮으신 분만 연락 부탁드립니다. 
환불X",159900,2026.01.16,486,4,7
224180985,중고나라,이사 정리,이사정리 ) 쉬스미스 여성 오리털 패딩 77사이즈,"이사정리로 1월까지 저렴하게 올립니다 

드라이클리닝 완료 

쉬스미스 여성 패딩입니다

- 색상은 블랙입니다
- 충전재는 오리털 70%, 깃털 30%입니다
- 가슴둘레 91-97cm, 신장 165cm에 적합합니다
- 보온성이 뛰어나 따뜻하게 입을 수 있습니다",21000,2026.01.16,11,0,0
223111306,중고나라,이사 정리,라부부 컬렉션 북 저축속지 (현금생활),"#배송비 별도
💚채팅 및 문자 01029956263",5000,2026.01.16,68,2,1
223371957,중고나라,이사 정리,(마지막 급처)프라다 쿠션LC5,"프라다 어그멘티드 스킨 리빌 메시 쿠션 파운데이션 LC5 새상품입니다
- 용량: 12g
피부에 광채를 더하고 결점을 커버해 줍니다
리필 가능한 제품입니다
유통기한은 2028년 6월 25일까지입니다

-안팔리면 그냥 제가 씁니다….ㅠㅠ

#택배비별도 
💚채팅 및 문자 01029956263",60000,2026.01.16,97,2,0
223093610,중고나라,이사 정리,(마지막 급처)프라다 라이트 글로잉 하이라이터 파우더 새상품,"박스와 함께 깔끔한 상태로 보관되어 있습니다. 자연스러운 베이지 골드 톤으로 은은하게 광채를 연출해주는 제품입니다.
#배송비 별도
기한: 2027.11
💚채팅 및 문자 01029956263",60000,2026.01.16,99,1,2
224124683,중고나라,이사 정리,헬로키티 털 슬리퍼230mm,"산리오 헬로키티 털 슬리퍼입니다
부드러운 털 재질로 되어있어 착용감이 좋습니다
귀여운 헬로키티 디자인이 포인트입니다

#택배비 별도
💚채팅 및 문자 01029956263",70000,2026.01.16,35,0,1
224164376,중고나라,이사 정리,ifi AC iPurifier,"ifi AC iPurifier 판매합니다. 
제품단품이고 박스나 구성품 없습니다. 멀티탭이나 콘센트에 끼워서 사용하면됩니다.
생활기스제외 하자점 없습니다. 

가격은 택포9입니다.

직거래 경북 문경 나머지는 택배거래합니다.
택배거래시 파손면책 동의하신다는 전제하에 진행하며
파손안되도록 포장튼튼하게해서 보내드립니다.
중고거래특성상 반품 불가능입니다.",90000,2026.01.16,53,0,2
224164348,중고나라,이사 정리,젠하이저 HD599 헤드폰 판매,"젠하이저 HD599
위에것이 너무 하급기라 좀 더 상위라인업이 궁금해서 구매한 제품입니다. 그래도 가격대도 2배이상 차이나던 제품이고 그래도 급이라는게 다르다고 400s보다는 확실히 좋은소리 들려줍니다. 저역대 둥둥거리는 펀한 사운드에요. 이것보다 더 비싼 헤드폰도 쓰고있지만 이 가격대에서는 정말 만족스러운 소리가 아니었나 싶고(신품기준) 중고가격은 거저라는 느낌입니다.
당시 중고나라에서 미개봉새상품 구매했었는데 이것도 스피커가 메인이다보니 몇번듣다가 서랍에 박아두고 안썻습니다. 가끔가끔 빼서 한번씩 들었을뿐 실사용시간이 정말 짧아요. 팔기 귀찮아서 위에것과 같이 넣어뒀습니다.

서랍속에 다른물건과 같이 넣어둬서 물건들에의해 생긴 생활기스가 있을순있지만 눈에띄는 큰 기스나 상처없고 상태 멀쩡합니다. 음질적으로 하자도 없고 헤어밴드 가죽도 상태 좋아요. 왜 위에 가죽이어패드가 별로 쓰지도않았는데 갈라졌는지 이해불가능입니다.. 3.5파이 케이블은 사용하다 그냥 감아뒀더니 기스나 눌림? 같은게 있긴한데 사용상 지장없고 피복벗겨짐같은거 전혀없습니다. 6.3파이 케이블은 미사용품입니다.

풀박스에 구성품 다 있습니다.
이 헤드폰 역시 산지 좀 오래되서 구매일시 기억안납니다. AS는 당연히 지났을거같네요
택포 8에 판매합니다.


두 헤드폰 일괄구매하시면 택포10에 드립니다.

직거래 경북 문경 나머지는 택배거래합니다.
택배거래시 파손면책 동의하신걸 전제하에 진행하며 
중고거래특성상 반품불가능입니다. 파손안되도록 포장 튼튼하게해서 보내드립니다.",80000,2026.01.16,97,1,1
222860014,중고나라,이사 정리,"타이거포스 파워랙,타이탄테크,데드스루재머암,렛타워","20년도 신품구매 하였습니다
사진상의 파워랙,앞발,렛타워,재머암,렛타워,슬링벨트 판매합니다

나무발판 및 메트는 필요하시면 서비스로 드립니다

그외 원판,벤치,바벨은 제외

파워랙,슬링벨트,j컵은 타이거포스제품이고 나머지 재머암,렛타워,앞발등은 데드스루 제품입니다 서로 타공구멍간격 및 사이즈 맞아 호환가능합니다(rep 파워랙도 동일한걸로 압니다)

데드스류 재머암만 별도 판매시 15만원에 판매합니다


대전 낭월동 직거래 합니다",550000,2026.01.15,547,0,3
224031252,중고나라,이사 정리,RG 프리덤 Ver. GCP 반다이/건담/건프라/미개봉,"박스에 이상 없음 / 모두 검수 완료

거래 후 단순 변심으로 인한 환불은 일절 받지 않습니다

타 제품과 교환 및 네고X",46000,2026.01.15,78,0,1
224148408,중고나라,이사 정리,호두과자 자동기계 판매합니다(전기식 2열 26개),"호두과자 기계(전기식) 판매합니다

중고로 구매했다가 haccp관련하여 생산이 어려울것 같아서

판매합니다

매매가 800만원(협의)

연락처 010-4852-6287",7000000,2026.01.15,129,0,0
223623591,중고나라,이사 정리,듀퐁,"듀퐁
2025년
개봉후 테스트후 보관만했음",325000,2026.01.15,42,0,2
224130776,중고나라,이사 정리,수입원목 침대(이사정리),"수입산 원목침대입니다.외국에서 직접가져온거에요 침대테이블도 드려요
매트리스도 고가인실리매트리스이며 얼마전 매트리스살균소독(15만)까지 마쳤어요.",50000,2026.01.15,36,0,0
213036903,중고나라,이사 정리,소니엔젤 판매해요(2011~2023) 이사정리로 가격다운했어용,"📢 제목에 ""제조사/ 브랜드 명""과 ""상품명”를 넣어 작성하면, 보다 빠른 판매가 가능합니다! 
📢 게시글 작성 시 배송 방법에 “직거래”와 “내 위치” 설정할 경우, 보다 빠른 판매가 가능합니다! 








🚨회원님의 거래 게시글을 노린 중고나라 운영진 사칭 피싱 사이트를 주의하세요🚨
 
소니엔젤 판매해요
각 가격이 다르니 문의부탁드려요~!
꼭 구매할 분만 채팅이나 쪽지 바랍니다!
2011 ~ 2023 까지 다양하게 있어요!^_^
판매된건 x표시 되었습니다!

+ 기린 달마시안 판매완료(5/17)
+ 몽구스, 시바 판매완료(6/15)
+ 돼지, 곰 판매완료(11/22)
+ 장미, 포도, 카네이션 판매완료(12/18)",7000,2026.01.14,408,3,5
221493076,중고나라,이사 정리,아식스 노바블라스트5 수딩씨 270,"ㅇ상품명: 아식스 노바블라스트5 수딩씨 
ㅇ사이즈: 270mm
ㅇ구매월: 2025.05.
ㅇ구매처: 대전모다아울렛 / 영수증 인증가능
ㅇ사용기간: 런닝머신 5회 사용 후 보관
ㅇ 제품상태: 최상

** 안정화와 교환가능!!!! *
*사이즈:270/2e**
뉴발 860v14
아식스 젤카야노31
브룩스 글리세린 22 등등",120000,2026.01.14,290,5,7
224086852,중고나라,이사 정리,이사정리!메디큐브 부스터프로 미니 플러스 짱구 에디션 (미개봉),"✨ [메디큐브 부스터프로 미니 플러스 짱구 에디션 미개봉 새상품] 판매합니다 ✨
안녕하세요! 소중하게 보관하던 물품을 좋은 분께 보내드리고자 글을 올려요. 🥰 꼼꼼히 읽어보시고 편하게 채팅 주세요!이사때문에 모든물품 시세보다 싸게 급처 합니다! 문고리거래와 편의점픽업을 가장선호해요!
📌 상세 정보
* 판매 가격:85000원
* 상품 상태: 미개봉 새상품 제품입니다 구성품은 두번째장 사진 봐주세요! 풀박스 구성입니다. ✨
🤝 거래 안내 (꼭 읽어주세요!)
✅ 100% 정품 보장
판매하는 모든 물품은 확실한 정품입니다! 만약 가품일 경우 판매가의 200% 보상해 드릴 것을 약속드려요. 믿고 거래하셔도 됩니다. 👍
💰 결제 안내 (대환영!)
 * 요즘 신종사기인 핫마켓 메라마켓 처럼 포인트 결제 안받습니다! 
 * 안전결제 대환영이에요! 
⚠️ 가격 제안(네고) 불가
최대한 고민해서 합리적인 가격으로 올렸습니다! 아쉽지만 네고 문의는 정중히 사양할게요. 양해 부탁드려요. 🙏
📍 직거래 안내
 * 장소: 삼전삼밭나루공원
 * 방식: 서로의 시간을 아끼기 위해 비대면 거래 가능합니다! 🏃‍♂️💨
📦 택배 거래 안내
 * 일반 택배: +5,000원
 * 반값 택배: +3,000원 (GS25)
매너 있는 거래 기다릴게요! 오늘도 기분 좋은 하루 보내세요. 감사합니다! 🌸✨",85000,2026.01.14,57,1,2
224085335,중고나라,이사 정리,DDR5 PATRIOT 32GB 6200mhz,"rgb가능 모델이고 expo/xmp적용시 6200MHz까지 적용됩니다
사용기간은 1년6개월정도 사용했습니다
하이닉스 메모리칩을 사용한 것으로 알고 있습니다
박스는 따로 없습니다
32GB 단일로 한개 판매입니다.",400000,2026.01.14,145,1,1
224084924,중고나라,이사 정리,이케아 바닐리스통 화분스탠드,상태 좋습니다 이케아 소나무 재질,26000,2026.01.14,24,0,0
224080625,중고나라,이사 정리,이사정리) 포켓몬 빅팝 봉제인형 피카츄,"기본적으로 편의점 택배로 접수해드리고 제쪽에서도 최대한 성심껏 포장해드리겠습니다. 

오락실, 뽑기샵 인형이라 이염, 얼룩이 있을 수도 있고 제가 발견하지 못한 부분도 있을 수 있다는 점 당부드립니다. 

결제 전에 배송방식을 상의하고 가격을 수정하니 구매 전 채팅으로 먼저 연락해주시길 바랍니다.

중고거래 특성상 환불이 어렵다는 점 참고바랍니다.",8000,2026.01.13,16,0,0
224080446,중고나라,이사 정리,무서운 이야기 시리즈 5권 세트,무서운 이야기 시리즈 5권 세트입니다. 책 상태는 양호하고 읽기에 전혀 문제없어요. 인기 소설 시리즈라 추천드려요!,34000,2026.01.13,12,0,0
224080380,중고나라,이사 정리,이사정리) 포켓몬 빅팝 봉제인형 루카리오,"기본적으로 편의점 택배로 접수해드리고 제쪽에서도 최대한 성심껏 포장해드리겠습니다. 

오락실, 뽑기샵 인형이라 이염, 얼룩이 있을 수도 있고 제가 발견하지 못한 부분도 있을 수 있다는 점 당부드립니다. 

결제 전에 배송방식을 상의하고 가격을 수정하니 구매 전 채팅으로 먼저 연락해주시길 바랍니다.

중고거래 특성상 환불이 어렵다는 점 참고바랍니다.",8000,2026.01.13,14,0,0
224079518,중고나라,이사 정리,이사정리) 포켓몬 이브이 봉제인형,"기본적으로 편의점 택배로 접수해드리고 제쪽에서도 최대한 성심껏 포장해드리겠습니다. 

오락실, 뽑기샵 인형이라 이염, 얼룩이 있을 수도 있고 제가 발견하지 못한 부분도 있을 수 있다는 점 당부드립니다. 

결제 전에 배송방식을 상의하고 가격을 수정하니 구매 전 채팅으로 먼저 연락해주시길 바랍니다.

중고거래 특성상 환불이 어렵다는 점 참고바랍니다.",5000,2026.01.13,14,0,0
224077287,중고나라,이사 정리,이사정리) 포켓몬 잉어킹 봉제인형,"기본적으로 편의점 택배로 접수해드리고 제쪽에서도 최대한 성심껏 포장해드리겠습니다. 

오락실, 뽑기샵 인형이라 이염, 얼룩이 있을 수도 있고 제가 발견하지 못한 부분도 있을 수 있다는 점 당부드립니다. 

결제 전에 배송방식을 상의하고 가격을 수정하니 구매 전 채팅으로 먼저 연락해주시길 바랍니다.

중고거래 특성상 환불이 어렵다는 점 참고바랍니다.",5000,2026.01.13,25,0,0
224070742,중고나라,이사 정리,싼타페TM LED 안개등 운전석,싼타페TM LED 안개등 운전석 판매합니다. 깨끗하게 사용한 제품이라 상태 좋습니다.,43000,2026.01.13,41,0,0
224070081,중고나라,이사 정리,싼타페TM LED 안개등 조수석,싼타페TM LED 안개등 조수석 판매합니다. 깨끗하게 사용한 제품이라 상태 좋습니다.,43000,2026.01.13,33,0,1
223902797,중고나라,이사 정리,보스 QC울트라 60주년/새제품/미개봉,"보스 QC 울트라 다이아몬드 60주년 
미개봉 새제품 국내발매품
소장하려 구매했는데 한개더 있어서 판매함.
직거래 세종시 / 기타지역 택배거래
가격 택포 32만
응 5327 1975",320000,2026.01.13,61,1,2
223904968,중고나라,이사 정리,레고 마인크래프트 21174 모던 트리하우스,"번호별로 분류해놨고 누락 브릭 없습니다. 
박스 제외 피규어, 설명서 전부 있습니다. 
대전 낭월동에서 직거래 가능합니다.
입금일 기준 다음 날까지 우체국 택배로 보내드립니다. 
안전결제X 괜찮으신 분만 연락 부탁드립니다. 
환불X",44900,2026.01.13,64,1,0
223936967,중고나라,이사 정리,포켓몬스터 루비,"루비: 정품
리프그린X
입금일 기준 다음 날까지 우체국 택배 또는 준등기로 보내드립니다. 
안전결제X 괜찮으신 분만 연락 부탁드립니다. 
환불X",14900,2026.01.13,74,0,2
223745348,중고나라,이사 정리,레고 마인크래프트 21125 정글 트리 하우스,"번호별로 분류해놨고 누락 5개 있습니다. 
박스 제외 피규어, 설명서 있습니다. 
대전 낭월동에서 직거래 가능합니다.
입금일 기준 다음 날까지 우체국 택배로 보내드립니다. 
안전결제X 괜찮으신 분만 연락 부탁드립니다. 
환불X",19900,2026.01.13,177,2,1
224052864,중고나라,이사 정리,Olivia Lauren 더블 버튼 자켓 네이비 100 이사정리,"◇ 이사정리로 1월까지 저렴하게 올립니다 

Olivia Lauren 더블 버튼 자켓입니다
- 사이즈는 100입니다
- 색상은 네이비입니다
- 소재는 모 80%, 캐시미어 20% 혼방입니다
신체 치수는 가슴둘레 97cm, 엉덩이둘레 103cm, 
키 165cm

반값택배 가능합니다",15000,2026.01.13,15,0,0
224042144,중고나라,이사 정리,실내보조기 의료기워커 노인 높이조절 어깨보행차 판매,"실내보조기 의료기워커 노인 높이조절 어깨보행차 입니다

25년 2월달에 구매해서
실사용 5회 미만이고 좁은 집에서 쓰기 불편해해서
안썼습니다

바퀴 잘 굴러가고 실내에서만 타서 깨끗합니다",90000,2026.01.12,36,0,1
224041979,중고나라,이사 정리,케이엘 트레이딩 경량 알루미늄 접이식 휠체어 E2,"케이엘 트레이딩 경량 접이식 휠체어 E2 모델입니다
알루미늄 소재로 제작되어 가볍고 튼튼해요
접이식 기능으로 휴대와 보관이 편해요
25년 2월에 구매한 제품이구요
바퀴잘굴러가고 상태 좋습니다",100000,2026.01.12,90,0,1
224035779,중고나라,이사 정리,"이사정리,타이토) 하츠네 미쿠 미쿠의 날 B상 스케일 피규어","공간부족으로 진열할 수가 없는 관계로 처분합니다. 현재 하자검수 겸 개봉촬영 후 재봉했습니다.

보관기간이 길어서 피규어 박스에 약간의 구겨짐이 있을 수 있지만 본체에는 별 문제는 없었습니다. 

기본적으로 편의점 택배로 접수해드리며 제 선에서 최대한 파손의 위험이 없게 노력하여 포장하였음을 구매자분께 고지해드립니다. 

중고거래 특성상 교환/환불이 불가하다는 점 인지해주십시오.

그리고 구매의사를 확실히 결정하시고 문의해주십시오. 

구매 전에 일반과 반값 중 택배비를 정해야 하니 결제 전 문의 주시기 바랍니다.",60000,2026.01.12,55,4,1
224031272,중고나라,이사 정리,PG 유니콘 (박스X) 반다이/건담/건프라/미개봉,"박스X, 먼지O / 모두 검수 완료

설명서 상태가 매우 좋지 않아 필요 여부 알려주세요

거래 후 단순 변심으로 인한 환불은 일절 받지 않습니다

타 제품과 교환 및 네고X / 구매 문의 가능",150000,2026.01.12,17,0,0
224026036,중고나라,이사 정리,DDR4 2400 8GB 메모리카드 2개 세트 삼성,DDR4 8GB 메모리 2개입니다. 상태 양호하고 정상 작동 확인했어요. 컴퓨터 업그레이드나 추가용으로 좋을 것 같아요!,190000,2026.01.12,159,0,1
224021282,중고나라,이사 정리,한서콩수화기,"한서콩수확기 사용감은 있지만 작동 상태 양호하며, 농작업에 바로 활용 가능해요. 실용적인 농업 장비 찾으시는 분께 추천드립니다.
일부 도색 했습니다.",500000,2026.01.12,62,2,1
224021156,중고나라,이사 정리,대동직사식키시동경운기,"농업용 로터리 작업기입니다. 농작업에 필요한 로터리 장비로 상태 양호해 보여요. 
고속대우 달려 있습니다 
밧데리 교환. 엔진오일 교환 
로타리 날교환",1550000,2026.01.12,131,1,0
224020956,중고나라,이사 정리,아세아 800관리기,"아세아관리기 800판매합니다. 사용감은 있지만 작동 상태 양호해요. 농업용으로 바로 사용 가능합니다.
구굴기포함입니다",850000,2026.01.12,564,11,5
224020848,중고나라,이사 정리,윌로수중펌프,수중펌프입니다. 사용감은 있지만 작동 상태 양호해요. 물 배수용으로 유용한 제품입니다.,100000,2026.01.12,42,0,0
223921838,중고나라,이사 정리,[정품] 스톤아일랜드 크링클랩스 패딩 m,"제품명: 스톤아일랜드 크링클랩스 패딩 블랙
사이즈: m
상태: 사용감
구성품: 단품

제품설명: 예쁘게 잘나온 시즌입니다 ㅎㅎ 실착 적어 전체적으로 상태 좋습니다! 마지막사진에 1mm 미세하자 존재하지만 크게 신경쓰이지는 않습니다 좋은상품 좋은가격에 가져가세요!

❗️편하게 연락주세요❗️",720000,2026.01.12,59,0,2
224017934,중고나라,이사 정리,아이폰16 128GB,"아이폰16 128GB 화이트 색상입니다
배터리 성능 상태가 97%로 좋습니다
외관,디스플레이,뒷판 깨끗하구요.

하자는 하단모서리 보시면 찍힘하나 있습니다",600000,2026.01.12,87,3,3
224010430,중고나라,이사 정리,피지테크 에어 카메라 숄더 스트랩(a7m4 각인),"피지테크 에어 카메라 스트랩입니다
A7M4 각인된 제품이고 미사용 신품입니다.
A7C2 각인 신품과 교환도 가능합니다.",35000,2026.01.12,49,1,1
223937059,중고나라,이사 정리,포켓몬스터 dp 펄 일판,"구성은 사진 확인 부탁드립니다. 
입금일 기준 다음 날까지 우체국 택배로 보내드립니다. 
안전결제X 괜찮으신 분만 연락 부탁드립니다. 
환불X",9900,2026.01.12,30,0,1
223715059,중고나라,이사 정리,레고 마인크래프트 21246 깊고 어두운 전장,"번호별로 분류해놨고 누락 브릭 4개 있습니다. 
박스, 피규어, 설명서 있습니다. 
대전 낭월동에서 직거래 가능합니다.
입금일 기준 다음 날까지 우체국 택배로 보내드립니다. 
안전결제X 괜찮으신 분만 연락 부탁드립니다. 
환불X

박스 포함 +7,000",24900,2026.01.12,131,2,0
223699943,중고나라,이사 정리,레고 오버워치 75970 트레이서 vs 위도우메이커,"번호별로 분류해놨고 누락 브릭 없습니다. 
박스 제외 피규어, 설명서 전부 있습니다. 
대전 낭월동에서 직거래 가능합니다.
입금일 기준 다음 날까지 우체국 택배로 보내드립니다. 
안전결제X 괜찮으신 분만 연락 부탁드립니다. 
환불X",11900,2026.01.12,128,3,2
223528389,중고나라,이사 정리,레고 마인크래프트 21152 해적선,"번호별로 분류해놨고 누락 브릭 없습니다. 
박스 제외 피규어, 설명서 전부 있습니다. 
대전 낭월동에서 직거래 가능합니다. 
입금일 기준 다음 날까지 우체국 택배로 보내드립니다. 
안전결제X 괜찮으신 분만 연락 부탁드립니다. 
환불X",14900,2026.01.12,137,2,0
223822802,중고나라,이사 정리,레고 마블 76131 어벤져스 연합전투,"번호별로 분류해놨고 누락 브릭 없습니다. 
박스 제외 피규어, 설명서 전부 있습니다. 
대전 낭월동에서 직거래 가능합니다.
입금일 기준 다음 날까지 우체국 택배로 보내드립니다. 
안전결제X 괜찮으신 분만 연락 부탁드립니다. 
환불X",56900,2026.01.12,86,2,1
223823987,중고나라,이사 정리,레고 마인크래프트 21158 판다 가족의 놀이터,"번호별로 분류해놨고 누락 브릭 없습니다. 
박스 제외 피규어, 설명서 전부 있습니다. 
대전 낭월동에서 직거래 가능합니다.
입금일 기준 다음 날까지 우체국 택배로 보내드립니다. 
안전결제X 괜찮으신 분만 연락 부탁드립니다. 
환불X",6900,2026.01.12,83,0,1
223898938,중고나라,이사 정리,레고 마인크래프트 21144 농장의 오두막,"번호별로 분류해놨고 누락 브릭 없습니다. 
박스 제외 피규어, 설명서 전부 있습니다. 
대전 낭월동에서 직거래 가능합니다.
입금일 기준 다음 날까지 우체국 택배로 보내드립니다. 
안전결제X 괜찮으신 분만 연락 부탁드립니다. 
환불X",36900,2026.01.12,70,1,1
224001503,중고나라,이사 정리,일룸 레마 카페장 커피장,"깔끔한 화이트 상판과 원목 프레임의 레마 카페장이에요. 수납공간도 넉넉하고 상태 양호합니다. 실용적이면서 인테리어 효과도 좋아요!

직거래 조치원역 근처입니다

무게가 있는제품입니다 
쏘렌토 2열접고 1열조금땡기면 들어갑니다",120000,2026.01.11,35,1,3
223450012,중고나라,이사 정리,전기기사 오장육부 팝니다,"전기기사 오장육부 팝니다!

사진처럼 오장육부 앞부분에 샤프로 저거 필기한거있는데 필기는 저거 하나이고 단답비급은
사진처럼 제가외우기 쉬운걸로 샤프로 몇개적었는데 
도움될거에요 별루면 지우고 사용하시면 될것같습니다
영상도 확인해보니 이상없구요

구성품은 사진에 있는게 다 입니다!

거래는 cu반값택배 택배비포함 6만에 팔겠습니다!!",60000,2026.01.11,140,0,3
223984083,중고나라,이사 정리,노스페이스 마테호른 블랙,"2025년11월 구매 후 입지 않고 보관만 했어요.
크림 현재구매가 357000원입니다.
텍만 제거했고 실착은 사이즈 측정시 입어본게 다입니다.
사이즈 미스로 인한 판매입니다. 상태 정말 깔끔하고 새 거에 가까워요. 텍도 같이 드려요.
궁금한 점 있으면 편하게 문의 주세요 🙂",310000,2026.01.11,46,1,1
223983963,중고나라,이사 정리,노스페이스 화이트라벨 눕시 다운자켓,"2025년12월 구매 후 실착 없음, 보관만 한 상품입니다

텍은 제거했으며 보관 중, 함께 드립니다

오염·하자 전혀 없음

실사용 흔적 없는 미사용급 컨디션

예민하신 분은 구매 피해주세요

📦 직거래 / 택배 가능",300000,2026.01.11,27,0,1
223844322,중고나라,이사 정리,붙박이장 분해한상태,"붙박이장 가져가실분 채팅주세요
조립 운반 도와드리며 간단해요",,2026.01.11,51,0,0
221497016,중고나라,이사 정리,***나눔***리바트 옷장(3500*2200*630)분해한상태,"ㅇ상품명: 리바트 옷장 
ㅇ규격: 가로3500*높이2200*깊이630
ㅇ상태: 상
ㅇ구성품: 천장 마감재 포함
ㅇ거래시 셀프해체 도움가능하며, 리바트 설치이전 신청가능(구매자 부담)
현재 분해한상태이며, 조립 운반 간단합니다",,2026.01.11,133,3,1
223700052,중고나라,이사 정리,레고 오버워치 75976 레킹볼,"번호별로 분류해놨고 누락 브릭 없습니다. 
박스 제외 피규어, 설명서 전부 있습니다. 
대전 낭월동에서 직거래 가능합니다.입금일 기준 다음 날까지 우체국 택배로 보내드립니다. 
안전결제X 괜찮으신 분만 연락 부탁드립니다. 
환불X",12900,2026.01.11,57,1,1
223972072,중고나라,이사 정리,대동 키시동경운기 (10마력직사씩),"대동직사식키시동경운기 (10마력)
밧데리 교환. 엔진오일 교환 
로타리 날교환.
바로 사용 하시면 됩니다",1650000,2026.01.11,147,0,2
223972022,중고나라,이사 정리,아세아 800관리기,"아세아 800관리기. 사용감은 있지만 작동 상태 양호해요. 농업용으로 바로 사용 가능합니다.
구굴기 포함입니다",900000,2026.01.11,399,12,1
223971990,중고나라,이사 정리,윌로수중펌프,수중펌프입니다. 사용감은 있지만 정상 작동하는 제품이에요. 물 관리나 배수용으로 활용하시면 좋을 것 같습니다.,100000,2026.01.11,37,0,0
223961588,중고나라,이사 정리,"파워레그프레스, 핵스궤트 겸용 (임펄스)","임펄스 사의 여성전용 헬스기구 모델 중
파워레그프레스와 핵스쿼트를 겸용으로 할 수 있는 머신이에요~

구매하시면 가져가시기 편하게 분해 해드립니다

편하게 문의 주세요~

네고 가능~!",300000,2026.01.10,70,2,2
223958040,중고나라,이사 정리,신형경운기 10마력직사씩,"대동
 10마력직사씩 경운기 
밧데리 교환. 엔진오일 교환 
노타날교환
바로 사용 하시면 됩니다",1650000,2026.01.10,228,3,0
223957829,중고나라,이사 정리,월로펌프 수중펌프,"윌로 수중펌프 
구입 년식. 모릅니다 
동영상첨부 
확인하시고 전화 주세요. 
동영상첨부 하였습니다 
바로 사용 하시면 됩니다",100000,2026.01.10,55,2,0
223950793,중고나라,이사 정리,hfc vsr11기반 대거튜닝품,"hfc vsr11기반 메이플리트 파츠로 대거튜닝한 에어소 프트건입니다.

튜닝내역

90°트리거셋 실린더

125%? 150%? 스프링

pts그립

mlc-s2 스톡

3-9배율 40미리스코프

등...

하나하나 모아 튜닝한거라 내역온전히 기억나지않습 니다. 총70만원이상 들어갔습니다. 세팅 잘되어있어 서 탄착군 아주좋고 업으로 왠만한 무게BB커버 가 능합니다. 집에서만 사용해 외관나름깨끗하고 튜닝파 츠 호환성과 종류가많아 좋습니다.

반품안됩니다.",400000,2026.01.10,69,0,1
223867003,중고나라,이사 정리,듀얼센스 커스텀 판매합니다,"커스텀패드가 많아서 사용은 많이 하지 않았습니다
익스트림레이트 
eXtremeRate SPARK 백버튼,대용량 배터리,기계식버튼,홀센서 등등
유툽찾아보시고 아시는분만 연락주세요
세종시직거래
택배 쿨거래 택포


ps.판매할려고보니 터치패드 스크레치가 있었네요 처음조립할때부터 있던거라 자연스럽길래 원래 그런줄 알았네요
사용에는 문제없습니다
감안해서 가격 내립니다
예인하신분 패스
타사이트 유도 차단합니다",130000,2026.01.10,168,2,3
223756587,중고나라,이사 정리,고프로 12,"보증기간 올해 10월까지 남아있습니다 

1회 테스트로 사용 후 보관만 했습니다 

제품 받자마자 렌즈, 화면 전후면 필름 장착했으나 
후면 필름은 똥손이라 잘못 붙여 여분 필름 
따로 드립니다.

카메라 렌즈 테두리에 작은 자국 하나 있고,
렌즈는 깨끗합니다 

구성품 
- 고프로 12 본체
- 정품 배터리 x1
- 텔레신 리모컨 (필름 떼면 기스 없습니다)
- 배터리 커버 추가 구매품 
- 실리콘 케이스 
- 기타 케이블, 결합부, 나사

네고 문의 안받고
문자로 연락 부탁드립니다 
010-육칠육사-칠일칠일",252000,2026.01.10,174,3,3
223159677,중고나라,이사 정리,게임큐브와 CD일괄 판매합니다,"정발 게임큐브와 시디 일괄 판매합니다
게임큐브박스는 없네요",170000,2026.01.10,283,1,3
223634256,중고나라,이사 정리,레고 닌자고 무비 70618 드래곤 전함,"번호별로 분류해놨고 색 교체 하나 있습니다.
그 외에 누락 없고 박스 피규어 설명서 전부 있습니다. 
대전 낭월동에서 직거래 가능합니다. 
입금일 기준 다음 날까지 우체국 택배로 보내드립니다. 
안전결제X 괜찮으신 분만 연락 부탁드립니다. 
환불X

박스 포함 +10,000",124900,2026.01.10,290,8,1
223702338,중고나라,이사 정리,레고 닌자고 미지의 섬 71745 로이드의 정글 쵸퍼 바이크,"번호별로 분류해놨고 누락 브릭 없습니다. 
박스 제외 피규어, 설명서 전부 있습니다. 
대전 낭월동에서 직거래 가능합니다.
입금일 기준 다음 날까지 우체국 택배로 보내드립니다. 
안전결제X 괜찮으신 분만 연락 부탁드립니다. 
환불X",8900,2026.01.10,115,0,0
223528005,중고나라,이사 정리,레고 닌자고 레거시 70666 골드 드래곤,"번호별로 분류해놨고 누락 브릭 없습니다. 
박스 제외 피규어, 설명서 전부 있습니다. 
대전 낭월동에서 직거래 가능합니다. 
입금일 기준 다음 날까지 우체국 택배로 보내드립니다. 
안전결제X 괜찮으신 분만 연락 부탁드립니다. 
환불X",21900,2026.01.10,150,4,0
223435013,중고나라,이사 정리,레고 70733 블래스터 바이크,"번호별로 분류해놨고 누락 브릭 없습니다. 
박스 제외 피규어, 설명서 있습니다. 
대전 낭월동에서 직거래 가능합니다. 
입금일 기준 다음 날까지 우체국 택배로 보내드립니다. 
안전결제X 괜찮으신 분만 연락 부탁드립니다. 
환불X",10900,2026.01.10,69,0,0
223935258,중고나라,이사 정리,레고 미니피규어 + 호환 발판,"가장 오른쪽 피규어 머리 결합 부분 상태가 안좋습니다.(헐렁거리거나 안들어가진 않습니다. )
다른 상품 15 이상 구매시 서비스로 드립니다. 
입금일 기준 다음 날까지 우체국 택배로 보내드립니다. 
안전결제X 괜찮으신 분만 연락 부탁드립니다. 
환불X",9900,2026.01.10,28,0,0
223935240,중고나라,이사 정리,레고 닌자고 71730+71731+71732+71733 일괄,"번호별로 분류해놨고 누락 브릭 없습니다. 
박스 제외 피규어, 설명서 전부 있습니다. 
대전 낭월동에서 직거래 가능합니다.
입금일 기준 다음 날까지 우체국 택배로 보내드립니다. 
안전결제X 괜찮으신 분만 연락 부탁드립니다. 
환불X",19900,2026.01.10,60,0,0
223706216,중고나라,이사 정리,"ifi AC iPurifier , ifi lan isilencer , ifi iPurifier3 판매","1. ifi AC iPurifier 판매합니다.
제품단품이고 박스나 구성품 없습니다. 멀티탭이나 콘센트에 끼워서 사용하면되고
생활기스제외 하자점 없습니다. 가격은 9만원입니다.

2. ifi lan isilencer 판매완료

3. iFi iPurifier3 판매합니다.
풀박스이고 구성품 다 있습니다.
usb 연결해서 사용하시면됩니다. b타입 입력 b타입 출력입니다.
생활기스제외 하자점 없습니다. 가격은 9만원입니다.

셋다 최초구매자분 언제구매인지 모르고 영수증없습니다.
전 12월달 중고로 구매했습니다.

직거래 경북 문경 나머지는 착불택배거래합니다.
선불원하시면 4천원 추가해주시면됩니다. 중고거래 특성상 단순변심에의한 반품 절대불가능하고
택배사의 배송과정에서 생기는 파손은 책임지지않습니다. 파손면책 동의하신다는 전제하에 택배거래 진행합니다.
일괄구매하시면 택포가격으로 보내드립니다. 일괄구매시 안전거래도 가능합니다. 낱개는 번거롭네요.",250000,2026.01.10,168,3,3
221208046,중고나라,이사 정리,루이비통 S락 슬링백,"21년 9월 구매한 제품인데 
현재는 사용하질 않고 있어서 판매합니다
버클부분 사용감 기스빼고는 깨끗합니다!",2200000,2026.01.09,117,0,1
223920656,중고나라,이사 정리,갤럭시워치4 46mm 판매합니다,"갤럭시 워치4 46mm 판매합니다.
착용 횟수가 10회 미만이라서 새거나 다름 없습니다 
블루투스 모드용 입니다.
사진처럼 깨끗합니다.
믿고 구매하셔도 됩니다.",60000,2026.01.09,22,0,0
190724766,중고나라,이사 정리,건강원 a급 칡파쇄기 판매합니다,건강원 a급 칡분쇄기입니다,1500000,2026.01.09,129,0,0
222212713,중고나라,이사 정리,LG 냉동고 업소용 500L,"LG전자 500L 대형 냉동고 판매합니다.

제조년월: 2017년 7월

용량: 500L (냉동 전용)

문 구조: 위·아래 2도어 미닫이

전압/주파수: 220V 단상 / 60Hz

정격전류: 1.0A

소음: 43dB(A)

절연: E종

크기: 640 × 1909 × 805(mm)

무게: 85kg

업소용/가정용 모두 사용 가능하며 현재까지 사용에 문제 없습니다.
성능 양호하고 냉동력 좋습니다.
직거래 원하며, 무게가 있어 1층 또는 엘리베이터 있는 곳 선호합니다.

실사용 사진 원하시면 요청 주세요.
선착순 거래 원합니다.",410000,2026.01.09,89,1,2
223916917,중고나라,이사 정리,존디어1750트렉터(53마력),"존디어1750트렉터(53마력)
2000이전

원형 집게 포함입니다 
원터치 달려 있습니다. 
면세유 가능 
바로 사용 하시면 됩니다",8800000,2026.01.09,598,9,1
223913920,중고나라,이사 정리,"스타벅스 아메리카노 3장 10,000원입니다","스타벅스 아메리카노 3장 10,000원에 팔아요
유효기간 1장은 1월 14일까지고
2장은 1월 30일까지입니다^^",10000,2026.01.09,21,0,2
223911596,중고나라,이사 정리,안핌 SCODY-II,"안핌 스코디 2 모델입니다 
 24000에서 가져와서 4개월 쓰고 판매합니다 
 그라인더 칼날은 플랫버 칼날이 껴져있으며 
 기존 일반 칼날도 가지고 있습니다 같이 동봉해 드리겠습니다 
 사용중 호퍼를 떨어뜨려 호퍼 고정하는 부분이 부러져 접착제로 부착하였습니다 사용시에는 전혀 문제 없는 제품입니다 감가 5만원 잡아서 싸게 올립니다 직거래로 상태 보셔야 할꺼 같습니다",650000,2026.01.09,60,1,0
223905478,중고나라,이사 정리,"이사정리,제일복권) 리제로 C상 베아트리스 파카","공간부족으로 진열할 수가 없는 관계로 처분합니다. 현재 하자검수 겸 개봉촬영 후 재봉했습니다.

보관기간이 길어서 피규어 박스에 약간의 구겨짐이 있을 수 있지만 본체에는 별 문제는 없었습니다. 

기본적으로 편의점 택배로 접수해드리며 제 선에서 최대한 파손의 위험이 없게 노력하여 포장하였음을 구매자분께 고지해드립니다. 

중고거래 특성상 교환/환불이 불가하다는 점 인지해주십시오.

그리고 구매의사를 확실히 결정하시고 문의해주십시오. 

구매 전에 일반과 반값 중 택배비를 정해야 하니 결제 전 문의 주시기 바랍니다.",25000,2026.01.09,41,0,0
223901660,중고나라,이사 정리,아시아 800관리기,"아시아 800관리기. 사용감은 있지만 작동 상태 양호해요. 농업용으로 바로 사용 가능합니다.
엔진 오일 교환. 카브레더교환. 기름통교환 

바로 사용 하시면 됩니다",900000,2026.01.09,108,1,1
223900614,중고나라,이사 정리,신형경운기 10마력직사씩,"신형경운기10마력ND10DE 모델이에요. 레드 컬러의 엔진과 블랙 바디로 구성되어 있고, 사용감은 있지만 작동 상태 양호해 보입니다. 농업용으로 활용하기 좋을 것 같아요.",1650000,2026.01.09,241,4,1
223898665,중고나라,이사 정리,"이사정리,제일복권) 오등분의 신부 꿈의 한 때 B상 나카노 니노","공간부족으로 진열할 수가 없는 관계로 처분합니다. 현재 하자검수 겸 개봉촬영 후 재봉했습니다.

보관기간이 길어서 피규어 박스에 약간의 구겨짐이 있을 수 있지만 본체에는 별 문제는 없었습니다. 

기본적으로 편의점 택배로 접수해드리며 제 선에서 최대한 파손의 위험이 없게 노력하여 포장하였음을 구매자분께 고지해드립니다. 

중고거래 특성상 교환/환불이 불가하다는 점 인지해주십시오.

그리고 구매의사를 확실히 결정하시고 문의해주십시오. 

구매 전에 일반과 반값 중 택배비를 정해야 하니 결제 전 문의 주시기 바랍니다.",20000,2026.01.09,16,0,0
223898491,중고나라,이사 정리,레고 닌자고 70502 콜의 드릴머신,"번호별로 분류해놨고 누락은 사진 확인 해주세요. 
박스 제외 설명서 있습니다. 
대전 낭월동에서 직거래 가능합니다.
입금일 기준 다음 날까지 우체국 택배로 보내드립니다. 
안전결제X 괜찮으신 분만 연락 부탁드립니다. 
환불X",9900,2026.01.09,71,0,1
223820373,중고나라,이사 정리,아이폰 12 미니 블루 128GB,"아이폰 12 미니 블루 128GB

배터리 사설 교체로 100% 효율 나옵니다

페이스 아이디 안됩니다

직거래 공주시, 세종시 가능",180000,2026.01.09,38,0,0
223628385,중고나라,이사 정리,1996 눕시 에코 s사이즈,"다른 패딩을 구매해서 안입게되어 판매합니다
작년에 구매했어요!

상태 매우 좋습니다!
S 사이즈로 실측 90-95 정도 나옵니다
보온성 좋구요

택포 가격임니다",170000,2026.01.08,62,3,1
223628706,중고나라,이사 정리,[38] 맥케이지 딕슨 최상급,"다른 패딩을 구매하게 되어 판매합니다

38 사이즈 실측 95-100 정도 입니다
상태 하자 없이 매우 깔끔하고 보온성 매우 좋습니다!

편하게 연락주세요
구성품 - 옷걸이,패딩가방",500000,2026.01.08,106,1,2
223879234,중고나라,이사 정리,이사정리>그릇컵 무료나눔,"그릇컵 이사정리 무료나눔
서초동 비대면 직접 가져가실 분 연락주세요",,2026.01.08,43,0,1
223875741,중고나라,이사 정리,에어팟 프로2,사용감 적고 깨끗합니다 상자도 있습니당,150000,2026.01.08,70,1,5
222010104,중고나라,이사 정리,안남 50인치 4K UHD 스마트TV,"안남 브랜드 50인치 4K UHD HDR 스마트TV입니다. 박스 포장 상태로 새 제품이며, 화질 선명하고 HDR 지원으로 생생한 색감을 제공해요.",300000,2026.01.08,89,0,1
222199762,중고나라,이사 정리,9800x3D 5070ti 컴퓨터 팔아요,AMD 라이젠7 9800X3D와 RTX 5070Ti가 탑재된 고성능 게이밍 컴퓨터입니다. RGB 쿨링팬과 깔끔한 케이블 정리로 완성도 높게 조립되어 있어요. 최신 게임도 원활하게 플레이 가능한 상태입니다.,2800000,2026.01.08,474,7,9
223866801,중고나라,이사 정리,lf소나타 핸들에어백세트,"현대 lf소나타 핸들에어백세트 
핸들에 리모콘 있어요",100000,2026.01.08,189,3,0
223093192,중고나라,이사 정리,(급처)프라다 립밤 U000 새상품,"프라다 립밤 새제품이에요! 실버 패키지와 함께 선물용 리본까지 달려있어서 선물하기에도 완벽해요. 미개봉 새제품 상태 좋습니다.
#택배비 별도
💚채팅 및 문자 01029956263",35000,2026.01.08,95,3,1
223259966,중고나라,이사 정리,"마끼다 실리콘건 dcg180 배터리,충전기,소시지건","마끼다 실리콘건,배타리,충전기 1회 사용이지만 사용감 있습니다. 
모델명 마끼다 dcg180
사진 구성 전부 드려요

직거래 세종시 조치원읍입니다",270000,2026.01.08,162,3,1
223855436,중고나라,이사 정리,최상급 소니 사이버샷 dsc-W320 Sony Cyber shot,"최상급🎀소니 사이버샷 dsc-W320 Sony Cyber shot

감성 디카 찾으시는 분들께 인기 많은
소니 사이버샷 W320 핑크 컬러 모델입니다.

은은하게 반짝이는 캔디핑크 톤이라
실물 색감이 훨씬 예쁘고, 
들고 다니기만 해도 포인트 되는 컬러예요.
톤이 너무 진하지도, 탁하지도 않아서
데일리로 쓰기 좋은 깔끔한 핑크입니다.

📸 사진 색감 안내
소니 특유의 선명한 톤이라
 • 하이라이트가 깨끗하게 나오고
 • 인물·풍경·소품 모두 밝고 또렷하게 표현돼요.
특히 W320은 피부톤이 자연스럽게 표현되는 편이라
가벼운 스냅, 여행 기록용으로 쓰기 좋은 모델이에요.

⸻

✔️ 제품 상태
 • 외관 전체적으로 깔끔한 편
 • 액정은 보호필름이 붙어 있어서 
스크래치 거의 없습니다
→ 보호필름 제거하면 훨씬 더 깨끗한 상태예요
 • 렌즈 투명도 좋고 작동 문제 없습니다
 • 버튼 반응 및 줌 작동 정상

빈티지 제품이지만 관리가 잘 되어있어서
일반적인 중고 W320보다 상태가 좋은 편입니다.

⸻

💝 구성품
 • 카메라 본체 (핑크)
 • 정품 배터리
 • 충전기 세트
 
⚠️ 안내사항

・빈티지 디지털카메라 특성상 미세한 사용감이 있을 수 있습니다.

・촬영, 플래시, 저장 등 주요 기능은 확인 후 발송해드리고 있습니다.

・배터리와 메모리카드는 소모품이므로 수명 차이가 있을 수 있는 점 양해 부탁드립니다.

・사진은 실제 보유 중인 실물로 직접 촬영한 이미지입니다.

・교환 및 환불은 어렵기 때문에 예민하신 분은 신중한 구매 부탁드립니다

#디카 #디지털카메라 #캠코더 #후지필름 #파인픽스 #니콘#쿨픽스 #라이카 #파나소닉 #루믹스 #소니 
#사이버샷 #올림푸스 #뮤 #카시오 #엑슬림 #코닥
 #콘탁스 #미놀타 #산요작티 #캐논 #익서스 #JVC
#canon #PowerShotA2400IS 
#빈티지디카 #레트로",287000,2026.01.07,59,1,0
223854680,중고나라,이사 정리,소니 디지털카메라 DSC-TX55,"르세라핌 윤진 픽💗 SONY 소니 사이버샷 DSC-TX55 레트로핑크

TX시리즈 중에서도 가장 얇고 세련된 TX55,
1600만 화소의 칼자이스 렌즈가 빛을 잡아내
보정 없이도 필터 낀 듯한 감성샷 완성 모델입니다:)

소니 TX 시리즈 중에서도 인기가 많은 모델로
빛의 각도에 따라 
딸기핑크, 피치핑크, 라즈베리빛으로 달라보이는 
고급스러운 색감이 매력적입니다🍓

슬라이딩 커버로 전원이 켜지는 구조라 사용이 간편하고,
칼자이스 렌즈 덕분에 색감 표현과 
인물 사진이 정말 예쁘게 나옵니다.

르세라핌 윤진이 실제로 사용하면서 
지금은 ‘감성 빈티지 디카’로 다시 주목받고 있는 
깜찍한 제품이에요👍

지금은 중고 시장에서도 
구하기 어려운 인기 색상입니다!

💡 주요 기능
・16.2메가픽셀
・칼자이스 렌즈 / 광학 5배줌
・손떨림 보정 / 얼굴 인식 기능
・3.3인치 풀터치 LCD
・HD 동영상 촬영 가능
・언어 : 일본어 

외관은 전체적으로 깨끗한 상태이며,
액정에는 보호필름이 부착되어 있어 
스크래치 없이 깔끔합니다.
모든 기능 정상 작동 확인했습니다👌

구성품

・카메라 본체 (핑크)
・정품 SONY NP-BN1 배터리
・USB 케이블 (충전 및 데이터 전송용)
・손목 스트랩
・전용 터치 펜 (정품)
・삼각대용 볼트 
・정품 박스
・설명서 / 보증서 / 설치 CD

작고 가벼워 데일리용, 
여행용, 감성샷용으로 모두 추천드려요.

 ⚠️ 안내사항

・빈티지 디지털카메라 특성상 미세한 사용감이 있을 수 있습니다.

・촬영, 플래시, 저장 등 주요 기능은 확인 후 발송해드리고 있습니다.

・배터리와 메모리카드는 소모품이므로 수명 차이가 있을 수 있는 점 양해 부탁드립니다.

・사진은 실제 보유 중인 실물로 직접 촬영한 이미지입니다.

・교환 및 환불은 어렵기 때문에 예민하신 분은 신중한 구매 부탁드립니다",336000,2026.01.07,65,0,1
223853847,중고나라,이사 정리,소니 DSC-TX5 핑크 디지털카메라,"소니 사이버샷 DSC-T90 레트로 쨍한 핑크 빈티지디카

핑꾸 메탈 컬러로 시선 강탈💗
부드럽게 슬라이드 오픈되는 전면 커버와
미러처럼 빛나는 표면이 매력적인 소니 감성 디카예요:)

슬라이드 커버를 열면 귀여운 소리와 함께 전원이 켜지고,
닫으면 자동으로 OFF —
심플하지만 세련된 사용감 👍

1210만 화소의 칼자이스 렌즈가 탑재되어
색감이 쨍하고 
피부톤을 뽀얗고 몽글 부드럽게 찍히는
소프트 포커스 기능이 있어요!
인물사진, 데일리샷, 미러샷 모두 감성 뿜뿜˄·͈༝·͈˄₎♡

💝 구성품
 • T90 본체(핑크)
 • 정품 스트랩
 • 정품 배터리
 • 정품 충전기
 • 핑크 전용 소프트 케이스

🩷 포인트　ໂ‧͡‧̫ໃ⚡︎
・칼자이스 Vario-Tessar 렌즈 / 광학 4배 줌
・3인치 터치스크린 LCD
・슬라이드식 ON/OFF
・스마트 얼굴 인식 기능
・Optical SteadyShot 탑재 (손떨림 보정)

📲 TIP
스마트폰용 메모리스틱 리더기를 사용하면
찍은 사진을 바로 폰으로 전송해 인스타 업로드 가능해요

🧼 상태 안내
생활기스 있으나
전체적으로 깨끗한 상태이며, 작동 이상 없습니다.
특히 👉 후면 액정에는 보호필름이 그대로 부착되어 있어
스크래치 없이 깨끗한 화면 상태를 유지하고 있어요✨
렌즈 또한 먼지나 곰팡이 없이 선명하고 투명하게 유지 중입니다.

 ⚠️ 안내사항

・빈티지 디지털카메라 특성상 미세한 사용감이 있을 수 있습니다.

・촬영, 플래시, 저장 등 주요 기능은 확인 후 발송해드리고 있습니다.

・배터리와 메모리카드는 소모품이므로 수명 차이가 있을 수 있는 점 양해 부탁드립니다.

・사진은 실제 보유 중인 실물로 직접 촬영한 이미지입니다.

・교환 및 환불은 어렵기 때문에 예민하신 분은 신중한 구매 부탁드립니다

#소니 #사이버샷 #소니사이버샷 #dsct90
#t90 #소니t90 #사이버샷t90 #빈티지디카 #레트로
#레트로디카 #감성디카 #빈티지 #핑크디카 
#디지털카메라",246000,2026.01.07,51,0,0
223853348,중고나라,이사 정리,소니 사이버 샷 DSC-W610 핫핑크 디카,"소니 사이버 샷 DSC-W610 핫핑크 디카 ⭐

산뜻한 핫핑크 컬러가 포인트인 
소니 사이버샷 W610 모델입니다. ੈ✩‧₊˚

실물이 훨씬 더 예쁘고, 
메탈 재질이라 핑크 색감이 깔끔하게 잘 빠졌어요.

14.1MP 해상도에 
색감은 전체적으로 쨍하고 선명한 편이라
실내·실외 모두 깔끔하게 잘 나옵니다.
특히 붉은색·파란색 계열 표현이 강하고
채도가 적당히 올라와 감성샷 찍기 좋아요:)

외관은 사진과 같이 전체적으로 깔끔하며
큰 데미지 없는 상태입니다.

줌, 플래시, 메뉴 버튼 등 기본 기능 모두 정상 작동합니다.
초보자분들도 AUTO 모드만으로 쉽게 촬영 가능해요.

SD카드 사용 모델이며,
사진은 SD카드 리더기를 이용해 
바로 스마트폰으로 옮기면 됩니다.

📦 구성품
 • 카메라 본체
 • 충전기
 • 배터리 1개
 • 스트랩
 • 박스 및 설명서",269000,2026.01.07,29,1,1
222638768,중고나라,이사 정리,"이사정리,제일복권) 귀멸의 칼날 카마도 네즈코 D상","공간부족으로 진열할 수가 없는 관계로 처분합니다. 현재 하자검수 겸 개봉촬영 후 재봉했습니다.

보관기간이 길어서 피규어 박스에 약간의 구겨짐이 있을 수 있지만 본체에는 별 문제는 없었습니다. 

기본적으로 편의점 택배로 접수해드리며 제 선에서 최대한 파손의 위험이 없게 노력하여 포장하였음을 구매자분께 고지해드립니다. 

중고거래 특성상 교환/환불이 불가하다는 점 인지해주십시오.

그리고 구매의사를 확실히 결정하시고 문의해주십시오. 

구매 전에 일반과 반값 중 택배비를 정해야 하니 결제 전 문의 주시기 바랍니다.",30000,2026.01.07,62,0,0
222819551,중고나라,이사 정리,"이사정리,제일복권) 리제로 B상 렘 후드","공간부족으로 진열할 수가 없는 관계로 처분합니다. 현재 하자검수 겸 개봉촬영 후 재봉했습니다.

보관기간이 길어서 피규어 박스에 약간의 구겨짐이 있을 수 있지만 본체에는 별 문제는 없었습니다. 

기본적으로 편의점 택배로 접수해드리며 제 선에서 최대한 파손의 위험이 없게 노력하여 포장하였음을 구매자분께 고지해드립니다. 

중고거래 특성상 교환/환불이 불가하다는 점 인지해주십시오.

그리고 구매의사를 확실히 결정하시고 문의해주십시오. 

구매 전에 일반과 반값 중 택배비를 정해야 하니 결제 전 문의 주시기 바랍니다.",25000,2026.01.07,40,1,0
223510410,중고나라,이사 정리,HG 라이징 프리덤 반다이/건담/건프라/미개봉,"박스에 이상 없음 / 모두 검수 완료

거래 후 단순 변심으로 인한 환불은 일절 받지 않습니다

타 제품과 교환 및 네고X / 구매 문의 가능",22000,2026.01.07,50,3,0
220564074,중고나라,이사 정리,프랑스어 불어 2025년 신판 로베르 불불 사전,"프랑스어 2025년 신판 로베르 불불 사전 판매합니다.
아마존에서 실수로 2개를 구매 하였습니다.
15만원 넘게 줬는데 반품 비용이 더 들어서 반품을 못했습니다.
절반가격으로 새 책을 구매하세요!
대전은 직접 가져다 드릴 수 있습니다!
공부하고 논문쓸 때 유용하게 사용할 수 있을거에요 ㅎㅎ
구매자님께서 공부에 도움이 되셨으면 좋겠습니다.
감사합니다!",60000,2026.01.07,57,0,0
220563802,중고나라,이사 정리,프랑스어 불어 엣센스 불한사전,"엣센스 불한사전 판매합니다.
구매할 당시에 4만2천원 주고 구매해서
프랑스어 처음 공부할 때 참고해 사용하였습니다.
휴대폰 검색보다 직접 손으로 느끼며 사전을 찾아보는 재미가 쏠쏠합니다!
저는 모든 재픔을 아껴서 사용하기 때문에 책이 진짜 보관이 잘 되었습니다.
대전이시면 직거래로 어디든 제가 가져다 드릴 수 있습니다.
구매자분께서 즐겁게 공부하셨으면 합니다!
감사합니다.",5000,2026.01.07,50,0,1
222911996,중고나라,이사 정리,철제 앵글 선반,"철제 앵글 선반 판매합니다.
고하중 선반이여서 고하중물 적재가 가능합니다.
깨끗히 클리닝하고 랩핑포장 하였습니다.
제품은 1개 가격이며, 3개 남아있습니다.

선반 사이즈
가로 2100
세로 700
높이 2100

지역은 대전입니다.
직접오셔서 제품 상태 확인 가능하시며, 1톤 트럭에 실을 수 있어서 가져가실 때도 편하십니다.
감사합니다.",180000,2026.01.07,88,1,0
223171027,중고나라,이사 정리,크리얼리티 Halot-Mage S 14K 레진 3D 프린터,"크리얼리티 Halot-Mage S 14K 레진 3D 프린터 입니다

- 14K 해상도로 최신형 초정밀한 모델링이 가능합니다
- 구성품은 아래에 기재합니다 일괄 판매입니다

할롯 메가 S 14K 본체
세척 및 경화기 UW-03
IPA
(세척통에 세팅해놓고 밀봉한 것 포함)
크리얼리티 정품 레진
(흰색 2통 회색 3통 투명 3통)
USB
깔대기 2개
IPA 리사이클링 통 1개
스펀지사포 600방, 1000방, 2000방 다수
일반 종이사포 600방, 1000방, 2000방 다수
클리닝 타월 10타

박스도 버리지 않고 그대로 넣어서 보관하였습니다

입문자용으로도 어렵지않게 좋은 제품 만들 수 있습니다

프린팅 후 바로 닦지 못해서 레진이 좀 커버에 묻어 굳은게 있으나, 제품 모델 출력에는 전혀 이상없습니다

초정밀한 모델링이 가능하고, 고품질 결과물을 얻을 수 있습니다

세트가격으로 일괄로 판매합니다",400000,2026.01.07,238,3,3
223320131,중고나라,이사 정리,듀퐁,구매후 확인차 개봉만했습니다.,330000,2026.01.07,37,0,2
223665670,중고나라,이사 정리,필립스 전기면도기 XP9405 i9000프레스티지 울트라 미사용 팝니다.,"필립스 전기면도기 XP9405 i9000프레스티지 울트라 미사용 팝니다.
개봉만한 미사용 새제품 입니다.
충전한번 안하고 전원한번 안켜본 새제품 입니다.
uv살균기 포함된 제품입니다.
필립스 홈페이지에 
정품등록 하시면 7년 as 가능합니다.
인터넷 최저가보다 20만원넘게 싸게 판매하는 제품이니 네고문의는 사양할게요.
가격은 50만원에 판매합니다.
파손위험도있고 부피도있어서 직거래로 판매합니다.
세종시 조치원 직거래로 판매합니다.
010-삼삼30-칠삼92 입니다.
제아이디 검색해보시면 중고나라에 거래내역많고 한번도 불미스런일 없었습니다.
근무시간에는 답장이 약간늦을수 있습니다.
그럼 다들 좋은하루 보내세요.
※사기꾼들 사기치려고 이상한 타 사이트에 등록해달라고 하면 신고한다.욕도 많이 먹는다※",500000,2026.01.07,128,0,2
223830337,중고나라,이사 정리,게이밍 웰플레이 usb 풋스위치3구 발판 키보드 (리니지발패드),"게임시 좌우로 고개를 돌릴때 사용 가능

가상 피아노의 발판으로 사용 가능",15000,2026.01.07,51,0,1
223388046,중고나라,이사 정리,브레인롯즈 훔치기,마테오 3마리 0.2입니당^^,2000,2026.01.07,118,2,3
223203703,중고나라,이사 정리,브레인롯즈 팝니다,"크리스마스 시크릿 브갓 전부다 있습니다
개당거의 800원에 팔고 있습니다.
크리스마스 기지 만들어보세요^^",800,2026.01.07,76,2,0
223213076,중고나라,이사 정리,브레인롯즈 훔치기 크리스마스 특집,"가격은 부르시는 가격에 맞춰드립니다.
위에 거의다 800원 정도에요
연락주세요 ^^
 (남은재고)
신규 토끼 시크릿, 라바카, 호호호 사후르, 너티너티, 페퍼민티나, 루돌프 트랄라, 크리스마스 브갓 다있음
이용해주신 고객4분 감사합니다
산티치클은 판완
진저 글로브 판완
페퍼민티나 2개 판완",800,2026.01.07,331,5,5
223171633,중고나라,이사 정리,(이사정리/나눔) 침대 매트리스 + 파운데이션 세트 나눔해요,"(이사정리/나눔) 침대 매트리스 + 파운데이션 세트 나눔해요 🛏️✨

[1. 제품 상세 정보]
구성 : 침대 매트리스 + 하단 파운데이션 세트
사이즈 (가로 x 세로 x 높이)
침대 : 145 x 195 x 35 cm
파운데이션 : 145 x 195 x 22 cm
구매 당시 가격 : 약 150만 원 (2018년 구입)

[2. 제품 상태]
연식에 따른 자연스러운 사용감은 있지만, 찢어지거나 곳 없이 상태 좋습니다.
비흡연/비반려동물 가구라 깔끔하게 사용했습니다 👍

[3. ★가장 중요한 거래 조건★]
거래 일시 : 1월 7일 중 (시간 협의) 📅
거래 장소 : 서초동 자택 (상세주소는 확정 시 안내)
수거 방법 : 직접 오셔서 실어가셔야 합니다.
무게와 부피가 있으니 반드시 '성인 남성 두 분 이상' 오시거나 '전문 용달'을 부르셔야 합니다 🚛💨

[4. 판매 사유 및 기타]
이사 일정 때문에 나눔해요.
약속 꼭 지켜주실 매너 있는 분과 거래하고 싶습니다! 편하게 채팅 주세요",,2026.01.07,57,1,0
223568076,중고나라,이사 정리,레고 닌자고 레거시 70679 울트라 드래곤,"번호별로 분류해놨고 가마돈 미피만 없습니다. 
박스 제외 피규어(가마돈 제외), 설명서 있습니다. 
대전 낭월동에서 직거래 가능합니다. 
입금일 기준 다음 날까지 우체국 택배로 보내드립니다. 
안전결제X 괜찮으신 분만 연락 부탁드립니다. 
환불X",59900,2026.01.07,243,6,3
223706504,중고나라,이사 정리,레고 닌자고 레거시 71699 썬더 레이더,"번호별로 분류해놨고 누락 1개 있습니다. 
박스 제외 피규어, 설명서 있습니다. 
대전 낭월동에서 직거래 가능합니다.입금일 기준 다음 날까지 우체국 택배로 보내드립니다. 
안전결제X 괜찮으신 분만 연락 부탁드립니다. 
환불X",34900,2026.01.07,126,3,0
223707422,중고나라,이사 정리,레고 닌자고 레거시 71735 초능력 무술대회,"번호별로 분류해놨고 누락 없습니다. 
박스 제외 피규어, 설명서 있습니다. 
대전 낭월동에서 직거래 가능합니다.
입금일 기준 다음 날까지 우체국 택배로 보내드립니다. 
안전결제X 괜찮으신 분만 연락 부탁드립니다. 
환불X",19900,2026.01.07,195,2,2
220622825,중고나라,이사 정리,포칼 서브6 서브우퍼 구매합니다,하자없고 안전거래 택배가능하신분 매물 찾습니다. 가격은 제품상태따라 조정합니다. 연락주세요. 인근 한시간거리는 직거래도합니다,950000,2026.01.07,447,1,0
223820321,중고나라,이사 정리,갤럭시 노트9 블랙 128GB,"노트9 팝니다

터치펜 잘 됩니다

직거래 공주시, 세종시 가능",100000,2026.01.07,11,1,0
223820246,중고나라,이사 정리,갤럭시 버즈 라이브,"버즈 라이브 입니다

사용감 있어요

공주시, 세종시 직거래 가능",30000,2026.01.07,27,0,0
223817406,중고나라,이사 정리,혼다 CBR650R 20년식 아크라포빅 풀배기(구변 완),"입문을 미들로 하였는데 주변 반대가 너무 심해
아쉽지만 판매합니다....
21,000대 구매 해서 오일 한 번 교체하고(대전 고@라 게러지)
전주인분이 점화플러그 교환 하셨다고 들었습니다.
완전 무사고고 좌우꿍 있습니다
오른쪽 XRT 엔진가드는 인수 할 때부터 없었고
튜닝 내역은 세퍼핸들, 사제 데루등(순정품 보유), 아크라 풀배기(구변 완) 
폐지 전이고 폐지 원하시고 구매해가시면 2일 전에는 말씀 해주셨으면 좋겠습니다. 당일이전 원칙
부모님, 여자친구 허락 받고 연락주세요.
전화보다는 문자 먼저 부탁드립니다..",9200000,2026.01.06,83,1,0
223815145,중고나라,이사 정리,3m 2097k,"3m2097k 마스크필터 51개 모두 미사용
2025년 생산
3m 8822 마스크 2박스 (20개)
모두 미사용 신품

택배비포함 16만
대전 직거래가능
9866~0253 문의주세요",160000,2026.01.06,25,0,1
223535575,중고나라,이사 정리,리가(LEEGA)리얼퍼 밍크트리밍 토끼털내피 롱패딩,"고급스러운 리얼퍼 밍크트리밍, 토끼털 내피 롱패딩. 따뜻한 겨울 코트로 입고 나간 적 없어 상태 최상. 
LEEGA 여성 롱패딩.
색상: 검정색
사이즈: 66
밍크트리밍, 토끼털 내피.
충전재는 솜털 90%, 깃털 10%로 토끼털내피가 도톰하여 아주 따뜻합니다.
고가에 구입 후 딱 맞는데 여유있게 입는 것을 좋아해서 안입게되어 사서 두기만한 새 옷입니다.
문고리거래 원하나 택배가능합니다.

*오셔서 입어보셔도 됩니다. 정말 사이즈만 맞으면 제가 입고싶은 좋은 제품입니다.",90000,2026.01.06,78,2,1
223393850,중고나라,이사 정리,evo75 세이지 그린 FR4 오렌지축,"쿠팡에서 직구로 구매하여 12월 23일에 막 수령한 제품입니다.
단순 작동 테스트만 마친 상태라 사실상 새 상품과 다름없습니다.
실물이 정말 예쁘고 타건감도 기대 이상으로 훌륭하지만, 개인적인 사정으로 인해 아쉽게 내놓게 되었습니다.

• 상태: S급 (단순 테스트만 진행)
• 구성: 풀박스 그대로 (모든 구성품 포함)
• 수령일: 2025년 12월 23일

 연락 주세요!",130000,2026.01.06,162,4,4
223656788,중고나라,이사 정리,매드독 프리미엄 캠핑 웨건,"매드독 캠프의 광폭 캠핑 웨건입니다!
- 넓은 수납 공간으로 캠핑 짐을 편리하게 옮길 수 있습니다
- 튼튼한 프레임으로 제작되어 내구성이 좋습니다
- 300리터의 넉넉한 사이즈로 50L 카고 박스 3개까지 수납 가능해요.
- 120cm x 75cm 사이즈입니다
- 광폭 타이어로 안정적인 주행이 가능합니다
- 캠핑 웨건은 짐을 편리하게 운반할 수 있도록 도와줍니다
20만원에 구매하여 1회 사용후 보관중입니다",120000,2026.01.06,57,2,2
223783921,중고나라,이사 정리,K7 안개등 포그 램프 좌측/우측,"K7 차량용 안개등 좌우 세트입니다.
모델 번호는 92201-F6000 (좌)
및 92202-F6000 (우)입니다.
약간의 사용감은 있지만, 기능에는 문제 없습니다",29000,2026.01.06,24,1,0
223783879,중고나라,이사 정리,[중고] 그랜저 HG 라디에이터그릴 가로,"그랜저 HG 가로 라디에이터 그릴 중고 상품입니다. 전면부 디자인을 더욱 돋보이게 해주는 아이템입니다. 약간의 사용감은 있지만, 전체적으로 양호한 상태 유지하고 있습니다.",45000,2026.01.06,42,0,0
223783820,중고나라,이사 정리,기아 K3 2017 AV시스템 96170-A7BA0WK,2017년식 기아 K3 AV 시스템입니다. 모델 번호는 96170-A7BA0WK입니다. 블루투스 연결도 지원합니다,50000,2026.01.06,31,0,0
223783759,중고나라,이사 정리,[중고] 기아 더 뉴 K5 AV 시스템 오디오,"기아 더 뉴 K5 AV시스템오디오 

96170-2T980CA / 961702T980CA



제조사 : 기아

적용 차종 : 더 뉴 K5

품번 : 96170-2T980CA / 961702T980CA",25000,2026.01.06,59,0,1
223783705,중고나라,이사 정리,YF쏘나타 브릴리언트 블루투스 오디오,"YF쏘나타 브릴리언트 블루투스 오디오 96170-3S2004X

앞면 버튼 케이스없음
작동유무 이상 없습니다.",40000,2026.01.06,50,0,0
223783628,중고나라,이사 정리,Hi-pass 하이패스단말기 ITE900,"본체, 전원 케이블 같이 드립니다. 시거잭이 아닌 전원선 연결하는 방식입니다. 작동 이상 없이 잘 됩니다.",20000,2026.01.06,102,1,0
223783063,중고나라,이사 정리,엠피온 SET-575PLUS 하이패스 단말기,"엠피온 하이패스 단말기 SET-575PLUS입니다. 잔기스 약간 있지만, 사용에는 전혀 문제 없습니다. 정상 작동 확인했고, 바로 사용 가능합니다.",25000,2026.01.06,48,0,2
223782968,중고나라,이사 정리,[중고] 현대 싼타페DM RH/LH 조수석 트렁크 리드 LED 후미등,"현대 싼타페 DM LED 테일램프 
LH 운전석 
RH조수석 
트렁크 리드 후미등 

품번:
92401-2W130
92402-2W130



제조사 : 현대

적용차량 : 싼타페 DM

방향 : LH 운전석 / RH 조수석

램프등안에 사제로LED 장착 해놨습니다.
약간의 사용감 있음",120000,2026.01.06,67,1,0
223782680,중고나라,이사 정리,JY커스텀 K5 내비마감재 매립마감재 오디오일체형,"기아 K5 카오디오 마감재입니다
블랙 색상이며, 
전반적으로 사용감은 있지만, 기능에는 문제 없습니다",30000,2026.01.06,74,1,0
223771886,중고나라,이사 정리,현대엠엔소프트 폰터스SN100 (네비게이션),"폰투스 네비게이션입니다
스피커, 전원 케이블 등 사진에 보이는 구성품 함께 드립니다
상태는 사진과 같습니다",50000,2026.01.05,76,0,0
223259730,중고나라,이사 정리,산업용 스테인리스 작업대 세트,정비소에서 사용했던 트레이팝니다,70000,2026.01.05,58,0,0
223752828,중고나라,이사 정리,차량용 루프박스 블랙 (중고),"차량용 루프박스 블랙 색상 중고 판매합니다. 캠핑, 차박 용품 보관에 용이합니다. 사용감은 있지만, 튼튼하고 안전하게 사용 가능합니다.",250000,2026.01.05,15,0,0
221809285,중고나라,이사 정리,센티넬 파이어 다그온 일반판 판매합니다,"안녕하세요.
센티넬 파이어다그온 일반판 판매합니다.
사진촬영차 박스 열어서 사진만 찍었고 안에 내용물은 만지지 않았습니다.
가격은 택배비 별도 28만원이고, 택배거래 또는 세종 조치원 직거래 가능합니다.
구매하실분은 채팅 또는 문자 부탁드립니다.
01041351037",280000,2026.01.05,430,6,6
223746049,중고나라,이사 정리,레고 마인크래프트 21160 일리저 습격,"번호별로 분류해놨고 누락 브릭 없습니다. 
박스 제외 피규어, 설명서 전부 있습니다. 
대전 낭월동에서 직거래 가능합니다.
입금일 기준 다음 날까지 우체국 택배로 보내드립니다. 
안전결제X 괜찮으신 분만 연락 부탁드립니다. 
환불X",24900,2026.01.05,84,1,1
223744816,중고나라,이사 정리,레고 마인크래프트 21134 폭포기지,"번호별로 분류해놨고 누락 2개 있습니다. 
그 외에 누락 없고 박스 피규어 설명서 전부 있습니다. 
대전 낭월동에서 직거래 가능합니다. 
입금일 기준 다음 날까지 우체국 택배로 보내드립니다. 
안전결제X 괜찮으신 분만 연락 부탁드립니다. 
환불X",24900,2026.01.05,64,1,2
223727934,중고나라,이사 정리,ufo 블랙 에디션,"라인, 스탠드, 숏 스탠드, 팝필터, 마이크 커버 
드리겠습니다 택배비 별도 쿨거시 택포",60000,2026.01.04,29,0,0
223727855,중고나라,이사 정리,자급제 애플케어 아이폰16프로 256 블랙티타늄,"애플케어기간 26년 9월25일 ( 양도 X )
직거래 세종 조치원 이외 선입금받고 택배발송
안전거래 안합니다.
구성품 박스 본체.
항시 필름 케이스착용으로 기스 찍힘없음.",1050000,2026.01.04,63,1,1
223727461,중고나라,이사 정리,노스페이스 여성 숏패딩 M(90) 블랙,"노스페이스 블랙 숏패딩 판매합니다.
정품이며, 전체적으로 상태 좋고 오염/하자 없습니다.
상태는 사진과 같이 양호합니다~ 
입은 건 한 10번 좀 안 되는 것 같아요
실물이 진짜 진짜 예뻐요
구매한지는 1년 다 되어갑니다

요즘 같은 날씨에 데일리로 입기 좋아요

쿨거래 원해서 싼가격에 내놓았습니다!
직거래/택배 가능",150000,2026.01.04,42,1,2
223726465,중고나라,이사 정리,어메이즈핏 빕6 라이트그레이 스마트 워치,"어메이즈핏 빕6 라이트그레이 스마트워치입니다
- 건강 관리 및 운동 기록에 유용해요
- 심박수 모니터링, 수면 추적, 활동량 측정 등의 기능이 있습니다
- 스포츠 밴드 스타일로 편안하게 착용 가능합니다
- 약간의 사용감은 있지만, 기능에는 문제 없습니다

착용이 귀찮아서 사용은 거의 안했는데
액정과 왼쪽 테두리에 약간 기스가 있습니다
메탈시계줄 하나 더 드리고
보호필름 부착되어있는 상태입니다
1달정도 사용했고 기능은 모두 정상작동해요
본품과 충전기 있습니다 박스는 찾으면 같이드림",55000,2026.01.04,109,1,3
223357493,중고나라,이사 정리,중랑식 과일선별기,"과일 중량 선별기 판매합니다(정상 작동 / 창고보관)

창고에 보관 중인 중량식 과일 선별기(SHA-68A) 판매합니다.

현재 작동 이상 없고, 사용 가능 상태입니다.

모델명: SHA-68A

중량 선별 범위: 50g ~ 1,500g (8단)

선별 대상: 사과, 배, 감, 단감, 토마토, 참외, 복숭아,

유자, 키위 등 다양한 원형 과일

상태: 창고 실내 보관 / 정상 작동 / 사용감 있음

제조사: (주)세한

기타: 캐스터(바퀴) 일부 플라스틱 커버 사용감 있음 (사진 참고 부탁드립니다)

보관 위치: (지역 입력해주세요 - 예: 대구 군위)

거래 방법: 방문 확인 후 직거래 / 상차 가능 / 운송

협의 가능

가격: (원하시는 금액 입력하세요 - 예: 문의 주세요)

과수 하시는 분들, 농협 공동작업장, 농가 단체 등에 유용합니다. 관심 있으신 분은 연락 주시고 실사용 영상 확인 / 관심 있으신 분은 연락 주시면 실사용 영상 제공 가능합니다.",600000,2026.01.04,362,1,1
223725668,중고나라,이사 정리,에디파이어 MR4 북셀프 스피커 블랙 미개봉,"에디파이어 MR4 스튜디오 모니터 스피커입니다

- 밸런스 좋은 사운드를 제공합니다
- 깔끔한 디자인으로 인테리어에도 잘 어울립니다

미개봉제품 그대로입니다
택배거래시 안전거래x",75000,2026.01.04,212,2,4
223722745,중고나라,이사 정리,레노버 샤오신패드 2024 11인치 태블릿 PC,"레노버 샤오신패드 2024 태블릿 판매합니다
케이스 함께 드립니다
- 얇고 가벼운 디자인으로 휴대성이 좋습니다
- 선명한 디스플레이로 몰입감 있는 시청 경험을 제공합니다
상태는 사진과 같습니다

128g 8g 제품
사놓고 거의 쓰지않아 미세 생활기스도 잘 못찾을만큼 상태가 정말 좋습니다.
(케이스는 사용감이 약간 있습니다)
박스 충전기 미포함입니다
반글화적용하여 사용했으며 초기화해서 드립니다

택배거래시엔 안전거래×",110000,2026.01.04,133,2,2
223719406,중고나라,이사 정리,레노버 Xiaoxin Pad Pro 12.7인치 태블릿 키보드케이스 펜슬 풀셋,"레노버 Xiaoxin Pad Pro 12.7인치 태블릿 키보드펜슬팩입니다
- 12.7인치 디스플레이로 시원하게 사용 가능합니다
- 키보드, 펜슬 포함으로 생산성을 높일 수 있습니다
-키보드엔 한글 스티커 붙여있습니다.
- 가벼운 무게로 휴대성이 좋습니다
- 스냅870 8램 128g 저장공간

제품박스, 키보드, 펜 모두 포함되어 있습니다
살때부터 스코코 보호필름 부착되어있는 상태입니다.
1세대 제품이고 사놓고 잘 사용하지 않아 미세 생활기스 제외하고 상태 매우 좋습니다
초기화해서 드립니다.
충전기와 충전선은 분실해서 포함되지 않습니다.
펜은 박스만 뜯고 한번도 안썼습니다. (AP501U)

직거래 우선이며 택배거래는 반품/리턴 절대불가 조건으로만 가능합니다.",230000,2026.01.04,86,0,0
223480670,중고나라,이사 정리,MR993GL 뉴발란스 993 그레이 250,"- MR993GL 뉴발란스 993 그레이 250
 (사진에 있는 박스에 7사이즈)
- 작년인가 공홈에서 구입 했습니다.
 (26만~29만사이 였는데 기억이 ㅠ)
- 상태 양호합니다.
 (중고상 신은 흔적들은 조금 있어요)
- 빠르게 하시는분게 조금의 네고 가능^^",120000,2026.01.04,143,1,2
223709494,중고나라,이사 정리,단상220볼트 3마력 모터,"단상220볼트 3마력 모터 
3대있음 
바로 사용 하시면 됩니다 
구매시기. 모르겠습니다 
사용 시간. 모르겠습니다",70000,2026.01.04,441,4,11
223708361,중고나라,이사 정리,레고 닌자고 71708 게임 속 마켓,"번호별로 분류해놨고 누락 브릭 없습니다. 
박스 제외 피규어, 설명서 전부 있습니다. 
대전 낭월동에서 직거래 가능합니다.
입금일 기준 다음 날까지 우체국 택배로 보내드립니다. 
안전결제X 괜찮으신 분만 연락 부탁드립니다. 
환불X",19900,2026.01.04,184,0,5
223707939,중고나라,이사 정리,레고 닌자고 레거시 71737 X-1 닌자 차저,"번호별로 분류해놨고 누락 6개 있습니다. 
박스 제외 피규어, 설명서 있습니다. 
대전 낭월동에서 직거래 가능합니다.
입금일 기준 다음 날까지 우체국 택배로 보내드립니다. 
안전결제X 괜찮으신 분만 연락 부탁드립니다. 
환불X",19900,2026.01.04,258,0,1
223707113,중고나라,이사 정리,레고 닌자고 레거시 71742 오버로드 드래곤,"번호별로 분류해놨고 누락 브릭 1개 있습니다. 
박스 제외 피규어, 설명서 있습니다. 
대전 낭월동에서 직거래 가능합니다.
입금일 기준 다음 날까지 우체국 택배로 보내드립니다. 
안전결제X 괜찮으신 분만 연락 부탁드립니다. 
환불X",19900,2026.01.04,126,1,1
223703571,중고나라,이사 정리,레고 닌자고 70745 아나콘드라이 크러셔,"번호별로 분류해놨고 누락 3개 색 교체 1개 있습니다. 
박스 제외 피규어, 설명서 있습니다. 
대전 낭월동에서 직거래 가능합니다.
입금일 기준 다음 날까지 우체국 택배로 보내드립니다. 
안전결제X 괜찮으신 분만 연락 부탁드립니다. 
환불X",4900,2026.01.03,121,1,1
223701670,중고나라,이사 정리,레고 닌자고 미지의 섬 71747 키퍼들의 마을,"번호별로 분류해놨고 누락 브릭 없습니다. 
3, 4, 5번은 미개봉입니다. 
박스 제외 피규어, 설명서 전부 있습니다. 
대전 낭월동에서 직거래 가능합니다.입금일 기준 다음 날까지 우체국 택배로 보내드립니다. 
안전결제X 괜찮으신 분만 연락 부탁드립니다. 
환불X",29900,2026.01.03,163,1,2
223697018,중고나라,이사 정리,아디다스 트레이닝 패딩 바지 095 이사정리,"◇ 이사정리로 1월까지 저렴하게 올립니다 

아디다스 트레이닝 바지입니다
- 패딩느낌에 두께감 있습니다
- 사이즈는 095입니다
- 색상은 검정색입니다
- 편안한 착용감과 활동성을 제공합니다


반값택배 가능합니다",10000,2026.01.03,39,0,1
185442632,중고나라,이사 정리,"순정 솔레노이드 밸브,프론트,좌측 558103B250","품명 및 모델명 (부품명)순정 솔레노이드 밸브,프론트,좌측 (558103B250) 에쿠스, 뉴 에쿠스

품명 및 모델명 (부품번호)558103B250적용차량(제조년월)
에쿠스 (LZ/YJ) (1999-2000)
에쿠스 (LZ/YJ) (2000-2006.10)
뉴 에쿠스 (LZ/YJ) (2006.11-2008)
에쿠스 (2000~2006.10)
에쿠스 (2006.11~2008)제조사/수입자현대모비스",50000,2026.01.03,50,0,0
223694119,중고나라,이사 정리,도깨비 낚시 써치+거치대+베젤,"ㆍ도깨비 낚시 써치(시중 현재판매중)입니다
ㆍ낚시를 접게되어 저렴히 판매합니다
ㆍ얼마 사용치 않아 A급 입니다
ㆍ써치,거치대,베젤,각 파우치를 포합해 드립니다",90000,2026.01.03,47,3,0
223693766,중고나라,이사 정리,기아 스포티지QL 19인치 순정휠 1쪽단품,기아 스포티지QL 19인치 순정휠입니다. 보관상 기스 약간 있는 것 감안해주세요. 사진 보시고 감안해서 가져가실분 연락주세요.,75000,2026.01.03,112,1,3
223241651,중고나라,이사 정리,베링거 B108D 2통 1조 팝니다,"베링거 EUROLIVE B108D 300와트 라이트닝 스피커 한 쌍입니다. 박스 포장 상태로 새 제품 같아 보이고, 음향 장비나 공연용으로 사용하기 좋을 것 같아요.

베링거 B108D 2통 1조 팝니다

모든기능 작동잘되고 A급 입니다
 작년에 구입하고 몇번사용하고 박스에 보관중입니다

 모델명 : 베링거 B108D

 금액 : 400,000원 2통 1조 입니다
 직거래/택배가능

쪽지나 댓글안보니 휴대폰으로
필요하신분은 연락주세요
010-3670-7316 
세종시 조치원 입니다",400000,2026.01.03,230,8,4
223673820,중고나라,이사 정리,로덴베르거 전동 5헤드 동파이프 밴딩기,"공구통 박스 큰거 1개 작은거2개 셋트임

베트리 2개 제품

1-1/8까지 있는 호머 다섯개임

1-3/8 호머 가이드슈 없는 제품임

전동모터부분 휀커버 부착 필요.
[볼트 4개 풀러서 휀부 이분활 커버 두개중 한개
추가넣고 볼트4개 죄이면 됨] 간단함
없어도 관계없음

구리스 양껏 채울려고 뺏다가 조립하다 stop
벤딩 테스트 2개해봄..

딱히 사용할일이 없어 쳐박아둠 8개월 안됨

스크류[본체]연결부 알미늄 커버 탈착 후 
전동모터부 볼트4개 체결후 본체 커버 부착필요

좀전에 8개월 쳐벅아둔 베트리로 모터부분 test 이상없음
베트리 량 완충 그대로임..

_스큐류쪽 구리스 더넣고 휀커버 조립해서 풀조립 완료해놨습니다_

끝...

사실은 동관벤딩기를 일반 파이프 벤딩기인줄 알고 구매한거임..집 울타리 휀스 꾸밀려고..",2000000,2026.01.03,133,1,3
223198028,중고나라,이사 정리,맥북프로 16인치 M1 Max 64GB 512GB,"맥북프로 16인치 M1 Max 칩셋 모델이에요. 64GB 메모리와 512GB 저장공간으로 고사양 작업에 최적화되어 있습니다. 상태 양호하고 정상 작동 확인했어요.
풀칩이고 사이클 311 85%입니다
케이스 키스킨도 같이 드립니다 키스킨같은 경우는 닫을때 빼놔서 화면에 자국 없습니다
구성품 파우치 키스킨 케이스 본체 충전기 충전기케이스 맥세이프 케이블 이렇게 있습니다
23년도에 첫 개봉된 상품이라 디스플레이 수명이랑 커패시터 기타 메인보드 여러 부품들 수명 많이 남아있을거라 생각합니다
기기 내구수명을 생각한다면 이 기기가 최고의 선택이 될 것입니다
네고 불가합니다",1930000,2026.01.03,1162,21,8
223652244,중고나라,이사 정리,에스파 신라면 포토카드 2장,"2장입니다
궁금하시면 연락주세요",5000,2026.01.02,32,0,1
223515498,중고나라,이사 정리,2025 다산 전기기사 필기 기출문제집팝니다,"2025 다산애듀 필기 기출문제집 팝니다 
usb기출강의는 이재현입니다

총4권으로 분철했으며 들고다니기편하실거에요!

필기한거 없고 깨끗해요 공책으로만해서 거의 sss급이에요 

usb도 확인해보니 이상없습니다 

cu반값택배로 택배비포함 70000원에 판매하겠습니다

직거래는 대전! 직거래하면 6만5천",70000,2026.01.02,89,5,2
223566876,중고나라,이사 정리,에어팟 4세대 노캔 미개봉,"에어팟 4세대 노캔 미개봉 모델입니다. 

미개봉이라 별도의 설명은 없습니다.

택포 가격입니다",205000,2026.01.02,64,0,1
223645029,중고나라,이사 정리,골든구스 블랙스타 스니커즈 정품 판매합니다,"골든구스 블랙스타 정품 270 사이즈입니다.
 착용감 있지만 전체적으로 깔끔한 상태입니다.
슈구 발라서 신고 다녀서 밑창은 달치도 않고 찢어진곳 
헤진곳 없습니다.
 가품일시 당연히 환불 해드리죠 
정품 맞습니다 
백화점에서 직접가서 신어보고 구매 했습니다 
믿고 구매 하셔도 됩니다",100000,2026.01.02,22,0,0
223639523,중고나라,이사 정리,가이튼 의학생리학 14판(ㄱㅎㄴㅍ님 예약됨),"의대생 교재이고 저희는 예과때 배우는 의학생리학 가이튼 14판입니다. 
13판이 17년부터 쓰던거라 올해에도 아마 이책 쓰실거에요
아는분한테 쓰던 책 받게돼서 비닐도 안 뜯고 팝니다

세종시 대전 오송역 충남대 등에서 직거래도 가능해요",1000,2026.01.02,60,1,3
223499865,중고나라,이사 정리,새제품 한일의료기 안심 극세사 전기요(블랙스타),"구매하고 사용 안한 새제품입니다.
사이즈 100x180 중형입니다.
싱글/슈퍼싱글에 적합한다고합니다.
캠핑용으로 많이 쓴다고하고요
전기도 많이 소모안된다고 합니다.
택배거래시 무료배송 해드리겠습니다.
직거래시 대전 동구 대성동입니다.",23000,2026.01.02,47,1,1
223636647,중고나라,이사 정리,레고 닌자고 70749 뱀의 소굴,"번호별로 분류해놨고 지도 스티커 하나 없고 파손 브릭 하나 있지만 결합에는 문제 없습니다. 
그 외에 누락 없고 박스 제외 피규어 설명서 전부 있습니다. 
대전 낭월동에서 직거래 가능합니다. 
입금일 기준 다음 날까지 우체국 택배로 보내드립니다. 
안전결제X 괜찮으신 분만 연락 부탁드립니다. 
환불X",49000,2026.01.02,84,3,1
223322107,중고나라,이사 정리,ps5 무드등 조명 + 키링,"새상품
일괄판매
네고x
대전직이나 택배",30000,2026.01.02,95,0,1
223634897,중고나라,이사 정리,[DeathAdder V3 Hyperspeed] 데스에더 v3 하이퍼스피드,"12월 31일에 일렉트로마트에서 구매 후 5분 정도 사용했습니다. 
영수증 보유중입니다. 
대전 낭월동에서 직거래 가능합니다. 
입금일 기준 다음 날까지 우체국 택배로 보내드립니다. 
안전결제X 괜찮으신 분만 연락 부탁드립니다. 
환불X",59000,2026.01.02,140,1,3
223618996,중고나라,이사 정리,갤럭시 Z 폴드 3 256GB,"삼성 갤럭시 Z 폴드3 블랙 색상이고 256GB 입니다. LG 통해서 개통했었습니다.

외관은 사진과 같이 생활기스 좀 많습니다. 뒷판 벌어짐 문제가 있으며 카메라 망원렌즈가 없습니다.

삼성 서비스센터 문의 결과 수리 가능하다고 답변 받았습니다.

뒷판은 붙이는 비용 만 오천원 정도 나옵니다.

화면 터치는 접고 폈을 때 전부 문제 없는데 펼쳤을 때 하단 접히는 부분에 검은 멍이 있습니다.

그 외에 다른이상은 없으며, 카메라 기능도 렌즈가 없음에도 잘 나옵니다.

평일, 주말 공주에서 직거래 가능하고 직장이 세종시에 있어 평일 및 토요일에 세종에서 직거래 가능합니다.

중고거래 특성상 거래 후 환불은 불가합니다.",200000,2026.01.01,70,0,0
223618938,중고나라,이사 정리,S펜 프로 (폴드 호환 가능),"갤럭시 S펜 프로 입니다. 삼성 공식 매장에서 구매하였습니다.

박스는 없고 외관은 사진과 같습니다. 그 외에 다른이상은 없습니다.

평일, 주말 공주에서 직거래 가능하고 직장이 세종시에 있어 평일 및 토요일에 세종에서 직거래 가능합니다.

중고거래 특성상 거래 후 환불은 불가합니다.",50000,2026.01.01,40,0,0
223618877,중고나라,이사 정리,아이폰7 로즈골드 32G,"아이폰7 로즈골드 32GB 입니다. LG 통해서 개통했었습니다.

배터리 성능은 69%입니다. 업체 문의 결과 배터리 교체 비용이 5만원 정도 든다고 하였습니다 .

외관은 사진과 같이 생활기스랑, 액정 우측 하단에 잔상같은게 있습니다. 액정 깨진거 아닙니다 .

터치홀 부분 지문인식은 되지만 햅틱 진동이 안 울립니다.

그 외에 다른이상은 없으며, 카메라 기능도 문제 없고 소리도 잘 들립니다.

평일, 주말 공주에서 직거래 가능하고 직장이 세종시에 있어 평일 및 토요일에 세종에서 직거래 가능합니다.

중고거래 특성상 거래 후 환불은 불가합니다.",80000,2026.01.01,35,2,0
223616403,중고나라,이사 정리,이사정리) 코네코짱 우소우소짱 2종,"개당 7천원입니다.

기본적으로 편의점 택배로 접수해드리고 제쪽에서도 최대한 성심껏 포장해드리겠습니다. 

오락실, 뽑기샵 인형이라 이염, 얼룩이 있을 수도 있고 제가 발견하지 못한 부분도 있을 수 있다는 점 당부드립니다. 

결제 전에 배송방식을 상의하고 가격을 수정하니 구매 전 채팅으로 먼저 연락해주시길 바랍니다.

중고거래 특성상 환불이 어렵다는 점 참고바랍니다.",7000,2026.01.01,11,0,0
223616032,중고나라,이사 정리,이사정리) 포켓몬 이상해풀 중형인형,"기본적으로 편의점 택배로 접수해드리고 제쪽에서도 최대한 성심껏 포장해드리겠습니다. 

오락실, 뽑기샵 인형이라 이염, 얼룩이 있을 수도 있고 제가 발견하지 못한 부분도 있을 수 있다는 점 당부드립니다. 

결제 전에 배송방식을 상의하고 가격을 수정하니 구매 전 채팅으로 먼저 연락해주시길 바랍니다.

중고거래 특성상 환불이 어렵다는 점 참고바랍니다.",8000,2026.01.01,218,0,0
223615876,중고나라,이사 정리,"이사정리,잔여2) 포켓몬 어니부기 중형인형","개당 8천원 입니다.

기본적으로 편의점 택배로 접수해드리고 제쪽에서도 최대한 성심껏 포장해드리겠습니다. 

오락실, 뽑기샵 인형이라 이염, 얼룩이 있을 수도 있고 제가 발견하지 못한 부분도 있을 수 있다는 점 당부드립니다. 

결제 전에 배송방식을 상의하고 가격을 수정하니 구매 전 채팅으로 먼저 연락해주시길 바랍니다.

중고거래 특성상 환불이 어렵다는 점 참고바랍니다.",8000,2026.01.01,15,1,0
223614830,중고나라,이사 정리,갤럭시 Z플립4 256GB,"갤럭시Z플립 4 판매합니다.

서브폰용으로 지인분께 구매했는데,
업무상 사용을 안해서 판매합니다.

내부 액정은 7월 경에 바꾸셨다고 하네요.
테두리에 교체 후에 붙은 필름은 남아있습니다.

찍힘 등은 없으나, 외부에 작은 스크래치 등은 있고,
내부 필름에도 작은 스크래치 정도 있습니다.

단품이며, 최초 SK제품입니다.",200000,2026.01.01,16,0,0
223614036,중고나라,이사 정리,이사정리) 포켓몬 파이리 중형인형,"기본적으로 편의점 택배로 접수해드리고 제쪽에서도 최대한 성심껏 포장해드리겠습니다. 

오락실, 뽑기샵 인형이라 이염, 얼룩이 있을 수도 있고 제가 발견하지 못한 부분도 있을 수 있다는 점 당부드립니다. 

결제 전에 배송방식을 상의하고 가격을 수정하니 구매 전 채팅으로 먼저 연락해주시길 바랍니다.

중고거래 특성상 환불이 어렵다는 점 참고바랍니다.",5000,2026.01.01,13,0,0
223605967,중고나라,이사 정리,이사짐 정리,"이사짐 나눔합니다

침대 2개 둘다 슈퍼싱글 사이즈 220 110
소파 1세트 4인용
아일랜드 식탁(의자4개) 150 60 85
사이드 테이블
책장 150 60 75
옷장서랍 90 50 120

잠실 트리지움 아파트 12층
1월 10일 또는 12일 가능하신 분 또는 업체 연락바랍니다
직접 오셔서 옮기셔야하며
가능하면 일괄우선으로 하겠습니다.",,2026.01.01,75,1,1
223526956,중고나라,이사 정리,레고 닌자고 레거시 70670 스핀짓주 수도원,"번호별로 분류해놨고 누락 브릭은 사진 확인 해주세요. 
박스 제외 피규어, 설명서 있습니다. 
대전 낭월동에서 직거래 가능합니다. 
입금일 기준 다음 날까지 우체국 택배로 보내드립니다. 
안전결제X 괜찮으신 분만 연락 부탁드립니다. 
환불X",59000,2026.01.01,181,3,0
223433535,중고나라,이사 정리,레고 닌자고 2507 불의 신전,"번호별로 분류해놨고 누락 브릭 없는걸로 확인했으나 사람이 하다보니 소량 안맞을 수 있는 점은 참고 부탁드립니다.
사진에서 구성 확인 부탁드립니다. 
대전 낭월동에서 직거래 가능합니다. 
입금일 기준 다음 날까지 우체국 택배로 보내드립니다. 
박스 제외 택비 4,000원 or 박스 포함 착불 선택해주세요. 
안전결제X 괜찮으신 분만 연락 부탁드립니다. 
환불X",229000,2026.01.01,342,4,2
223129949,중고나라,이사 정리,포커스라이트 스칼렛 솔로 3세대,"오디오 인터페이스입니다. 홈레코딩이나 음악 작업용으로 완벽하고, 상태도 깨끗해 보여요!

포커스라이트 스칼렛 솔로 3세대 오디오 인터페이스 15만원에 판매합니다~ 박스랑 호환 C타입 짹이랑 같이드려요~
원하시면 실제 사진 보내드립니다 연락주세요~",100000,2025.12.31,61,1,1
223579727,중고나라,이사 정리,새상품 몰텐 BG3800 농구공,"경품 당첨 됐는데 농구를 안해서 판매 합니다
새상품이고요 가격은 20,000원 입니다 네고 가능합니다",20000,2025.12.31,40,2,2
221523675,중고나라,이사 정리,여아 스키바지 150사이즈 이사정리중,"이사정리중이라 싸게 판매중입니다
발목쪽만 살짝 사용감 있어요 별로 티는 나지 않아요 
세탁은 했어요 2번입었구요
반값가능합니다 
cu만 가능합니다",5000,2025.12.31,69,3,3
223576052,중고나라,이사 정리,오클리 라테랄리스 매트 그레이,"구매후 1회착용했습니다.

선글라스 이미 많은데 과소비한거같아 판매합니다. 렌즈 편광들어가서 일반모델보다 10만원정도 더 비쌉니다. 오클리 렌즈 성능확실하고요.

새상품급이고 코받침, 케이스 있습니다",200000,2025.12.31,76,1,1
223564805,중고나라,이사 정리,세일러 1911 Anchor Grey statndard size 만년필,"- 세일러 1911 Anchor Grey statndard size (북미에서만 출시되었습니다. 현재는 구하기 어려운 것으로 알고있습니다.)
-h-ef닙 입니다.
-이베이에서 20만원가까이 주고 구매했는데, 다른 구성품은 전혀 없습니다.ㅜ 
(컨버터를 제외한 다른 구성품 일절 없습니다.)
-사용감 있습니다. 
-눈에 띄는 상처는 없습니다.
-문의 없으신 경우, 바로 안심결제 하셔도 됩니다.",100000,2025.12.31,181,2,1
223564707,중고나라,이사 정리,카웨코 펜갤러리 두리안 스포츠 만년필 F닙,"-카웨코 펜갤러리 두리안 스포츠 만년필 F닙
-미니 컨버터랑 잉크 같이 드립니다.
-사진은 실제 색감보다 좀 더 파스텔톤으로 찍힌 것 같습니다. 아래 링크에 나오는 색감에 더 가까워요
https://web.joongna.com/product/222791983 
-2025년 11월 1일 도쿄펜쇼에서 구매했습니다.
-잉크 넣고 시필 2번한게 다입니다. 사용감은 거의 없습니다.
-문의 없으시다면, 바로 안심결제 하셔도 됩니다.",40000,2025.12.31,114,1,1
223551984,중고나라,이사 정리,구해요)몽블랑 작가 한정판 (알렉산드르 뒤마) 만년필,"몽블랑의 작가 한정판 (1996년)
알렉산드르 뒤마 만년필을 구합니다.
* 등록된 가격으로 구매하고자 하며 네고 가능합니다.

아버지, 아들 서명 상관 없으며
닙 사이즈도 f, m닙 크게 관계 없습니다.

심각하게 사용감이 있는 것만 아니라면 실사 어느정도 하신 물건도 상관은 없습니다만, 정품 식별이 가능한 풀패키지를 원합니다.

고가의 물건인 만큼 직거래로 진행하고자 합니다. 서울 또는 광역시 등 기차역과 가까운 곳으로 제가 직접 이동하겠습니다~.",2150000,2025.12.30,166,2,2
222957065,중고나라,이사 정리,스위치2 마리오 카트 월드 세트 미개봉 판매합니다,"안녕하세요~ 박스도 안깐 미개봉 제품입니다
연락주세요

01020469149

직거래는 세종이며
택배비는 구매자 부담입니다",620000,2025.12.30,45,0,1
223554844,중고나라,이사 정리,야마하 업라이트 피아노 C109,"야마하 업라이트 피아노 판매합니다.

-브랜드: YAMAHA
-모델명: C109
-프레임 각인: C-109 / J2299285
(알파벳 J+숫자는 2000년대 이후 해외 공장 생산의 뜻)
-생산지 표기: Indonesia
-업라이트 피아노입니다.

사진에 보이는 상태 그대로이며
전원 불필요한 어쿠스틱 피아노입니다.
현재 집에 보관 중이고, 직접 보시고 결정하셔도 됩니다.

운반 및 조율은 구매자분 부담입니다.
빠른 거래 원합니다.

어디 가도 이런 가격대 없습니다.
문의 주세요.",800000,2025.12.30,33,1,0
223545898,중고나라,이사 정리,원목 야외 캐노피 의자 세트,"원목 소재의 야외용 캐노피와 의자로 구성된 세트예요. 블랙 철제 프레임과 방부목 시트가 조화롭고, 테이블도 포함
되어 있어서 바로 사용 가능해요. 상태 양호하고 실용적인 야외 가구입니다.
벤치길이는 1180
캐노피높이는 2000~2200
벤치와 캐노피 따로구매도가능하구요
세트가 58만원입니다
경북문경 대량구매는 문의주세요
010 8480 8998",580000,2025.12.30,72,1,0
223542441,중고나라,이사 정리,아이맥 M1 24인치 기본형 + 모니터 2개,"2021년 아이맥 M1 24인치 기본형 모델이에요. SSD 512GB로 구성되어 있고, 깔끔한 상태로 잘 관리되었습니다. 멀티모니터 환경에서 사용하기 좋은 제품입니다.

2023년 8월 구매했고, 아래 부속품도 함께 일괄 드립니다.
 - 유디아 모니터 일반 1개, 커브드 1개
 - 모니터암 1개
 - 맥용 모니터 연결 잭
 - 키보드 및 마우스

오셔서 보시고 결정하셔도 됩니다.
조치원역 근처입니다.

<세부정보>
- 2021년 모델
- 512GB SSD, 8GB RAM
- Retina 4.5K 디스플레이
- 기가비트 이더넷",980000,2025.12.30,131,4,1
223540789,중고나라,이사 정리,340i lci2 퍼포배기,"- 340i lci2 퍼포배기



25년 3월 장착
도이치 m존에서 300에 구매

순정배기 대품 + 150에 판매합니다

연락주세요

공임비는 각자 부담토록 하겠습니다!",1500000,2025.12.30,236,0,3
223533316,중고나라,이사 정리,"셋팅된 서바이벌 플캐 및 워벨트, 택티컬 헬멧2SET 내어 놓습니다.","콜렉터 입니다.
수집하여 셋팅 후 게임에 뛴적 없는 새것 같은 제품들입니다.
1. JPC2.0플케 셋팅
2. TMC로닌 워벨트 셋팅
3. 헤드기어 셋팅된 헬멧2SET
자세한 내용은 문의 주시면 안내 드리겠습니다.",850000,2025.12.30,80,1,3
223533101,중고나라,이사 정리,수중펌프,수중펌프입니다. 사용감은 있지만 작동에는 문제없어 보여요. 배수나 물 관리용으로 활용하시면 좋을 것 같습니다.,130000,2025.12.30,55,0,1
223350532,중고나라,이사 정리,에이서 프레데터 헬리오스 네오 v16 게이밍노트북 판매(i5 14500hx/16GB/500GB/RTX4060),"헬리오스 네오 v16 게이밍 노트북 판매합니다. (헬네오 v16)

cpu : i5 14500hx
램 : 16GB
SSD: 500GB
그래픽: RTX4060
액정 : QHD 240hz , 16인치 정도 스펙입니다.

중고나라 2차구매자입니다. 최초구매자가 24년 8월 19일 구매했고
작년 11월달쯤 제가 구매해서 사용하다가 판매합니다.

하자점이 좀 있습니다.

1. 상판 실기스 있습니다. 전반적으로 찍힘 깨짐같은거 없이 깔끔하지만 상판에 실기스, 생활기스정도 있습니다.
노트북에 붙어있는 정보를 표시하는 스티커에 기스있습니다. 떼어내고 쓰셔도됩니다

2. 발열이 좀 있는편입니다. 원래도 전력을 많이먹는 시피유에 겜트북이라 발열이 있는건 정상적이나 아이들 58도
풀로드90도대나옵니다. 사용에는 아무런 문제가 없지만 온도에 민감하신분들은 패스해주세요. 쓴지 1년쯤 된 노트북이다보니
센터 내방하셔서 서멀재도포 받으시는걸 추천드립니다. 리퀴드메탈 채용제품이라 집에서 하면 고장날확률이 정말 높아요

3.액정에 잔기스가 좀 많습니다 (사진참조) 키보드 여닫는과정에서 키보드에 눌려서 생긴것같습니다. 판매하려고 닦기전까진
눈치못챘는데 먼지인가 싶었는데 기스더군요.. 검은화면에서는 먼지묻은것같고 화면켜지면 잘 안보입니다. 액정상태에 민감하신분들은 피해주세요.

4. 정품윈도우 아닙니다. 번장에서 싸게 구매한 윈도우11프로 키를 채용했고 보드에귀속되서 윈도우 재설치해도 인증
잘되긴합니다만 언제 풀릴지모릅니다.

5. 윈도우 클린설치한다고 드라이버 설치되어있는 파티션 날려버렸습니다. 에이서 홈페이지에서 드라이버는 다운로드 가능하니 별로 문제될것은 없습니다. 꼭 그 파티션이 필요하시다면 서멀재도포 하러가면서 다시설치해달라고 센터에 요구하셔도 될것같아요.

이외에는 정상작동하고 하자없습니다. 사실 하자라고하기엔.. 사용하다보면 자연스레 생기는 기스정도가 다라서
외관크게 신경안쓰시고 아니고 작동만 잘하면 된다 하시는분들이 사가셨으면 좋겠습니다.
찍히거나 깨지거나 파손된 큰 하자는 없습니다.


초기화해서 윈도우11프로 다시 설치하고 필수드라이버만 싹 잡아두었습니다. 그냥 사용하시면됩니다.

24년 8월구매고 에이서 노트북 AS기간 2년이라 AS기간 내년8월19일까지라고 보시면됩니다.
구매영수증 같이 드립니다.

구성품은 풀박스입니다. 초기상자, 노트북, 충전기 다 드립니다.
액정 쩅하고 밝고 색감좋고 최상급 LCD에 240hz 주사율에 16:10비율화면이라 정말 좋습니다.
거래내역보시면 알겠지만.. 전 물건을 파란이불위에서 자주 찍어 판매해왔습니다. 사기안칩니다.
사기칠매물에 이렇게 상세한 글 안씁니다.

네고사절합니다. XX마켓에서 거래합시다 말도걸지마세요

직거래는 경북 문경 택배거래는 착불 택배거래합니다. 선불원하시면 5천원 추가해주시면됩니다.
택배거래시 파손면책 동의하신걸 전제하에 거래합니다. 택배과정에서 파손 책임안집니다.
중고거래 특성상 반품 절대불가능입니다. 잘 생각해보시고 연락주세요.
포장은 튼튼하게해서 보내드립니다.",858500,2025.12.30,447,4,2
223521097,중고나라,이사 정리,와콤 원 13 펜 디스플레이 태블릿,"와콤 One dct 133 액정 타블렛 판매합니다

종이질감 보호필름 붙여썼구요. 
구성품은 본체, 펜, 케이블, 어댑터 포함입니다

액정 크기는 13.3인치이며, 
 다만 본체의 c 타입 연결시 왼쪽방향으로 꼽아야 작동하여 싸게 내놓습니다.
드로잉 잘되고 이상 없습니다.
택배거래도 가능합니다만 배송비별도 입니다.",80000,2025.12.29,151,1,1
223519111,중고나라,이사 정리,"이사정리,세가) 페이트 엑스텔라 SPM 타마모노마에 피규어","공간부족으로 진열할 수가 없는 관계로 처분합니다. 현재 하자검수 겸 개봉촬영 후 재봉했습니다.

보관기간이 길어서 피규어 박스에 약간의 구겨짐이 있을 수 있지만 본체에는 별 문제는 없었습니다. 

기본적으로 편의점 택배로 접수해드리며 제 선에서 최대한 파손의 위험이 없게 노력하여 포장하였음을 구매자분께 고지해드립니다. 

중고거래 특성상 교환/환불이 불가하다는 점 인지해주십시오.

그리고 구매의사를 확실히 결정하시고 문의해주십시오. 

구매 전에 일반과 반값 중 택배비를 정해야 하니 결제 전 문의 주시기 바랍니다.",20000,2025.12.29,9,0,0
223274652,중고나라,이사 정리,이와타니 팬히터,"이와타니 팬히터 입니다
부탄가스 스테이션 8구 있어서 (10만원상당)
이론상 24시간이상 연속사용 가능합니다
장시간 이용 가능합니다
전용가방 포함입니다.",350000,2025.12.29,181,2,2
219757350,중고나라,이사 정리,sr4max 팝니다,"sr4max
23년 7월
제꿍 있음
58??km
핸드폰거치대 열선 각종 파츠 jbl스피커
agv헬맷 드림
궁금한 점 연락주세요",4300000,2025.12.29,126,0,0
223449828,중고나라,이사 정리,[파이널마우스] finalMouse prophecy small scream,"오프앤온에서 22일에 구매 했고 제품 등록 해놓았습니다. 
24일에 택배 받아서 5분 사용했고 그립테이프도 잠깐 사용했으나 다시 떼서 접착력 아직 좋습니다. 
대전 낭월동에서 직거래 가능합니다. 
입금일 기준 다음 날까지 우체국 택배로 보내드립니다. 
안전결제X 괜찮으신 분만 연락 부탁드립니다. 
환불X",229000,2025.12.29,214,1,3
223510318,중고나라,이사 정리,PG 언리쉬드 반다이/건담/건프라/미개봉,"박스에 이상 없음 / 모두 검수 완료

거래 후 단순 변심으로 인한 환불은 일절 받지 않습니다

타 제품과 교환 및 네고X",260000,2025.12.29,33,0,0
223510237,중고나라,이사 정리,RG 하이뉴 반다이/건담/건프라/미개봉,"박스에 이상 없음 / 모두 검수 완료

거래 후 단순 변심으로 인한 환불은 일절 받지 않습니다

타 제품과 교환 및 네고X",70000,2025.12.29,82,0,1
223506580,중고나라,이사 정리,그래비트랙스 세트,"그래비트랙스 스타터세트와 확장형 세트들이에요. 박스 상태로 보아 새 제품 같고, 아이들 창의력 발달에 좋은 교육용 장난감입니다.

큰박스6개 작은박스4개 구성으로
총 39만원에 구매했습니다
몇 개 없을 수도 있는데
거의 다 있다고 보시면 됩니다

중고감안해서 구매해주세요",70000,2025.12.29,68,0,1
223161804,중고나라,이사 정리,[새상품급] 아크테릭스 남성 리벳 다운 롱패딩 M 블랙,"제품명: 아크테릭스 남성 리벳 다운 롱패딩
사이즈: M
상태: 새상품급
구성품: 단품

제품설명: 실착 적어 상태 매우 좋습니다! 유일 매물입니다 쿨거시 네고 팍팍 해드립니다 곧 겨울인데 예쁜 패딩하나 장만하세요 ㅎㅎ 좋은상품 좋은가격에 가져가세요!

❗️편하게 연락주세요❗️",490000,2025.12.29,39,0,1
223225150,중고나라,이사 정리,에싸 비트 3인 쇼파 판매합니다 스툴포함,"안녕하세요 에싸 비트 3인 쇼파 판매합니다
집에 티비도 없는데 쇼파 사다가 거의 쓴적도 없고 집을 합치게 되어 판매합니다 상태가 좋고 집이랑도 잘 어울려서 고민을 많이 했습니다만 정리하는게 맞다고 생각했습니다

사진에 올린 스툴 포함입니다

위치는 세종시 조치원이구요
가격은 50만원입니다
감사합니다",360000,2025.12.29,147,1,3
223496352,중고나라,이사 정리,코오롱스포츠 여성용 방수화,"코오롱스포츠 여성용 등산화 입니다
고어텍스 240사이즈예요. 
퍼플과 그레이 컬러 조합이 예쁘고 방수 기능이 있어서 실용적이에요. 
상태 양호한 중고 제품입니다.
착용횟수가 적어 매우 좋은 상태랍니다",42000,2025.12.29,21,0,0
223488055,중고나라,이사 정리,레고 닌자고 70595 울트라 스텔스 레이더,"번호별로 분류해놨고 사진에 있는 황금 콘 브릭이 붉은 투명 콘으로 총 2개가 변경되어있습니다. 그 외에 누락은 없고 피규어, 설명서, 박스(상태는 안좋습니다.) 전부 있습니다. 
대전 낭월동에서 직거래 가능합니다. 
입금일 기준 다음 날까지 우체국 택배로 보내드립니다. 
박스 포함 착불 or 박스 제외 택비 4,000원 선택해주시면 됩니다. 
안전결제X 괜찮으신 분만 연락 부탁드립니다. 
환불X",90000,2025.12.29,110,0,2
223472085,중고나라,이사 정리,GTX 1660ti,"서브컴에서 사용하던 제품이고
화면 출력용으로만 사용했습니다 

예전에 써멀 재도포 한 번 했습니대

네고 문의 안받고 
문자로 연락부탁드립니다 

010-육칠육사-칠일칠일",120000,2025.12.29,112,1,1
223053375,중고나라,이사 정리,라이젠 5600x 보드셋,"- MSI B550m 박격포 WiFi 
- 라이젠 5600x 정발 
- ssd 256GB (모델명 기억 안납니다)
- 주호 DDR4 32GB (16GB x2) - xmp 3200
- 잘만 600w 파워
- 아이구주 케이스
(그래픽카드 제외)

오후 7시 이후 거래 가능 
부피가 있어 직접 오셔야 합니다
은어송 코오롱 하늘채 2차 아파트 앞

택배거래는 파손 위험 있어 
보드 / 쿨러 / 파워 만 따로 분리해서 
보내드리고 케이스는 미포함 예정입니다

네고 문의 안받습니다 
문자로 부탁드립니다 
010-육칠육사-칠일칠일",400000,2025.12.29,540,5,4
223455902,중고나라,이사 정리,킹뱅크 ddr5 32GB (16x2) 6000Mhz,"가족 컴 맞춰주고 서비스 부품으로
보관했던 제품입니다 

테스트 위해 1회 사용했습니다 
램테스트 xmp 6000Mhz 5주기 통과 

테스트 환경 
9700X / Asus X670E prime

네고 문의 안받고
문자로 연락 부탁드립니다 

010-육칠육사-칠일칠일",380000,2025.12.29,271,0,2
223477026,중고나라,이사 정리,이사정리!메디큐브 부스터프로 미니 플러스 짱구 에디션 (미개봉),"✨ [메디큐브 부스터프로 미니 플러스 짱구 에디션 미개봉 새상품] 판매합니다 ✨
안녕하세요! 소중하게 보관하던 물품을 좋은 분께 보내드리고자 글을 올려요. 🥰 꼼꼼히 읽어보시고 편하게 채팅 주세요!이사때문에 모든물품 시세보다 싸게 급처 합니다! 문고리거래와 편의점픽업을 가장선호해요!
📌 상세 정보
* 판매 가격:85000원
* 상품 상태: 미개봉 새상품 제품입니다 구성품은 두번째장 사진 봐주세요! 풀박스 구성입니다. ✨
🤝 거래 안내 (꼭 읽어주세요!)
✅ 100% 정품 보장
판매하는 모든 물품은 확실한 정품입니다! 만약 가품일 경우 판매가의 200% 보상해 드릴 것을 약속드려요. 믿고 거래하셔도 됩니다. 👍
💰 결제 안내 (대환영!)
 * 요즘 신종사기인 핫마켓 메라마켓 처럼 포인트 결제 안받습니다! 
 * 안전결제 대환영이에요! 
⚠️ 가격 제안(네고) 불가
최대한 고민해서 합리적인 가격으로 올렸습니다! 아쉽지만 네고 문의는 정중히 사양할게요. 양해 부탁드려요. 🙏
📍 직거래 안내
 * 장소: 삼전삼밭나루공원
 * 방식: 서로의 시간을 아끼기 위해 비대면 거래 가능합니다! 🏃‍♂️💨
📦 택배 거래 안내
 * 일반 택배: +5,000원
 * 반값 택배: +3,000원 (GS25)
매너 있는 거래 기다릴게요! 오늘도 기분 좋은 하루 보내세요. 감사합니다! 🌸✨",85000,2025.12.28,46,1,2
223476909,중고나라,이사 정리,이사정리!메디큐브 부스터프로 마이멜로디 에디션 (단순개봉),"✨ [메디큐브 부스터프로 마이멜로디 에디션 미사용제품] 판매합니다 ✨
안녕하세요! 소중하게 보관하던 물품을 좋은 분께 보내드리고자 글을 올려요. 🥰 꼼꼼히 읽어보시고 편하게 채팅 주세요! 이사때문에 모든물품 시세보다 싸게 급처 합니다! 문고리거래와 편의점픽업을 가장선호해요!
📌 상세 정보
* 판매 가격:280000원
* 상품 상태: 물품구성만 확인하고 안에 구성품과 기기는 일체 사용 안했어요! 단순개봉상품입니다! 상태가 아주 깨끗해요! 풀박스 구성입니다. ✨
🤝 거래 안내 (꼭 읽어주세요!)
✅ 100% 정품 보장
판매하는 모든 물품은 확실한 정품입니다! 만약 가품일 경우 판매가의 200% 보상해 드릴 것을 약속드려요. 믿고 거래하셔도 됩니다. 👍
💰 결제 안내 (대환영!)
 * 요즘 신종사기인 핫마켓 메라마켓 처럼 포인트 결제 안받습니다! 
 * 안전결제 대환영이에요! 
⚠️ 가격 제안(네고) 불가
최대한 고민해서 합리적인 가격으로 올렸습니다! 아쉽지만 네고 문의는 정중히 사양할게요. 양해 부탁드려요. 🙏
📍 직거래 안내
 * 장소: 삼전삼밭나루공원
 * 방식: 서로의 시간을 아끼기 위해 비대면 거래 가능합니다! 🏃‍♂️💨
📦 택배 거래 안내
 * 일반 택배: +5,000원
 * 반값 택배: +3,000원 (GS25)
매너 있는 거래 기다릴게요! 오늘도 기분 좋은 하루 보내세요. 감사합니다! 🌸✨",280000,2025.12.28,63,0,1
223467542,중고나라,이사 정리,레고 닌자고 9450 울트라 드래곤,"설명서 한 장 뜯어짐, 3개 누락, 2개 파손 (사진 참고)
그 외에 누락 없고 피규어 박스 설명서 있습니다. 
번호별로 분류해둔 상태입니다. 
대전 낭월동에서 직거래 가능합니다. 
입금일 기준 다음 날까지 우체국 택배로 보내드립니다. 
안전결제X 괜찮으신 분만 연락 부탁드립니다. 
환불X",100000,2025.12.28,157,0,4
214029373,중고나라,이사 정리,스즈키 카타나 s1000s 순정 리어쇼바,"1. 모델명 : 스즈키 카타나 1000 20년식
2. 판매 희망가격 : 리어쇼바 18
3. 판매 지역 (또는 거래희망장소) : 대전
4. 연락처 : 안심번호
5. 상태 및 하자여부 (사진기재) :

터짐 없이 상태양호",170000,2025.12.28,75,2,1
223458706,중고나라,이사 정리,그랜저XG 브레이크호스,"그랜저XG 브레이크호스
신품",60000,2025.12.28,43,0,0
222792508,중고나라,이사 정리,"New 3ds xl 포켓몬 무버,뱅크 설치됨","닌텐도 New 3DS XL 블루 색상입니다
전체적으로 사용감 있습니다(사진 참고)

정품 충전기와 휴대용 케이스 함께 드립니다

포켓몬 뱅크, 무버 설치되어 있습니다

버튼 터치 등 이상없습니다

네고x 사실분만 연락주세요",270000,2025.12.28,447,4,1
223453118,중고나라,이사 정리,관리기용 휴립기,농업용 로터리 농기구 여러 대 판매해요. 사용감은 있지만 작동 상태 양호하고 농작업에 바로 사용 가능합니다. 농업 관련 작업하시는 분께 유용할 것 같아요.,220000,2025.12.28,929,12,16
223450105,중고나라,이사 정리,2025 다산 전기공사기사 실기 기출문제집 팝니다,"2025년 다산 전기공사기사 실기 기출문제집이에요. 스프링 제본으로 되어있어서 공부하기 편하고, 상태도 깨끗한 편입니다. 필기는 법조금바뀐거 샤프로 1개인가2개?
표시한게다고 나머진 깨끗해요!!
강의영상도 확인해보니 이상없습니다

박스가 없어 택배거래는 힘들것같구요

대전에서만 직거래 희망합니다!",60000,2025.12.28,80,0,1
223449594,중고나라,이사 정리,레고 오버워치 75973 D.Va vs 라인하르트,"디바, 라인하르트끼리 분류해놨고 사진에 표시해둔 브릭 각각 1개, 2개 누락입니다. 
박스 제외 피규어, 설명서 있고 그 외에 누락 없습니다. 
대전 낭월동에서 직거래 가능합니다. 
입금일 기준 다음 날까지 우체국 택배로 보내드립니다. 
안전결제X 괜찮으신 분만 연락 부탁드립니다. 
환불X",20000,2025.12.28,101,0,3
223447458,중고나라,이사 정리,레고 닌자고 70736 모로 드래곤의 공격,"번호별로 분류해놨고 사진에 올려둔 황금색 창 2개랑 박스 없고 그 외에 피규어, 설명서는 전부 있습니다. 
대전 낭월동에서 직거래 가능합니다. 
입금일 기준 다음 날까지 우체국 택배로 보내드립니다. 
안전결제X 괜찮으신 분만 연락 부탁드립니다. 
환불X",80000,2025.12.27,264,0,6
223440483,중고나라,이사 정리,뉴발란스 플라잉77 슈퍼라이트 후드 구스다운 패딩,"뉴발란스 경량 패딩입니다
사이즈는 M(95)입니다
색상은 다크 카키 색상입니다

플라잉 77 슈퍼라이트 구스다운으로 신상이고 가볍고 따뜻합니다
정가는 279,000원입니다~

진짜 입은 거 손에 뽑을 정도로 없고 첫 구매하고 세탁소에 맡겨서 드라이클리닝도 진행했습니다.

구매 의향 있으시면 편히 연락주세요
빨리 연락주시면 조금 네고해드릴 의향 있어요",150000,2025.12.27,250,3,1
223439702,중고나라,이사 정리,[풀구성] 보테가베네타 베네타 반지갑,"보테가 베네타 인트레치아토 반지갑 정품 급처합니다.

구성품은 지갑 본품 + 박스 + 더스트백 + 케어카드로
구매 당시 구성 그대로입니다.
(보테가 베네타는 별도 종이 보증서가 없는 브랜드입니다)

구매한지 반년도 안되어서 상태 매우 좋고,
각인·스티치·마감 깔끔합니다.

빠른 거래 원해서 시세보다 저렴하게 올립니다.
직거래 / 택배 가능하며,
정품 아닐 시 환불 가능합니다.",200000,2025.12.27,39,0,3
223439678,중고나라,이사 정리,"이사정리,제일복권) 유키미쿠 A상 피규어","공간부족으로 진열할 수가 없는 관계로 처분합니다. 현재 하자검수 겸 개봉촬영 후 재봉했습니다.

보관기간이 길어서 피규어 박스에 약간의 구겨짐이 있을 수 있지만 본체에는 별 문제는 없었습니다. 

기본적으로 편의점 택배로 접수해드리며 제 선에서 최대한 파손의 위험이 없게 노력하여 포장하였음을 구매자분께 고지해드립니다. 

중고거래 특성상 교환/환불이 불가하다는 점 인지해주십시오.

그리고 구매의사를 확실히 결정하시고 문의해주십시오. 

구매 전에 일반과 반값 중 택배비를 정해야 하니 결제 전 문의 주시기 바랍니다.",35000,2025.12.27,9,0,0
222336163,중고나라,이사 정리,굿스마일 치토세리움 미조립 판매합니다,"굿스마일 치토세리움 미개봉 판매합니다

구매하고 설명서만 한번보고 프라탑에 다시 넣어놨습니다

ps: 흡연잡니다
 애완동물 키우고있습니다

 타사이트 유도거래 안받습니다!",300000,2025.12.27,120,1,0
223434565,중고나라,이사 정리,레고 75331,"미개봉입니다.
택배는 착불입니다.
12월 28일까지 직거래해주시면 60에드립니다.
세종시 조치원읍",650000,2025.12.27,81,0,1
223433551,중고나라,이사 정리,캡티바2011-2015 2.0 2.2 유로5 DPF 지엠 정품 새제품,캡티바 2011-2015 2.0 2.2 유로5 용 dpf 지엠정품 미사용품 입니다.,1200000,2025.12.27,98,2,2
223433407,중고나라,이사 정리,르노삼성 xm3 조수석 헤드라이트,"르노 xm3 조수석 rh 헤드라이트 중고 품 입니다.

사용감은 있으나 심한 상처는 없습니다.",70000,2025.12.27,48,1,0
222978543,중고나라,이사 정리,하코 FX-600 인두기 판매합니다,"새제품 구입후 2회 사용하였습니다
하코정품 칼팁 추가구입한것입니다
온도조절되는 제품입니다
세종시직거래
택배 쿨거래 택포",63000,2025.12.27,260,5,3
222662456,중고나라,이사 정리,"이사정리,세가) 페이트 엑스텔라 SPM 타마모노마에 피규어","공간부족으로 진열할 수가 없는 관계로 처분합니다. 현재 하자검수 겸 개봉촬영 후 재봉했습니다.

보관기간이 길어서 피규어 박스에 약간의 구겨짐이 있을 수 있지만 본체에는 별 문제는 없었습니다. 

기본적으로 편의점 택배로 접수해드리며 제 선에서 최대한 파손의 위험이 없게 노력하여 포장하였음을 구매자분께 고지해드립니다. 

중고거래 특성상 교환/환불이 불가하다는 점 인지해주십시오.

그리고 구매의사를 확실히 결정하시고 문의해주십시오. 

구매 전에 일반과 반값 중 택배비를 정해야 하니 결제 전 문의 주시기 바랍니다.",20000,2025.12.21,44,0,0
215414366,중고나라,이사 정리,밀리터리 프라모델 판매,"📢 제목에 ""제조사/ 브랜드 명""과 ""상품명”를 넣어 작성하면, 보다 빠른 판매가 가능합니다! 
📢 게시글 작성 시 배송 방법에 “직거래”와 “내 위치” 설정할 경우, 보다 빠른 판매가 가능합니다! 


밀리터리 프라모델 판매합니다.

미조립 새제품 입니다.(박스개봉, 구김있음)

파손면책동의시 반품 안되는 조건으로 택배가능하며
직거래 장소는 세종시 조치원읍 입니다

일괄판매만 하며 택배비 포함 30만원 입니다.

연락은 업무관계로 010 2618 366칠로 문자부탁드립니다.

타미야 타콤 afv 타이거 전차 야포 탱크",300000,2025.12.21,189,1,0
219954577,중고나라,이사 정리,미조립 건담 판매,"미조립 새제품 건담 판매합니다.

반다이 정품 건담으로 박스만 열어본 미조립 새제품입니다.

Unicorn Gundam Red/Green Twin Frame Edition

직거래는 주말 세종시 조치원읍에서 가능합니다 

파손면책 및 반품불가조건으로
택배거래도 가능합니다.

판매가는 택포 14만원 입니다.

안전거래 할줄 몰라서 안합니다.
(구매자가 원하는 인증은 해드림)

사기의심되시면 연락하지마세요~~~",140000,2025.12.21,97,0,1
223015033,중고나라,이사 정리,5800x 3080 구성,"Amd ryzen 9 5800x
마이크론 발리스틱스 8*4gb 
x470 타이치
evga xc3 3080 10gb
델타 플레티넘 850w
저장장치 미포함
겔러해드 라이트 240mm
프랙탈디자인 매쉬파이 Compact 화이트 강화유리

현재 각개부품으로 있으며, 조립 해드립니다.

케이스는 단종품이지만 미개봉 신품 보유중입니다.

인근이면 배달해드립니다",850000,2025.12.21,257,2,1
223208288,중고나라,이사 정리,브레인롯즈 훔치기 크리스마스 특집,"가격은 부르시는 가격에 맞춰드립니다.
위에 800원은 진짜 가격아니니까 
연락주세요 ^^
 (남은재고)
라바카, 호호호 사후르, 너티너티, 페퍼민티나, 루돌프 트랄라, 크리스마스 브갓 다있음
이용해주신 고객4분 감사합니다
산티치클은 판완
진저 글로브 판완
페퍼민티나 2개 판완",800,2025.12.21,149,3,1
222697332,중고나라,이사 정리,브레인롯즈 훔치기 크리스마스 특집,"가격은 부르시는 가격에 맞춰드립니다.
위에 800원은 진짜 가격아니니까 
연락주세요 ^^
 (남은재고)
라바카, 호호호 사후르, 너티너티, 페퍼민티나, 루돌프 트랄라, 크리스마스 브갓 다있음
이용해주신 고객4분 감사합니다
산티치클은 판완
진저 글로브 판완
페퍼민티나 2개 판완",800,2025.12.21,265,1,4
223198203,중고나라,이사 정리,"2023 그램프로 16판매합니다(144,32,3050)","2023년형 LG 그램프로 3050 모델 판매합니다. i7에 RTX 3050 외장그래픽 탑재되어 있습니다. 키보드 커버 씌워져 있어서 키보드 상태는 좋습니다. 별도 문의 없으시면 바로 안전결제 부탁드려요!
144hz 달려있고 램 32기가 고급형 모델입니다
용량은 1테라 기본에 256기가 추가로 달려있는데 같이 드리겠습니다
정품충전기는 없지만 호환 65w 고속충전기와 정품케이블 같이 드리겠습니다
조치원에서 직거래 원합니다
상세사양
i7-1360p
3050 4gb
144 vrr 가변주사율 2560.1600 2k 화면
32기가 온보드 교체불가 램
입니다",1170000,2025.12.21,183,0,0
223183150,중고나라,이사 정리,"이사정리,후류) 리제로 렘 BiCute 바니걸 피규어","공간부족으로 진열할 수가 없는 관계로 처분합니다. 현재 하자검수 겸 개봉촬영 후 재봉했습니다.

보관기간이 길어서 피규어 박스에 약간의 구겨짐이 있을 수 있지만 본체에는 별 문제는 없었습니다. 

기본적으로 편의점 택배로 접수해드리며 제 선에서 최대한 파손의 위험이 없게 노력하여 포장하였음을 구매자분께 고지해드립니다. 

중고거래 특성상 교환/환불이 불가하다는 점 인지해주십시오.

그리고 구매의사를 확실히 결정하시고 문의해주십시오. 

구매 전에 일반과 반값 중 택배비를 정해야 하니 결제 전 문의 주시기 바랍니다.",24000,2025.12.20,28,0,0
223182327,중고나라,이사 정리,"이사정리,후류) 리제로 람 BiCute 바니걸 피규어","공간부족으로 진열할 수가 없는 관계로 처분합니다. 현재 하자검수 겸 개봉촬영 후 재봉했습니다.

검수결과 머리에 이염이 있어서 원래 판매가보다 가격을 하락시켜 판매합니다. 이 점을 유념해주시기 바랍니다. 22000>18000

보관기간이 길어서 피규어 박스에 약간의 구겨짐이 있을 수 있지만 본체에는 별 문제는 없었습니다. 

기본적으로 편의점 택배로 접수해드리며 제 선에서 최대한 파손의 위험이 없게 노력하여 포장하였음을 구매자분께 고지해드립니다. 

중고거래 특성상 교환/환불이 불가하다는 점 인지해주십시오.

그리고 구매의사를 확실히 결정하시고 문의해주십시오. 

구매 전에 일반과 반값 중 택배비를 정해야 하니 결제 전 문의 주시기 바랍니다.",18000,2025.12.20,34,0,0
222180899,중고나라,이사 정리,툴레 루프박스 팝니다.,"툴레 루프박스 L 팝니다.
양문형 양쪽 문 개방.
열쇠 있어요.
중고틱하고 깨끗합니다.
가로바 달고오셔야 됩니다.
 
직거래 됩니다.
경북 
010 4279 3350",200000,2025.12.20,233,5,4
223171564,중고나라,이사 정리,아이폰 16 512GB,"아이폰 16 512GB 미개봉 새제품이에요. 케이스가 지저분한 상태입니다. 실 사진이니 확인 후 구매 하실 분만 연락주세요 
010-4983-4599",1200000,2025.12.20,51,0,0
223165552,중고나라,이사 정리,여성 의류 이사정리판매 (일꽝몪음우선),다양한 색상의 니트와 슬리브티셔츠들이에요. 여러 스타일로 구성되어 있어서 코디하기 좋을 것 같아요. 상태는 양호해 보입니다. 사이즈 44-77까지 다양한 옷&바지들이 상태 아주 좋습니다~ 일꽝&몪음 전부다 가져가시면 1만원주시면 됩니다~택배비 별도입니다~,10000,2025.12.20,40,1,0
223138856,중고나라,이사 정리,아이폰12미니 128GB 퍼플,"아이폰12미니 128GB 퍼플 팝니다
화면 깨끗하고 생활기스와 작은 찍힘 존재 합니다 
배터리성능은 73%이고 쓸만한 케이스 가지고 있습니다
작아서 편하고 배터리도 생각보다 괜찮습니다 
직거래 택배 다 돼요",160000,2025.12.19,32,0,2
223156591,중고나라,이사 정리,월광보합4 잠마게임팩,"월광보합4 잠마게임 팩입니다.
추억의 게임기를 찾으시는 분께 추천드립니다. 게임수는 600~700개 정도있어요",34000,2025.12.19,54,0,1
221936574,중고나라,이사 정리,"코페르 기초라인, 사니엘 물먹패드 판매합니다!","✅️★★★3개이상부터 거래가능★★★
✅️ 수량은 한번씩 추가됩니다!! 

안심거래❌️ 애눌❌️
직거래⭕️ (제가있는곳으로 오셔야해요)
택배거래⭕️ (로젠4.000원, 편의점3.800원)


사니엘 👇

물먹패드 (르메이엘) 27.8.4 ㅡ 3개 / 0개남음


코페르 👇

팩투폼 26.10.16 ㅡ 11개 
때국물 26.11.7 ㅡ 7개 
더마앰플 27.3.31 ㅡ 8개 
시그니처앰플 28.1.6 ㅡ 9개
솔루션 28.1.13 ㅡ 11개 
멜라크림 28.9.22 ㅡ 6개 
하이니컬 딥프팅앰플 27.12.03 ㅡ 7개 / 5개남음
하이니컬 360리프팅크림 27.12.01 ㅡ7개 / 5개남음
미스트 27.3.25 ㅡ 3개 / 2개남음
선크림 27.12.16 ㅡ 10개 
선드랩핑 27.8.18 ㅡ 2개 
멜더sos시스템 28.6.60 ㅡ 7개 




코페르 공홈에보시면 원가격과 자체할인가격 
보실수있습니다!!
판매제품 공구가 개당 구매가격보다 저렴합니다!!
많이 쟁겨놔서 저렴하게 제가쓸것 놔두고 정리합니다^^
효능,효과,성분등은 코페르 공홈에 찾아보시면 되세요~!!
모공,기미, 유수분밸런스, 피부장벽, 탄력, 주름, 홍조,미백 
리프팅 위주입니다!!!",123456,2025.12.19,111,1,3
222772050,중고나라,이사 정리,브레인롯즈 시크릿10개,"시크릿 10개 만원입니다
채팅주세요
가격문의/찔러보기 다 가능",10000,2025.12.19,91,1,1
222626048,중고나라,이사 정리,"골드 스탠다드 웨이 프로틴 아이솔레이트 단백질 보충제 더블 리치 초콜릿, 2.27kg 미개봉 팝니다~~~~~","골드 스탠다드 웨이 프로틴 아이솔레이트 단백질 보충제 더블 리치 초콜릿, 2.27kg .",12345,2025.12.19,33,0,0
215129824,중고나라,이사 정리,울란지 CA25 쿨링팬 ulanzi ca25,"울란지 CA25 쿨링팬 ulanzi ca25 

위 사진들은 제가 사용하려고 개봉한것을 촬영한 것이고
구매시 
미사용 미개봉 상품으로 보내드려요!",31000,2025.12.19,91,1,5
206357846,중고나라,이사 정리,dji 아바타1 기체+dji 케어 1년권,"DJI 아바타avata 기체!! + 추가 DJI 케어 1년권
아바타1
배터리 미포함!!!

새제품!!! (본래 제품에 모터 이상으로
리퍼 새제품으로 교환 받았습니다)
리퍼제품이기에 별도의 비닐 포장은 없습니다!!!
(DJI에서 리퍼제품은 비닐 포장없이 개봉된 상태로 보내줍니다!)


DJI 케어 적용 (2년)
2025년 12월 22일까지이며
이후 1년간 케어 받을 수 있는 DJI AVATA 1년 케어도 드립니다!
(2025년 12월 22일 이전 추가 1년 케어를 등록하셔야 토탈 3년이 됩니다!)
(추가가 1년 케어 플랜 상품권은 실물이 아닌 사진으로 씨리얼 번호를
촬영해 놓은 이미지를 보내드립니다!)

남은 케어 횟수 4회
(플라이어웨이 2회 포함)
비행중 파손시 61700원 지불하시면 케어 1회 적용
새기체(새제품같은 리퍼)로 교체해 주고
비행중 분실시 플라이어웨이 적용
28만원 가량 지불시 새기체(리퍼)로 발송해줍니다



케어 가입후 한번도 사용하지 않았습니다!!!



직거래 우선!

택배시 파손면책 동의!!

노리턴 반품금지!!",410000,2025.12.19,642,4,1
222058706,중고나라,이사 정리,K2 67S 안전화 새제품 265mm 상자는 없어요!,K2 브랜드의 베이지 컬러 아웃도어 등산화예요. 270 사이즈로 박스에 깔끔하게 보관되어 있어서 상태가 좋아 보입니다. 등산이나 아웃도어 활동에 딱 좋을 것 같아요!,75000,2025.12.19,66,1,0
223052849,중고나라,이사 정리,이엠텍 RTX 3070 블랙몬스터,"1차 구매자이고 
반려견, 흡연, 채굴 일절 없습니다 

언더볼팅, 그카 지지대 해놓고 조심히 썼습니다 

구성품 중에 8핀 젠더하고 argb 케이블이
없습니다 찾아봐도 안나오네요 

택배거래는 4천원 추가, 
안전거래는 8천원 추가로 가능합니다 

택배는 출근 후 거래 시 
다음 날 오전에 우체국택배로 보내드립니다 

문자로 부탁드립니다 네고 X
010-육칠육사-칠일칠일",300000,2025.12.18,110,0,1
221903524,중고나라,이사 정리,레고 히어로팩토리 44028/44029 세트,"레고 히어로팩토리 44028과 44029 두 개 세트입니다. 박스 상태가 깨끗하고 미개봉 새제품입니다. 레고 매니아나 히어로 팩토리 좋아하시는 분께 추천해요!

레고 히어로팩토리 44028과 44029 두 박스입니다
8세부터 14세까지 사용 가능하며, 2014년에 제조되었습니다

2개 일괄 판매합니다.",250000,2025.12.18,251,4,2
223102661,중고나라,이사 정리,[하라스포츠] 벨트 스쿼트,"벨트 스쿼트 판매합니다. 
상태 매우매우 좋습니다. 
같이 오는 벨트까지 포함한 가격입니다^^

말 잘하면 차비 정도는 빼드릴 수 있습니다

연락처 : 010-9881-8610
연락주세요",800000,2025.12.18,361,5,2
223093756,중고나라,이사 정리,배달의 민족 5만원 기프티콘,"사용기한: 2026.12.19

💚채팅 및 문자 01029956263",46000,2025.12.18,9,0,0
223087246,중고나라,이사 정리,"캐논 EOS 80D (렌즈포함 풀구성, 4890컷) 판매합니다.","캐논 EOS 80D
컷수 약4890컷
새상품급 외관

구성품
배터리 충전기, 정품 배터리 2개, 스트랩, 미니 HDMI 정품 케이블, 리모컨, 캐논 정품 18-55mm 렌즈, 캐논 정품 카메라 가방

영상학과 입학하며 과제용으로 구매하였고 기변하려고 판매합니다.

현 상태에서 가장 좋은 가격이라고 생각합니다 빠르게 연락주시면 빠르게 보내드립니다.

감사합니다.",650000,2025.12.17,461,9,3
223084973,중고나라,이사 정리,오리가미 드리퍼 에어 미사용 정품,"로프트샵 정품 오리가미 드리퍼 판매합니다

매트블랙 M 사이즈 16,000원
매트그레이 S 사이즈 13,000원",16000,2025.12.17,89,2,1
223084155,중고나라,이사 정리,"이사정리,제일복권) 오등분의 신부 B상 나카노 니노 원피스ver.","공간부족으로 진열할 수가 없는 관계로 처분합니다. 현재 하자검수 겸 개봉촬영 후 재봉했습니다.

보관기간이 길어서 피규어 박스에 약간의 구겨짐이 있을 수 있지만 본체에는 별 문제는 없었습니다. 

기본적으로 편의점 택배로 접수해드리며 제 선에서 최대한 파손의 위험이 없게 노력하여 포장하였음을 구매자분께 고지해드립니다. 

중고거래 특성상 교환/환불이 불가하다는 점 인지해주십시오.

그리고 구매의사를 확실히 결정하시고 문의해주십시오. 

구매 전에 일반과 반값 중 택배비를 정해야 하니 결제 전 문의 주시기 바랍니다.",20000,2025.12.17,30,0,1
223058490,중고나라,이사 정리,7일 전 뜯은 100일분 산소 발생기 두개 일괄 판매,"써보고 싶으신 분은 써보시면 좋을 것 같아서
얼마 쓰지 않고 여기 올리게 되었습니다 ~

큰거는 펄리고 작은거만 남았습니다!",8000,2025.12.17,38,1,0
223057400,중고나라,이사 정리,"단기간 쾌열 전기히터, 정상 작동, 화장실, 실내용","안녕하세요 늘 써왔던 전기 히터를 판매 하게 됩니다.

추울 때 발 밑이나 아니면 방한 공기를 잠깐 데우고 싶을 때 사용했었습니다.

포장은 늘 꼼꼼하게 해서 보내 드리니 또 배송비까지 고려해서 싼 가격에 팔게 되었습니다.",5000,2025.12.17,34,0,1
220426636,중고나라,이사 정리,요넥스 REV 159 판매,"물품명: 요넥스 REV 
구매시기: 22년 12월경 자이온보드샵 구매
상세내용: 보드가여러장이라 돌려감서 사용
전문업체 의뢰하여 보관왁싱 엣징 작업 완료
 실제 사진 느낌보다 깨끗합니다 
진공포장 보관중",350000,2025.12.17,571,4,8
223052155,중고나라,이사 정리,"레인지로버 푸쉬전동차, 유아전동카,유아푸쉬카",,150000,2025.12.17,102,0,0
223051892,중고나라,이사 정리,라이젠 9700x 미개봉,"직구 9700x 입니다 
초기 불량 일주일까지는 환불 가능합니다 

안전거래 시 4천원 추가됩니다 

출근 후 거래되면 다음 날 우체국 택배로
보내드릴 예정입니다.

네고 문의 안받고 문자로 부탁드립니다 
010-육칠육사-칠일칠일",304000,2025.12.17,192,1,2
221588330,중고나라,이사 정리,LG PF1500 빔프로젝터,"LG 빔프로젝터 PF1500-KR 모델입니다
- 풀HD(1920x1080) 해상도로 선명한 화질을 제공합니다
- 1,400 안시루멘 밝기로 밝은 환경에서도 사용 가능합니다
- 최대 118인치 화면 크기를 지원하여 몰입감 넘치는 시청 경험을 제공합니다
- HDMI, RJ-45, USB 등 다양한 연결을 지원합니다
- 램프수명은 2466시간입니다
- 박스, 리모컨, 전원 어댑터, 삼각대 포함입니다
-84시간 사용 케이스포함",350000,2025.12.16,127,2,1
222962238,중고나라,이사 정리,(as 2년 이상)파워컬러 9070xt reaper 중고 팝니다,,795000,2025.12.16,147,0,1
222979111,중고나라,이사 정리,애플워치 시리즈 11 42mm !미개봉!,"애플워치 시리즈 11 42mm 실버 색상 미개봉 새제품입니다. 박스 포장 그대로 보관되어 있어서 상태 완벽해요. 모든 구성품 포함되어 있습니다.

쿨거시 네고 가능합니다",820000,2025.12.16,50,0,2
223022518,중고나라,이사 정리,야마하 XMAX 300,"2017년식 xmax300
키로수 84000 상승
v라이트 레드
숏스크린

7만키로때 앞뒤 디스크 교환

마블소닉 소음기없이 구변 완
연식 오래되고 키로수 많다고 꺼려하실거 압니다 

연식 좋고 키로수 많은거 비싸게 사느니 관리된 17년식이 더 나은 선택입니다. 네고도 적당히 가능하니 연락 주시면 친절히 다 설명드립니다",1900000,2025.12.16,208,4,2
223015331,중고나라,이사 정리,인텔 12700K 보드셋 + 램,,700000,2025.12.16,105,1,1
223015128,중고나라,이사 정리,RTX 5060 컬러풀 토마호크 미개봉,,394000,2025.12.16,57,0,1
223003489,중고나라,이사 정리,PUQ 푹프레스Q2 자동탬핑기 카페,"Puq 프레스 Q2 
자동 탬핑기입니다

Q1보다 윗단계 모델입니다 

탬핑압력 직접조절가능
탬핑횟수 무제한

반품x",350000,2025.12.15,160,1,7
222991570,중고나라,이사 정리,"핸드드립 드리퍼, 종이필터","집에서 핸드드립으로 커피 내려 드실 분들께 추천드려요. 드리퍼는 플라스틱 재질이고, 종이 필터도 같이 드립니다. 둘 다 새 제품이라 바로 사용 가능합니다.",5000,2025.12.15,58,1,0
222023369,중고나라,이사 정리,ID4 툴레 캐리어 세트 판매합니다.,"ID4 툴레 가로바 및 598프로라이트 판매합니다.



판매구성품

- 툴레 가로바 2개

- 툴레 598프로라이드 2개

- 루프장착킷 4개

- 가로바 키 2개(원키 작업되있음)



제품특성상 직거래만 가능하며, 지역은 대전입니다.

가격 - 87만원",870000,2025.12.15,90,0,0
222986320,중고나라,이사 정리,아이폰 14 프로 스페이스 그레이,"아이폰 14 Pro 128GB 스페이스그레이 색상 판매합니다.
풀박스 구성이고 배터리 효율 76%입니다.
사용 내내 보호필름 붙여서 액정에 기스 없습니다.
테두리에 생활기스는 존재합니다.
폰 교체로 인해 판매합니다. 
필요하시면 사용했던 케이스 두세개 챙겨드립니다.
연락주세요~",500000,2025.12.15,82,2,2
222971222,중고나라,이사 정리,백라이프(Backlife) 전자드럼 방진매트,"백라이프 전자드럼 방진매트입니다.
아래 스프링이랑 스티로폼, 나무로 돼있어서 아파트에서 사용하실 때 유용하구요.
부직포 보드가 없어서 좀 싸게 팝니다
직거래는 조치원에서 하고 원하시면 실제 사진 보내드릴게요!

아래 링크 상품입니다!
https://m.smartstore.naver.com/drumch/products/5251854661?nl-query=backlife&nl-ts-pid=jgJngsqXKcosslPBSpN-281220&NaPm=ct%3Dmj5uiqhs%7Cci%3D14dce95e34be05bf9cfde5ba72629eb18370ff25%7Ctr%3Dsls%7Csn%3D245442%7Chk%3Daa23536aa74c86a6b1112c19c26f4a11d67e97a8#REVIEW",150000,2025.12.15,72,1,1
222678017,중고나라,이사 정리,갤럭시탭 S9 울트라 512GB,,775000,2025.12.14,264,6,4
222781107,중고나라,이사 정리,에스피오나지 밀러 헤비웨이트 가디건 네이비 XL,"에스피오나지 밀러 헤비웨이트 가디건 네이비 xl 입니다. 
사이즈 미스라 판매합니다.

실착 3회
네고x 환불x",55000,2025.12.14,70,0,2
222940092,중고나라,이사 정리,다이슨 v11(sv15) 호환배터리,2025년 12월에 구입했는데 고정형이 아니라. 교체형이라 사용을 못해 내. 놓습니다. 일부 가격. 조정 가능합니다,40000,2025.12.14,44,1,1
222937189,중고나라,이사 정리,아이폰13프로 128G,"아이폰 13 Pro 모델입니다
- 저장 공간은 128GB입니다
- 배터리 성능은 95%입니다

견고한 UAG 케이스여러 케이스과필름 함께 드립니다
상테는S급입니다. 배터리 정품교체완료
응452칠 16칠구 문자주세요",450000,2025.12.14,83,0,0
222922696,중고나라,이사 정리,폭스바겐 디자인커버,"폭스바겐 디자인커버
에어플로우센서 포함",70000,2025.12.13,29,0,0
222916825,중고나라,이사 정리,정상 작동 시계 벽걸이 / 아트,구매후 교환 환불 어려울수 있으니 충분히 이용 방법 등에 대해 검색해보시고 구매를 격려드립니다!,8000,2025.12.13,31,1,1
222916667,중고나라,이사 정리,"무료 나눔! 원가 26000원 종이칠판 일회용 회의용 미팅 오피스 교육 안내용, 두꺼운 버전(54x..., 50개",2장만 쓰고 안전히 보관중인 회의용 종이입니다!,7000,2025.12.13,40,0,0
222763677,중고나라,이사 정리,(20만)크로스오버 게이밍모니터34인치WG165,"크로스오버 게이밍모니터 20만에 팝니다
직거래 18만원 입니다
165hz 1ms속도를 자랑 합니다.
자세한 스팩 적었으니 연락주세요.
박스도있어요.
실 사용 1달도 되지않았습니다.",200000,2025.12.10,184,2,2
216388121,중고나라,이사 정리,비치움 클린맥스 건식 청소기 (할부승계x),"비치움 클린맥스 건식 청소기입니다.

구형 모델이라 연식과 사용감이 있어 저렴하게 판매합니다.
사진을 여러장 올려놓으니 제품 상태는 참고하세요~

이런 분들에게 추천드립니다.

1) 매트리스/소파 청소 창업 준비하시는분 중에 건식 청소기용으로 사용해보시면 좋을것 같네요. 
2) 창업 초기에 컬비같은 고가의 제품을 구매하시기 부담되시는 분들에게 초기 창업용으로 추천드립니다.
3) 비치움 창업 가맹계약이 5년이라 망설이시는 분들은 미리 써보고시고 가맹 계약 고민해도 좋을듯 싶네요. 
4) 가정에서 애완동물 키우시는 분들 중 매트리스나 천소파에 쌓인 먼지나 털, 진드기 등 청소용으로 아주 좋습니다.


가맹계약 할부승계가 아닌 중고용 판매이기에 이 정도 가격이면 가성비 뛰어난 제품입니다.

그동안 지방에 있다보니 거래가 불가능하여 신경을 못 쓰게되서 
잠시 글 내렸다가 다시 판매글 올리는겁니다.


지역은 대전이나 충청권 근교에서 직거래 원합니다 (택배X, 변심반품X)
작동 테스트 원하시면 조치원이나 대전에서 가능하시고, 
천안이나 아산은 제가 방문해서 보여드릴수 있습니다.",130000,2025.12.10,298,4,3
222084032,중고나라,이사 정리,가민 엣지 830 번들셋 & 바리아 515,"가민 엣지 830 번들셋 (정품 마운트, 속도,케이던스,심박 센서)
가민 바리아 515
입니다 
바리아 안장레일 마운트랑 싯포스트 마운트 있습니다. 
엣지830 박스에 담아서 보내드립니다.
세트로 판매합니다.",470000,2025.12.10,353,2,1
221923134,중고나라,이사 정리,블랙핑크 전멤버 포토카드,"블랙핑크 전멤버, 단체 포카에요!
장당 5000원입니다

연락주세요!",5000,2025.12.10,38,0,1
222776705,중고나라,이사 정리,킨치 303 볼링군 스니커즈 255,"킨치 303 볼링군 스니커즈 255입니다.
5회 정도 착용했었고, 사용감 거의 없습니다.

박스를 비롯한 기타 구성품은 없어서
택포 50000에 싸게 내놓아봅니다",50000,2025.12.09,23,0,1
222767447,중고나라,이사 정리,인텔 i5 - 7600 + cpu 팬 + 써멀구리스,"안녕하세요! 필요하신 분 결제하세요!

업그레이드하면서 정상작동 부품이 남아서 판매합니다!",39000,2025.12.09,66,1,3
220259823,중고나라,이사 정리,이사준비로 옷장정리합니다/박스가득 넣어드려요- 무료배송,"안녕하세요.^^

결혼 전 아마추어 출사모델을 취미 삶아 해서 옷이 많아요.
큰언니.작은언니.동생까지 있어서 
내가 평소에 잘 안입게 되는 옷들이랑 불편한옷들, 안어울리는 옷들,
작아진 옷들등등 옷이 너무 많아서 최대한 옷을 정리합니다.

본인 상의 하의 싸이즈
(예시 -상의44.55.66 하의 24. 25.26.27등등)
좋아하는 스타일과 싫어하는 스타일
그리고 나잇대와 신발싸이즈 알려주시면 옷고르는데 참고 사항이 될 듯합니다.^^
전체적으로 정리를 위한 것이라
한가지 스타일만 원하시거나 한계절옷만 원하시는 것도 어렵습니다.
위에 싸이즈와 참고할 만한 사항들을 잘 적어주시면 
옷 정리하는데 참고할 수 있으니 상세하게 잘 적어서 문자나 쳇부탁드려요

100프로 만족시켜드리지 못하오니 

예민하신분이나 까다로우신분은 신중거래부탁드려요.

대신 한두벌에 만원 이만원 NO~NO~
기본 10이상이 기본~
사과박스만한 곳에 가득가득 넣어드리는 가격이 택배포함

기본이 25.000원(배송비포함)부터 100.000가능하시고

25.000ㅡ10벌이상
30000ㅡ15벌이상
40.000ㅡ20벌이상
50.000ㅡ25벌이상
60.000ㅡ30벌이상
70.000ㅡ35벌이상
80.000ㅡ40벌이상
90.000ㅡ45벌이상
100.000ㅡ50벌이상

5천원씩도(2벌정도)추가 가능하세요

딱 한계절만 정해서 보내드릴수는 없고요. 
어느정도 계절반영해서
기본 44~77까지 가능 다양하게 봄.여름.가을.겨울옷으로 챙겨드려요

옷 많이 없으신 여성분들 옷장만 하기 좋은 기회입니다.

예민x
반품 교환 환불 x
010-2421-1공공6으로 연락주세요.",25000,2025.12.09,72,0,2
222755614,중고나라,이사 정리,자동차주유구오프너 새제품,"자동차주유구오프너
81590 3S000",20000,2025.12.09,23,0,0
222749764,중고나라,이사 정리,ifi neo idsd 2 DAC 판매합니다.,"중고 2차 구매입니다. 제품상태 좋습니다.
구성품 풀박스 풀로 다 있습니다.(ipower 포함)
제품하자없고 제품상태 깔끔한 편입니다.
생활기스정도 있을순있는데 제눈에는 안보이며 깨끗합니다. 정상 작동합니다.

지금 시점이 중고로 들이기 딱 좋은것같아요.
여러가지 모드선택에 xspace, xbass는 ifi 만의 강점이라고 생각합니다.
준수한 DAC성능에 강력한 헤드폰앰프까지 원박스로 참 좋습니다.
요즘 인기많은 k17도 가지고있는데.. 우열을 가리기힘들정도로 좋습니다.

가격은 60만원입니다.

직거래는 경북 문경 나머지는 착불 택배거래합니다. 선불 원하시면 4천원 추가해주세요
중고거래 특성상 반품 절대불가능합니다. 택배거래시 파손면책 동의하신걸 전제로 진행합니다.
포장은 튼튼하게해서 보내드립니다.
안전거래 가능합니다. 안전거래시 판매자수수료1% 부담해주신다는 조건하에 진행합니다.",606000,2025.12.09,355,1,0
222649487,중고나라,이사 정리,대전] 나인봇 es2 전동킥보드 팝니다,"전동킥보드 판매해요! 충전기도 함께 드리고 상태 양호합니다. 실내에서 보관해서 깨끗한 편이에요.

키로수보면알겠지만 거의 새거입니다! 

 직거래로만 거래하고 

환불x이니 꼭필요하신분만 연락해주세요!",120000,2025.12.09,179,1,5
222748994,중고나라,이사 정리,닥터마틴 1461 블랙 스무스 250,"닥터마틴 1461 스무스 250 사이즈입니다.
올해 2월 쯤 구매하였고, 10회 정도 신었던 제품입니다.

오염은 없으나 사용감은 약간 존재하는 제품이니
유의해주시기 바랍니다.

구매 당시의 박스 등 구성품 존재하지 않으며, 다른 신발 상자에 넣어서 보내드리도록 하겠습니다.

택포 70000",70000,2025.12.09,57,1,1
215312604,중고나라,이사 정리,니케 하비사쿠라 SD 2탄 분철,"12월 발송예정 니케 하비사쿠라 SD피규어 2탄 분철합니다
결제완료했고 12월에 도착하시면 받기만 하시면 됩니다
아크릴 특전 캐릭터 맞춰서 같이 드립니다
개당 3.5로 팝니다

동D

일레그 (판완)

레후X (판완)

헬름 (판완)

도로시 (판완)

홍련X (판완)

남았습니다",35000,2025.12.08,430,3,5
222412135,중고나라,이사 정리,RG 블래스트 임펄스 스펙2 반다이/건담/건프라/미개봉,"박스 눌림, 잔기스O / 모두 검수 완료

거래 후 단순 변심으로 인한 환불은 일절 받지 않습니다

타 제품과 교환 및 네고X / 구매 문의 가능",56000,2025.12.08,134,0,0
222733817,중고나라,이사 정리,맥북 에어 M4 13인치 512GB(스카이블루),"맥북에어 M4 13인치 스카이블루 색상 팝니다
강남점에서 직구했구요 구매영수증 다 있습니다
키스킨 / 케이스 / 파우치 다있어요.
충전기 박스 말할거 없구여 ㅎㅎ",1550000,2025.12.08,111,1,2
222273832,중고나라,이사 정리,낚시 테클 박스,"로즈 프리미엄 낚시 테클 박스 새상품입니다
5000번쯤 싸이즈입니다

택배비 : 선(커서 가급적 직거래 선호요)
직거래 : 세종시 조치원
안전거래 : 세이프유, 중고나라 수수료 구매자부담 가능
연락처 : 응 5437 132일",25000,2025.12.08,84,0,0
222728505,중고나라,이사 정리,울트라용 오션밴드 오렌지 팝니다!,"착용 횟수 적고 변색 없습니다. 단종 된 제품입니다.
사진 더 원하시면 보내드려요~
에눌×
택배비 별도 거래 후 환불 불가능",150000,2025.12.08,49,0,2
222726848,중고나라,이사 정리,브레인롯즈 훔치기 최저가,"다이아 버거 5.6에 팝니다
먼저 연락주신분한테 우선권 드려요
채팅주세요
템거는 x
찔러보기/궁금한점 가능",56000,2025.12.08,47,0,1
221929008,중고나라,이사 정리,닌텐도 DS 메트로이드 프라임 헌터즈 칩 팝니다.,"닌텐도 DS 메트로이드 프라임 헌터즈 풀셋 팝니다.
닌텐도 DS 게임 메트로이드 프라임 헌터즈 한글판 풀셋입니다. 케이스, 설명서, 칩 모두 있습니다. 작동 잘 되며 소장용으로도 좋습니다. 세종시 조치원 직거래이며 타지역 반값택배 가능합니다.",25000,2025.12.08,61,0,1
222703739,중고나라,이사 정리,,"아이가 쓰던 폰 판매합니다.

사진 촬영시 흔들림 증상 있습니다.
(챗 주시면 화면 녹화 한 영상 보내드릴게요.)
지금은 괜찮은데, 간혹 진동이 이상하다 합니다.
진동모터에 이상이 있지 싶습니다.
이외 사용상 문제 없습니다.

액정은 기스 없이 깨끗합니다.
테두리 하단에 작은 긁힘(?) 있습니다.
뒷면 좌측 하단 작은 금 있습니다.
겉은 괜찮은데 속에서 금간 것 같습니다.

se2 128gb 배터리 72%
수리내역은 없습니다.
초기화 해 놨습니다.
택포 9.5만
직거래 남대전이편한세상",95000,2025.12.07,24,0,0
222703281,중고나라,이사 정리,아이폰 5s 16gb 직거래 남대전,"액정 교체로 터치 id 안됩니다.
액정 실기스(잘 안보임) 있고, 
좌상단 기포(?) 같은게 보입니다.
액정 우상단 종특 들뜸(마지막 사진) 쪼~끔 있습니다.
눈에 띄는 찍힘은 테두리 뒷판 쪽으로 두 곳 정도 있습니다.
이외 사용상 문제 없습니다.

출시일, 사용기간 감안하면 배터리는 교체하심이 좋겠습니다.
사진, 통화 용도로 필요하신 분 챗 주세요.
택포 4.5만
직거래 남대전이편한세상",45000,2025.12.07,173,3,5
222700512,중고나라,이사 정리,순정 RCD 하이패스룸미러,"차량 순정 하이패스 룸미러 판매합니다. RCD 기능 포함되어 있는 모델입니다. 
상태 이상무",45000,2025.12.07,82,0,0
222668808,중고나라,이사 정리,게이밍 컴퓨터 본체 팔아요. 7500f + 4060ti,"CPU: AMD 라이젠 7500F

메인보드: ASUS B650M-A II

RAM: 마이크론 DDR5 16GB x2 (총 32GB, 5600MHz)

GPU: GALAX RTX 4060 Ti OC

SSD: 마이크론 T500 NVMe 1TB

케이스: Daven D6 블랙

파워: DeepCool PF700 (700W)

쿨러: Jonsbo CR-1000 EVO Standard

세종 직거래 / 택배 가능

상태 매우 좋고 바로 실행가능해요",1090000,2025.12.07,222,3,2
221323974,중고나라,이사 정리,미개봉 원펀맨 블루레이 택포 6만,"원맨맨 만화책 블루레이 6권 세트입니다.
미개봉 새상품입니다
편의점 택배비 포함 7만원입니다",60000,2025.12.07,82,0,1
222677762,중고나라,이사 정리,12/24 7600 부산역. 설기,ㅇㅇㅇㅇㅇ 7600 부산역. 설기 1224,98100,2025.12.07,34,0,1
219486504,중고나라,이사 정리,"알파플라이3 ,290사이즈, 115km 착용","나이키 알파플라이3
아웃솔이나 쿠션감은 아직 좋습니다
다른운동시작해서 판매합니다

다른글에 아디프로3도 같이판매합니다",90000,2025.12.07,492,4,3
222525158,중고나라,이사 정리,아이폰13미니 128GB 스타라이트,"아이폰 13 미니 스타라이트 128GB
-A급 작은찍힘 1개 그외 깨끗
-배터리성능 76%
-충전기 제외 풀박스
투명케이스랑 사제 충전선 드려요
택배 가능합니다 직거래도 가능해요",200000,2025.12.07,150,1,1
222669713,중고나라,이사 정리,다이슨 v11 (SV15)무선청소기 호환 배터리,다이슨 v11(SV15)무선청소기용 리튬이온 호환 배터리입니다. 9800mAh 용량으로 고정형인지 알고 구입했는데 교체형이라. 한번도사용하지 못했어요. 필요하신 분께 저렴하게 드립니다. 구이팔삼/ 이팔이오/ 로 문자주세요,40000,2025.12.06,37,0,1
222662337,중고나라,이사 정리,"이사정리,제일복권) 스파이 패밀리 A상 아냐 포저 블록캘린더","공간부족으로 진열할 수가 없는 관계로 처분합니다. 현재 하자검수 겸 개봉촬영 후 재봉했습니다.

보관기간이 길어서 피규어 박스에 약간의 구겨짐이 있을 수 있지만 본체에는 별 문제는 없었습니다. 

기본적으로 편의점 택배로 접수해드리며 제 선에서 최대한 파손의 위험이 없게 노력하여 포장하였음을 구매자분께 고지해드립니다. 

중고거래 특성상 교환/환불이 불가하다는 점 인지해주십시오.

그리고 구매의사를 확실히 결정하시고 문의해주십시오. 

구매 전에 일반과 반값 중 택배비를 정해야 하니 결제 전 문의 주시기 바랍니다.",45000,2025.12.06,17,0,0
222651730,중고나라,이사 정리,프리퀀시 e-프리퀀시 미션4 일반1,미션4 일반1 6000원에 해드립니다,6000,2025.12.06,13,0,0
93685163,중고나라,이사 정리,여아브랜드옷 110 /이사정리,"유니클로 경량ㅡ노스페이스 ㅡ디플랜오리털
짐보리 양호 ㅡ트윈 양호ㅡ밀리밤최상ㅡ릴리프리
보세ㅡ
아이러브제이 ㅡ트윈최상 ㅡ타이즈 최상ㅡ
보세양호 ㅡ트윈한번착용
오모리 트레이닝 세트 양호

택포35000",20000,2025.12.06,14,0,0
91152139,중고나라,이사 정리,여아신발150~220 이사정리,"자라새것 4500/150
150 털부츠 새것 4500
크록스 한철신김 c8 5000 양호
보세 롱부츠 안감기모 170 5000
프로월드컵 아쿠아슈즈 새것5500/올드네이비샌들
새것 5000
170 드림
바비 ㅡ키티ㅡ낫소 모두새것
185-190-190
4500/4000/5500
190
3500/170
190 3500 5회미만
탈렌트 4500/4500---양호
팬콧 3회착용 7000
220 10000
모두 한철신기거나 새것 이사로 초특가정리
초특가 에눌x
착불ㅡ반값",9000,2025.12.05,23,0,0
221904469,중고나라,이사 정리,레고 스타워즈 75138 호스 공격 2개일괄 새제품,"레고 스타워즈 호트 공격 세트 미개봉 새제품이에요. 박스 상태도 깨끗하고 완전 새 상품입니다. 레고 매니아나 스타워즈 팬에게 추천해요!

레고 스타워즈 75138 호스 공격 제품입니다
미개봉 새제품이며, 7-12세 이용 가능합니다
스타워즈 시리즈를 좋아하시는 분들께 추천드려요 

2개 일괄판매 12만입니다.",120000,2025.12.05,90,2,1
220602635,중고나라,이사 정리,레고해적 70410 새제품,"레고 해적 시리즈 70410입니다
5-12세 사용 가능합니다

2015년 3월 제조된 단종제품으로
당시에 홈플러스에서 구매하여 마트스티커 부착되어있습니다.

박스는 매우 양호한 편입니다.",90000,2025.12.05,109,1,1
220602597,중고나라,이사 정리,레고무비 70808 새제품,"레고 무비 시리즈 70808 슈퍼 사이클 추격전
새제품 입니다.
8세부터 14세까지 사용 가능합니다
2013년 12월에 제조되었습니다
KC인증을 받은 제품입니다

단종된지 오래되었어도 박스상태는 양호합니다만 구매당시 판매처에서 앞면에 가격표를 부착한 표식이 있습니다.",150000,2025.12.05,155,3,2
222573366,중고나라,이사 정리,삼성 갤럭시 S24 Ultra 블랙 색상 256 정상해지,"삼성 갤럭시 S24 Ultra 블랙 색상 256 
정상해지되어 3사 신규가입 및 유심만 꼽으면 바로 사용가능하며 선택약정 가입가능합니다

- 박스와 케이스 함께 드립니다(충전케이블 제외)
- 24년 11월 19일 개통인데 정말 3달도 안쓰고 해외 갈때 써브폰으로 만 쓴겁니다
 - 당연히 번짐 잔상 없구요

택배비 : 선
안전거래 : 세이프유 중고나라 안전거래 가능(수수료 구매자 부담)
직거래 : 세종시 조치원
연락처 : 010 5437 132일",810000,2025.12.05,46,1,0
222597219,중고나라,이사 정리,와콤 신티크 프로 16 DTH167 터치O,"12월 15일까지만 이 가격에 판매합니다 (이후 90만원에 팝니다)

터치 가능한 제품입니다
애니메이션+웹툰 등 그림을 그릴때
아이패드로는 파일 저장에 한계가 있어 작업용+회사용으로 (액정타블렛을 자주 쓰기 때문에 익숙해져야 합니다) 쓰기 위해서 구매 했었는데 다른 제품이 생겨서 판매해요

실사용 10번 이하
지금은 단종 되어서 못 얻는 제품입니다
풀박스고 작동 잘 되고 기스난거 하나 없습니다
(다만 박스가 아주 조금 찢어졌어요)

자세한 사항 원하시면 영상과 사진도 가능합니다
문의부터 주세요!

택배 가능합니다 
파손 위험성이 커 직거래 선호합니다

환불 불가
찔러보기 사절합니다",720000,2025.12.05,43,0,0
222520893,중고나라,이사 정리,몽클레어 수엔 블랙 1사이즈,"사놓고 몇번안입었지만 새상품은 아니여서
사용감은 감안해주세요
상태좋습니다
지역은 대전이라 대전역이나 또는 서울역에서 직거래가능합니다 
쿨거래원해요",1050000,2025.12.05,124,8,3
222484911,중고나라,이사 정리,브레인롯즈 훔치기,"개당0.15에 팝니다
채팅주세요",2000,2025.12.04,155,2,1
129906180,중고나라,이사 정리,증류기 초자증류기 아로마오일 증류소주,"초자증류기
2022년 5월 구매
사용 1번
구매는 23만원에 구매
초자기구라서 될수있으면 직거래윈합니다",100000,2025.12.04,298,6,2
221834000,중고나라,이사 정리,어그 타스만 X 팔라스,"어그 타스만 팔라스 US8, 한국사이즈로 260입니다.
올 초에 실착 2회했구요. 실착하기 전에 10만원주고 비브람 밑창보강했습니다. 사진보시면 아시겠지만 솜도 살아있고 밑창도 마모없습니다.

직거래는 천안,청주,세종에서 가능하며 택배도 가능합니다.",800000,2025.12.04,134,0,5
222584678,중고나라,이사 정리,태그호이어 아쿠아레이서 300 쿼츠 43mm,"상태: 전면 글라스·다이얼 기스 거의 없음(사진 참조)
밴드 기스 존재

케이스, 구성품 없음
배터리 없음, 배터리 교체 및 유지보수 필요

금전 필요해서 싸게 판매합니다

타지역 태그호이어 매장 동행 가능하며, 
동행시 선 계약금 15 있습니다
가품시 3배 보상 드려요

마지막 가격 인하 입니다",740000,2025.12.04,125,3,1
222558834,중고나라,이사 정리,모멘텀 4 + btd600,"모멘텀 4 + btd600 성능상 하자 없습니다
사진 보시다시피 usb선 빼고는 다 있습니다
작년봄에 미개봉 구해서 밖에서는 한번도 안쓰고 집에서도 유선헤드폰이 있어 거의 사용을 안했습니다",210000,2025.12.04,152,0,3
222276147,중고나라,이사 정리,뉴발란스 2002r 프리미엄 빈티지 그레이 265,"일반 그레이와 색감이 약간 다르고 개인적으로 이게 더 이쁘다고 생각합니다!
여분끈 있습니다.

슈클리너 맡기고 보관중
제품 상태 9/10
시착 7회

중고 거래 특성상 환불 불가입니다",60000,2025.12.04,111,0,2
221961133,중고나라,이사 정리,시마노 이이다코 BB 155 구형 2대 일괄,"시마노 이이다코 BB 155 구형 2대 일괄로만 판매합니다
한대는 초리에 머리카락같은게 있어 frp 작업했는데 감도나 사용하는데 이상없습니다

보증서 : 1개(윤성등록되있고 이전해드림 종이도드림)
택배비 : 선
직거래 : 세종시 조치원
안전거래 : 세이프유 중고나라 가능 수수료 구매자부담
연락처 : 응 5437 132일",230000,2025.12.04,382,2,2
222287992,중고나라,이사 정리,탐론 17-70mm F/2.8 소니용 렌즈,"론 17-70 소니 e마운트 판매합니다
판매합니다. 2차구매자지만 마운트를 소니로 잘못 구매하여 사용을 전혀하지 않고 바로 판매합니다
박스는 없고 보증기간은 만료되었습니다
렌즈 안에 먼지는 없습니다
직거래 혹은 택배거래 가능합니다.
편하게 연락주세요!",570000,2025.12.04,62,2,1
222570670,중고나라,이사 정리,프리퀀시 온라인 상품권,"프리퀀시 완성본 파실분?
제꺼 다 드리겠습니다 
11000원에 파실분??",11000,2025.12.04,19,0,0
222560476,중고나라,이사 정리,샤오미 미에어 4 라이트,"필터 교체한지 10달정도 됐는데 실사용은 2,3일정도가 답니다
사용빈도가 너무 없어서 팝니다
무게라 부피가 있어서 직거래로만 팝니다",35000,2025.12.03,28,0,1
222559983,중고나라,이사 정리,100w 충전 가능한 5구 멀티탭,"6만원대 고급형 멀티탭 입니다 하자는 따로 없습니다
멀티탭 단품입니다",35000,2025.12.03,52,0,1
222559786,중고나라,이사 정리,파일로팩스 몰든 a7 오커,"파일로팩스 몰든 a7 오커입니다.
원래 트래블러스 노트 쓰다가 넘어갈까해서 구매했는데, 기존에 다이어리를 사용하던 방식과 맞지 않아서 판매합니다.

속지는 사제 속지 꽂아넣었고, 중간중간 섹션 구분용으로 pp재질 용지 꽂아두었습니다. 어떻게 사용할지 감도 못잡아서 집에 모셔두었고 그마저도 다섯장도 채 못썼습니다.

❌❌❌물건에 애착이 강해 한번 들이면 수리해서라도 쓰는 편이라 쭉 쓸거라 생각하고 버려서 박스는 따로 없습니다.

❣️키링은 잘어울릴 것 같아 선물 받은 걸 끼워둔건데 요청하시면 같이 보내드립니다.

❌❌❌지퍼도 작동 잘 되고 헤지거나 고장난 부분 없습니다.
중고 거래 특성상 반송 및 환불 불가하니 잘 고민하시고 연락주세요.",90000,2025.12.03,129,1,2
222556558,중고나라,이사 정리,그랜져 HG 신형 세로그릴,그랜져 HG에 장착할 수 있는 신형 세로 그릴입니다. 반짝이는 크롬 장식이 고급스러움을 더합니다. 기존 그릴에 질리신 분들께 추천드려요.,80000,2025.12.03,49,0,0
222556243,중고나라,이사 정리,그랜저 HG 일반 헤드라이트 운전석,"그랜저 HG 헤드라이트 운전석용입니다
- HG 차량에 장착 가능
- 야간 시야 확보에 도움
- 안전운전에 필수적인 부품",120000,2025.12.03,77,1,1
222556047,중고나라,이사 정리,엠피온 SET-525 태양광 무선하이패스 단말기 태양공거치대포함,"MPEON 하이패스 단말기입니다
USB 케이블 포함되어 있습니다",35000,2025.12.03,31,1,0
222554973,중고나라,이사 정리,유라이브 Albatross 6 블랙박스,"유라이브 Albatross 6 블랙박스입니다
전방, 후방 카메라 모두 포함되어 있습니다
- 선명한 화질로 녹화가 가능합니다
- 안전운전 지원 기능이 탑재되어 있습니다
블랙 색상으로 차량 내부와 잘 어울립니다",50000,2025.12.03,30,0,0
222549921,중고나라,이사 정리,맥케이지 딕슨 네이비 금장,"사이즈는 36입니다.
정품 맞아요! 택은 없는 점 참고해주세요.
하자 없고 깨끗합니다. 착용은 3~4번 정도 했어요.
선물 받은 상품입니다.
자세한 건 채팅으로 문의 주세요.",400000,2025.12.03,52,0,1
222539397,중고나라,이사 정리,골든구스 슈퍼스타 스니커즈,"골든구스 슈퍼스타 화이트 컬러 42사이즈270입니다. 사진으로 보시다시피 상태 매우 좋고 몇번 안신었습니다.특유의 빈티지한 느낌이 살아있어요. 클래식한 디자인으로 오래 신을 수 있는 명품 스니커즈입니다.
슈구 발라놓아서 밑창 달치도 않고 찢어진곳 헤진곳 없습니다 당연히 정품 이구요
정품 아닐시 환불 해드리겠습니다 
백화점에서 구매 했습니다
믿고 구매 하셔도 됩니다",180000,2025.12.03,24,0,0
222535805,중고나라,이사 정리,쿠첸 전기압력밥솥 3인용,"쿠첸 3인용 전기압력밥솥이에요. 박스 포장 상태로 새 제품 입니다. 깔끔한 화이트 컬러가 예뻐요. 혼자사는분들추천드려요 실구매가 404200원입니다. 
최신상품이라 사용하기좋아요",180000,2025.12.03,66,1,2
222128445,중고나라,이사 정리,라이카 M240 실버 풀박스,"라이카 m240 실버 풀박스
하부 플레이트가 자석으로 여닫히는 가죽 그립(이거 진짜 편합니다)
떰즈업 엄지그립
투명스킨 붙어있어 기스 찍힘 없습니다


올림푸스 evf 2실버
m 로커 90미리

위 두 개도 구매 희망하면 말해주세요

코이로 어댑터v3 + 거광 다녀온 전중조나+정품실버필터
코이로 어댑터와 핀 잘 맞습니다.
각각 45만원, 85만원
조나 코댑터 판매완

세종시 인근 직거래 희망합니다.",4000000,2025.12.02,622,10,3
222510620,중고나라,이사 정리,배달의민족 상품권 교환권,"배달의민족 5만원 상품권 교환권이에요. 미사용 상태로 깨끗하게 보관되어 있습니다.

총 4장 보유중이고 5만원당 4만6천에 팔아요!",46000,2025.12.02,30,0,2
222502730,중고나라,이사 정리,ES 산업 - 전동공구 리튬배터리(LP1012L20) & 충전기(LC1012) 판매,"ES 산업 - 전동공구용 리튬이온 배터리와 충전기 세트 판매합니다.
충전기 : LC1012
배터리 : LP1012L20
실사용 1회인 상태 양호한 중고 제품입니다.
수량은 각 1개 입니다.",35000,2025.12.02,244,6,7
220762572,중고나라,이사 정리,이사정리) 삼성 투인원 에어컨,"제품명 : AF16M7971WF

제조는 2017년입니다. 시원하게 잘 나오며 아무 문제

없습니다.
둘 다 정품 리모컨 있습니다.

김포 장기동입니다",270000,2025.12.02,156,1,0
222496314,중고나라,이사 정리,덱스터 다이얼 볼링화 270,덱스터 다이얼 볼링화 판매합니다,40000,2025.12.02,59,1,2
222496257,중고나라,이사 정리,블랙위도우 블랙펄 15p 덤리스 지공,블랙위도우 블랙펄 우레탄 15p입니다. 덤리스 지공이고 게임 수 100게임 미만입니다. 연락주세요,130000,2025.12.02,28,0,0
222496207,중고나라,이사 정리,블랙위도우 매니아 15p 덤리스 지공,블랙위도우 매니아 15p입니다. 덤리스 지공 게임 수 100게임 미만입니다. 연락주세요,110000,2025.12.02,347,2,2
221700837,중고나라,이사 정리,스타벅스 홀리 그린 스탠리 통가 보온병 새상품,"스타벅스 홀리 그린 스탠리 콜라보 텀블러 새상품입니다. 
크리스마스 MD 상품으로 예전에 선물받은 후 보관만 했습니다
녹색 바디에 빨간색 손잡이 고리 포인트 있고, 보온/보냉 효과가 뛰어납니다. 캠핑이나 차박할 때 유용하게 쓰일 것 같아요.",50000,2025.12.02,68,0,1
221753973,중고나라,이사 정리,나이키 ACG 악틱울프 집업 후리스 XL,"미개봉 새상품입니다

사이즈는 해외 XL

국내 XXL보다 기장은 더 길고 품은 비슷합니다

사이즈 문의만 하고 잠수타시는 분들이 많아 답변 드리지 않습니다

사이즈 알아보시고 연락주세요",170000,2025.12.02,80,1,1
221700910,중고나라,이사 정리,스타벅스 별다방 트로이 텀블러 새상품,스타벅스 별다방 트로이 텀블러 미사용 새상품입니다. 한국에서만 만날 수 있는 특별한 디자인이 매력적입니다. 패키지 그대로 있어 선물용으로도 좋아요,30000,2025.12.02,41,0,0
221700881,중고나라,이사 정리,스타벅스 에고스 다크그린 텀블러 새상품,스타벅스 에고스 다크그린 텀블러 완전 새상품입니다. 실물 색감이 정말 예뻐요. 박스채로 있어서 선물용으로도 좋을 것 같습니다.,10000,2025.12.02,197,0,0
219647026,중고나라,이사 정리,씨게이트 외장SSD 1TB(케이스포함),"업무용으로 샀는데 문서보관만 좀 하다가 최근 다른 제품을 지급받아 판매합니다

3번째 사진 보시면 겉에 작은 찍힘하나 있는데 기능에 전혀 문제 없습니다

SSD라서 데이터 이동속도 엄청 빠릅니다
씨게이트 정품 씰 부착되어있습니다

케이스 포함해서 같이 드립니다

구매가 : 17만원",100000,2025.12.02,170,2,0
219629591,중고나라,이사 정리,나이키 조던1 하이 헤리티지 280,"고무끈 달아놨고 많이 안신어서 밑창 로고 지워지지도 않았습니다

신발 단품",50000,2025.12.02,80,0,1
219252737,중고나라,이사 정리,juun.j 준지 타소재 맨투맨 L,"소매부분이 나일론으로 되어있는 준지 맨투맨입니다

사이즈는 L인데 크게나온 모델이라 110 정도 됩니다

택보유중이고 많이 입진 않아 자연스러운 사용감 외엔 상태 좋아요",280000,2025.12.02,92,0,1
220480303,중고나라,이사 정리,나이키 헤리티지 86 캡,"대구 신세계백화점에서 구매 후 5번정도 착용했습니다

세탁은 안했고 물빠짐도 없습니다",41000,2025.12.02,27,0,0
222107712,중고나라,이사 정리,생육절단기,"간격 20mm
생육절단기 세절기 팝니다.
간격은 제조사 문의로 조절 가능합니다.
가격 최대한 맞춰드립니다.",900000,2025.12.02,169,0,1
221972578,중고나라,이사 정리,나이키 에어맥스97 운동화,"나이키 에어 줌 UPTURN SC 운동화입니다
- 사이즈는 255mm입니다
- 가볍고 편안한 착화감을 제공합니다 
- 나이키 팩트리 아울렛 구매
 (구입가 83,000원)
- 구입 10/19일
- 사용 10/20일 조깅 1시간 사용
 (제겐 작아서 조깅하기 힘드네요 ㅠ)
- 거의 새거나 마찬가지 입니다
- 빠른 판매를 위해 가격 내려봅니다 ㅠ
- 가격 더 내렵니다. 얼른 가져가세요^^",48000,2025.12.02,46,0,0
222004726,중고나라,이사 정리,ASUS TUF Gaming RX 6800 XT 그래픽카드,"9070xt로 업그레이드 해서 처분합니다
AMD 라데온 RX 6800 XT 그래픽카드입니다. 풀박스이고 상태 좋습니다.
3d 마크 돌렸을때 2.07 나오고 오버클럭 적용시키면 2.1까지 나올것으로 보입니다

흡연x 채굴x 
네고 환불 불가능합니다",340000,2025.12.02,318,7,2
222485217,중고나라,이사 정리,레이저 울버린 V3 토너먼트 에디션,"울버린 V3 토너먼트 에디션 입니다. 박스와 구성품이 모두 보관되어 있고 상태 준수합니다.
8월 25일 구매제품이고 실사용 기간 일주일 정도입니다. 그 이후로 사용 안하다가 8k로 갈아타서 판매합니다.",80000,2025.12.01,74,0,1
222484144,중고나라,이사 정리,"이사 정리)) 소파베드, 세라믹 테이블, 옷장 수납장, 진열장 등등..저렴하고 예쁜 가구 득템하세요!","이사때문에 가구 정리하는데 가성비좋고 예쁜걸로 열심히 고른것들인데 당근하기 아쉬워서ㅠㅠㅠㅠ 감성숙소에 어울릴 것 같아서 여기 올려봅니다! 한번에 구매해가시면 좋을 것 같은데 문의 많이주세요~! 전부 1년이내~ 1년정도밖에 사용 안한 제품들이에요!

1. 오픈컬렉션 OC1 세라믹 식탁 1600사이즈: 83만-> 35만
2. 리샘 수납장+선반장 세트 800(VER01) : 17만->11만
3. 블리커 페이즈 아쿠아텍스 소파베드: 28만->14만
4. 포더홈 플레인 수납장 2개: 24만-> 15만
5. 오트밀하우스 시스템행거 모듈 6세트: 70만원 -> 25만원",110000,2025.12.01,115,2,0
204861439,중고나라,이사 정리,어라운드율 볼레로 세트 코랄,"어율 자체제작 볼레로 세트 코랄 
퍼컬 생각 못하구 제가 코랄이 안받아서 그냥 그대로 
보관중 나시랑 볼레로 세트입니다. 텐션 좋아서 잘 늘어나고 
반폴라라 고급져요",31000,2025.12.01,77,2,1
222479121,중고나라,이사 정리,타미 헤링본 자켓 새상품 XL (양면 경량패딩),"양면으로 활용할 수 있는 자켓입니다

누빔처리되어 있는데 엄청 두껍진 않아서 초봄까지 입을수 있을거같아요

미착용 새상품입니다

XL인데 사이즈가 크게 나왔어요
실측 가슴단면 71cm, 기장 70cm 정도 됩니다",100000,2025.12.01,26,0,0
222473439,중고나라,이사 정리,구찌 꿀벌 에이스 스니커즈 정품 판매합니다,"신발 사이즈 265 입니다~
구찌 꿀벌 에이스 스니커즈 정품 판매합니다. 흰색 가죽에 구찌 시그니처 삼선이 포인트입니다. 꿀벌 자수 디테일이 매력이죠^^
백화점에서 구매했습니다 
가품일시 당연히 환불 해드리죠!
슈구 발라서 신어서 신발 굽 많이 안달았어요
상태는 정말 좋습니다 믿고 구매하세요",180000,2025.12.01,30,0,0
222312627,중고나라,이사 정리,신세계 이마트 상품권,"신세계 이마트 상품권 25만원 10한장 5두장 1 다섯장 입니다

직거래 : 세종시 조치원
안전거래 : 세이프유 중고나라 가능 수수료 구매자부담
연락처 : 응 5437 132일",235000,2025.12.01,61,0,1
221967521,중고나라,이사 정리,도요 코바4 5.6대1 블랙 좌핸,"도요 코바4 5.6대1 블랙 좌핸 입니다.
블레이드 25.8월에 감아놓은 블레이드 1.2호 만땅 감겨있으며
박스, 보증서 포함 입니다
생활기스는 있을 수 있으나 눈에띠거나 하는 스크레치는 
없습니다.

택배비 : 선
직거래 : 세종시 조치원
안전거래 : 세이프유 중고나라 가능 수수료 구매자부담
연락처 : 응 5437 132일",310000,2025.12.01,124,1,0
222275005,중고나라,이사 정리,레이저 바이퍼 v3 pro 페이커 에디션,"레이저 바이퍼 v3 pro 페이커 에디션
25년 5월 12일 구매 제품
5월 28일에 구매, 실사용 3시간 정도인 아티산 히엔 마우스패드(와인레드 Xsoft XXL) 추가 가능합니다
추가 시 20만원입니다",150000,2025.12.01,186,2,3
222447910,중고나라,이사 정리,브레인롯즈 훔치기,"다이아 햄버거 6.0에 급처합니다
채팅주세요 
찔러보기/가격문의 가능",60000,2025.11.30,110,0,4
219637942,중고나라,이사 정리,이사준비로 옷장정리합니다/박스가득 넣어드려요/옷 없으신분들 옷장만 하세요/-무료배송,"📢 제목에 ""제조사/ 브랜드 명""과 “상품명”을 넣어 작성하면, 보다 빠른 판매가 가능합니다! 
📢 게시글 작성 시 배송 방법에 “직거래”와 “내 위치” 설정할 경우, 보다 빠른 판매가 가능합니다! 



안녕하세요.^^

결혼 전 아마추어 출사모델을 취미 삶아 해서 옷이 많아요.
큰언니.작은언니.동생까지 있어서 
내가 평소에 잘 안입게 되는 옷들이랑 불편한옷들, 안어울리는 옷들,
작아진 옷들등등 옷이 너무 많아서 최대한 옷을 정리합니다.

본인 상의 하의 싸이즈
(예시 -상의44.55.66 하의 24. 25.26.27등등)
좋아하는 스타일과 싫어하는 스타일
그리고 나잇대와 신발싸이즈 알려주시면 옷고르는데 참고 사항이 될 듯합니다.^^
전체적으로 정리를 위한 것이라
한가지 스타일만 원하시거나 한계절옷만 원하시는 것도 어렵습니다.

위에 싸이즈와 참고할 만한 사항들을 잘 적어주시면 
옷 정리하는데 참고할 수 있으니 상세하게 잘 적어서 문자나 쳇부탁드려요
100프로 만족시켜드리지 못하오니 
예민하신분이나 까다로우신분은 신중거래부탁드려요.

대신 한두벌에 만원 이만원 NO~NO~
기본 10이상이 기본~
사과박스만한 곳에 가득가득 넣어드리는 가격이 택배포함

기본이 25.000원(배송비포함)부터 100.000가능하시고

25.000ㅡ10벌이상
30000ㅡ15벌이상
40.000ㅡ20벌이상
50.000ㅡ25벌이상
60.000ㅡ30벌이상
70.000ㅡ35벌이상
80.000ㅡ40벌이상
90.000ㅡ45벌이상
100.000ㅡ50벌이상
5천원씩도(2벌정도)추가 가능하세요

딱 한계절만 정해서 보내드릴수는 없고요. 
어느정도 계절반영해서
기본 44~77까지 가능 다양하게 봄.여름.가을.겨울옷으로 챙겨드려요
옷 많이 없으신 여성분들 옷장만 하기 좋은 기회입니다.

예민x
반품 교환 환불 x
010-2421-1공공6으로 연락주세요. 





🚨회원님의 거래 게시글을 노린 중고나라 운영진 사칭 피싱 사이트를 주의하세요🚨",25000,2025.11.30,54,2,1
222438395,중고나라,이사 정리,K5 마감제&네비게이션,"네비게이션 VK838 PLUS입니다
카오디오, AVN, GPS, DMB 지원합니다
같이판매합니다",45000,2025.11.30,55,0,0
222364095,중고나라,이사 정리,MG 앗가이 반다이/건담/건프라/미개봉,"박스에 이상 없음 / 모두 검수 완료

거래 후 단순 변심으로 인한 환불은 일절 받지 않습니다

타 제품과 교환 및 네고 안 받습니다",55000,2025.11.30,31,1,1
222307161,중고나라,이사 정리,a7m4 팝니다.,"1. a7m4


보증지났습니다.


22.6.18일 구매입니다.


셔터는 작년쯤에 한번 교체했습니다. 내용참고


사용감있습니다. 사진참고



구성품


스몰리그L플레이트 , FDA-EP21 , 박스(USB 없음)



대전 직거래(산내동 , 가오동) 또는 박품없는 택배 가능합니다. 택배비는 제가 지원합니다.


010-3404-육육칠이",1720000,2025.11.30,169,1,2
222431261,중고나라,이사 정리,(이사정리 12/8까지판매)이케아 화이트 철제 2단 선반,"이케아 화이트 철제 2단 선반입니다
- 튼튼한 철제 소재로 제작되어 안정적입니다
- 2단으로 구성되어 다양한 물품을 효율적으로 수납할 수 있습니다
- 깔끔한 디자인으로 어느 공간에도 잘 어울립니다

가로 90 세로 40 폭 35 입니다!

2개 있고 개당 가격입니다!",10000,2025.11.30,40,1,1
222146280,중고나라,이사 정리,LG전자 24V70Q-GR30K 일체형 컴퓨터 A급 팝니다.,"LG전자 24V70Q-GR30K 일체형 컴퓨터 
A급 팝니다.
윈도우11 깔려있고 사놓구 사용을 별로 안해서 거의 새거입니다.
부팅속도나 운영속도도 굉장히 빠르고
동작 아주 잘됩니다.
사진상에 있는거 책상까지 다 드립니다.
가격은 조치원 직거래 60만원에
판매합니다.
구매의향이 있으시거나 문의사항 있으시면
연락주세요.
010-
제아이디 검색해보시면 중고나라에 거래내역많고 한번도 불미스런일 없었습니다.
※이상한 사이트 등록해달라고 사기꾼들 연락하면 바로 신고합니다※",600000,2025.11.30,75,0,1
222417470,중고나라,이사 정리,밀리의 서재 6개월 구독권 (단독사용),밀리의 서재 6개월 구독권 판매해요!,40000,2025.11.30,32,0,1
222069156,중고나라,이사 정리,DKNY 골프 남성 기모 바지 M(33),"DKNY 골프 남성 기모 바지 M(33) 사이즈입니다
- 색상은 진한 네이비입니다
- 사진상 조명 때문에 빛바래 보이지만 A급 상태입니다
- 편안한 착용감과 활동성이 좋습니다
- 깔끔한 디자인과 골프에 최적화된 기능성을 제공합니다
- 기장 : 100
- 상태는 양호합니다
- 직거래, 택배거래 가능 합니다
- 중고품 특성상 반품, 환불은 사양 합니다 ^^;",25000,2025.11.29,17,0,0
222407618,중고나라,이사 정리,(이사정리)삼성전자 김치냉장고,"삼성전자 김치냉장고 입니다
매우 잘 작동되고 사용하다가 
이사때문에 처분합니다",150000,2025.11.29,55,1,2
218864039,중고나라,이사 정리,한솔 신기한 한글나라 한글떼기 택포 이사정리,,40000,2025.11.29,96,2,2
222401924,중고나라,이사 정리,미라박스 N3스트림덱 컨트롤러 / 스트림밍 덱,"미라박스 N3 스트림 덱 LCD 라이브 컨트롤러입니다.

방송이나 편집 작업할 때 유용하게 사용할 수 있습니다.

USB 케이블 포함입니다.

알리에서 샀는데 저는 쓸 일이 없어서 거의 사용하지 않았습니다.

잘못하고 동일한 제품을 두번사서, 이거는 이 가격에 팝니다.. ㅜㅜ",32000,2025.11.29,38,1,2
220490441,중고나라,이사 정리,락시125PD 카약(35만원),"1. 락시125PD 카약
가. 가격 : 21일까지 가져가시면 35만원
 - 컨테이너 보관비 결제일 이전에 가져가시면 할인해 드립니다. 이후엔 가격 정상화 시킵니다.
나. 구성품 : 카약 본체 및 구성품
- 패달드라이브, 계측 플레이트, 태클박스(6구 로드홀더 포함), 부력 뜰채, 패들
다. 세부내용
금강카약의 락시 125pd 카약 판매합니다.
사진에도 상태 보이겠지만, 깨끗한 새거 아닙니다.
몇년동안 재밌게 즐겼고, 대신 몰드에 크랙이나 깨진 부위 없습니다.(민물에서만 사용)
카약 앞코는 킬가드 작업되어있습니다.
러더는 튜닝해놔서 무게 때문에 복귀시 3/4 정도 올라옵니다.
(물론 걸리는 부분 없고, 복귀해서 수동으로 1/4정도 접어주면 됩니다.)
패달드라이브도 금강카약에서 관리하면서 탔습니다.
현재 컨테이너에 보관 중이고, 사용하던 카약 커버(타포린) 함께 드립니다.(야외보관 가능)
안쪽 보관함은 고무라 삭아서 뜯어진 부분 있지만, 기능상 문제 없으니 그냥 타셔도 좋고, 
친절하신 금강카약 사장님 수리 받으셔도 좋습니다.
앞 왼쪽 수납함 덮개에 소나케이블 보관 하기위해 케이블 자리 튜닝한 흔적 있습니다.
아시는 분들은 아시겠지만, 락시125PD - 직진성/안전성/거주성/속도/AS/가격 너무 좋습니다.
같이 타던 동료들이 다들 바다로 넘어가서......또 탈시간이 없고.....
보관만 하고 있기는 아까워서 보냅니다.

직접보고, 만져보고, 두드려보고 가져가세요. 직거래 우선합니다.
평일 저녁 또는 주말/휴일 대전 동구 대성동/가오동에서 실물 확인 할수 있습니다. 

문의 사항은 문자로 연락주세요.
급하게 파는거 아니니 가격은 제가 낮추겠습니다.
기본 예의는 지켜주시고요.

응-9오오1-9이팔6",350000,2025.11.28,747,3,1
220490808,중고나라,이사 정리,카약 토너먼트용 바칸(어창),"10. 토너먼트용 바칸
가. 가격 : 
나. 구성품 : 바칸, 로드홀더 6구, 방수가방, 기포기
다. 세부내용
금강카약 사장님이 만들어 주신 작품(1회 사용)
간단히 대회 참가용 또는 바다낚시 시 어창으로 사용하기 좋아요.

직접보고, 만져보고, 두드려보고 가져가세요. 직거래 우선합니다.
평일 저녁 또는 주말/휴일 대전 동구 대성동/가오동에서 실물 확인 할수 있습니다. 

문의 사항은 문자로 연락주세요.
급하게 파는거 아니니 가격은 제가 낮추겠습니다.
기본 예의는 지켜주시고요.

응-9오오1-9이팔6",20000,2025.11.28,340,4,2
222019522,중고나라,이사 정리,스탠드 LG 42인치 플라즈마 TV,"LG 42인치 플라즈마 TV 입니다
스탠드 TV로 사용했습니다.
스탠드 제거 하고 벽걸이로도 사용가능합니다.
플라즈마 TV로 생생한 화질을 경험할 수 있습니다
회의할 때 주로 사용해서 구동시간이 많지않습니다.
구동확인 및 클리닝 하여 포장해두었습니다.",160000,2025.11.27,19,0,0
221574174,중고나라,이사 정리,[판매글] 두산 DNM650 MCT 중고 장비 (데이터 서버 탑재 / 풀세트),"1. 판매 물품 명 :
두산 DNM650 MCT (머시닝센터) 중고 장비
2. 판매자 전화번호 :
010-3231-3511
3. 물품의 수량 : 1대
4. 판매 가격 : 3,800만 원 (일괄)
5. 배송 방법 및 비용 : 별도
6. 판매 물품 사진 : 네임텍 인증 포함 (카페 규칙 준수 예정)

안녕하세요.
공장 정리로 인해 두산 DNM650 MCT 장비를 일괄 판매합니다.
데이터 서버 탑재 및 LAN 연결 완료로 즉시 NC 데이터 전송 및 가공 작업 가능한 상태입니다.
실사용 중이던 장비로 정상 가공 및 관리 상태 매우 양호합니다.

🔹 주요 특징
데이터 서버 탑재
LAN 케이블 외부 인출 완료 → 공유기만 연결하면 즉시 사용 가능
PC에서 NC 데이터를 직접 드래그하여 전송 가능
정상 가공 가능 / 상태 양호

🔹 구성 및 부속품
칩 컨베이어 및 칩 보관통 포함
절삭유 드럼통 거치대 포함
3상 220V 트랜스 포함
상부 오일 미스트 집진기 탑재
6인치 바이스 2개 설치 + 예비 바이스 1개 추가 보유
BT40 툴 10개 이상 보유 (대부분의 공구 호환 가능)
툴 작업대 및 공구대 포함
즉시 MCT 가공 작업이 가능한 완비 세트 구성

🔹 판매 조건
판매 금액 : 3,800만 원 (일괄)
포함 내역 : 위 명시된 모든 구성품 일체
운송·상차·설치비 : 별도
가격 협의 가능 / 상태 영상 제공 가능

문의 : 010-3231-3511
공장 정리로 급매 진행 중입니다.
장비 상태 양호하며, 즉시 가동 가능한 풀세트 구성입니다.
관심 있으신 분은 편하게 연락 부탁드립니다.
감사합니다.",38000000,2025.11.27,298,2,4
222326205,중고나라,이사 정리,브레인롯즈 훔치기,,15000,2025.11.27,204,2,1
222312919,중고나라,이사 정리,너무경 공인중개사,"너무경 공인중개사 
기본서, 필수서, 요약집, 실전모의고사",100000,2025.11.27,58,0,1
222311252,중고나라,이사 정리,팻샥 도미네이터 v2 페이스플레이트 삽니다 다 사요 진짜,"팻샥 도미네이터 v2 페이스플레이트 다 삽니다 연락 주세요
fatshark faceplate",100,2025.11.27,58,0,0
221881398,중고나라,이사 정리,신형에쿠스 세로그릴 팝니다.,"신형에쿠스vi 세로그릴 팝니다 .
상태 깨끗합니다.
가니쉬 ㆍ세로그릴 ㆍ카메라 포함.
뒷면 키 전부 살아있습니다.
신형개조 하실분이나 상태 좋은거 찾으시는분
구입하시면 됩니다.

010 4279 3350 
유선 연락 주시면 됩니다.",185000,2025.11.26,134,1,2
222268929,중고나라,이사 정리,벨트 스쿼트 운동기구,벨트 스쿼트 운동기구입니다. 블랙 프레임에 레드 포인트가 멋스러운 디자인이에요. 상태 최상 직거래원합니다,800000,2025.11.26,231,3,1
221879701,중고나라,이사 정리,문호스트레이독스 가이드북 개화록+심화록 합본 한정판 문스독/굿즈/미개봉,,40000,2025.11.25,27,0,0
220544819,중고나라,이사 정리,크리스마스 트리 조명 글리터 별 (40cm) 48개,"크리스마스 트리 장식용 글리터 별(40cm) 조명 판매합니다.
택배 및 직거래 가능하며, 
택배는 박스 부피가 있어 다량 구매시 화물 택배로 진행되오니
화물 택배비는 협의하여 진행하도록 하겠습니다.
직거래는 세종시 조치원에서 할 수 있습니다.

수량 70개 있고, 대량 구매 네고와 소량 구매 네고 별도로 판매합니다.
적어놓은 판매 가격은 개별 구매가로 올려놓은 것이니 참고하시어
구매수량 정하셔서 연락 주시면 감사하겠습니다.
연락은 채팅을 잘 못봐서 개인 휴대폰으로 연락주시면 감사하겠습니다.
010
5사3육
육8칠7 문자 및 전화 주세요!",32000,2025.11.25,45,0,0
220544763,중고나라,이사 정리,크리스마스 트리 조명 글리터 별 (30cm) 80개,"크리스마스 트리 장식용 글리터 별(30cm) 조명 판매합니다.
택배 및 직거래 가능하며, 
택배는 박스 부피가 있어 다량 구매시 화물 택배로 진행되오니
화물 택배비는 협의하여 진행하도록 하겠습니다.
직거래는 세종시 조치원에서 할 수 있습니다.

수량 70개 있고, 대량 구매 네고와 소량 구매 네고 별도로 판매합니다.
적어놓은 판매 가격은 개별 구매가로 올려놓은 것이니 참고하시어
구매수량 정하셔서 연락 주시면 감사하겠습니다.
연락은 채팅을 잘 못봐서 개인 휴대폰으로 연락주시면 감사하겠습니다.
010
5사3육
육8칠7 문자 및 전화 주세요!",22000,2025.11.25,55,0,0
221984236,중고나라,이사 정리,크리스마스 별 글리터 40cm 리퍼제품 50개 판매,"크리스마스 트리 장식용 글리터 별(40cm) 조명 리퍼 제품 판매합니다.
리모컨 작동 가능하고, 전원 플러그 부분에도 조명 작동 변경 키 있습니다.

택배 및 직거래 가능하며,택배는 박스 부피가 있어 다량 구매시 화물 택배로 진행되오니
화물 택배비는 협의하여 진행하도록 하겠습니다.
직거래는 세종시 조치원에서 할 수 있습니다.

수량 50개 있고, 대량 구매 네고와 소량 구매 네고 별도로 판매합니다.
적어놓은 판매 가격은 개별 구매가로 올려놓은 것이니 참고하시어
구매수량 정하셔서 연락 주시면 감사하겠습니다.
연락은 채팅을 잘 못봐서 개인 휴대폰으로 연락주시면 감사하겠습니다.

010 5사3육 육8칠7 문자 및 전화 주세요!",27000,2025.11.25,15,0,0
221984395,중고나라,이사 정리,크리스마스 트리 조명 글리터 별 30cm 리퍼제품 30개 판매,"크리스마스 트리 장식용 글리터 별(30cm) 조명 리퍼 제품 판매합니다.
리모컨 작동 가능하고, 전원 플러그 부분에도 조명 작동 변경 키 있습니다.

택배 및 직거래 가능하며,택배는 박스 부피가 있어 다량 구매시 화물 택배로 진행되오니
화물 택배비는 협의하여 진행하도록 하겠습니다.
직거래는 세종시 조치원에서 할 수 있습니다.

수량 30개 있고, 대량 구매 네고와 소량 구매 네고 별도로 판매합니다.
적어놓은 판매 가격은 개별 구매가로 올려놓은 것이니 참고하시어
구매수량 정하셔서 연락 주시면 감사하겠습니다.
연락은 채팅을 잘 못봐서 개인 휴대폰으로 연락주시면 감사하겠습니다.

010 5사3육 육8칠7 문자 및 전화 주세요!",18000,2025.11.25,30,0,0
222248654,중고나라,이사 정리,알파인보드 세트 스피스스터 SL 163,"21/22시즌 장비들이며 보드와 바인딩 모두 사용감은 있지만, 몇 번 안타서 전체적으로 양호한 상태입니다.

와이프 결혼하기 전에 쓰던건데 이제는 안 타서 내놓게 되었습니다.
왁싱 해놓은 흔적은 있는데, 엣징왁싱은 하셔야 할꺼예요. 
세종 조치원 직거래 원하구요, 각개 없이 일괄로 판매되길 원합니다! 가격제안도 받습니다!

데크 F2 스피드스터 SL 163
바인딩 사이즈 M
하드부츠 디럭스 325T 사이즈 250 아웃쉘 277",600000,2025.11.25,451,6,4
222192278,중고나라,이사 정리,굽네치킨 고추바사삭+바질토마토피자+1.25L 콜라 기프티콘,"네고 안함
이체 확인 후 보내드립니다.
공일공육3둘둘 1401 입니다",26000,2025.11.25,24,0,0
222133596,중고나라,이사 정리,레더맨 시그널(signal)코요테 탄 색상 국내정품 미사용 새제품 팝니다.,"레더맨 시그널(signal)코요테 탄 색상 국내정품 미사용 새제품 팝니다.
개봉만한 미사용 새제품입니다.
신명글로빅스 정품이고 박스에 한글보증서 붙어있는 국내정품입니다.
가격은 직거래로 12만원에 판매합니다.
세종시 조치원 직거래로 판매합니다.
010
제아이디 검색해보시면 중고나라에 거래내역많고 한번도 불미스런일 없었습니다.
근무시간에는 답장이 약간늦을수 있습니다.",120000,2025.11.25,129,2,1
222149712,중고나라,이사 정리,2024갤럭시워치 울트라 32g 자급제 미개봉 새제품 팝니다.,"2024갤럭시워치 울트라 32g 자급제 미개봉 새제품 팝니다.
미개봉 새제품이고 색상은 티타늄 그레이 색상입니다.
자급제이고 제조일자는 25년6월입니다.
제로스킨 케이스와 보호필름 같이 드립니다.
조치원 직거래로 48만원에 .
제아이디 검색해보시면 중고나라에 거래내역많고 한번도 불미스런일 없었습니다.
※사기꾼들이 사기칠려고 이상한 사이트에
올려달라고 자꾸 연락하는데 바로신고한다.그리고 욕 많이 먹는다※",480000,2025.11.25,41,0,0
222234769,중고나라,이사 정리,캠핑용 루프탑텐트,"캠핑용 루프탑텐트입니다. 
아이캠퍼 3.0
상태양호
툴레 가로바 포함",1400000,2025.11.25,42,0,0
222229800,중고나라,이사 정리,샤넬 캐비어 시티커브 시즌백 내장칩 라지,"샤넬 시티커브 시즌백 입니다 캐비어 금장이고 내장칩 버전 입니다 직거래 , 택배거래 안전결제 모두 가능하며 구성품 모두 다 있고 상태 또한 매우 좋습니다 라지 입니다",5500000,2025.11.25,66,3,0
222225830,중고나라,이사 정리,PCX125 다이렉트케이블,"일본 위바이크에서 주문했던 혼다 정품 다이렉트케이블입니다.
품번은 43450-K97-J11
국내에서는 구입할 경로가 없어서 배송비 포함 5만5천원정도에 겨우 구했습니다.
더뉴PCX125 19년식 뒷브레이크 유격때문에 장착했다가 기변으로 1주일만에 탈거했습니다.
장착방법은 유튜브에 잘 나와 있어요.",30000,2025.11.24,157,0,0
221595285,중고나라,이사 정리,액션캠 에이스프로2,"올해 3월말에 구매하여 몇번 사용하지 못한 에이스프로2 입니다. 
처음 듀얼배터리 세트에
정품 배터리와 배터리케이스 해서 총 배터리 3개있고,
액션캠케이스와 정품 다이브케이스와 핸들
그리고 가로세로 전환 마운트도 있어 
따로 구매하시는것보다 훨씬 싸게 팝니다

정품악세서리 구성으로 구매하시려고 하면 30만원은 더 듭니다..

추가적으로 micro sd 카드 요청주시는분이 많아 가지고 있는 삼성 256기가 sd카드도 같이 드려요

택배거래시 택배비는 제가 부담하여 우체국으로 보내드리고,
직거래는 평일엔 세종 조치원역이나 소담동,
주말엔 당진이나 영등포역 가능합니다

관심있는분은 문자주세요",550000,2025.11.24,60,0,2
222215155,중고나라,이사 정리,빌트록스 소니 56 F1.7,산지 보름된 새제품입니다,150000,2025.11.24,32,0,1
222215065,중고나라,이사 정리,빌트록스 23 f1.4,"세종, 오송, 대전 직거래 됩니다
극미품입니다",230000,2025.11.24,73,2,1
222002579,중고나라,이사 정리,LG휘센 23평형 냉난방기 스탠드형,"LG 업소용 냉난방기 23평형 입니다.
19년도 제조

외관, 성능 문제 없어요.
가게 이전 때문에 팝니다.

12/1일 이후, 철거 까지만 가능합니다. 
직접 가져 가셔야 해요.

직접 철거까지 하실분은 바로 가져가실 수 있어요.",600000,2025.11.24,88,2,1
221942902,중고나라,이사 정리,에어딕 무선 마사지기,"에어딕 무선 종아리 마사지기 입니다 
착용하고 돌아다녀도 돼서 너무 좋아요 
괄사 패드도 포함이라서 알 뿌셔줍니다
온열기능도 있고 오래 서계시는 분 
혈액순환 안되시는 분 종아리 근육 풀고 싶으신 분 추천드려요

배송비 4000원 
넘는건 제가 부담하겠습니다!",65000,2025.11.24,38,1,0
222208497,중고나라,이사 정리,브레인롯즈 훔치기,"음양67 86.2m
캔디67 112m 2개 합처서1.0에 팝니다",22000,2025.11.24,27,1,1
216598764,중고나라,이사 정리,ECM 하이패스 룸미러 5버튼,"작동 상 이상없음
현대/기아 하이패스 룸미러",55000,2025.11.24,87,1,3
222210087,중고나라,이사 정리,"DDR5 6000MHz 32GB 메모리(expo, 램 16g 2개)","ESSENCORE KLEVV DDR5-6000 CL30 BOLT V
5월 31일 구매 제품입니다
정상 작동하고 라이젠 시스템에서만 사용 가능합니다",250000,2025.11.24,108,1,3
221897747,중고나라,이사 정리,LG 32 TV 팝니다,"LG 32 TV 팝니다

모든기능 작동잘되고 A급 입니다
 모델명 : LG32LM580BEND 
 제조일자 : 2023년 9월
 박스가없어서 직거래만가능
 금액 : 180,000원 입니다
쪽지나 댓글안보니 휴대폰으로
필요하신분은 연락주세요
010-3670-7316 
세종시 조치원 입니다",180000,2025.11.24,35,0,0
221894644,중고나라,이사 정리,coms ep723 4채널 소형믹서 컴스마트 오디오믹서,"coms ep723 4채널 소형믹서 컴스마트 오디오믹서

구입하여 개봉후 테스트만 해봤읍니다

모든기능 작동잘되고 새것입니다

본체,USB케이블,박스,설명서 그대로 입니다

 모델명 : EP723 

택배비포함 35,000원 입니다

쪽지나 댓글안보니 휴대폰으로
필요하신분은 연락주세요
010-3670-7316 
세종시 입니다",35000,2025.11.24,63,1,0
220490650,중고나라,이사 정리,씨투써밋 미디움 카트(패드 포함 - 125PD 거치용),"8. 씨투써밋 미디움 카트(패드 포함 - 125PD 거치용)
가. 가격 : 
나. 상태는 사진 참고 하세요.

직접보고, 만져보고, 두드려보고 가져가세요. 직거래 우선합니다.
평일 저녁 또는 주말/휴일 대전 동구 대성동/가오동에서 실물 확인 할수 있습니다. 

문의 사항은 문자로 연락주세요.
급하게 파는거 아니니 가격은 제가 낮추겠습니다.
기본 예의는 지켜주시고요.

응-9오오1-9이팔6",40000,2025.11.24,78,0,0
222186435,중고나라,이사 정리,RTX5060/ core7 /16gb 에이수스asus 게이밍 고성능 노트북 v16,"CPU:인텔 최신 코어7 240H 
VGA:지포스 RTX5060 
메모리:램DDR516G(추가 가능)
모델:M3607VM
보증기간 올려둿습니다.
512gb이고 웬만한 게임 다 돌아갑니다.
파우치도 드립니다",1000000,2025.11.23,172,2,3
222184262,중고나라,이사 정리,"그랜저HG 에어컨고압,저압 호스","고압/저압/팽창벨브포함
그랜저HG 에어컨 고압, 저압 호스입니다. 상태는 사진과 동일하며, 사용감은 있지만 기능에는 문제 없습니다. 차량 에어컨 수리에 필요한 부품입니다. 별도 문의 없으시면 바로 안전결제 부탁드려요!",50000,2025.11.23,38,0,0
222183891,중고나라,이사 정리,LG 휘센 천장형 냉난방기 TUW0900A2SF,"LG 휘센 천장형 냉난방기 판매합니다

- 모델명: TUW0900A2SF, TNW0900A2SF
- 냉방능력: 9000W
- 난방능력: 11000W

LG Smart Inverter로 에너지 효율이 뛰어나고, 쾌적한 냉난방을 제공합니다 실내기, 실외기 모두 포함되어 있습니다

●설치만 했다 사용못하고 창고에 보관중입니다●",1400000,2025.11.23,60,0,1
222183518,중고나라,이사 정리,아시아전자 열기구 스탠드형,"아시아전자 열기구 스탠드형 입니다.
작동 잘 되고, 지금도 정상 사용중이에요. 
가게 이전으로 팝니다.
11/30 이후 가져가실 수 있어요. 

세종시 조치원
직접 가져 가셔야 합니다.",150000,2025.11.23,44,0,0
221918850,중고나라,이사 정리,플라잉스타 열기구(벽걸이),"플라잉스타 벽걸이형 열기구 입니다. 
창가자리에 설치 했어서 
빛바램 때문에 흰색 부분 황변 좀 있지만
상태 좋고 작동 잘 됩니다. 

주로 경대에서 스탠드형 썼어서
실 사용 횟수 많지 않습니다.

철거는 해 드릴 수 있으나, 직접 오셔서 가져 가셔야 합니다.
11/24 이후 가져 가실 수 있습니다.",100000,2025.11.23,21,0,0
221919235,중고나라,이사 정리,반자동 샴푸대,"깨끗하게 사용했어요.
상태 좋아요.

목관절 부식은 어쩔 수 없어서
목관절 부분만 교체 하셔서 사용하시면 됩니다.

철거는 해 드릴 수 있으나
직접 오셔서 가져 가셔야 합니다.

11/30 이후 가져가실 수 있습니다.",150000,2025.11.23,23,0,0
222035560,중고나라,이사 정리,RTX5060/ core7 /16gb 에이수스asus 게이밍 고성능 노트북 v16,"CPU:인텔 최신 코어7 240H 
VGA:지포스 RTX5060 
메모리:램DDR516G(추가 가능)
모델:M3607VM
보증기간 올려둿습니다.
512gb이고 웬만한 게임 다 돌아갑니다.
파우치도 드립니다
완전새거",1000000,2025.11.23,174,1,1
222147931,중고나라,이사 정리,젠하이저 HD660S2,"24년 2월 젠하이저 코리아 구매 HD660S2 판매합니다. 박스와 구성품이 모두 포함되어 있으며, 박스 정품 Qr 부착되어 있습니다. 다른 음향기기 구매로 인해 거의 사용하지 않아 판매합니다.
세종시 조치원역 인근 직거래 가능하며 이외 지역 우체국 택배로 5천원 추가됩니다.
010 2350 0549 문자 주세요",280000,2025.11.22,183,1,6
221879870,중고나라,이사 정리,HG 르브리스 아녹타 반다이/건담/건프라/미개봉,"박스에 이상 없음 / 모두 검수 완료

거래 후 단순 변심으로 인한 환불은 일절 받지 않습니다

타 제품과 교환 및 네고 안 받습니다",25000,2025.11.22,57,1,0
222141987,중고나라,이사 정리,포레니아 올리노스 에어텐트,"포레니아 올리노스 에어텐트 판매합니다.
매장 전시했던 제품이며, 폴리 재질입니다.
플라이는 미포함, 사은품으로 윈드스크린 드립니다.

천장부분 초기불량(빛샘현상)으로
공식 수선받은 흔적 있습니다.(사진참조)

정리하여 박스 포장까지 해두었습니다.
오셔서 바로 가져가실수 있습니다.

01083517139 문의주세요.",1700000,2025.11.22,644,2,2
221878288,중고나라,이사 정리,바이크,"Cb650RㅡE크러치 
2024.11월초 딜러통해 해외서오는 4기통미들급 바이크 인계받고 17일 등록사용
5000키대..무사고.
출퇴근및 라이딩을 즐겼는데요 수동조작에 부담을느끼신다면 이클러치 기능있어 걱정을 잡아줍니다.
블랙박스2채널.충전식포트.핸드폰거치대.메뉴월 가이드장착함(전방) 
폐지전이구요 ..날씨좋은날 라이딩합니다",8800000,2025.11.22,45,0,0
221967739,중고나라,이사 정리,"라켓(탁구라켓) ZETRO 제트로 쿼스 엑시옴 양면, 아디다스 러버","라켓(탁구채) ZETRO 제트로 쿼스 엑시옴 양면, 아디다스 러버

상태 : 찍힌곳없고 자수 없으며 깨끗합니다.
 공3개 공집 라켓집 러버크리너 및 러버타올 모두 서비스

택비 : 선
직거래 : 세종시 조치원
안전거래 : 세이프유 수수료 구매자부담 가능
연락처 : 응 5437 132일",130000,2025.11.22,87,0,1
222132925,중고나라,이사 정리,RTX 5070 FE,"2차 구매자 입니다 임시로 쓰려고 샀던거예요
출시일에 구매해서 AS는 28년 3월까지 입니다

고주파 없고 외관도 깔끔합니다


풀박인데 구성품 일부 누락 해놓은건
포트 마개랑 골드핑거 마개가 없어서 해놓았습니다

안전거래 수수료때문에
택배비 1.5만 책정했습니다 직거래나 입금시 무료입니다


되묻기, 네고 차단",800000,2025.11.22,172,0,1
222131749,중고나라,이사 정리,갤럭시 S10 LTE 128G SKT 팝니다,"갤럭시 S10 LTE 128G SKT 팝니다

모든기능 작동잘되고 A급 입니다
기변으로 보관중입니다
 모델명 : SM-G973N
 제조일자 : 2019년 11월 11일
 최초통신사 SKT 입니다
 색 상 : 네이비
 금액 : 130,000원 입니다
 직거래/택배가능

쪽지나 댓글안보니 휴대폰으로
필요하신분은 연락주세요
010-3670-7316 
세종시 조치원 입니다",130000,2025.11.22,47,0,0
222129523,중고나라,이사 정리,2025 리코 생일 용사의 맥주잔,"스텔라이브 '2025 리코 생일 용사의 맥주잔' 굿즈 팝니다.

실사용을 목적으로 구매했는데, 스테인리스 제품이라 실사용에는 개인적으로 부적합하다고 생각해서 내놓습니다.

주방세재로 설거지 한 번 후 미사용한 굿즈라서 깨끗합니다.",50000,2025.11.22,66,0,1
221464652,중고나라,이사 정리,굿스마일 치토세리움,"굿스마일 치토세리움 미개봉 입니다

일괄 가격입니다

ps 흡연잡니다

 애완동물 키우는중입니다",300000,2025.11.22,42,0,0
222112963,중고나라,이사 정리,"제네시스bh ,hid9핀라이트 1셋트 계기판 팝니다","계기판은 준준모터스에서 올여름 28만원주고 구매했습니다 제차에는 맞지않아서 싸게 팝니다~~전면나사부분이 떨어져 나가서 싸게 드립니다~~설치할때 문제돼지 않습니다~~풀옵션 입니다 재고번호 확인해 주세요 키로수가 너무 좋습니다
금액은 18만원 입니다

운전석 라이트상태는 양호합니다 아직 변색이나 크렉간거 없습니다 hid램프는 올해 제일 밝은걸로 양쪽다 교체했습니다~~

금액은 운전석 11만원


지역은 세종시 조치원입니다 부품특성상~~직거래 하고 십습니다

대전 세종 천안 공주 청주 진천은 중간지점에서~~

택배거래도 가능합니다 최선을 다해서 포장하겠지만~~파손돼는건 책임지지 않습니다

강민혁
010 5407 6533. 입니다",180000,2025.11.21,144,1,2
222105902,중고나라,이사 정리,아이폰15 128gb,"아이폰15 128gb입니다. 사설 수리내역없고 기존에 사용하다가 이번에 폰바꿔서 팝니다. IME 확인가능합니다. 제가 1차구매자이고 박스가 본가에있어서 12월에 따로 드릴수있습니다.
배터리성능 82퍼 사용기간 2년됬고 한번도 수리한내역 없습니다. 잔기스랑 후면 손상있는데 작동문제는 없고 화면디스플레이문제도없습니다",350000,2025.11.21,102,0,2
221172875,중고나라,이사 정리,갤럭시 탭 S7 256GB WiFi 실버색상,"영상시청 및 노트기능만 사용
거의 사용하지를 않는 것 같아 팝니다.

외관 및 성능에 문제 없습니다

S펜 새것이고,
정품키보드케이스, 일반케이스, 파우치, 박스 전부 드려용",350000,2025.11.21,82,3,2
222094244,중고나라,이사 정리,하치몬지야 First Snow Fountain Pen ef,"- First Snow Fountain Pen
- 2024년 11월에 구매하였습니다.
- 신품 미사용입니다. 카트리지를 제외한, 구성품 모두 보내드립니다. 
- 문의사항이 없으시다면 바로 안전결제 하셔도 됩니다",270000,2025.11.21,126,1,2
222094043,중고나라,이사 정리,하치몬지야 아키자쿠라 만년필 f,"- Akizakura Fountain Pen
- 2024년 11월에 구매하였고, 사용감은 거의 없습니다.
- 카트리지를 제외한 구성품 모두 보내드립니다.
- 문의사항이 없으시다면 바로 안전결제 하셔도 됩니다.",230000,2025.11.21,157,2,1
222093815,중고나라,이사 정리,하치몬지야 쿠보자쿠라블룸 핑크 만년필 EF 팝니다.,"- Kubozakura Bloom Pink Fountain Pen
 Nib: 18K gold, large
 Barrel and cap: PMMA resin
 Ring clip: Pink gold 
 Crown: Yamojiya original foil stamping
 Cap ring: Hachimonjiya original stamp (1695 HACHIMONJIYA JAPAN)
 Size: φ18×129mm
- 2024년 8월에 구매했구요, 사용감은 거의 없습니다.
- 질문사항 없으시다면, 바로 안전결제 하셔도 됩니다.",300000,2025.11.21,242,1,1
220764427,중고나라,이사 정리,스카이케어 uv300 살균 소독기 단순 개봉품 팝니다~,스카이케어 uv300 살균 소독기.,12345,2025.11.21,32,0,0
221725465,중고나라,이사 정리,조경석(견치석) 팝니다,"견치석(45×45×60 사이즈) 팝니다.
수량. 80~100개.
개당. 1만원.
대량구매시 레고가능
상차가능. 운반비 별도.
문의. 010-3457-9716",111111,2025.11.21,81,1,1
222078749,중고나라,이사 정리,맥스틸 스피커 바 / GM-BT200S 모니터 블루투스 스피커바,"맥틸 블루투스 스피커로 깔끔한 실버 디자인이 특징이에요. 다양한 연결 포트가 있어서 사용하기 편리하고, 상태도 양호해 보입니다.


실제 사용 기한은 약 2주입니다.
선으로 연결도 가능합니다! 연락주세요!",5000,2025.11.20,33,1,1
216616342,중고나라,이사 정리,타프쉘 타프스크린 그늘막 텐트,"📢 제목에 ""제조사/ 브랜드 명""과 “상품명(ex. 숄더 핸드백)”을 넣어 작성하면, 보다 빠른 판매가 가능합니다! 
📢 게시글 작성 시 배송 방법에 “직거래”와 “내 위치” 설정할 경우, 보다 빠른 판매가 가능합니다! 








🚨회원님의 거래 게시글을 노린 중고나라 운영진 사칭 피싱 사이트를 주의하세요🚨 

그늘막 텐트 판매합니다 
구입후 4~5회정도 사용
네이버에서 구매리스트 사진첨부 
여유분으로 천장폴대 1개 
그늘막 설치용 폴대 1세트 더 있습니다
개인화로도 드립니다

궁금하신사항은 연락주세요
010~9866~0253
대전 직거래",130000,2025.11.20,74,1,0
222076580,중고나라,이사 정리,rg 가오가이거 미개봉 판매합니다,"안녕하세요.
rg 가오가이거 미개봉 판매합니다.
특이사항은 미개봉 상품은 맞는데 한쪽 테이프 포장이 떨어졌네요.
사진 참고해주세요.
판매는 택배거래 또는 세종 조치원 직거래 가능하고, 택배비 별도 55000원에 판매합니다.
구매하실분은 채팅이나 문자연락 부탁드립니다.
01041351037",55000,2025.11.20,56,2,1
222075607,중고나라,이사 정리,갤럭시 워치7 프로 44mm,"겔럭시 스마트워치 7 44mm

올해 2월 구입했고
충전기 한개더있고 
줄은 기본꺼는끼지도않고 바꿔보관중
한개더 샀는데 새거입니다(풀박드림다)


택비 : 선
직거래 : 세종시 조치원
안전거래 : 세이프유 수수료 구매자부담 가능
연락처 : 응 5437 132일",170000,2025.11.20,101,4,2
221922627,중고나라,이사 정리,아이앱 스튜디오 후드 라즈베리 XL,"아이앱 스튜디오 후드티 라즈베리 색상 XL사이즈입니다. 쨍한 라즈베리 색감에 핑크색 로고가 포인트입니다. 사용감은 있는 편이지만, 눈에 띄는 하자는 없습니다.",71000,2025.11.20,21,0,0
221882990,중고나라,이사 정리,제우스랩 p16k 포터블 모니터 판매합니다.,"제우스랩 p16k 포터블모니터 판매합니다.

구성품은 기본 구성품이랑 초기박스 다 있습니다.
반년전쯤 중고나라에서 단순개봉 미사용 새상품을 구매했습니다.
국내정발이라고 명시해서 구매했는데 정발품인지 직구품인지 구분안됩니다..
개인적으로 정발품은 아닌것같아요.

QHD 해상도에 165hz 주사율입니다.
보조모니터로 사용하기에 색감이나 모든게 가격대비 좋은편이라고 생각합니다.
터치되는 모델은 아닙니다.

제조일이 24년 10월 제품입니다.
사고나서 조금 쓰다가 다른 모니터 구매하면서 구석에 박아두고 거의 사용안해서
실 사용기간은 정말 짧습니다. 제품자체에는 결함이나 하자 없고 큰 기스없습니다. 
(자잘한 미세실기스는 있을수있지만 제눈에는 안보입니다)

케이스에 긴 가죽뜯어짐이 있습니다. 
저것도.. 처음사서 붙어있는 포장비닐 벗기니까 비닐 양면테이프와 함께 가죽탈락이 일어나서
어이없었는데 판매자에게 따지니 절 진상취급하더군요. 
더러워보일순있는데.. 생각보다 사용량은 없습니다. 저 탈락된부분말고는 깨끗합니다 ㅠ 

구성품 풀로 다 있습니다. 
직거래 경북 문경 나머지는 착불 택배거래합니다. 선불 원하시면 4천원 추가해주시면됩니다.
택배거래시 파손면책 동의 하신걸로 간주합니다. 택배사의 배송중 파손 책임지지않습니다.
포장 안전하고 튼튼하게 잘 해드립니다.",90000,2025.11.20,240,3,4
222069092,중고나라,이사 정리,아디다스 남성 골프 바지 32사이즈,"아디다스 남성 골프 바지 32사이즈입니다
- 사진상 조명 때문에 빛바래 보이지만 A급 상태입니다
- 편안한 착용감과 활동성을 제공합니다
- 깔끔한 디자인으로 다양한 스타일에 잘 어울립니다
- 기장 : 99 , 색상 : 네이비
- 상태는 양호합니다
- 직거래, 택배거래 가능 합니다
- 중고품 특성상 반품, 환불은 사양 합니다 ^^;",28000,2025.11.20,12,0,0
221950563,중고나라,이사 정리,아이패드프로 M4 11 256GB 실버 WIFI + 애플펜슬 프로 (애플케어),"모델명: 아이패드 프로 11 M4 256GB WIFI 실버, 애플펜슬 프로
구매일자: 2025년 2월 1일 애플공홈
구성품: 풀박스
배터리효율: 100%
상태: 매우 좋음
추가구성품: 애플케어

애플공홈에서 2025년 2월 1일에 구매한 실버색상 모델입니다.

풀박스 구성에 기기 상태 좋은편이며 배터리 효율 100% 입니다.

초기화후 잘 포장 해두었습니다.

사용하던 폴리오 케이스와 종이질감 필름도 드리겠습니다.

애플펜슬도 풀박상태이며 상태 좋습니다.

애플케어 플러스 등록되어있고 2027년 1월 30일까지입니다. 필요시 양도해드리며 애플케어 추가시 9만원이 추가됩니다.

네고문의는 죄송하지만 사양합니다.

대전 동구 대성동에서 직거래하거나 택배거래합니다. 안전거래 환영하며 문의사항이 있을시 채팅/문자주세요^^ 

감사합니다.",1100000,2025.11.20,233,4,3
221571956,중고나라,이사 정리,BMW G20 3시리즈 순정 와이퍼,BMW G20 3시리즈 리무진용 순정 휠입니다. 600mm/475mm 사이즈로 미개봉 새제품 상태예요. 정품 박스 포장 그대로 판매합니다.,38000,2025.11.20,29,0,1
221571886,중고나라,이사 정리,BMW 정품 스피닝 휠캡 G바디용,"BMW 정품 스피닝 휠캡 판매합니다.
실제 사용 기간 2달입니다.",90000,2025.11.20,54,1,0
222049278,중고나라,이사 정리,파코 4단 식품 롤포장기,"1. 제품명: 4단 파코자동롤포장기,한약포장기,연속롤포장기

2. 가격: 협의

3. 호퍼용량: 30,000cc, 주입용량: 30~120ml

4. 제원: 650 × 570 ×1050mm

4. 형식: 4단헤드롤포장기, 연속롤포장기, 신형기판

5. 제조사: 파코기계

6. 포장지는 기존의 롤 파우치 사용(국내 공용), 포장속도: 분당약 12개



제품설명: 홍삼즙, 약초즙, 한방차 포장등 기성롤파우치 사용이 가능한 다용도 포장기입니다. 4단헤드로 한번 더 실링하게 되어 파우치 터짐 현상을 줄일 수 있습니다.",1000000,2025.11.20,58,1,0
222028024,중고나라,이사 정리,OPUS88 오마르 만년필 클리어,#NAME?,30000,2025.11.19,70,2,2
222019575,중고나라,이사 정리,캐리어 스탠드 에어컨 DAMQ-0651DAWSD 냉난방기,"캐리어 스탠드 에어컨 판매합니다
냉방 난방 가능합니다.
분해해서 가져가셔야합니다.
모델명은 DAMQ-0651DAWSD입니다.

- 2024년 6월 제조
- 냉방능력은 6500W입니다

캐리어 에어컨은 에너지 효율이 우수하고 쾌적한 냉방을 제공합니다",680000,2025.11.19,32,0,1
222019393,중고나라,이사 정리,3단 캐비넷,"초록색 철제 캐비넷입니다
3단 선반으로 구성되어 있어 공구 부품 보관에 용이합니다
튼튼한 내구성을 자랑합니다
인터랙스 제품으로 올해 3월달에 구매했습니다.
2개 있으며, 각 25만원에 판매합니다.
가로 100
세로 500
높이 1730 입니다",250000,2025.11.19,20,0,0
221943423,중고나라,이사 정리,PS5 슬림 디지털 에디션 + 무선 컨트롤러 차저 독 + 컨트롤러 2개,"PS5 슬림 디지털 버전 풀박스로, 컨트롤러 2개랑 컨트롤러 무선 충전 독 같이 판매해요.
박스와 구성품이 깔끔하게 보관되어 있는 상태입니다.
올해 9월에 정품인증 판매 업체에서 구매하고, 주에 1번 정도 밖에 안하기도 하구, 급전이 필요해서 판매하게 됩니다.
우체국 택배로 보내드리구요, 배송비 포함으로 해두었는데, 사이즈가 큰 제품이다보니, 택배비 견적이 가늠이 안잡혀서, 택배비는 택배 부치고 나온 금액만큼 받을 예정입니다.
쿨거하시면 60까지 네고 가능합니다.
많은 문의 주세요!",600000,2025.11.19,151,1,2
222005791,중고나라,이사 정리,신세계 cgv 1+1 콤보 50% 4000 ~11/30,"등록코드 발송
2매..
10/31 1매 4000
2매 7000",4000,2025.11.19,31,0,1
221994982,중고나라,이사 정리,"molecular biology of THE CELL 6판, sixth edition (분자생명학 더셀)","영문이며, 접힌곳 낙서 없이 거의 새것입니다.",60000,2025.11.18,21,0,0
221294930,중고나라,이사 정리,ifi pro idsd signature DAC 구매합니다.,"ifi pro idsd signature DAC 구매합니다.

풀박스 원합니다.

제품상태는 잔기스정도는 상관없는데 깨짐 찍힘 기능상고장정도만 없으면 됩니다.

가격, 제품상태(사진), 등등해서 연락주세요

판완처리 안되어있으면 언제라도 구매합니다.

직거래 경북 문경, 나머지는 안전거래합니다.",2000,2025.11.18,154,3,1
221993379,중고나라,이사 정리,정품)아크테릭스 맨티스2,"구매시기는 좀 됬습니다
상태좋습니다
안쪽에 펜자국때문에 저렴하게 내놓습니다. 자크위쪽이라 열어도 들추지않으면 표시안납니다. 

택포",45000,2025.11.18,52,0,0
221548628,중고나라,이사 정리,올드 스쿨 플랫폼 스니커즈,"새상품 정품 올드 스쿨 플랫폼 블랙/화이트 컬러입니다. 

택미포입니다",35000,2025.11.18,22,0,0
221991673,중고나라,이사 정리,"M3 mobile sm15n 산업용 PDA, 모바일 네트워크 가능","M3 브랜드 sm15n 산업용 pda 판매합니다.
2.0 GHz 옥타-코어, 2 GB RAM / 16 GM ROM 지원, 이동통신망을 갖춘 Full Touch 모바일 컴퓨터

개발용도로 구매하였으나 프로젝트 취소로 인해 실 사용은 10회 미만이며 현장에서는 사용하지 않았습니다.
박스만 없고 모든 구성품 있습니다. 첨부한 이미지 참고 바랍니다.

판매가격은 50만원입니다.
택배 가능하며 직거래 시 대전 동구 상소동 금성노인요양원 근처에서 가능합니다.",500000,2025.11.18,85,0,1
221455890,중고나라,이사 정리,옥스포드리딩트리 정품 3단계,"옥스포드리딩트리 
ort 옥스포드펜 사운드북 정품입니다
잃어버린책없이 그대로입니다
펜적용 가능한 책입니다
3단계 판매합니다

한번만 대충 훑어본 거라
전반적으로 깨끗하고
빛 바램이나 구김 없습니다.

3 ort북은 깨끗해요
해설집은 형광펜몇글자 칠한거있어요
보시는데 지장은 없어요
전반적으로는 깨끗합니다

해설집만 몇번 본 흔적있고
다 새것처럼 깨끗 합니다.

잃어버린 권수 없고 그대로 있습니다.

대전 직거래 가능하고 

택포가격입니다

3단계 36권 7만원",55000,2025.11.18,155,7,2
221983558,중고나라,이사 정리,나이키 빅스우시 리버시블 후리스 네이비 XXL(BQ6546-114),"나이키 빅스우시 후리스 입니다
네이비 색상이고 양면으로 착용가능합니다
사용감은 좀 있고 오염이나 튿어짐 같은 하자는 없습니다
색상이 밝아서 세탁 맡기시면 깔끔해집니다",80000,2025.11.18,57,0,2
221962150,중고나라,이사 정리,"냉동용 보온박스,스티로폼박스,아이스박스,택배박스.택배용,택배스티로폼박스","온라인판매용으로 쓰던
택배용 스티로폼 아이스박스 팝니다


사진1번 
수량 : 약180박스 
가격 : 개당 800원
외경 385*285*200
내경 335*235*155

사진2번
수량 : 약 115박스
가격 : 개당 1,000원
외경 500*340*165
내경 445*290*115

사진3번 
수량 : 약 470박스
가격 : 개당 500원
외경 300*240*130
외경 260*220*65

사진4번 
수량 : 약 40박스
가격 : 개당 1,300원
외경 450*375*290
내경 390*320*230


직거래가능지역 : 대전 동구 하소남로37 
연락처 010-9446-5459",500,2025.11.17,54,3,1
221961316,중고나라,이사 정리,소니 a6400 탐론1770,"a6400 + 탐론 1770이에오
스몰리그 케이스 b+w달려잇어요
더미배터리에 더불어 배터리 다수 배터리충전기 
있어요 
그 외 사진에 있는 렌즈들은 포함 안되지만
문의주시면 비싸지 않게 함께 판매하겠습니다.",1230000,2025.11.17,75,3,1
221687151,중고나라,이사 정리,게이밍/3D 모델링 PC RTX3050 램 32GB 1TB 모니터 27인치 2대 듀얼 틸팅 모니터암 세트 판매합니다,"안녕하세요.
고사양 커스텀 조립 PC 판매합니다.
게이밍/3D모델링 가능한 PC입니다.

- CPU:12th Gen Intel(R) Core(TM) i5-12400F(2.50GHz)
- RAM: 32GB
- GPU: NVIDIA GeForce RTX 3050
- OS: Windows 11 Pro
- SSD: SAMSUNG SSD 1TB

쾌적한 게이밍 및 작업 환경을 제공하며, 안정적인 성능을 자랑합니다!

데이터 삭제 완료 및 오피스 프로그램 설치 완료 하였습니다.
PC및 주변기기 모두 에어블로잉 및 클리닝 완료하였습니다.
랩으로 포장 완료하였으며, 직접오시면 작동상태 확인 가능합니다.

삼성 27인치 모니터 2대, 듀얼 틸팅 모니터암,
키보드 마우스 세트입니다.

90만원에 판매합니다.",900000,2025.11.17,61,0,1
221687096,중고나라,이사 정리,게이밍/3D 작업용 PC RTX 3050 램 16GB 1TB 모니터 27인치 2대 듀얼 틸팅 모니터암 세트 판매합니,,800000,2025.11.17,58,0,0
221687032,중고나라,이사 정리,게이밍/3D 작업용 PC RTX 3050 램 48GB 1TB 모니터 27인치 2대 세트 판매합니다.,"안녕하세요.
고사양 커스텀 조립 PC 판매합니다.
게이밍/3D모델링 가능한 PC입니다.

- CPU: Intel Core i5-9600K (3.70GHz)
- RAM: 48GB
- GPU: NVIDIA GeForce RTX 3050
- OS: Windows 10 Pro
- SSD: SAMSUNG SSD 870 EVO 1TB

쾌적한 게이밍 및 작업 환경을 제공하며, 안정적인 성능을 자랑합니다!

데이터 모두 삭제 완료 및 오피스 설치 완료하였습니다.
PC 또한 내부 에어블로잉 및 클리닝 완료하였습니다.

전체 랩포장 해둔 상태이고, 직접오시면 제품 상태 확인가능합니다.

삼성 27인치 모니터 1대, HP 24인치 모니터 1대, 듀얼 틸팅 모니터암,
무선 키보드 마우스 세트입니다.

80만원에 판매합니다.",800000,2025.11.17,45,0,0
221956543,중고나라,이사 정리,트랙터 L2601 시동걸림 부품용으로 판매,,1500000,2025.11.17,158,1,4
221953931,중고나라,이사 정리,판타지 소설 시리즈 48권 세트,인기 판타지 소설 시리즈 48권 전권 세트입니다. 책들이 깔끔하게 보관되어 있고 상태가 양호해 보여요. 판타지 소설 좋아하시는 분께 추천드립니다!,90000,2025.11.17,52,0,0
221952800,중고나라,이사 정리,듀얼센스 엣지 커스텀 판매합니다,"풀박스 보유
듀얼센스 엣지 
올블랙 익스트림 커스텀케이스교체(순정고무그립처럼 벗겨질일 없음)
익스트림 기계식버튼 좌(십자키)우(버튼키) 마우스 클릭처럼 구분감있습니다
대용량배터리(기본보다 오래갑니다)
모듈 좌,우 홀센서 쏠림없이 반영구적

튜닝비용 13만원쯤 들었습니다

스틱쏠림으로 비용아끼실분, FPS패드로 하시는분들 구입하시면됩니다

부착되어있는 사제썸스틱은 제외입니다

세종시 직거래합니다
택배는 노리턴 조건으로 보내드립니다",180000,2025.11.17,123,0,1
221879810,중고나라,이사 정리,HG 하이곡그 반다이/건담/건프라/미개봉,"박스에 이상 없음 / 모두 검수 완료

거래 후 단순 변심으로 인한 환불은 일절 받지 않습니다

타 제품과 교환 및 네고 안 받습니다",22000,2025.11.17,47,0,0
221924352,중고나라,이사 정리,아이폰12미니 128GB 고장품,"물리 유심 인식이 안됩니다. esim은 확인 못해봤습니다.
유심 꽂으면 서비스 없음 뜨네요. 유심보호서비스 당연히 풀어봤는데 안됩니다.
와이파이 블루투스 같은건 다 잘 됩니다. 유심 외 기능적인 이상은 없습니다.
분해 및 수리 이력 없습니다.
교환 네고 안전거래 x
대전 동구 직거래 우대합니다.",120000,2025.11.17,39,2,2
220295412,중고나라,이사 정리,헌터x헌터 그리드 아일랜드 위험주사위,"✅ 제품 특징
 • 구성품: 리스크 다이스 주사위 1개 + 카드 1장
 • 사이즈: 20면체 주사위
 • 무게: 약 50g (묵직한 그립감)
 • 디자인: 블랙 바탕에 일본어 문구가 새겨져 있어 애니메이션 원작 분위기를 그대로 재현
 • 콜렉터 아이템: 헌터X헌터 팬, 보드게임 주사위 수집가에게 추천",20000,2025.11.17,98,4,2
217683620,중고나라,이사 정리,스폰지밥 집게리아 레고 /택포/미개봉,,85000,2025.11.17,215,3,2
220952358,중고나라,이사 정리,오딧세이 Ai-ONE #7 퍼터 34인치 새제품,,330000,2025.11.17,87,1,1
221923104,중고나라,이사 정리,블랙핑크 THE SHOW 키트 비디오,,15000,2025.11.16,48,0,0
221919605,중고나라,이사 정리,미용실 전동 의자 (2개),"전동의자 2개 가격입니다.
상태 좋고 작동 잘 되는데,
한개가 콘센트가 헐거워져서 
콘센트 박스만 교체 하시면 될 것 같아요. 
의자도 헤진 데 없고 멀쩡 합니다. 

직접 오셔서 가져가셔야 합니다.",350000,2025.11.16,34,0,2
221314834,중고나라,이사 정리,피클플러스 티빙 프리미엄 마지막 두 분 구해요!,"피클플러스 티빙 프리미엄 마지막 파티원 구합니다.

아래 링크 타고 오시면 할인된 수수료로 월 부담금 4,750원에 티빙 프리미엄을 함께 즐길 수 있습니다.

https://pickle.plus/invite?inviteKey=5J35zfkHHHMAbkoUwLFajfUzuvF8aSJ6f9DXiadJyN2fZJGmVmD77RPOCKZr7ZOZ&utm_source=pickle_invite&utm_medium=link_copy&utm_campaign=host_to_member&utm_content=tving

관련해서 궁금하신 점 있으시면 채팅으로 문의주세요!
그리고 링크 복사하는 법도 알려드릴게요^^

시간이 지체될수록 본인이 내야될 수수료가 증가할 수 있습니다.

낮은 수수료로 좋은 혜택 함께 즐기실 분 오세요~",4750,2025.11.16,184,1,7
221797375,중고나라,이사 정리,조텍 RTX 5060 AMP 8GB,,390000,2025.11.16,97,2,0
221903016,중고나라,이사 정리,레고 스타워즈 BB-8 75187,,200000,2025.11.16,41,1,1
221901885,중고나라,이사 정리,고독스 X2T 캐논 트리거 송신기,"고독스 X2T 캐논 트리거 송신기입니다.
본체만 있고
사용횟수는 5회 미만입니다",25000,2025.11.16,55,2,2
221901797,중고나라,이사 정리,캐논 GPS 리시버 GP-E2,,70000,2025.11.16,61,1,3
221899345,중고나라,이사 정리,(이사정리급처)한샘 밀란301 4인용 쇼파,"산지 2-3년 됐고
한샘에서 100만원 조금 넘게 주고 샀어요

집에 있는 시간이 거의 없어서 상태 좋고
이게 분리가 돼서 마지막 사진처럼
2개랑 1개 따로 사용 가능해요!

이노패브릭이라 오염도 그냥 물티슈로 쓱쓱 닦으면 되고 좋아요

바로 구매는 가능하신데 직접 집으로 와주셔야하고
일요일에 오시면 1층까지 내려드릴 수 있어요
위치는 하남 스타필드 근처입니다",150000,2025.11.16,120,0,0
221895836,중고나라,이사 정리,LG TV 벽걸이 브라켓(LSW430A) 42~65인치용 2만원에 판매합니다.,"LG TV 벽걸이 브라켓(LSW430A) 42~65인치용 2만원에 판매합니다.

티비에 고정하는 나사 구멍이 가로40 x 세로40 입니다. 
구멍만 맞으면 호환 가능합니다.

되도록 대전에서 직거래 원합니다.",20000,2025.11.16,48,0,0
205171688,중고나라,이사 정리,"i5 4590, B85M-DGS, 라데온 HD 6850","컴퓨터 PC 부품
1. CPU 인텔 4세대 i5 4590
2. 메인보드 애즈락 B85M-DGS
3. 쿨러 타워형
4. 파워 500W
5. 그래픽카드 라데온 HD 6850
상태 모두 좋음
일괄 금액
반값택배, 알뜰택배 무료, 일반택배 2000원 추가
세종시 조치원",50000,2025.11.16,232,2,1
202390733,중고나라,이사 정리,갤럭시 버즈 프로 SM-R190 충전본체 크래들,"갤럭시 버즈 프로 SM-R190 충전본체 크래들
두가지 중 선택 가능
개당 금액
반값택배, 알뜰택배 무료, 일반택배 2000원 추가
세종시 조치원",32000,2025.11.16,320,2,1
221893440,중고나라,이사 정리,(택포)수학없는 물리Conceptual Physics,,30000,2025.11.16,34,0,1
145036616,중고나라,이사 정리,탁상용 가습기,"탁상용 가습기입니다.
어른 주먹 두세개 크기입니다.
아답터는 A타입이니 드리는거 사용하셔도되고 집에 가지고있으신 구형핸드폰 충전기 케이블 사용하셔도 됩니다.",3000,2025.11.16,79,0,0
211747716,중고나라,이사 정리,5.1 채널 우퍼 스피커,"5.1 채널 우퍼 스피커
박스 그대로
디지털 컨버터 포함
세종시 조치원",54000,2025.11.16,177,2,1
193482124,중고나라,이사 정리,도시바 냉난방 에어컨 리모컨 WH-L11SE,"도시바 냉난방 에어컨 리모컨 WH-L11SE
미사용 신품, 수량 있습니다.
세종시 조치원
편의점 일반택배, 반값택배, 알뜰택배 모두 가능",10000,2025.11.16,356,1,1
192486395,중고나라,이사 정리,필립스 정품 전기면도기 충전기,"필립스 정품 전기면도기 충전기
세종시 조치원",19000,2025.11.16,204,2,1
221870292,중고나라,이사 정리,위아위스 레디컬 로드,판매합니다 105 기계식 아비아브 아데온2 휠셋 카르마토 핸들셋 105클릿페달 스페셜라이즈드 안장 전조등 마일리지 1500키로 미만 입니다 쿨거 하시면 마빅클릿슈즈도 드리겠습니다. 하자는 클빠링으로 인한 레버까짐이 있습니다 기스 등 있습니다,2200000,2025.11.15,248,2,1
221864748,중고나라,이사 정리,2025 리코 생일 용사의 맥주잔,"스텔라이브 '2025 리코 생일 용사의 맥주잔' 굿즈 팝니다.

총 2개 있으며, 박스도 필요하시면 같이 드립니다.
[개당 5만원]

실사용을 목적으로 구매했는데, 스테인리스 제품이라 실사용에는 개인적으로 부적합하다고 생각해서 내놓습니다.

주방세재로 설거지 한 번 후 미사용한 굿즈라서 깨끗합니다.",50000,2025.11.15,97,0,1
220685567,중고나라,이사 정리,"코페르 기초라인, 사니엘 물먹패드 판매합니다!","✅️★★★3개이상부터 거래가능★★★
✅️ 수량은 한번씩 추가됩니다!! 

안심거래❌️ 애눌❌️
직거래⭕️ (제가있는곳으로 오셔야해요)
택배거래⭕️ (로젠4.000원, 편의점3.800원)


사니엘 👇

물먹패드 (르메이엘) 27.8.4 ㅡ 6개 / 5개남음

모제림 엘릭서 👇

코페르 👇

팩투폼 26.10.16 ㅡ 5개 
때국물 26.11.7 ㅡ 7개
더마앰플 27.3.31 ㅡ 4개 / 3개남음
시그니처앰플 28.1.6 ㅡ 8개 / 4개남음
솔루션 28.1.13 ㅡ 5개 / 2개남음
멜라크림 ㅡ 품절
미스트 27.3.25 ㅡ 3개 
선크림 27.12.16 ㅡ 11개 / 5개남음
선드랩핑 27.8.18 ㅡ 3개 / 2개남음
멜더sos시스템 28.6.60 ㅡ 3개 / 2개남음
멀티밤 26.9.6 ㅡ 1개 
립밤 디어뮤즈 26.3.20 ㅡ 2개 
핸드밤 페어리 가든 26.3.4 ㅡ 3개 
페어리 오너먼트 26.4.14 ㅡ 2개 



코페르 공홈에보시면 원가격과 자체할인가격 보실수있습니다~
전체 판매제품 공구가 개당 구매가격보다 저렴합니다!!
많이 쟁겨놔서 저렴하게 제가쓸것 놔두고 정리합니다^^
효능,효과,성분등은 코페르 공홈에 찾아보시면 되세요~!!
모공,기미, 유수분밸런스, 피부장벽, 탄력, 주름, 홍조,미백 
위주입니다!!!",123456,2025.11.15,148,3,1
221401302,중고나라,이사 정리,한성 TFX133T DEX모니터 팝니다,"한성 TFX133T 포터블DEX모니터 팔아요
상태 양호하고 작동 이상없어요",90000,2025.11.15,87,0,2
221258974,중고나라,이사 정리,캠핑 텐트,"아이두젠 옥타곤 원터치 쉘터입니다.
자세한 사항은 아이두젠 홈페이지에 가면 상세히 보실 수 있구요
실사용은 9개월 정도 캠핑가서는 약 5회 정도 가서 썼습니다

추가 옵션으로 사이드월 따로 구매했습니다
라이트 그레이는 싼데 아이보리는 품절이 많습니다

택배는 거래가 불가합니다(길이가 승용차 차폭 정도 됨)
직거래로 했으면 하고 지역은 경남 사천입니다
근거리는 가져다 드립니다

관심있으시면 연락주세요",190000,2025.11.15,45,0,1
221853347,중고나라,이사 정리,"a6400 탐론1770 빌트록스 23, 56","A6400 + 탐론1770 125만원
빌트록스 56/1.7 = 크롭환산화각 80 1개 18만원
빌트록스 23/1.4 = 크롭환산화각 35 1개 25만원

6400 가성비 바디에 손떨방 렌즈 탐론1770달고
추가로 35 80 단렌즈 구성이라 취미로 시작하기에
괜찮습니다.
사진이 생각보다 재밌어서 본격적으로 해볼까 하여
판매합니다.
따로 판매도 합니다.",1680000,2025.11.15,74,0,1
221844690,중고나라,이사 정리,애플워치 SE2 44mm,"애플워치 SE2 44mm 블랙 색상입니다. 깔끔한 상태로 잘 관리되어 있어요. 실사용감 거의 없는 좋은 상태예요!

배터리 성능치 98퍼입니다. 
올해 2월에 샀었는데 필요성을 못 느껴 싸게 넘깁니다. 
 충전기 선은 별도로 드려요. 
박스는 없고 스트랩은 새 걸로 바꾸시는 게 좋습니다.",110000,2025.11.14,41,0,2
220695784,중고나라,이사 정리,스쿠버프로 제트핀 XL,"사용기간은 2년 사용했습니다. 
사진에 보이는 하자 전부입니다. 연락주십쇼!",150000,2025.11.14,739,4,4
221510828,중고나라,이사 정리,듀이 드라이슈트 판매합니다,"듀이 드라이슈트 판매합니다. 사이즈 st사이즈 입니다. 발 사이즈 ml입니다. 목씰, 손목씰 침수 없습니다. 부츠에서 침수가 좀 있습니다. 그거 감안하고 구매 부탁드립니다.
내피는 Sm 사이즈 입니다. 스펙 174-60-260 입니다. 편 하게 문의 주세요!",1050000,2025.11.14,392,2,3
221831411,중고나라,이사 정리,아이폰 에어 골드 256g 자급제+정품케이스,"배터리사이클5 10월 말 구매 s급

구성품 풀박스, 지니비ar필름부착 및 여유분1장, 애플정품투명케이스 및 박스

투폰 낭비인거같아 판매해요

세종직거래만해요",1150000,2025.11.14,61,2,3
221689237,중고나라,이사 정리,ASUS B850-A STRIX,"2월 구매
온라인 영수증 첨부 가능


글 있으면 거래 가능하니 궁금하신거 없으시면 결제하셔도 됩니다

상품정보 확인하고 연락주세요
네고문의, 되묻기 차단",290000,2025.11.14,132,2,1
221823719,중고나라,이사 정리,반다이 초합금 그랜다이저 우주의왕자 판매합니다,"반다이 초합금 그랜다이저 우주의왕자 판매합니다. (gx-04)
구성 전부 가지고있고 본체 상태 나쁘지 않습니다.
다만 스페이져? 날개 움직이는 부분에 파손이 있습니다.(사진 참고)
원하는 각도로 단순 고정 장식에는 문제 없고 이점 감안하여 저렴히 판매합니다.
거래는 택배 혹은 세종 조치원 직거래 가능합니다.
구매하실분은 채팅 혹은 문자연락 부탁드립니다.
01041351037",180000,2025.11.14,144,1,2
216568177,중고나라,이사 정리,중고 전동마작,"※ 중고구매후 테스트만 몇번 ..
사용감 있을수 있으나 작동 잘됩니다
더 저렴히 내놓습니다 
급하게 사정상 급처분 합니다

일괄 다섯테이블
한번에 직접 가져가셔야합니다

개별시 15만원입니다

사이즈 궁금해하셔서
사진 업로드합니다
올해까지만 판매글 올리겠습니다",100000,2025.11.13,924,9,11
221809431,중고나라,이사 정리,풍뢰모형 메가조드 일반판 미개봉 판매합니다.,"안녕하세요.
풍뢰모형 메가조드 일반판 판매합니다
미개봉 상태이고, 택배거래 또는 세종 조치원 직거래 가능합니다.
가격은 택배비 별도 16만원입니다.
구매하실분은 채팅 또는 문자연락 부탁드립니다.
01041351037",160000,2025.11.13,56,0,0
221805302,중고나라,이사 정리,캐논 RF 135mm F18 L렌즈,"캐논 RF 마운트용 135mm F1.8 렌즈 팝니다
22년 3월 구입해서 보증기간은 종료되었습니다
니콘, 소니를 주로 써서 사용량이 많지 않습니다.
세종 직거라 가능하고
택배도 가능합니다
구매하시면 RED 스트랩 같이 드려요~",1800000,2025.11.13,40,0,0
221796745,중고나라,이사 정리,아이폰 17 프로 실버 256GB,"미개봉품이고 오늘 수령했습니다 
직거래는 대전 가오동 혹은 대성동 
그 외 지역은 우체국 택배로 보내드립니다 

문자로 연락바랍니다
676사-717하나",1600000,2025.11.13,23,0,1
221796623,중고나라,이사 정리,메타 퀘스트 3 VR 헤드셋 128GB,"!2일전에 메타사 본사 AS 받은 헤드셋 리퍼 퀘스트3 팝니다. 애들이 고장낸 뒤 하지 않아서 메타 본사에서교환 받아 핍니다. 기기 리퍼럴 가능합니다. 
추가로 BOBOvr 스트랩 악세사리, 안면폼 포함입니다. 추가 배터리는 고장나 있습니다. 헤드셋은 완전 새거 이고 기기등록 전입니디. 칸트롤러 페어링만 해놨습니다. 작동상태 이상 없습니다. 컨트롤러는 미세한 사용감이 있습니다. 
청주 세종시 에서 직거래 가능합니다.",570000,2025.11.13,34,0,0
221784733,중고나라,이사 정리,iptime n702e,"제품은 위 보시는 사진과 같이
새제품입니다",5000,2025.11.13,28,0,1
221497286,중고나라,이사 정리,리바트 티비장,"ㅇ상품명: 리바트 티비장
ㅇ규격: 가로 1800*높이360*깊이390
ㅇ구성: 강화유리, 서랍3개
ㅇ상태: 중상
ㅇ거래시 셀프해체 및 운반 도움가능",20000,2025.11.13,31,0,0
221359848,중고나라,이사 정리,언코리 스니커즈 260,언코리라는 브랜드에 스니커즈이고 학생분들이 신기에 부담없을꺼 같아요 착용은 10회 이상이라 사용감은 아무래도 많은편이고 그거 감안해서 구입하실때 참고 하시면 될꺼같습니다 편하게 신기에도 좋은 데일리 신발이라서 막 신고 버려도 됩니다 편하게 많이 연락 주세연,23000,2025.11.12,33,0,0
221359822,중고나라,이사 정리,에븐스타 스니커즈 260,"깔끔한 화이트 색상이고 새상품인데 거울앞에서 착용 한번 해본게 다입니다 신고 돌아다니진 않았지만 생활때라던가 아무래도 그런게 있습니다 감안하시고 참고해주세요 260사이즈인데
살짝 남았던거 같아요 연청이나 그런거에 신으면 대학생 느낌나고 좋아요 많이 연락 주세연",37000,2025.11.12,16,0,0
221359793,중고나라,이사 정리,클로에 체인 장식 로퍼,"앞쪽에 골드 체인 장식이 포인트이고, 밑창에 사용감이 있지만 전체적으로 상태 양호합니다. 남자 로퍼 구두 뮬이구요 제가 260정도 신고 정사이즈 입니다 맨발로 신으면 땀차거나 그러면 깔창이 밀릴수가 있기 때문에 양말 신고 신으시는걸 추천드립니다 이거 신고 잘 돌아다녔고 헌팅도 많이 했습니다 솔직히 디자인은 깔끔해서 지금 날씨에 신기도 좋고 로퍼 치고는 쿠션감도 있어서 편합니다 착용은 많이는 안했지만 밑창이 더러워지는건 당연하기에 그거 말곤 주름도 신다보면 자연스레 생기는거고 신발에 먼지 같은거라서 깨끗한편이라 물티슈나 휴지로 한번 닦고 착용하시면 됩니다 많이 연락 주세연",60000,2025.11.12,31,0,0
221358833,중고나라,이사 정리,반스 올드스쿨 스니커즈 260,"반스에 명작 올드스쿨 입니다 260정도 신는데 살짝 남아요 편하게 신었고 착용횟수는 10회정도 이고 아무래도 사용감이나 얼룩은 있습니다 그거 감안해서 올리는거고 막신기 좋으니까 많이 연락 주세연
블랙색상입니다 직거래도 가능해요~",20000,2025.11.12,38,0,0
221358755,중고나라,이사 정리,페이유에 스니커즈,"페이유에 신발 스니커즈 새상품입니다
구입한지는 오래 전인데 한번도 신은적이 없고 생활때가 좀 있는거 같아요 사진 참고 하시면 됩니다
제가 255~260 신는데 느낌상으로는 245~250정도 되는 사람이 신어야 잘맞을꺼같아요
저한테는 좀 너무 딱맞고 꽉끼는 느낌이 들었습니다
발 사이즈 좀 크신 여성분이 신어도 잘 맞을듯해요
그리고 신발이 재질이 두개가 달라요
은색 로고는 일반 신발 재질이고 블랙로고는 좀 딱딱한 편입니다 참고 하셔서 연락주세요
한켤레당 3만원이고 두개 같이 하시면 5만5천원에 드립니다 직거래 하시면 5만원에 드릴게요
두개다 신발 사이즈는 똑같습니다 연락 많이 주세연",30000,2025.11.12,26,0,0
221487816,중고나라,이사 정리,에어맥스 97 골프 옵시디언 Size 270,"사놓고 한번도 안신어서 판매합니다 ㅠ

사이즈 270 풀구성 새상품가격입니다

크림에는 매물도 없습니다 ㅠ
택미포 가격 찔러보기❌ (새상품 절반 가격입니다)",130000,2025.11.12,16,0,0
221487834,중고나라,이사 정리,나이키 에어맥스 270 골프,"사놓고 한번도 안신어서 판매합니다 ㅠ

사이즈 270 풀구성 새상품입니다

택미포 가격 찔러보기❌ (정가 반절 가격입니다)",130000,2025.11.12,33,0,1
221487858,중고나라,이사 정리,나이키 에어맥스 2090,"사놓고 한번도 안신어서 판매합니다 ㅠ

사이즈 270 풀구성 새상품입니다

택미포 가격 찔러보기❌(정가 반절 가격입니다)",90000,2025.11.12,15,0,0
221257449,중고나라,이사 정리,베이비쓰리 샤마리 시크릿,"삼주전에 샀는데 랜덤박스만 열고 보관하던 중 판매합니다
열어보기가 아까워서 팝니다",80000,2025.11.12,99,4,1
221605516,중고나라,이사 정리,버켄스탁 보스턴 천연가죽 270 사이즈 (42),"-빈티지 우드 로스트 색상, 공홈 정가 289,000
-사용감 있으나 가죽 상태 좋습니다. 가죽 크림으로 관리했습니다.
-보스턴 제품을 색상별로 4종류 보유하여 실사용 많지 않습니다. 
-박스 없이 신발만 있습니다.
-주말과 평일 오후 7시 이후 직거래 이외 택배거래 희망합니다.",80000,2025.11.12,40,0,1
221135927,중고나라,이사 정리,말본 정품 바람막이 (백화점 구매) XL,"-품명: 말본 여름 스타디움 자켓 (공식 홈페이지 검색 가능)

-구매시기: 2025년 4월. 대전 신세계백화점 말본 매장 (영수증 보유) 정가 399,000원

-상태: 신품 대비 95% 수준, 봄에 골프 입문 후 스크린 갈 때 소수 착용(경기중에는 벗어놓아서 실사용 극히 적음). 필드 경험 없음. 여름에 골프 그만두어서 가을에는 미착용

-실제 색상은 홈페이지 상세 페이지 참조

-XL 사이즈 183/80 너무 타이트하거나 벙벙하지 않게 적당히 잘 맞음

-가격표 (취급사항 관련 택은 분실)와 말본 택 (홀로그램 부착), 쇼핑백 보유

-평일 저녁 7시 이후 대전 산내동 직거래 (주말은 협의), 그 외 택배거래 희망",200000,2025.11.12,77,1,1
220600081,중고나라,이사 정리,론레인져 레고 79108 새제품,"레고 론 레인저 79108 마차 탈출 제품입니다
디즈니 콜라보 제품으로 7세 이상 사용 가능합니다
2013년 2월에 제조되었습니다

출시된지 12년 되었지만 박스상태 양호합니다.
특별한 귀부인 피겨가 있습니다.

네이버최저가보다 낮게 올렸습니다
직거래시 5천원 네고해드립니다.",150000,2025.11.12,164,5,2
221044888,중고나라,이사 정리,브렘보 브레이크 패드 팝니다. (티구안 올스페이스),"브렘보 브레이크 패드팝니다.

새상품이며, 티구안올스페이스(21년식)인데 티구안도 사용 가능한걸로 알고있습니다.",70000,2025.11.11,69,0,3
212390781,중고나라,이사 정리,Trotec Speedy100 60W 레이저 커팅기,"2022년 봄에 구매했고
3400만원 정도에 구매했습니다.
발주가 들어오면 가끔 사용하는 용도라 사용 빈도가 많지 않아 상태가 좋으며 세라믹 잔량도 많을 것으로 생각 됩니다.
유효 작업 범위 610x305mm이며, 송풍기 포함되어있습니다.

트로텍 프로그램이 잘되어있어 초보자도 어렵지 않게 사용 가능하고 크기가 크지 않아서 공방에서도 사용이 유용할 것으로 생각됩니다.

1. 물품명 : Trotec Speedy100 60W
2. 구입처 : 트로텍 코리아에서 정식구입 및 등록된 제품입니다.
3. 판매가격 : 1,500만원 [본체+허니컴베드] / 외부배기형으로 송풍기 포함
4. 사용기간 : 약 2년 (실 레이저 사용시간은 100시간 이하)
5. 판매처위치 : 대전 
6. 판매사유 : 사업 소재지 변경하면서 처분하려고합니다.
- 주로 아크릴 절단, 소품각인 위주로 사용하였습니다. 실사용 횟수 극히 적습니다.
7. 배송방법 : 구입자분과 서로 협의
8. 기타 : 구입후 트로텍 코리아에서 출장교육 및 점검 받으실 수 있도록 지원해 드리겠습니다.

발주가 들어오면 가끔 사용하는 용도라 사용 빈도가 많지 않아 상태가 좋으며 세라믹 잔량도 많을 것으로 생각 됩니다.
유효 작업 범위 610x305mm이며, 송풍기 포함되어있습니다.

별도로 맞춘 제품 거치대도 함께 드립니다.
공방용도로 최고의 제품이라고 자부합니다.

제품 구매 원하시는 분 계시면 연락 부탁드립니다.",14990000,2025.11.11,258,6,3
221497108,중고나라,이사 정리,리바트 4인 원목테이블,"ㅇ상품명: 리바트 원목테이블(4인용)
ㅇ규격: 가로1200*세로770*높이760
ㅇ상태: 중
ㅇ구성: 식탁,강화유리,의자(4개)
ㅇ거래시 셀프해체 및 운반 도움가능",30000,2025.11.11,21,0,0
221708009,중고나라,이사 정리,HG 릭디아스 반다이/건담/건프라/미개봉,"박스에 이상 없으나 민감하면 거래X / 모두 검수 완료

거래 후 단순 변심으로 인한 환불은 일절 받지 않습니다

타 제품과 교환 및 네고 안 받습니다",24000,2025.11.11,38,1,1
221697374,중고나라,이사 정리,반려동물 자동 난방기,"알콤 마루 380 부화기

중고이지만 알콤 회사 출장 불러서 메인히터 워터펌프 새거로 교체 보증기간 남았고 정상 작동해서 그냥 판매 해도 되지만 교체해서 판매합니다~

이유 있는 네고 가능 기름값 정도는 말씀 잘하시면 빼드립니다. 
01082445733",1000000,2025.11.10,31,0,2
221680821,중고나라,이사 정리,HG 운드워트 반다이/건담/건프라/미개봉,"박스에 이상 없으나 민감하면 거래X / 모두 검수 완료

거래 후 단순 변심으로 인한 환불은 일절 받지 않습니다

타 제품과 교환 및 네고 안 받습니다",30000,2025.11.10,21,0,0
221689802,중고나라,이사 정리,SuperFlower SF-1000F14XG LEADEX VII GOLD 화이트 ATX3.1,"2월구매
온라인 영수증 첨부 가능

리덱스7 골드 신형입니다
ATX 3.1
PCI-E 5.1

글 있으면 판매중이니 문의사항 없으시면 안전거래 결제 하셔도 됩니다

네고문의, 되묻기 차단",130000,2025.11.10,60,0,1
216247182,중고나라,이사 정리,에듀매쓰 키즈 만지고느끼고 이사정리,"에듀매쓰키즈 만지고느끼고 판매합니다.
a단계 교재는 거의 사용하였고 
b단계 c단계는 사용하지 않았어요.
아이들이 직접 만지면서 수학을 접할수
있어 아이들이 좋아해요.
저렴하게 판매합니다.
택포입니다.",18000,2025.11.10,54,0,0
216246876,중고나라,이사 정리,영어 보드북 영어책 26권 이사정리,"영어보드북 판매합니다.
8권은 씨디도 있습니다.
세월의 흔적 있으나 찢김낙서는 없어요.
택포",30000,2025.11.10,49,1,0
221673433,중고나라,이사 정리,라이콤 접이식 알루미늄 사다리,사용감은 있지만 기능상 문제없이 잘 작동합니다.,50000,2025.11.10,42,0,0
221673173,중고나라,이사 정리,리지드 6.5마력 대형 청소기 60L,"리지드 브랜드의 6.5마력 대형 청소기예요. 레드와 그레이 컬러로 깔끔하고 사용감은 있지만 성능은 최상입니다. 
배관하시는 분들은 아시겠지만 사용해본 장비중에는
가장 강력합니다 
필터는 2만원가량 합니다 필터는 다른 장비에 장착해놔서 
필터가격은 빼고 올립니다 
호스는 안에 기본호스 주름관 같이 해서 있습니다
설명이 더 필요하신분은 채팅 주세요",290000,2025.11.10,117,0,3
221670941,중고나라,이사 정리,갤럭시 z플립 6 블루 256GB,"갤럭시 Z 플립6 256GB 블루 색상입니다

KT 개통입니다

- 얇고 가벼워서 휴대하기 정말 좋아요
- 컴팩트한 디자인으로 어디든 쏙 들어갑니다
- 배터리 성능도 좋아서 하루 종일 사용 가능해요

케이스를 써서 외관 매우 깨끗합니다
커버 디스플레이는반사방지 필름을 부착했습니다. 원하시면 떼도 됩니다
케이스 + 충전기 + 휴대전화 다 드립니다.",500000,2025.11.10,96,1,2
220076395,중고나라,이사 정리,qm6 하단몰딩,"qm6 하단몰딩 

무료장착
배송료별도
대전
01054017956
네이버창에 다이맨룸 검색하심되세요",60000,2025.11.09,71,1,1
220226131,중고나라,이사 정리,에어팟 맥스 실버,"에어팟 맥스 1세대 실버 색상 판매합니다.
찍힘 기스 등 외관상 기스 없고 헤어밴드만 늘어난 정도입니다.
스마트 케이스 + 기기 단품입니다.

직거래는 조치원 고려대학교 정문에서 하겠습니다. 택배거래는 우체국택배로 보내드립니다.",277000,2025.11.09,281,7,8
221652129,중고나라,이사 정리,Dibea 전동칫솔 충전기,"디베아 차이슨 무선청소기 배터리 밧데리
ALLNEW29000 25.9V 리튬이온 배터리입니다. 
사진에서 보시는 것처럼 외관 상태는 깨끗합니다.
30~35분 이상 작동",35000,2025.11.09,6,1,1
221023733,중고나라,이사 정리,퓨리어스 커플피쉬 B-1452H,"퓨리어스 커플피쉬 B-1452H 팝니다.

사용감 당연히 있습니다. 1년에 한두번씩은 쭈꾸미철에 사용했습니다. 새것같은...민트급...바라시는분들은 제껀 아닙니다.

탑가이드 밑에 한겹 벗겨짐? 으로 보입니다. 저도 구매할 때부터 저래서...티탄이라 튼튼해서 아무문제 없었습니다.

상세 상태는 사진 참조해 주세요.

구성품 : 로드, 보증서, 하드케이스

직접보시고 흔들어보고, 직거래 우선합니다.
평일 낮엔 대전 관평동, 저녁 및 휴일은 대전 가오동 입니다. 

원하시면 택배는 가능하지만 시간이 좀 걸립니다. 하드케이스가 있어서 지관 사용도 못하고, 꼭 택배로 받으신다면 하드케이스에 안에 뽁뽁이 포장해서 드릴수 밖에 없을거 같아요.

당연히 노리턴, 착불이고요

문의 사항은 문자로 연락주세요.
급하게 파는거 아니니 가격은 제가 낮추겠습니다.
기본 예의는 지켜주시고요.

응-9오오1-9이팔6",110000,2025.11.09,132,2,3
221581594,중고나라,이사 정리,"RT 9070 XT, 5070ti 추금 교환","Acer AMD Radeon RX 9070 XT Nitro 16GB 그래픽 카드 판매합니다. 5070, ,5070ti 추가금 드리고 교환도 가능합니다.

제 컴퓨터 사양에서 cpu 병목이 심해서 판매합니다..ㅠ 나중에 cpu 업글하려고 일단 판매해요. 새제품 구매일 10월 4일 이고, 10월 31일날 탈착해서 포장해뒀습니다. 구매 후 이상 있으면 환불해드려요.

직거래시 위치는 대전 동구 쪽입니다~",750000,2025.11.09,374,3,5
221647744,중고나라,이사 정리,205 55R 17타이어,"브리지스톤 205 55 17 타이어입니다. 

용인에서 12월 이후 직거래하고싶습니다

타이어 앞에 두짝 가는김에 4짝다 교체 예약해서 뒤에 트레이드좋은 타이어 2짝 (개당 3만원) 판매합니다",30000,2025.11.09,70,0,1
221409205,중고나라,이사 정리,캠핑용 접이식 피크닉 테이블,"캠핑이나 야외활동에 딱 좋은 접이식 피크닉 테이블이에요. 레드 컬러로 눈에 잘 띄고 컴팩트하게 접어서 보관과 이동이 편리합니다. 사용감은 있지만 기능상 문제없이 잘 사용할 수 있어요.

경북 예천 개포면 인근분은 가지러 오시면
-7000원

울산 중구 선경2차는 이번주말 내려갑니다. 
선경2차 오실분은 얘약하면 가지고 내려감
 위와동일 조건",37000,2025.11.09,17,0,0
221611994,중고나라,이사 정리,2024갤럭시워치 울트라 32g 자급제 미개봉 새제품 팝니다.,"2024갤럭시워치 울트라 32g 자급제 미개봉 새제품 팝니다.
미개봉 새제품이고 색상은 티타늄 그레이 색상입니다.
자급제이고 제조일자는 25년6월입니다.
조치원 직거래로 50만원에 판매합니다.
조치원 직거래만 합니다.
제아이디 검색해보시면 중고나라에 거래내역많고 한번도 불미스런일 없었습니다.
그럼 다들 좋은하루 보내세요.",500000,2025.11.09,44,0,0
221615467,중고나라,이사 정리,"분구박스 마키에 ""zodiac dragon""&""Singing' in the rain"" 만년필 트위스비 에코","- 분구박스 마키에 ""zodiac dragon"" 만년필 트위스비 에코 EF 닙
 분구박스 마키에 ""Singing' in the rain"" 만년필 트위스비 에코 EF 닙
- 2024년 7/8월에 구매한 상품입니다. 
- 사용감이 있습니다. 눈에 띄는 상처는 없습니다.
- 트위스비 에코 분해 후 세척하기가 무서워서 잉크가 충전된 채로 보냅니다. 양해부탁드립니다 
- 문의 없으시면 바로 안심결제하셔도 됩니다.",110000,2025.11.08,132,0,1
221605596,중고나라,이사 정리,바라쿠타 G9 헤링턴 자켓 42사이즈(100정도) TAN 색상,"-바라쿠타 자켓의 원조, G9 헤링턴 자켓입니다.
-제가 폴로 아우터를 좋아하고 다수 보유하고 있는데, 바라쿠타 자켓만큼은 폴로가 못따라온다고 생각합니다.
-제일 좋아하는 자켓이지만, 운동을 계속하면서 상체가 커지는 바람에 판매합니다.
(비슷한 상태의 44사이즈 보유하신 분 계시다면 교환도 가능합니다. 교환은 만나서 했으면 합니다.)
-약 2년 전 정가로 구매했고, 간절기에만 착용하여 상태 좋습니다.
-정품 옷걸이와 택 일부 보유하고 있습니다.
-주말과 평일 오후 7시 이후 직거래 이외 택배거래 희망합니다.",250000,2025.11.08,31,0,0
221283505,중고나라,이사 정리,현대오피스 HC-600 A4 작두형 재단기,"HC-600 A4 용지 작두형 재단기입니다.
책 1-2권 테스트로 재단후 보관만했습니다.
구입일은 25년1월입니다.

무게때문에 직거래만 합니다.
대전에서 직거래 합니다.",50000,2025.11.07,94,3,1
221589099,중고나라,이사 정리,7500f 4060ti ddr5 32g 데스크탑 팝니다,"23년 12월에 구매한 pc니 대충 2년정도 됐습니다.
게임할 시간도 없고 기운도 없어서 판매합니다.

[AMD] 라이젠5 라파엘 7500F (6코어/12스레드/3.7GHz/쿨러 미포함/대리점정품/멀티팩)

[ASRock] B650E PG Riptide WiFi 대원씨티에스 (AMD B650E/ATX)

[GIGABYTE] GeForce RTX 4060 Ti EAGLE OC D6 8GB 피씨디렉트

[쿨러마스터] Hyper 620S ARGB [CPU 쿨러]

[G.SKILL] DDR5-5600 CL36 AEGIS 5 (16GB) *2

[SK hynix] Gold P31 M.2 NVMe 2280 [1TB TLC]

[쿨러마스터] MWE 750 BRONZE V2 230V (ATX/750W)

[Antec] P10 C SILENT (미들타워)

이 외 정품 윈도우 구매해서 설치되어 있으며 패키징 및 키 드립니다.

그리고 혹시 모니터 필요하시면 뉴싱크 40인치 모니터 있으니까 말씀해주세요

본체+모니터 100에 드립니다.
근데 모니터 진짜 크니까 차량 있으신분만 구매하시기 바랍니다.

구매 후 교환 환불 안됩니다.

아 부품 박스도 거의 대부분 있을거니 혹시 필요하시면 말해주세요",900000,2025.11.07,85,3,1
221568857,중고나라,이사 정리,메타 퀘스트 3 VR 헤드셋 128GB,메타 퀘스트 3 VR 헤드셋 128GB 모델이에요. 박스와 구성품이 모두 포함되어 있고 상태도 깨끗합니다. 아이들이 써서 당연히 금연제품이고요. 안면폼 포함입니다. 정상 작동하고요. 23년 12월 구매했습니다. 직접 오시면 기름값정도 빼드립니다. 택배도 가능하지만 선입금 조건이고요. 직접 작동 상태 보시고 구입하시는 걸 추천드려요.,450000,2025.11.07,190,3,4
221563747,중고나라,이사 정리,듀퐁 은장 라이터,"듀퐁라이터
뉴 라인2 스몰 라이터 팔라듐 실버 CA18690Z
신품가 1,800,000만원 
선물받아 보관 중입니다.
풀구성입니다. 박스,보증서,가스 + 부싯돌 포함 
새제품 싸게 쓰세요.
택배포함 95만원에 드립니다.
01089590094 아무때나 문자, 전화 주세요.
택배 바로 쏴드릴께요^^",850000,2025.11.07,67,0,2
221563690,중고나라,이사 정리,화목난로,"회색 난로입니다
안전망이 설치되어 있어 안전하게 사용할 수 있습니다
난방 성능이 뛰어나 따뜻하게 겨울을 보낼 수 있습니다

2년사용,상태A급,연통125mm
가로(앞)45cm""세로(옆)50cm""높이70cm“
다리발15cm 입니다
문의 : 010-6245-0937",550000,2025.11.07,90,3,0
221563490,중고나라,이사 정리,TISSOT 슈망 데 뚜렐 스켈레톤,"티쏘 슈망 데 뚜럴 스켈레톤 시계입니다.
실물 정말 이쁩니다.
구성품 박스,보증서 없습니다.(이사때 분실)
백화점 티쏘 매장 as 가능합니다.
가격 절충 가능합니다.
문의 주세요 
01089590094",800000,2025.11.07,63,1,1
221542237,중고나라,이사 정리,반다이 30mp 고토 히토리 미조립,"반다이 고토 히토리 
미개봉 판매합니다

택미포가격입니다


ps:흡연합니다

애완동물 키우고있습니다",50000,2025.11.06,33,1,1
188217920,중고나라,이사 정리,지깅바늘,"※ 카페 상품 게시글은 자동으로 중고나라 앱/사이트에 노출합니다. 노출을 원하지 않으실 경우 고객센터로 문의 바랍니다. 
※ 등록한 게시글이 회원의 신고를 받거나 이상거래로 모니터링 될 경우 중고나라 사기통합조회 DB로 수집/활용될 수 있습니다. 
─────────────────── 
📢 제목에 ""제조사/ 브랜드 명""과 ""상품명(ex. 여성용 드라이브)”을 넣어 작성하면, 보다 빠른 판매가 가능합니다! 
📢 게시글 작성 시 배송 방법에 “직거래”와 “내 위치” 설정할 경우, 보다 빠른 판매가 가능합니다! 

지깅바늘 판매 합시다 총16개 거진 미사용 미개봉 이지만 한두개 확인차 한번씩 빼보긴 했습니다 개당 5~8천원 구입 했습니다 16개 일괄 5만3천원 직거래 내고가능 택배포함 가격내림
구입 하실분 ㅇㅣㅇ 8822 5735",53000,2025.11.06,66,1,0
219762332,중고나라,이사 정리,ID4 툴레 가로바 및 598 캐리어 판매합니다.,"📢 제목에 ""제조사/ 브랜드 명""과 ""차종(ex. 아반떼 CN7)”를 넣어 작성하면, 보다 빠른 판매가 가능합니다! 
📢 게시글 작성 시 배송 방법에 “직거래”와 “내 위치” 설정할 경우, 보다 빠른 판매가 가능합니다! 

ID4 툴레 가로바 및 598프로라이트 판매합니다.

판매구성품
- 툴레 가로바 2개
- 툴레 598프로라이드 2개
- 루프장착킷 4개
- 가로바 키 2개(원키 작업되있음)

제품특성상 직거래만 가능하며, 지역은 대전입니다.
가격 - 85만원





🚨회원님의 거래 게시글을 노린 중고나라 운영진 사칭 피싱 사이트를 주의하세요🚨",850000,2025.11.06,228,0,0
221530062,중고나라,이사 정리,스팅어 19인치 순정 휠(Y스포크),"스팅어 19인치 순정휠 - 박스보관중

4짝 전체적으로 생활기스 있음 

큰찍힘이나 굴절은 없음

TPMS, 휠캡 포함

직거래, 택포(대신화물택배) 가능



직거래 - 세종시 조치원읍에서 가능",226000,2025.11.06,151,5,4
221513136,중고나라,이사 정리,가민포러너265,"- 모델명 : 가민포러너 265

- 구성품 : 박스, 충전선, 시계

- 설명 : 2024년 8월에 구매 했습니다.
이 시계 덕분에 10km 41분대 찍었습니다!!

-하자여부 : 시계 윗부분 생활 스크래치

안전결제도 가능합니다!!!!!
직거래 하시면 수수료도 안 떼이시고 좋아용
이체 거래시 서로 안 떼여서 좋구요",440000,2025.11.05,317,1,4
221481912,중고나라,이사 정리,갤럭시 S25 512G 아이스 블루 SSS급 새상품급,"8달정도 사용 후 폴드7으로 기변하여
오늘 서비스센터에서
디스플레이, 테두리 하우징, 후면, 배터리 올갈이 완료
올갈이 후 보호 스티커도 그대로 붙어있습니다.
정상해지폰이므로 유심만 넣어서 쓰면 됩니다.
풀박스로 케이블도 안에 있습니다

LG 통신사 기기 정상해지",850000,2025.11.05,103,1,1
221220794,중고나라,이사 정리,(대구)삼성 냉장고 세탁기 세트 ㅡ 이사정리,"삼성 냉장고 830리터 2019년 구매
생활흔적 있지만 깨끗한편 입니다
55만원

삼성 세탁기 대용량 23키로 미니워시 3.5키로
2022년 구매 
전체적으로 깨끗하고 작동 굿 입니다
65만원

총가격 120만원 ㅡ 일괄구매시 절충가능

구매 하시면 갔다드릴께요
통화부터해요",650000,2025.11.05,122,2,1
220786876,중고나라,이사 정리,콘스탄틴 어베인 스페셜 픽시 팝니다.,"콘스탄틴 어베인 스페셜 픽시 자전거 판매합니다.
(재업) 대차 및 일부 부품 판매는 전혀 고려하지 않기 때문에 문의에 답변드리지 않습니다.

- 약 1년 6개월 사용
- 스크레치 (사진 참조)
- 사이즈는 54 또는 56 (정확히 기억나지 않음)으로, 175cm에 맞춰 구매
- 구매하시면 별도로 분리해 놓은 뒷브레이크 제공
- 거치대 포함
- 휠은 알류 88림휠로 장착",650000,2025.11.05,495,1,5
221504767,중고나라,이사 정리,[사이즈 95~100] 브랜드 맨투맨 3천원부터 (이사 전 옷 정리),"제가 몇 번 입고 세탁 후 옷장에 박아둔 옷이고
옷에 따라 다르지만 한 1~3년 옷걸이에 걸려있었습니다

곧 이사가서 옷장에 박혀있던 옷들 중 안 입는 빈티지 옷들 발견하여 다 정리하고 갑니다

전 키 173.5에 마른 체형
95-딱 떨어지는 정핏
100-입으면 살짝 여유있는 정도
이정도 신체사이즈 가지고 있으니 참고하심 좋을 듯 합니다

제 상점에서 판매중인 맨투맨, 후드집업, 후드티, 아우터 등 타 상품과 함께 구매시 할인 가능합니다
결제 전 따로 문의주세요

[1] 비바스튜디오 네이비 맨투맨 - 5,000원
사이즈 M
봄, 가을, 겨울용
실착 3회 정도

[2] 사이드 라인 보세 맨투맨 - 3,000원
사이즈 95
봄, 가을용
입으면 개편함 휘뚜루마뚜루 입는 옷
실착 5회 이상

[3] 이벳필드 아이보리 맨투맨 - 7,000원
사이즈 M
봄, 가을, 겨울용
실착 3회 정도

[4] 페이브먼트 헤비웨이트 맨투맨 - 3,000원
사이즈 M
겨울용
실착 딱 1회 후 옷장에 박아둠

[5] 파스텔톤 보세 맨투맨 - 19,000원
사이즈 M
봄, 가을용
재질 완전 부드러워서 이것도 휘뚜루마뚜루 입기 좋음
실착 5회 이상",3000,2025.11.05,32,1,0
221499577,중고나라,이사 정리,"영어 옥스포드 리딩트리 사운드북 정품 Stage 7 ,8","옥스포드 리딩트리 사운드북 정품입니다

한번씩 그냥 넘겨본거라서
상태는 새것처럼 다 깨끗합니다.
빛바램없고 낙서 없어요 
영어 학습용으로 좋을 것 같아요!

잃어버린거없이
다 있고 정품 사운드북입니다

7단계 18권과 해설집 택포 6만원

8단계 11권(1권분실해서 11권임)+해설집
 택포 4만원입니다

9단계도 있어요 귀찮아서 사진못찍었는데
필요하시면 채팅주세요",60000,2025.11.05,117,1,1
221020799,중고나라,이사 정리,스몰리그 니콘 Z5/Z6/Z6II/Z7/Z7II 케이지,"Smallrig 스몰리그 니콘 Z5/Z6/Z6II/Z7/Z7II용 케이지 팝니다. 작년 연말 신품 구입하고 필드 3번 나가고 영상 촬영할 일이 없어서 쭉 보관만 했습니다. 
상태는 새것과 다름없으며, 제품 상자 포함입니다.
세종시 조치원읍 직거래/편의점 반값택배 거래합니다.
전화는 못받을 수 있어서 문자나 채팅 먼저 부탁드립니다.",50000,2025.11.05,168,2,1
221464517,중고나라,이사 정리,30ms신데마스,"30ms 신데마스 미개봉 판매합니다

전부 합친가격이입니다

ps:흡연잡니다

 애완동물 키우고 있습니다",200000,2025.11.05,33,1,0
221482574,중고나라,이사 정리,"하나 당 4,000원",살 사람만 오세요 제발 이사가서 급처입니다 스펙 162/52,4000,2025.11.04,11,0,0
221297386,중고나라,이사 정리,2026 메리다 스컬트라 6000 KR M사이즈(54) 팀컬러 미사용,"메리다 스컬트라 6000 KR M사이즈 판매합니다. 구매 시 같이 동봉되었던 모든 부품 (충전기 포함) 전부 포함입니다.
페달도 꼽지 않았습니다. (페달은 직접 장착하셔야합니다.) 105di2 입니다.

M사이즈 키 175 ~ 185 잘 맞습니다. 상세 스펙은 아래 오디바이크에서 확인하시면 됩니다. https://www.odbike.co.kr/goods/goods_view.php?goodsNo=1000003108

직거래만 가능하며, 소정의 기름값 주시면 제주도빼고 배달 가능합니다.

대차는 2026 메리다 리엑토 6000 kr 만 받습니다. 리엑토 산다는걸 모르고 스컬트라를 사버렸네요 ...",3400000,2025.11.04,240,1,1
217646395,중고나라,이사 정리,타이라바 스피닝로드 참앰블랙라벨 s602rsc,"타이라바 스피닝로드 팝니다.

참앤블랙라벨 s602

8시간 사용 a급.
31만원.
보증서 유.
작은 기스 최대한 잘보이게 찍었습니다.
아산, 세종 직거래 선호!

공일공 오일오팔 이사공칠 문자주세요",310000,2025.11.04,233,0,1
221400684,중고나라,이사 정리,극예 82mh157 팝니다,정공정품 극예 82mh157 팔아요 보증서 천집등 구성품다있구요 로드그립 감고써서 기스는 없으나 약간 생활에흔적은 있어요 새거같은거 찾는분은 패스하시구요 대전 직거래 합니다(파손면책 동의 하시면 경동택배 가능합니다),330000,2025.11.04,156,0,0
221473913,중고나라,이사 정리,컨텐츠이용 구글 게임 대리 70퍼 판매,"70퍼센트로 진행합니다
판매입니다 10쯤 가능",70000,2025.11.04,67,0,4
221195554,중고나라,이사 정리,에코플로우 태양광패널 400W,"에코플로우 태양광패널 400w
상태 좋아요
부피로 인해 직거래만 가능할듯 싶어요",600000,2025.11.04,162,1,0
220811553,중고나라,이사 정리,DT swiss p1800 디스크 휠셋,"디티스위스 p1800 spline휠셋 판매합니다 
위아위스 레디컬에 달려있던 순정휠입니다
주행상 문제되는 하자 없습니다 소량의 네고 가능합니다
타이어튜브 미포함입니다 시마노바디
세종에서 직거래 합니다",100000,2025.11.04,843,13,10
219417523,중고나라,이사 정리,니콘f3hp카메라 md-4 35-70mm 렌즈 민트급,"상태가 매우 깨끗합니다. 오래된 카메라인데 지금까지 이런 상태로 보존된 것은 정말 드뭅니다. 시리얼 번호도 후기형 번호입니다.
구성품으로는 35-70mm 렌즈, 모터드라이브 MD-4, 새 스트랩, 소형 삼각대가 포함되어 있습니다.
연락 주세요~
안전거래 환영합니다",999000,2025.11.04,959,4,1
221463136,중고나라,이사 정리,고장난 고프로9,"고장난 고프로팝니다. 외관상태 양호하고 잘 사용하다가 전원이 들어오지않아 판매합니다. 부품용으로 사용허시면좋을거같습니다 쿨거래시 택포해드립니다
공10-3503-0168",50000,2025.11.04,127,3,1
221367872,중고나라,이사 정리,21스티즈 atw hlc 7.1 좌핸들,"큰기스 찍힘 안보입니다. 생활기스 존재합니다.
25년초 세척,베어링 교환후 25년도 10회미만 사용했습니다.올해 내년까지 사용하시면됩니다. 보증서 박스 등 구매시 동봉되어있던 구성품들 다들고있습니다. 네고는 죄송합니다.",300000,2025.11.04,79,0,1
221309588,중고나라,이사 정리,디월트 그라인더 팝니다.,"디월트 충전 그라인더입니다.

개봉만 한 제품입니다.

감사합니다.",280000,2025.11.04,58,1,0
221039924,중고나라,이사 정리,보쉬 레이저 레벨기 GPL 5G 팝니다.,"보쉬 레이저 레벨기 GPL 5G 팝니다.

구매는 3일전에 하였는데 켜보기만 했습니다.

박스 개봉하여 구매처에 환불이 되지 않네요.

문의 주시면 상세히 답드리겠습니다.

감사합니다.",60000,2025.11.04,92,3,1
221418612,중고나라,이사 정리,도쿠. 에어임펙 38미리,"도쿠 대형 임펙

mi-38

작동 잘됩니다

195,000원",195000,2025.11.03,48,1,1
221418531,중고나라,이사 정리,유압 임팩트렌치. 버셀 3/4,"버셀 임펙3/4렌치
gt-s20rw

작동잘됩니다.",160000,2025.11.03,31,0,0
220930249,중고나라,이사 정리,님봇B21,"상태 ss급입니다
용지1롤 기기에있구요
택포입니다",40000,2025.11.03,45,1,0
221325873,중고나라,이사 정리,인텔 코어i5-9600K CPU,i5 9600k 판매합니다! 자취방 컴 업글하면서 판매해요! 상태 너무 좋습니다!,80000,2025.11.03,46,0,1
221395658,중고나라,이사 정리,HG 짐/짐 반다이/건담/건프라/미개봉,"박스에 이상 없으나 민감하면 거래X / 모두 검수 완료

거래 후 단순 변심으로 인한 환불은 일절 받지 않습니다

타 제품과 교환 및 네고 안 받습니다",27000,2025.11.02,19,0,0
221318955,중고나라,이사 정리,LG 공기청정기 에어로타워 오브제컬렉션 (온풍겸용),"2022년 봄에 구입하였음.
모델명 FS061PSSA
필터 25년5월에 교체함.
대전에서 직거래 가능합니다.",400000,2025.11.02,57,1,1
221373896,중고나라,이사 정리,bmw c600s,"c600s 13년 45@@@ 판매합니다
상태 스텐드 빳빳 고질병 캠체인 이상무
무조건 고급유 주행해왔고 오늘만 급쳐로 던져요
금 차 대차가능 연락주세오 .",3600000,2025.11.02,185,0,1
221130619,중고나라,이사 정리,톰 더 글로우,,450000,2025.11.01,118,3,3
221330571,중고나라,이사 정리,한완수 2026,"정가 163000원
비닐 미개봉 새상품입니다",140000,2025.10.31,232,4,1
220602339,중고나라,이사 정리,레핀 16001 고스트버스터즈 소방본부 새제품,,150000,2025.10.31,48,0,0
221309173,중고나라,이사 정리,다이와 코우카 100 우핸들,"25년구입후한시즌사용
기스콕없음
궁금한사항있으시면문자주세요",180000,2025.10.31,61,0,2
221308930,중고나라,이사 정리,시마노 이이다코 BBH155,,100000,2025.10.31,129,3,5
221302169,중고나라,이사 정리,jvc 50인치 4k lcd,"2020산 jvc 50인치 lcd tv 팝니다
4k tv 입니다
이상없습으나 

저절로 켜질 때 있어서 1구 스위치탭 사용중입니다

수리비는 15만원 나온다네요(천안jvc센터픽업 앤 수리 앤 배송)

가격은 20만원 입니다.
수령시 대형차종으로 오세요",200000,2025.10.31,22,0,1
221295056,중고나라,이사 정리,정액질소통판매(VHC35 테일러와튼),,2200000,2025.10.30,215,2,1
220757906,중고나라,이사 정리,빔프로젝터(앱손EB972),"- 앱손 빔프로젝터 EB-972 
- 구매한지 1년 경과
- 실사용횟수 3회
- 인터넷 최저가 대비 반값에 올립니다.",270000,2025.10.30,80,0,1
220521659,중고나라,이사 정리,고쿠사이 M19 4인치,"고쿠사이 스미스웨슨 M19 4인치 풀메탈 발화식 모델건
얼마전에 구매했는데 제 스타일은 아니라서 팝니다
전주인분이 모X링맥스에서 블랙 세라코트로 도색하셨습니다
카트리지 6발 있고 하자는 가늠자 한쪽에 찍힘 있습니다(사진참고)
판매가격은 택포 70만원입니다",650000,2025.10.30,73,0,1
221162149,중고나라,이사 정리,아이폰13미니 128 화이트,"아이폰13미니 128 화이트 배터리 83%
안전거래 가능합니다
구입하시면 택배보냅니다",240000,2025.10.30,87,4,2
221258283,중고나라,이사 정리,그래프1000 70주년 한정판,"그래프 1000 골드 70주년 한정판 6자루입니다
새상품이나 6년 보관해서 씰에 세흔이나 공정상 마감불량 있을 수 있음",162000,2025.10.29,87,1,3
221257559,중고나라,이사 정리,,,80000,2025.10.29,116,1,4
221257173,중고나라,이사 정리,곰돌이스쿨 1단계,"곰돌이스쿨1단계 
총 24호까지 있습니다 박스개봉상태로 사진에 모두 찍어 올렸지만 혹시 분실된 부분이 있을지 몰라서 싸게 올립니다
구성품 모두 찍었으니 꼼꼼히 확인 후 구매 하시기 바랍니다
마지막사진은 곰돌이 킨더학습지 약간과 영어가 크는 나무 학습지 부록 모두 새상품을 필요하시면 같이드립니다 택배 무게가 많아지므로 택배비만 3000원 추가해주시면 됩니다
직거래시 5000원 빼드리겠습니다 
꼭 구매하실 분만 연락부탁드립니다",50000,2025.10.29,18,0,1
220601242,중고나라,이사 정리,레고 76046 새제품,"레고 DC 슈퍼 히어로즈 76046입니다
- 8세부터 14세까지 사용 가능합니다
- 2015년 11월 15일에 제조되었습니다
DC 코믹스 슈퍼 히어로즈 시리즈로, 히어로들의 스카이 하이 배틀을 즐길 수 있습니다

출시한지 10년가량 된 단종제품으로 박스상태 양호한 편이나 조립용 추천합니다.",100000,2025.10.29,63,0,1
221088148,중고나라,이사 정리,부품용 Gtx1070 1080,"사진속 파란 글카 두개입니다.
냉납 의심 고장품입니다.
수리해서 쓰실분
일괄로만 팝니다.
교환 환불 네고 x
직거래 우대합니다.",70000,2025.10.29,149,2,2
220678537,중고나라,이사 정리,멜긱 픽셀 레고 키보드 새상품급 팝니다~~~~~,멜긱 픽셀 레고 키보드.,12345,2025.10.29,54,1,1
220671839,중고나라,이사 정리,"테인staz 서스펜션,쇼바 (올뉴k7)","올뉴k7 에 장착했던 테인 서스펜션입니다.

오늘 10/13 다른 쇼바로 교체하면서 탈거했으며 샵에서 누유,압 다 이상 없다고 했습니다. 

오셔서 직접 확인해보세요.
(주소 선택이 안 돼서 조치원으로 했지만 세종 산울동)





23년10월에 구매했고 총 33000km 정도 주행했습니다. 마운트는 본인차량꺼 사용해야 합니다. 

차고는 최대로 올려서 사용했습니다.

다른 곳에도 올릴 예정이니 구매 하실 분은 서둘러 주세요



네고불가, 구두 예약불가
(직거래 시 네고, 특히 주유비라도 빼달라는 소리 하지마세요)
택배 이용 가능하나 택배비는 본인 부담이며 환불불가



올뉴k7, ig, (페리포함) lf소나타, 동일년식 k5 호환가능
확실한 건 본인이 직접 알아보시길 바람


☆필독☆

사진 잘보고 쇼바에 대한 이해가 있으시고 사실분만 연락주세요
승차감이 어떠냐, 스프링이 어쩌고 저쩌고 하지마세요
승차감은 개개인이 다 다르고 승차감을 논할거면 순정쓰시고
스프링 좋은거 찾으실꺼면 신품을 내리시든 더 좋은 제품 찾으세요. 이걸로 트집잡아 네고 할 생각하지 말구요

앞으로 가격 조금씩 내릴 예정이나 기존에 연락주셨던 분에게는 안 팔고 필독에 기재된 내용 언급시 그냥 채팅 나갑니다",380000,2025.10.29,316,2,3
221150287,중고나라,이사 정리,rtx3090 msi 슈프림,"msi 슈프림 rtx3090
21년 8월 5일 구매 제품입니다
구성품 그래픽카드 지지대는 그대로 가지고 있는데 박스는 처분해서 없습니다
택배 포장은 정전기 방지봉투에 그래픽카드를 담아서 에어캡으로 감싸 포장할 예정입니다
직거래는 문경에서 가능합니다
직거래시 80에 넘겨드려요",850000,2025.10.28,156,4,2
220490728,중고나라,이사 정리,유일 가로바(소나타 DN8용),"9. 유일 가로바(소나타 DN8용)
가. 가격 : 
나. 구성품 : 가로바, 키(2개), 사이드로더, 씨투써미트 타이 다운(3.5미터)
다. 사진 참고 하세요.
장착된지 좀 된 제품이라 뻑뻑합니다.

직접보고, 만져보고, 두드려보고 가져가세요. 직거래 우선합니다.
평일 저녁 또는 주말/휴일 대전 동구 대성동/가오동에서 실물 확인 할수 있습니다. 

문의 사항은 문자로 연락주세요.
급하게 파는거 아니니 가격은 제가 낮추겠습니다.
기본 예의는 지켜주시고요.

응-9오오1-9이팔6",60000,2025.10.28,136,1,2
221195639,중고나라,이사 정리,에코플로우 글래시어 냉장고,"EcoFlow 글래시어 냉장고 판매합니다~

단독으로 사용이 가능한 배터리 포함입니다

얼음만들기가 가능한 아이스 메이커 기능

추가구매 옵션인 바퀴랑 손잡이가 결합되어있습니다.

보관 및 이동에 용이한 가방 포함입니다

풀세트 구성

냉장고 + 배터리 + 바퀴손잡이 + 가방
무게 부피로 인해 직거래만 가능할듯 싶어요",950000,2025.10.28,89,0,1
221195355,중고나라,이사 정리,산조대금 C#,"지금은 정악을 배우고 있는데
스타트는 요놈으로 시작했습니다
플라스틱 건너뛰고 요놈으로 시작했는데 꽤 많은 도움을 주었던 대금입니다.(소리가 잘나서요)
깨끗하게 사용했습니다
사진 최대한 많이 찍었어요
택배도 꼼꼼하게 포장해서 보내드려요",200000,2025.10.28,137,1,2
221192872,중고나라,이사 정리,주남고압피스톤펌프2500,"주남고압피스톤펌프2500 
구매시기. 잘 모릅니다
사용 기간. 잘 모릅니다
하자여부. 없습니다 앉아서
바로 사용 하시면 됩니다 
단상220볼트 5마력모터 입니다",430000,2025.10.28,383,0,1
220696180,중고나라,이사 정리,스쿠버프로 mk25 s620ti,"스쿠버프로 s620ti r195 판매합니다.
고압호스는 교체 하셔야합니다. 듀이 드라이호스 포함해서 드립니다.",600000,2025.10.28,541,4,4
221136828,중고나라,이사 정리,스노우피크 플랫버너(정발) + 전용오덕+ 전용 가방,"제목: 스노우피크 플랫버너 신형 (국내정발) + 그리들 오덕 + 멀티캠 가방 일괄
안녕하세요, 캠핑 장비 정리 중이라 스노우피크 플랫버너 판매합니다.
국내 정발 ""신형"" 모델입니다.
(구형이랑 차이점이 있으니 이 부분은 검색 참고 부탁드릴게요!)
아래 3가지 일괄로만 판매합니다.
플랫버너 본체 (신형)
그리들 올릴 때 쓰는 전용 오덕 (받침대)
전용 멀티캠 수납 가방
가방이랑 오덕(받침대)까지 다 있어서 IGT 테이블 없으셔도 바로 사용 가능하고, 그리들 쓰기도 편합니다.
수납가방이 멀티캠이라 감성도 좋습니다.",128000,2025.10.27,112,2,2
221102185,중고나라,이사 정리,HG 짐 스파르탄 반다이/건담/건프라/미개봉,"박스에 이상 없으나 민감하면 거래X / 모두 검수 완료

거래 후 단순 변심으로 인한 환불은 일절 받지 않습니다

타 제품과 교환 및 네고 안 받습니다",32000,2025.10.27,105,0,1
221117538,중고나라,이사 정리,아크릴 케이스/장식장/진열장,"너비x폭x높이 : 27x14x36 / 새상품 검수 완료

필요에 따라 중간에 받침대도 있는 2단 선반입니다

거래 후 단순 변심으로 인한 환불은 일절 받지 않습니다",7000,2025.10.27,33,0,0
221066701,중고나라,이사 정리,코베아 구이바다 세라믹 (박스o 새거),"올해 여름에 18만원 언저리에 구매했는데 단 한번도 사용 안해서 팝키다. 상태 괜찮은지, 불 잘 나오는지만 확인하고 그냥 박스채로 보관만 했어서 미개봉이라고 봐도 무관합니다 직거래는 청주, 세종 공주, 예산에서 가능합니다.",100000,2025.10.27,65,3,1
221164528,중고나라,이사 정리,"반본체(9600,32G,1T 등)판매합니다.","안녕하세요. 모두 미사용 미개봉 제품입니다.
다른 사양으로 변경하느라 사놓고 사용하지 않았습니다.

CPU : 라이젠 9600
RAM : 팀그룹 DDR5-5600 CL46 Elite 서린 (16GB) * 2 = 32G
메인보드 : GIGABYTE] B650M K 피씨디렉트 (AMD B650/M-ATX)
SSD : WD Black SN850X M.2 NVMe 2280 [1TB]

택비 포함이며 직거래는 시간 맞으면 대전에서 가능합니다.",800000,2025.10.27,68,2,2
221159999,중고나라,이사 정리,갤럭시s25 자급제 256 실버,"갤럭시s25 자급제 256 실버
최초통화일 2025.5.24
구입하자마자 케이스,액정필름 붙여놓았으나 왼쪽 하단에 미세찍힘있습니다.
안전거래 가능합니다 결제하시면 택배보냅니다",750000,2025.10.27,56,0,1
220873444,중고나라,이사 정리,보스qc울트라 화이트 헤드폰,"보스qc울트라 화이트 
25년8월30일 구매했습니다
구매후 집에서 1시간 정도 사용한 거의 새거에요
택배 직거래 가능합니다",290000,2025.10.26,108,1,3
220877479,중고나라,이사 정리,IGT 테이블 + 스노우피크 신형 플렛버너+igt화로대,"IGT 테이블 (네이처하이크) + 스노우피크 신형 플랫버너 세트

네이처하이크 IGT 테이블 베이스에
스노우피크 신형 플랫버너, IGT 화로대, IGT 스탠 유닛 포함된 구성입니다.
추가로 그리들 전용 오덕, 스탠 IGT 유닛, 그리고 멀티캠 전용 가방까지 같이 드립니다.

플랫버너: 거의 사용 안 함. 불균형·그을음 없이 깨끗한 상태.

IGT 테이블/화로대/스탠 유닛: 실사용감 약간 있습니다만, 기능 이상 없고 전체적으로 양호합니다.

그리들 오덕과 가방도 포함이라 바로 캠핑 세팅 가능합니다.

구형은 플랫버너에 국물받이는 검은색, 원형이 동색이고 신형은 원형이 은색 국물받이 스텐제질입니다",260000,2025.10.26,813,6,4
220170093,중고나라,이사 정리,에쿠스 vi 18인치휠타이야 팝니다.,"에쿠스 vi 18인치 크롬 휠타이어 
상태 . 깨끗합니다 반짝반짝 합니다 
tpms 교환 .모비스 정품 
타이야 탈만큼 남아있습니다.
마제스티9 4짝.

필요하신분 구입하시면 됩니다.

경북 
40장

010 
5386 
0350",400000,2025.10.26,153,1,0
220702933,중고나라,이사 정리,EV9 린드메이드 하이탑 루프탑박스,"- 상품명 : EV9 에어 어스 전용 린드메이드 하이탑(860L) 루프박스
- 구매시기 : 2024-01-11
- 색상 : 흰색
- 장착지역 : 대전 동구 (장착지역 및 업체 협의 가능)
- 장착비 : 탈착비 및 장착비 각자 부담(각각 약 10만원)
- 장착시간 : 협의
- 부가설명 : 장착 후 주행거리 1만키로 정도 운행하였고 평소에 지하주차장에 주차하던차라 깨끗합니다.",1300000,2025.10.25,186,1,2
220939970,중고나라,이사 정리,아이패드프로12.9 6세대실버 128g+애플펜슬 직거래,"와이파이 모델, 3utools 연결 후 확인 결과 배터리100%, 완충12회 
아이패드 분석 배터리 효율 103%, 사이클 10회
 기스,찍힘,액정 잔상,멍 x , 보증만료
단 펜슬은 사진에 나온 부분만 찍힘o 기능문제 x

패드박스o, 신지모루케이스+힐링쉴드 슈페리어 ar 고화질 필름 4일전 부착완료, 펜은 단품

세종에서 바로 쿨거래시 95에 드려요 대전,오송 등 가까운곳도 가능

*직거래 안전결제시 수수료추가
*판매시글삭 현장네고x, 직거래만 하니 거래시 꼼꼼히 작동 확인부탁드려요 이후 억지 환불 불가합니다
확실히 거래하실분들만 연락주세요 ㅜ",950000,2025.10.25,151,1,3
220096205,중고나라,이사 정리,굿스마일 치토세리움,"굿스마일 치토세리움 입니다

미개봉에 런너검수차 박스만 열어봤습니다

일괄 가격 이고 택비 별도 입니다",300000,2025.10.25,438,4,0
220661709,중고나라,이사 정리,누크메트릭스 걸프라,"누크메트릭스 걸프라 미개봉입니다

검수하느라 박스열어보고 런너수에 질려서 판매합니다

일괄 가격이고 택비 별도 입니다


ps 흡연잡니다

애완동물 키우고 있습니다",250000,2025.10.25,66,0,1
221084361,중고나라,이사 정리,HG 짐 반다이/건담/건프라/미개봉,"박스에 이상 없으나 민감하면 거래X / 모두 검수 완료

거래 후 단순 변심으로 인한 환불은 일절 받지 않습니다

타 제품과 교환 및 네고 안 받습니다",15000,2025.10.25,46,1,1
221078219,중고나라,이사 정리,12.7 2023 팝니다,"12.7 2023이고 태블릿 여러대 사용하다보니 방치한지 좀 되어 
사용시간이 길진 않습니다 

대신 외관 기스들이 좀 있는편이고 그것들 감안해서 17에 팝니다
조치원쪽에서 직거래 가능하고 택배시 5천원추가 우체국 익일로 배송해드려요

네고 환불은 불가능합니다",170000,2025.10.24,34,0,0
220689585,중고나라,이사 정리,레이 린드메이드 루프박스,"린드메이드 루프박스 22년 설치
23년 겨울부터 어머님께 차량넘기고 지하주차장에서 1년에 100키로도 안탐

설치 해체비용은 각자부담 원합니다. 2시간 정도 걸린다하네요~
( 15만원 예상 )

채팅주세요~~",700000,2025.10.24,183,0,2
220709046,중고나라,이사 정리,LED COB 스트립 조명 10M,"LED 스트립 조명 원하는 길이로 잘라서 사용가능
커튼박스에 붙이면 간접등으로 예쁨",51000,2025.10.23,72,1,0
220272381,중고나라,이사 정리,hp노트북 오멘16 rtx5060 쿠팡케어5년 직거래,"오멘16 노트북 화이트 모델입니다. 
cpu 라이젠ai350
그래픽 rtx5060
램 32기가
배터리사이클1

hp자체보증도 내년 9월인가 10월까지구요 쿠팡안심케어도 5년이고 양도가능합니다

단, 박스는 버려서 어댑터랑 처음에 씌워져 있던 얇은 천에 담아드려요 박스 제외 풀구성 + 독거미 f87 다크올리비아 저소음축 드려요

세종직거래 142만, 서울,대전 등 1시간 내외의 타 지역의 경우 기차역가능(145만)

*직거래 안전결제시 수수료추가
*판매시글삭 현장네고x, 직거래만 하니 거래시 꼼꼼히 작동 확인부탁드려요 이후 억지 환불 불가합니다",1420000,2025.10.23,310,4,2
221038226,중고나라,이사 정리,캠핑랜턴 일괄,1년전에 다 구매했고 로티 랜턴 입니다 네이버에서 저거 하나만 3만원에 파는데 캠팽랜턴 4개 나 해서 3만5천원에 일괄 처분 하겠습니다,35000,2025.10.23,33,0,1
220877761,중고나라,이사 정리,코베아 구이바다 세라믹 새상품 (박스ㅇ),"코베아 구이바다 세라믹 모델입니다.
한 번도 사용하지 않은 새제품급 상태로,
박스 및 구성품 모두 그대로 보관 중입니다.

세라믹 코팅 깨끗하고, 본체 외관 스크래치나 사용감 전혀 없습니다.
실내 보관만 해서 상태 정말 깔끔합니다.

바로 캠핑 나가셔도 되고, 선물용으로도 손색 없습니다.
직거래도 가능",105000,2025.10.23,42,2,0
220695715,중고나라,이사 정리,산티 이라이트 플러스 드라이슈트,"산티 이라이트 플러스 sk사이즈 판매합니다!
원단에 오염 살짝있고 8월에 지퍼 교체했습니다. 침수 테스트도 완료했습니다. 목씰은 교체하고 사용하시는게 좋을듯합니다. 내피 전면부에 스크래치 있습니다. 내부 솜 보이긴하는데 입는데 문제 따로 없습니다. 보이는 구성품 전체 포함 가격입니다. 궁금하신점 문의주시면 친절하게 답해드리겠습니다!
참고로 제 스펙은 174-60-260 입니다. 딱 맞습니다!",1100000,2025.10.23,417,2,2
221002536,중고나라,이사 정리,레더맨 시그널 미사용+레더맨 라쳇 미사용 새제품 팝니다,"레더맨 시그널 미사용+레더맨 라쳇 미사용 새제품 팝니다.
개봉만한 미사용 새제품입니다.
박스에 한글보증서 붙어있는 신명글로빅스 국내정품입니다.
되도록 직거래하면 좋겠구 택배거래도 가능합니다.
가격은 조치원 직거래로 18만원입니다.
조치원 직거래만 합니다.
제아이디 검색해보시면 중고나라에 거래내역많고 한번도 불미스런일 없었습니다.
근무시간에는 답장이 약간늦을수 있습니다.",180000,2025.10.23,108,1,2
220829600,중고나라,이사 정리,PS5 PRO 판매합니다,"디지털버전
프로본체,전원선,박스만 있습니다(HDMI분실)
커버 순정 미사용

듀얼센스 엣지 
익스트림 커스텀케이스교체(순정고무그립처럼 벗겨질일 없음)
익스트림 기계식버튼 좌(십자키)우(버튼키)
대용량배터리(기본보다 오래갑니다)
모듈 좌,우 홀센서
추가순정모듈 2개
 
일괄판매

판매가 더디면 알아서 가격조정 할께요^^
내용적어놨으니 구입하실분만 챗주세요.

세종시 직거래만합니다",950000,2025.10.23,430,1,2
220490560,중고나라,이사 정리,배핀 방한장화(트래퍼),"7. 배핀 방한장화(트래퍼)
가. 가격 : 
나. 세부내용
카약 탈때 2~4 회 사용 한거 같습니다.
흔히 사용하시는 헌터보단 조금더 방한기능이 좋습니다. 신품 가격 비쌉니다.
겨울에 카약탈때 신으면 발 안시렵습니다.(일반 방한장화 비교 안됨.)

직접보고, 만져보고, 두드려보고 가져가세요. 직거래 우선합니다.
평일 저녁 또는 주말/휴일 대전 동구 대성동/가오동에서 실물 확인 할수 있습니다. 

문의 사항은 문자로 연락주세요.
급하게 파는거 아니니 가격은 제가 낮추겠습니다.
기본 예의는 지켜주시고요.

응-9오오1-9이팔6",60000,2025.10.23,67,0,2
220490853,중고나라,이사 정리,레일블레이자 벌리프로 구명조끼(카약 전용),"11. 레일블레이자 벌리프로 구명조끼(카약 전용)
가. 가격 : 
나. 상태는 사진 참고 하세요.

직접보고, 만져보고, 두드려보고 가져가세요. 직거래 우선합니다.
평일 저녁 또는 주말/휴일 대전 동구 대성동/가오동에서 실물 확인 할수 있습니다. 

문의 사항은 문자로 연락주세요.
급하게 파는거 아니니 가격은 제가 낮추겠습니다.
기본 예의는 지켜주시고요.

응-9오오1-9이팔6",70000,2025.10.23,137,2,0
220918892,중고나라,이사 정리,알던애 RA-03,"알던애 사진처럼 본품과 틴케이스만 있습니다. 
저렴하게 필드워치 느낄만 합니다.",35000,2025.10.22,84,0,2
220952553,중고나라,이사 정리,sm6 조그다이얼 셋트,"sm6 조그다이얼 
설치비포함
대전",190000,2025.10.21,41,2,0
220939824,중고나라,이사 정리,대호 4련 배토기,"상품명. 대호 4련 배토기 
구매시기. 모르겠습니다 
사용기간. 모르겠습니다",350000,2025.10.21,192,1,4
220938075,중고나라,이사 정리,주남고압피스톤펌프2500,"상품명. 주남고압피스톤펌프2500 
구매시기. 모르겠습니다 
사용기간. 모르겠습니다 
하자여부..없습니다",430000,2025.10.21,92,1,0
220931371,중고나라,이사 정리,피코레이져LS-058,"피코레이져 프로패셔널 LS-058

와이프 기미랑 점몇개 빼고 사용빈도가 적어 분양합니다 10회미만 사용 대전 직거래 지방 택배 발송합니다
쿨거래시 서비스 상품 드려요",70000,2025.10.20,36,0,2
220827227,중고나라,이사 정리,HG 짐 스나이퍼 K9 반다이/건담/건프라/미개봉,"박스에 이상 없으나 민감하면 거래X / 모두 검수 완료

거래 후 단순 변심으로 인한 환불은 일절 받지 않습니다

타 제품과 교환 및 네고 안 받습니다",24000,2025.10.20,56,0,0
220919938,중고나라,이사 정리,수제 꺽지낚시대 통솔리드소야 130,"잘 사용안하게 되어서 판매합니다 
구입당시23만원에 구입했습니다 
릴시트 조금 수정해서 낚시대 총길이는 127cm정도입니다
직거래는 세종 조치원이구요 주말에 대구쪽 가능합니다",100000,2025.10.20,224,1,0
220918743,중고나라,이사 정리,신세계 cgv 1+1 콤보 50% 4000 ~10/31,"등록코드 발송
2매..
10/31 1매 4000원, 2매 7000원",4000,2025.10.20,16,0,1
220185017,중고나라,이사 정리,가민포러너 965 풀박스(안전결제도 가능),"• 상품명: 가민 포러너 965 블랙

• 구성품: 풀 박스, 스트랩 정품, 추가 스트랩(해외), 케이스 2개, 필름

• 설명: 필름과 케이스를 항상 착용하여 액정에 기스조차 없고 시계 상태 매우 좋아요.

• 하자 여부: 무하자

안전결제 가능합니다!
직거래는 세종입니당
수수료 때문에 그러시면 65만원만 이체 해주셔도 가능합니다.
물론 안전결제도 되구요",620000,2025.10.20,1440,10,17
220908401,중고나라,이사 정리,(거래완료)어반사이드 D 형 델타폴 카키색 풀셋,"지역 대전 입니다.
사용기간 1년 기간은 1년이지만 여름에만 사용하기
때문에 수십번은 쓰지 않았습니다 
중요한건 컨디션 이죠''
메인폴대 2개
사이드폴대 4개 
중고이다보니 기스는 있습니다.
새거처럼 깨끗한걸 원하시는분은 새제품 사세요
지금도 새제품 30만원 넘습니다
컨디션 좋고 좋은 물건 찾는분에게 추천드립니다 
직거래 택배거래 원하시는 거래 해드릴수 있습니다 
사기꾼이 많으니 동영상이나 원하시면 영상통화 
환영합니다.

사진과 같이 포장 잘해서 보내드리겠습니다 

네고 조율은 사실분만 연락주세요 

문의 있으신분은 아무때나 연락주세요",200000,2025.10.20,5,0,0
220903973,중고나라,이사 정리,옥스포드리딩트리 정품 3.4.5.6.7단계,"옥스포드리딩트리 

ort 옥스포드펜 사운드북 정품입니다

잃어버린책없이 그대로입니다

펜적용 가능한 책입니다



3.4.5.6.7

단계 판매합니다

한번만 대충 훑어본 거라

 전반적으로 깨끗하고

빛 바램이나 구김 없습니다.

3.4 ort북은 깨끗해요
해설집은 형광펜몇글자 칠한거있어요
보시는데 지장은 없어요
전반적으로는 깨끗합니다

5.6 ort북
깨끗하고 해설집도 깨끗합니다

3.4 단계 해설집만 몇번 본 흔적있고

깨끗한편이고 ort북은 새거처럼 깨끗합니다

5.6단계 해설집은 ort북도 해설집도 

다 새것처럼 깨끗 합니다.


잃어버린 권수 없고 그대로 있습니다.

대전 직거래 가능하고 

택포가격입니다

3단계 36권 7만원

4단계 48권 8만원

5단계 48권 8만원

6단계 24권 7만원",230000,2025.10.20,61,1,2
220898583,중고나라,이사 정리,바벨라토르 튜닝밴드팝니다,"안써서 팝니다

사용별로안햇습니다",30000,2025.10.20,25,0,2
220550132,중고나라,이사 정리,아이패드 미니 6세대 64 와이파이 핑크,"미니 6세대 64기가입니다.
색상 핑크이고 전면, 후면 모두 지문방지 필름붙이고 살았습니다.
케이스 항상 씌워놓아서 생활기스조차 찾기 힘듭니다.
(필름은 굳이 떼어내지 않겠습니다.)

22년 구입이고 애플케어 종료되었습니다.
배터리 효율은 88%입니다.

살때는 눈이 잘 보였는데 구매후 몇달 안가 노안이 와서 거의 사용을 못하고 가끔 충전만 해주다가 생각나서 팝니다.

아답터랑 충전선이 상태가 안 좋아서 버리고, 충전선만 집에 남는거 새거 하나 넣어드립니다.

그래서, 구성은 본체랑 박스, 설명서, 사제충전선입니다.",380000,2025.10.20,218,13,3
220851400,중고나라,이사 정리,닌텐도 스위치 게임 팝니다 베요네타3,"닌텐도 스위치 게임 베요네타3 입니다.
구매한지 일주일 됐어요
빨리 깨고 스위치 다른게임 구하려고 팝니다.
상태 극상으로 좋아요",34000,2025.10.20,46,0,1
220891747,중고나라,이사 정리,타코야끼 철판,"타코야끼 철판 3판 일괄 구매시 배송비 지원.
판당 1만원 입니다.

코팅은 하셔야하고 찌꺼기는 태운 상태입니다.

올겨울 타코야끼 판매하실분 준비하세요.",10000,2025.10.19,235,1,1
220886856,중고나라,이사 정리,야구/ 윌슨 a2000 외야글러브,"모델명: A2000bbelo
용도: 외야 글러브
사용감: 중

바닥 보강 및 글러브 오일링은 완료 된 상태입니다.
내부경화는 진행없이 관리가 잘 된 상태입니다",170000,2025.10.19,120,0,1
220878132,중고나라,이사 정리,애플 매직마우스 2,"애플 매직마우스 2 판매합니다.
터치 기능 정상 작동하고, 클릭 반응도 매우 좋습니다.
연결 잘 되고 사용 중 문제 전혀 없습니다.

당근에서 4만원에 구입했는데,
28,000원에 정리합니다.

외관 약간의 생활감만 있고 전반적으로 깨끗한 편입니다.
바로 사용 가능합니다.
직거래/택배 모두 가능.",28000,2025.10.19,37,0,2
220874237,중고나라,이사 정리,아이폰se3 스타라이트 128g,"-배터리 87%
-전면 액정에 기스 다수
-하단 충전기 부분 기스
-상단 좌측 기스
-박스 및 구성품 없음. 사진 상의 충전 케이블과 이어폰 포함. 
-기능 상의 문제는 없으나 외관 감안하여 가격 책정
-현재 초기화하고 ios26 업그레이드 해놓은 상태
-어플 셀프검수에서 a급 나오지만, 실제 화면 기스많아 b급 추정
-평일 저녁 7시 이후, 주말 직거래. 이 외 택배거래 희망",120000,2025.10.19,34,2,0
215732074,중고나라,이사 정리,린 LYNN 랩원피스 블랙 55. 이사정리. 백화점,"소매는 시스루까진 아닌데 살짝 비치는 소재예요
넘 고급스럽고 비즈니스룩 입으시는 분들께 추천이요
골격 있는 55반 까지 입으실 수 있어요

완전 새상품급 상태 저렴히 올려요 득템하세용
반값택포 가격, 안심번호 문자 주세요",30000,2025.10.19,46,2,0
220869604,중고나라,이사 정리,슈퍼바자레이 2.0,"로시 바자레이 2.0 팝니다.
전투용 노란색 바디, 보관용 파란색 바디 다 보내드립니다.
택포 55에 내구, 교환은 안받습니다.

택배는 순정박스에 그냥 보내드립니다.
따로 박스를 구하려고 했는데 없었습니다.

직거래는 의성, 안동, 군위 됩니다.",550000,2025.10.19,57,0,2
220860509,중고나라,이사 정리,"대전) A7C2 , 24-70 F2.8 GM2 판매","1. 소니 정품 A7C2 실버 바디+코엠스킨 (25년 6월 10일 만료)
가격 185만원 (엄지그립, 알리발 속사케이스 따라갑니다.)

2. 소니 정품 24-70 GM2 + 코엠스킨 (25년 6월 23일 만료)
가격 200만원 (니콘필터 따라갑니다)

소니 정품 50mm F1.8 15만원

3. NP2 AIR 급속충전기 3만원

4. 소니 정품 NP-ZF100 추배 5만원



개봉 후 변심으로 300컷 정도 촬영한 것을 2차구매해서 거의 제가 1차 구매자나 마찬가지 였습니다.
정품보증기간은 끝났어요.

대전이구 직거래 희망합니다. 일괄 400만원.

바디 상단에 작은 찍힘 있는데, 보호스킨이 찍힌거지 바디는 이상없습니다.",4000000,2025.10.19,382,1,0
220732654,중고나라,이사 정리,메디슨 뉴델타10SE 팝니다,"2025 뉴델타 10SE 범블비 판매합니다
구입한지 한달반정도됬으며 동네 두번 잠시탔습니다
순정 그상태이고 솜털까지 거이 그대로이며 
새거라 보셔도 무방합니다

직거래합니다 연락주세요~",570000,2025.10.18,215,5,0
197418398,중고나라,이사 정리,백환 동전 옛날돈 이승만 백환동전,백환 동전 옛날돈 이승만 백환동전,40000,2025.10.18,659,1,1
220827175,중고나라,이사 정리,HG 짐 숄더 캐논/미사일 포드 반다이/건담/건프라,"박스는 테이핑, 눌림 있으니 민감하면 거래X / 모두 검수 완료

거래 후 단순 변심으로 인한 환불은 일절 받지 않습니다

타 제품과 교환 및 네고 안 받습니다",30000,2025.10.18,23,0,0
220491077,중고나라,이사 정리,트래버스 블랙 순정 그릴 세종시,트래버스용 블랙 순정 그릴입니다. 새 제품으로 박스 포장 상태 그대로 판매해요. 정품 부품번호 확인 가능합니다.절충 불가합니다. 커서 택배는 힘들지 싶어요. 세종시입니다.,90000,2025.10.18,147,0,3
220850279,중고나라,이사 정리,맥미니 2011,"i5 프로세서
8기가 램
256gb 삼성 ssd
네고 교환 X
직거래 우대합니다.",50000,2025.10.18,80,3,1
220849657,중고나라,이사 정리,맥북 프로 15인치,"맥북 Pro intel i7 15인치 모델입니다.
- Intel UHD Graphics 630, Radeon Pro 555X 그래픽 카드
- 16GB DDR4 메모리 SSD256입니다.
사이클 수 191입니다.
스페이스 그레이 색상입니다
마지막 사진 처럼 살짝 하자 있습니다..",400000,2025.10.18,144,1,2
220072567,중고나라,이사 정리,삼성 UHD TV (LH55BEFH)<가격내림>,"삼성 55인치 TV 선물받았는데 판매하려합니다.
설치기사님들오셔서 전원꽂아 화면상태만 확인하시고
부속품 확인해주시고 직접 다시 포장해주셨어요..(사진첨부)
25년 8월 제조 상품이고요~
제품특성상 직거래가 좋을것 같고요.. 반품은 어려우세요~
오늘 배송받아서 빠른구매 하시면 더 좋으실것 같네요^^
남대전 IC 에서 5분정도 가깝습니다~",350000,2025.10.18,400,0,0
220829147,중고나라,이사 정리,살로몬 엑스 퓨즈 후디드 다운자켓,"살로몬 성수점에서 구매하였습니다. 
제조년월 25.09입니다. 블랙 L이고 현재 구하기 힘든 제품으로 알고 있습니다.",395000,2025.10.18,90,0,2
220831501,중고나라,이사 정리,에어팟프로2 이어팁 S,"에어팟 프로2에 포함된 이어팁입니다
S사이즈와 L사이즈 하나 포함되어 있습니다",4000,2025.10.18,20,0,1
220826184,중고나라,이사 정리,어새신즈 프라이드 라노벨 전권 초판,"📢이사 후 공간이 없어서 쌓아두었던 책 판매합니다.

📚 [어새신즈 프라이드] 라노벨 전권 초판


🔹️총 8권
 - 4, 5, 6, 7, 8 미개봉 새책
 - 책갈피 전권 있음

🔹️네고 가능. 채팅으로 문의 바랍니다.

- 직거래시 대전 낭월동, 산내동 근처
- 택포 30000
- 개별판매x 일괄 원합니다.



* 판매글에 흔직새, 전생슬, 역내코(내청코), 노겜노라등 합리적인 가격에 판매하고 있습니다. 둘러보고 가세용:)",30000,2025.10.18,59,0,0
220826139,중고나라,이사 정리,역시 내 청춘 러브코메디는 잘못됐다 라노벨 택포,"📢 이사 후 쌓아두었던 책들 급하게 판매글 남깁니다.😭

📚[역시 내 청춘 러브코메디는 잘못됐다] 라노벨 



🔹️총 6권

🔹️네고 가능. 문의는 채팅주세요.

- 직거래시 대전 낭월동, 산내동 근처
- 택포 20000
- 개별판매x 일괄판매 원합니다.

@ 다른 책도 팔고 있습니다. 둘러보고 가세요.",20000,2025.10.18,98,0,0
220821902,중고나라,이사 정리,헥스 베이스 기타 + Monolith 앰프,"헥스 베이스 기타 입니다.
재즈 베이스 스타일로 다양한 음악 장르에 잘 어울립니다
앰프 포함 가방 포함 라인 포함 튜너 포함 줄 새 줄
무조건 직거래 합니다 택배를 보낼 수 없기때문에",200000,2025.10.17,17,0,1
219253246,중고나라,이사 정리,나이키 acg 고어텍스 자켓 블랙 US XL,"ACG 고어텍스 자켓 새상품입니다
몇년전에 구입해서 보관하다가 입으려했더니 좀 크네요
한국 사이즈 115정도 되는거같아요",350000,2025.10.17,166,2,3
220416292,중고나라,이사 정리,로지텍 mx master 3s 블랙,,70000,2025.10.17,201,5,3
220819762,중고나라,이사 정리,FrSA 블랙 워그레이몬 반다이/디지몬/피규어라이즈,"박스에 이상 없으나 민감하면 거래X / 모두 검수 완료

거래 후 단순 변심으로 인한 환불은 일절 받지 않습니다

타 제품과 교환 및 네고 안 받습니다",64000,2025.10.17,76,0,0
220819423,중고나라,이사 정리,FrSA 워그레이몬 반다이/디지몬/피규어라이즈,"박스에 이상 없으나 민감하면 거래X / 모두 검수 완료

거래 후 단순 변심으로 인한 환불은 일절 받지 않습니다

타 제품과 교환 및 네고 안 받습니다",58000,2025.10.17,50,0,1
220818283,중고나라,이사 정리,RG 후쿠오카 뉴건담 반다이/건담/건프라/미개봉,"프라탑으로 인한 눌림O 민감하면 거래X / 모두 검수 완료

거래 후 단순 변심으로 인한 환불은 일절 받지 않습니다

타 제품과 교환 및 네고 안 받습니다",58000,2025.10.17,19,0,0
220641258,중고나라,이사 정리,마돈7세대 sl7,"24년식 마돈 7세대 sl7
울테그라 12단 di2 그룹셋 
rsl 일체형핸들바 업글
rsl51 휠셋업글
스프라켓 34t교체
마지막 레버기스외에 깨끗합니다 
현재상태는 컨디션 A급입니다
직거래 대전입니다.52사이즈
업글 내역만보면 slr7하고 비슷합니다.
직접보시고 결정하세요~ 
무턱대고 네고부터하는
찔러보기 정중하게 사양합니다.",5600000,2025.10.17,335,8,2
220340551,중고나라,이사 정리,에디파이어 MR4 스피커 흰색 구매합니다,"구매원해요
원합니다",95000,2025.10.17,588,0,3
220798169,중고나라,이사 정리,오클리 고프코어 와이드 바지 블랙 L 새상품,,60000,2025.10.17,72,3,3
220797715,중고나라,이사 정리,로말레오4 270,,120000,2025.10.17,34,0,1
220526324,중고나라,이사 정리,"샤오미패드6 블루 판매합니다(미패드6, 8/128GB)","미패드6 블루색상 (8/128GB) 판매합니다.

정발은 아니고 알리 샤오미공식판매몰에서 글로벌버젼 구매했습니다.
공식 글로벌롬이고 한글사용 이상없습니다. AS여부제외 그냥 정발과 동일하다 보시면됩니다.
정발이었어도 무상AS기간 지났기에 큰의미는 없을것같네요 23년9월 구매해서 잘 사용했습니다.

침대에서 유튜브머신으로만 활용해서 상태좋습니다. 
강화유리보호필름과 젤리케이스 끼워서 사용했기때문에 제품자체에는 큰 기스나 흠집같은거 없습니다 
미세한기스나 생활기스정도는 있을수도있지만 제 눈에는 안보이네요.

하자없고 제품상태 깔끔합니다.
구성품은 풀박스입니다. 본체, 충전기, 초기상자 다 있습니다.

추가로 나중에 쓰려고 구매했던 신품 미사용 좀비베리어 퓨어저반사 필름 1장, 강화유리보호필름1장, 젤리케이스 드립니다.

쓰던젤케와 강화유리보호필름이 붙여진 상태로 보내드립니다. 같이드리는 보호필름과 케이스 사용하시면될것같습니다.

직거래는 경북 문경 나머지는 착불 택배거래합니다. 선불원하시면 4천원 추가해주시면됩니다.
택배거래시 파손면책 동의하신걸로 간주하며 택배과정에서 파손은 책임지지않습니다.
포장 튼튼하게 잘 해서보내드립니다.",200000,2025.10.17,234,2,3
210211623,중고나라,이사 정리,노 게임 • 노 라이프 라노벨 (노겜노라),"📢이사 후 공간이 좁아 급하게 판매글 남깁니다.😭

🔹️총 9권 보유 
 - 9권 책갈피 있음

🔹️문의는 채팅주세요.

- 직거래시 대전 낭월동, 산내동 근처
- 택배비 포함가격입니다. 
- 개별판매x 일괄판매 원합니다.

*판매글에 내청코(역내코), 어새신즈프라이드, 전생슬, 흔직새도 괜찮은 가격에 팔고 있습니다. 둘러 보고 가세요:)",25000,2025.10.17,242,1,2
209355729,중고나라,이사 정리,[전생슬] 전생했더니 슬라임이었던 건에 대하여 라노벨,"📢 이사 후 공간이 좁아 급하게 판매글 남깁니다😭.

📚[전생했더니 슬라임이었던 건에 대하여] 라노벨 



🔹️총 12권 (대부분 초판)
 
🔹️문의는 채팅주세요.

- 직거래시 대전 낭월동 부근 
- 택배시 배송비 별도 
- 개별판매x 일괄 원합니다.",30000,2025.10.17,331,2,1
220763731,중고나라,이사 정리,하나투어 상품권,"하나투어 상품권 입니다 
당첨된건데 쓸일이 없어 올립니다",930000,2025.10.16,306,4,14
220755564,중고나라,이사 정리,rg505,,70000,2025.10.16,64,0,0
220738409,중고나라,이사 정리,울란지 CA25 쿨링팬 ulanzi ca25 카메라,울란지 CA25 쿨링팬 ulanzi ca25 카메라 쿨링팬,27800,2025.10.15,47,0,1
220734447,중고나라,이사 정리,샥즈 오픈핏2 (shokz t920),,165000,2025.10.15,69,1,1
220722831,중고나라,이사 정리,오클리 경량패딩자켓 코어 디비전 인슐레이션 카모M,"Oakley 남성용 코어 디비전 재활용 단열 재킷 새상품입니다
- 색상: Tiger Camo Green
- 사이즈: M
- 방수 기능이 있어 눈이나 비가 오는 날에도 쾌적하게 착용 가능합니다
- 재활용 소재를 사용하여 환경 보호에도 기여하는 제품입니다
새상품입니다 안전거래가능",100000,2025.10.15,103,0,0
220338665,중고나라,이사 정리,"[ 상태최상_2단독서대(이단독서대) 이사,정리하면서 저","# 물품 상세소개
 집에 모셔둔 독서대 판매합니다.
 독서할때 쓰려고 구입했는데 독서를 안하네요~
 먼저 연락오신분께 넘길게요~
 

 현재 이 상태 그대로 제품 상태확인완료 후 제가 직접 
휴대폰 직찍, 착샷해서 올린 사진이며, 더도 말고, 덜도 말고, 
이 상태 그대로 더 사용하지도 않고, 모셔두고 판매하고 있으니 
참고하시고, 관심 있으신 분 연락주세요~^^< 
 
 

# 물품명 : [상태최상의 2단독서대(이단독서대) 저렴히 판매]
# 구성품 : [상태최상의 2단독서대(이단독서대) 저렴히 판매]
# 판매가격 : 쿨거래 19,800원
# 거래방식 : 개인 직 거래,택배
# 이메일 : choijh0103@naver.com
# 유의사항 : 중고거래특성상 교환이나 환불 불가니
 참고하시고, 신중히 구매주세요~
# 지역 : 경북 구미에서 거래 가능하고, 
 다른 지역은 착불로 택배 보내드리면서 
 바로 송장번호 사진 찍어 보내 드려요~^^",19800,2025.10.15,76,0,1
128171376,중고나라,이사 정리,qm6 전동트렁크,"qm6 전동트렁크 

대전

장착포함가

현금가",540000,2025.10.14,159,3,3
220264255,중고나라,이사 정리,블랭크웍스 커틀 T1100 160MH 팝니다,,190000,2025.10.14,198,0,2
220698540,중고나라,이사 정리,rtx 4070ti HP 오멘 데스크탑 OMEN 25L,"오멘 25L 본체입니다

하드 1테라만 추가로 넣었습니다

프로세서
13th Intel® Core™ i7-13700F 16코어 Processors
쿨러
공랭 쿨링 시스템
메인보드
H770 Chipset (HP OEM)
메모리
Kingston Fury DDR516GB (8GBx2개, 슬롯 총4)
그래픽
Nvidia Geforce RTX 4070Ti GDDR6X 12GB (HP OEM)
저장장치
WD_BLACK 512GB Gen4 PCle4x4 NVMe TLC
네트워크
Wifi6 AX201(2x2)(160MHz)
Bluetooth 5
사운드
DTX Headphone X tech
파워
800W 80PLUS GOLD
운영체제
Windows 11 홈
RGB Effect
CPU/ 메모리 / 전면 FAN / 전면 로고
1/0 포트
상단
2x USB TypeA (5Gb/s), 오디오 콤보 후면
2x USB Type C (10Gb/s), 2x USB Type A, 2x USB Type A
보안
TPM 2.0
소프트웨어
McAfee 백신 (1년)/오멘 게이밍허브
HP 서포트도우미/ 프라이버시 세팅 툴/오디오 스위치/커넥션
옵티마이저
크기/ 무게
(W) x (D) x (H) /16.5 x 43.3 x 39.44 cm",1400000,2025.10.14,366,7,1
220550540,중고나라,이사 정리,라코스테 골프화 G-ELITE 270사이즈,"라코스테 골프화 G-ELITE 270사이즈 화이트~아이보리 미색

-2025년 2월 대전 갤러리아 타임월드 라코스테스포츠 매장 구매: 할인가 약 15만원 대
*색상 주의! 완전 백색이 아닙니다. 약간 아이보리가 섞인 미색입니다. 관리 문제가 아닌 출시 당시의 색상입니다.
-골프 입문하면서 골프화를 두 결레 구매하여 해당 제품은 연습장에서 1~2회 시착 후 미사용
-앞 코 부분의 주름과 오른발 토 부분의 흔적 외 새상품급의 상태
-박스와 보증서 등 추가 구성품 없이 제품만 보유
-대전 직거래(평일 저녁 7시 이후, 주말은 협의) 및 선입금 택배거래 희망합니다.",50000,2025.10.14,25,0,1
220696000,중고나라,이사 정리,듀이 드라이슈트,"듀이 드라이슈트 판매합니다. 사이즈 st사이즈 입니다. 발사이즈 ml입니다. 목씰, 손목씰 침수 없습니다. 부츠에서 침수가 좀 있습니다. 그거 감안하고 구매 부탁드립니다. 내피는 sm 사이즈 입니다. 스펙 174-60-260 입니다. 편하게 문의 주세요!",1200000,2025.10.14,139,1,1
220416229,중고나라,이사 정리,나이키x피스마이너스원 파라노이즈 285,,195000,2025.10.14,25,0,1
213302334,중고나라,이사 정리,캐스퍼ev 트렁크 매트+기본신발매트,"https://m.smartstore.naver.com/freaks_7/products/11558440113?NaPm=ct%3D1iubmkv41%7Cci%3Dshopn%7Ctr%3Dmktlnk%7Chk%3D2c993a27b5a21bc9f05110f58aec758507936261%7Ctrx%3Dundefined


캐스퍼ev 출고 기본 발판매트 앞뒤 3일사용
캐스퍼ev 프릭스 트렁크매트 기본(링크참조) 미사용
일괄판매합니다.",70000,2025.10.13,123,1,1
217655870,중고나라,이사 정리,마진 p325 양발형 파워미터 팝니다,,250000,2025.10.13,199,2,1
220636665,중고나라,이사 정리,니콘 F5+50mm f1.8G+니콘 스트로보,니콘 F5에 50mm f1.8G렌즈 SB-23 스트로보 일괄로 판매합니다. 상태 큰 스크레치나 흠집 없이 매우 좋습니다. 바디판매가격으로 일괄 판매합니다.!! 네고 가능합니다.!!,550000,2025.10.12,77,2,1
220626592,중고나라,이사 정리,메리다 21년 리엑토4000,"메리다 리엑토4000 21년형
사용감있고 이번년도 초에 천호점에서 타이어교체 및 점검받았습니다
프레임 52입니다
지인이 구매후 6개월 사용한거 구매후 10회정도 사용했습니다
페달은 일반페달과 클립페달하고 수리킷 드립니다
지역은 충북진천. 서울중곡동 가능합니다",1000000,2025.10.12,102,0,3
220615667,중고나라,이사 정리,데피니티브 테크놀로지 D9 1조,"데피니티브 테크놀러지 D9

라인업 D7,9,11중 D9부터 차패형 인클로저로 
상단에 내부압조절겸 우퍼역할하는 시스템 들어가 베이스 촘촘합니다.

트위터가 양사이드로 빠져있는 특이한 형태로 인기있구요.

4번째사진에 오른쪽 스피커 트위터 핀자국있습니다. 감상에 전혀지장없습니다. 이외 하자없습니다.

피아노마감으로 외관 광납니다.

제가 듣기에는 모니터링 쪽 성향이고 모니터링치고 베이스 쫌더나옵니다.

택배거래시 노리턴조건입니다. 신중히 생각후 구매바랍니다.

직거래는 세종시 조치원이구요. 청음가능하십니다.

제품박스포함 입니다.",250000,2025.10.12,147,1,2
220525860,중고나라,이사 정리,topping dx7pro+ (토핑 득칠플),"topping dx7pro+ (토핑 득칠플) 판매합니다.

옆동네카페에서 중고로 구매했고 올해 5월달 고장나서 중국 토핑 본사 AS보내서 수리 및 점검 받았습니다.
3달쯤 쓰디가 다른 DAC를 구매해서 보관하다가 판매합니다

DAC로 쓰더라도 상당한 하이엔드급 성능이고 헤드폰앰프로 쓰셔도 상당히 출력좋은제품입니다.
원박스로 영입하기에 이것만한 가성비가 없다고 생각합니다.

외관 미세 실기스정도는 있을수있지만 전반적으로 깨끗합니다. 큰 상처없고 기능이상없이 정상작동합니다.
수리하면서 내부부품을 신품으로 변경한것도 있어 어떤 중고보다도 상태가 좋다고 생각합니다.
자세한 상태는 사진참조해주세요

구성품은 초기박스, 리모컨, DAC본품, 전원케이블, 기본usb케이블 정도입니다.

직거래 경북 문경 나머지는 착불 택배거래합니다. 선불 원하시면 4천원 추가해주시면됩니다.
택배거래시 파손면책 동의하신걸로 간주하며 택배과정에서 파손은 책임지지않습니다.
튼튼하게 포장해서 보내드립니다.",450000,2025.10.12,135,2,0
220477550,중고나라,이사 정리,xlim 엑슬림 ep8 07자켓,"엑슬림 자켓입니다. 
1회 착용하였고 어울리지 않는 것 같아 판매합니다",300000,2025.10.12,105,2,1
220600720,중고나라,이사 정리,"레고 마인크래프트 853609, 853610 2종일괄","레고 마인크래프트 미니피겨 2종 세트입니다
미개봉 새상품이며, 6세 이상 사용 가능합니다

네이버 최저가보다 저렴하게 올렸습니다.",110000,2025.10.12,70,0,1
220599457,중고나라,이사 정리,(미개봉) 아이폰17 프로맥스 2TB 자급제,"(미개봉) 아이폰17 프로맥스 2TB 자급제

대전 직거래 희망
필요시 택배가능",3300000,2025.10.11,38,0,1
220599022,중고나라,이사 정리,레고 79110 새제품,"레고 론 레인저 79110 새제품 입니다
9세부터 14세까지 사용 가능합니다
2013년 2월에 출시 제조되었습니다
KC인증을 받은 제품입니다

12년 전 출시한 단종제품입니다.
박스상태는 세월대비 양호하고 씰 늘어짐 없는편입니다.

개당 12만원 판매하며 혹여 5개 일괄구매시
55만원에 네고 해드립니다",120000,2025.10.11,30,0,1
220597287,중고나라,이사 정리,한우정액 판매합니다.,"KPN 1489 20개 개당 6.5
KPN 1527 20개 개당 4.5
KPN 1545 50개 개당 4.5
KPN 1559 10개 개당 4
판매합니다. 쪽지주세요",12345,2025.10.11,348,3,3
220594176,중고나라,이사 정리,네임드러퍼 카르텔EST팝니다,"버튼 네임 드롭퍼 데크 카르텔EST입니다
다른데크 위주로 타서 상태는 좋은편입니다
데크 152 바인딩S
직거래 위주로 판매했으면 합니다.
혹시 택배거래 원하시면 화물 택배로 거래가능할것 같아여~요즘 부피땜시 잘 안받아 줘서여...
바인딩 토스트랩 제네시스스트랩 입니다
직거래 대전근교 어디든 가능합니다",250000,2025.10.11,73,0,0
220453602,중고나라,이사 정리,롤랜드 FP30X 디지털 피아노,"Roland FP-30X 디지털 피아노 판매합니다.
화이트 색상입니다.

✅️구입시기:23년11월

✅️구성품
본체, 전원코드,롤랜드페달,책상다리스탠드,의자,롤랜드 헤드셋,방진방음매트, 건반가방

✅️대전 직거래만 가능함",630000,2025.10.11,351,4,4
220591251,중고나라,이사 정리,아이폰17 프로맥스 오렌지 256GB 번개장터,"(자급제) 아이폰17 프로맥스 오렌지 256GB 미개봉입니다.

택배거래 가능. 
대전 지역 직거래 가능",2100000,2025.10.11,49,0,2
220534020,중고나라,이사 정리,이사정리~새제품 한셀프롬바젤 고양이 니트가방 브라운,"택 달린 한셀프롬바젤 니트 숄더백입니다. 
귀여운 고양이 그림이 포인트인 가방이에요. 
브라운 색상이라 어느 옷에나 잘 어울립니다. 

비닐포장만 벗긴 새제품이예요

착불입니다.

혹 카멜 색상과 교환도 합니당 ㅎㅎ",30000,2025.10.11,36,1,1
220586893,중고나라,이사 정리,이사정리) 옷장정리 츄샵 블랙화이트 원피스 섹시 귀여운,"상태양호
촬영때문에 몇번 입음
화이트/블랙
어깨 오프숄더까지 내려서 입으면 더 이뻐요~
원피스 인데 아래 밑부분 쉐링이 들어가서
더말라보입니다!



중고거래로 교환이나 환불은 안됩니다.
직거래는 배곧동 아브뉴프랑 
택배는 5,000원입니다",20000,2025.10.11,32,1,0
220586831,중고나라,이사 정리,(이사정리) 옷장정리 보라원피스 봄 여름 퍼플 여성 귀,"(이사정리) 옷장정리 보라원피스 봄 여름 퍼플 여성 귀여운 섹시

158cm에 44~55사이즈 입었을때, (지금은살찜ㅎㅎ)
끈으로 묶는 원피스입니다.
이뻐요♡
원피스가 너무 많아서 이사가면서 옷장정리합니다. 원피스다른거도 많아요
이뻐서ㅜㅜ 잘 안입던 옷이예요,,

보라빛향기💜


교환이나 환불은 안됩니다
택배비는 5000원입니다.
직거래는 배곧아브뉴프랑 우체국앞 입니다.",20000,2025.10.11,33,1,0
220338565,중고나라,이사 정리,Dell 울트라샤프 U4025QW 40형 모니터 판매.,"고해상도 고주사율 끝판왕입니다.
구성품전부있고 깔끔하게 포장해놨습니다.
세종시 직거래만 합니다.",1300000,2025.10.11,218,1,1
220559514,중고나라,이사 정리,다이와 갯바위화,"다이와 갯바위화 
구입한지 5년정도된듯..
실사용 5회미만정도
사이즈 270..
바닥 깨끗합니다 제발도깨끗하지요
대구 군위직거래
45000팝니다 택배는선불보내요",45000,2025.10.10,30,0,1
220557161,중고나라,이사 정리,대게 수족관 판매합니다,"대게 수족관 판매합니다
네고 가능 연락주세요
3도 까지 온도 내릴 수 있습니다
냉각기 여과기 정수기 있습니다",4000000,2025.10.10,147,1,3
220550494,중고나라,이사 정리,베르투치 Bertucci A-2SEL+ 밴드 4종,"베르투치 필드워치 Bertucci A-2SEL 흰판 판매 (4가지 정품 나토밴드 포함) 

-2023년 7월 SSF몰 구매 (이메일 구매내역 보유): 약 22만원 대 (지금은 26만원 대로 인상)
*링크: https://www.ssfshop.com/Bertucci/GPCX22072168841/good?utag=ref_sch:%EB%B2%A0%EB%A5%B4%ED%88%AC%EC%B9%98$set:1$$dpos:10
**링크 등록이 안되네요. ssf몰에서 베르투치 검색하면 나옵니다. 
-캠핑. 트래킹 등 야외활동 시 착용하여 사용감 및 기스있지만, 기능 상의 문제 없음
-박스와 보증서 등 추가 구성품 없이 제품만 보유
-나토밴드는 가죽 2종(블랙, 브라운)과 나일론(검정, 그린) 보유, 최초 구매 시 포함된 그린 외 SSF몰에서 정품 구매
*가죽 제품은 당시 9만원 대, 나일론은 5만원 대로 기억합니다. 지금은 가죽 제품이 많이 올랐네요. (약 14만원 대)
-나토밴드 역시 사용감 존재하지만, 큰 파손 없음. 각개말고 일괄 거래 희망. 
-대전 직거래(평일 저녁 7시 이후, 주말은 협의) 및 택배거래 희망합니다.",130000,2025.10.10,79,0,2
220544053,중고나라,이사 정리,린예약,예약상품입니다 거래신청하지마세여,300000,2025.10.10,6,0,1
220538321,중고나라,이사 정리,rbw 피지크보드숏,"피지크 보드숏 28사이즈입니다

한번 시합때 입고 그대로입니다",50000,2025.10.10,227,2,3
220538295,중고나라,이사 정리,크롬하츠 넥로고 레터링 기모 맨투맨,"나이키매니아 Jimin Lee로 활동중입니다.
크롬하츠 판매내역 보시면 신용도 걱정 없으실겁니다.
인보이스 포함 상태좋은 중고이며 구매당시 110에 새상품 구매했습니다. 
가품시 전액환불 약속드립니다. 하자나 로고 갈라짐 없습니다.

정말 좋은가격입니다. 
계절에 딱 맞는 꿀매 업어가세요",800000,2025.10.10,160,2,3
220538022,중고나라,이사 정리,딥디크 롬브르단로 75ml odp,"해외직구 23만 구매했습니다
구매후 3달 손이안가서 판매합니다
잔량 95퍼 이상입니다
구매내역 따로 드립니다",140000,2025.10.10,144,1,0
217447946,중고나라,이사 정리,march eyewear c3 안경,"march eyewear c3 팝니다 
흠집 있으니 감안해주시길 바랍니다",100000,2025.10.10,55,0,1
220529008,중고나라,이사 정리,비츠 스튜디오 프로 판매,"비츠 스튜디오 프로 팝니다.
2차 구매자로 1차 구매자님은 25.8월에 구매하셨다고 했습니다.
기기 기능이상 없으며 왼쪽 아래 작은 찍힘 있습니다.
상태 좋습니다.
가격은 택포 12.5 입니다.
직거래는 조치원입니다.",120000,2025.10.09,42,0,1
220423826,중고나라,이사 정리,아이폰15프로 케이스티파이 한화이글스,"✨ 아이폰 15 프로 케이스티파이 한화이글스 판매합니다 ✨

📱 모델: iPhone 15 Pro 케이스티파이

새제품 입니다. 원가 10만8천원입니다!

💰 가격: [5만원]",50000,2025.10.09,97,3,4
220521722,중고나라,이사 정리,파라벨룸 P320,"파라벨룸 P320 풀메탈
작동확인후 모셔만 뒀습니다
택포 20만원
010-87I6-0548",200000,2025.10.09,25,0,0
220521485,중고나라,이사 정리,어반사이드 D 형 델타폴 카키색 풀셋 판매합니다,"지역 대전 입니다.
사용기간 1년 기간은 1년이지만 여름에만 사용하기
때문에 수십번은 쓰지 않았습니다 
중요한건 컨디션 이죠''
메인폴대 2개
사이드폴대 4개 
중고이다보니 기스는 있습니다.
새거처럼 깨끗한걸 원하시는분은 새제품 사세요
지금도 새제품 30만원 넘습니다
컨디션 좋고 좋은 물건 찾는분에게 추천드립니다 
직거래 택배거래 원하시는 거래 해드릴수 있습니다 
사기꾼이 많으니 동영상이나 원하시면 영상통화 
환영합니다.

사진과 같이 포장 잘해서 보내드리겠습니다 

네고 조율은 사실분만 연락주세요 

문의 있으신분은 아무때나 연락주세요",180000,2025.10.09,39,0,0
219070282,중고나라,이사 정리,에코플로우 글래시어 냉장고,"EcoFlow 글래시어 냉장고 판매합니다~-
 
무선 사용이 가능한 배터리 포함입니다
배터리 구매가격 299,000원- 

얼음생성이 가능한 아이스 메이커 기능

바퀴랑 손잡이 결합되어있습니다.
구매가격 149,000원

보관 및 이동에 용이한 가방 포함입니다
구매가격 75,000원

냉장고 + 배터리 + 바퀴손잡이 + 가방

무게 부피로 인해 세종 청주 직거래만
가능합니다








 
 
 
 
 
📢 제목에 ""제조사/ 브랜드 명""과 “상품명(ex. 숄더 핸드백)”을 넣어 작성하면, 보다 빠른 판매가 가능합니다! 
📢 게시글 작성 시 배송 방법에 “직거래”와 “내 위치” 설정할 경우, 보다 빠른 판매가 가능합니다! 








🚨회원님의 거래 게시글을 노린 중고나라 운영진 사칭 피싱 사이트를 주의하세요🚨",950000,2025.10.09,180,0,1
220508118,중고나라,이사 정리,도요 코바4 딥스풀,"도요 코바4 딥스풀 판매합니다
상태는 아무 문제없이 깨끗합니다 
쭈갑만 하다보니 딥스풀이 필요없네요
코바4 쉘로우스풀 교환도 환영합니다",45000,2025.10.09,52,0,1
220231960,중고나라,이사 정리,슈퍼마리오 육식 식물 레고 538pcs,"안녕하세요

마리오속에 육식 식물 레고 입니다

진입장벽이 낮아서 쉽게 만들수 잇을꺼라 생각이 됩니다

박스는 업는데 내용물이랑 설명서 다 있습니다

연령 14세 이상

반택 ㅡ1800
일택 ㅡ 3600",16000,2025.10.09,45,3,0
220503606,중고나라,이사 정리,미스테리렌치 테라플레인 (미사용),"미스테리렌치 테라플레인 미사용 배낭입니다
비박에 관심이 생겨 비박장비를 하나하나 사모으다가 
여건이 안되 포기하고 판매합니다
택부착상태로 보관중입니다

배낭사이즈는 사이즈택 확인 부탁드려요

판매가 28만원
세종시 직거래 희망합니다

010-2414-1000 문자 부탁드립니다..",280000,2025.10.09,125,1,3
220477687,중고나라,이사 정리,이사정리로 책 일괄 판매합니다,"이사준비로인해 도서 일괄판매합니다 

택배는 가능하나 
무게가있어 택배로는 비용이 나올거같아요 

양천구나 강서구는 직거래 가능합니다",50000,2025.10.08,66,1,0
220475689,중고나라,이사 정리,이사로인해 소장용 만화책 정리합니다,"이사로 이해 만화책 정리합니다 
책 더 있는데 일간 이것부터 올려봅니다 
가격은 문의주세요 ~~",2000,2025.10.08,119,3,0
220146908,중고나라,이사 정리,legion 5 pro 16IAH7H 판매합니다,"- CPU: 12th Gen Intel(R) Core(TM) i9-12900H
- RAM: 32GB
 -512+512
- GPU: NVIDIA GeForce RTX 3070 Ti Laptop GPU
전반적인 외관 상태는 좋습니다",950000,2025.10.08,201,1,0
220461628,중고나라,이사 정리,루이비통 팜스프링스 백팩,"루이비통 팜 스프링스
대전 타임월드에서 구매했고 참이랑 같이하는게이뻐서 같이사서 같이보내요.
이사하면서 다른구성품은없어요.
제품상태는 특a는 될듯해요.
거의 안들었어요. 참은 어쩔수없이 생활기스는있어요.",2400000,2025.10.07,52,0,1
198583322,중고나라,이사 정리,이사정리 르샵 원피스 새것 상태 55,"이사정리합니다
르샵원피스 새것상태 55사이즈
레이스 장식이 고급스럽고 아랫단 프릴이 있어 발랄한 느낌도 나는 예쁜 원피스입니다
날씬해보이고 신축성있는 소재라 활동하기 편하면서도
뒷 길이로 총장 84센치정도입니다
택배착불로 보내드려요
구매하시려면 문자주세요",9000,2025.10.07,28,1,0
220380943,중고나라,이사 정리,아이폰17 정품케이스 클리어 투명 미개봉,"아이폰17 정품 클리어 투명케이스이며 미개봉입니다.
이마트 에이스토어 정품입니다.


대전 동구 대성동에서 직거래 하거나 우체국 택배거래합니다.

네고문의는 죄송하지만 사양합니다.

문의사항 있을경우 채팅 부탁드려요.

감사합니다.",40000,2025.10.07,60,0,0
214840331,중고나라,이사 정리,(이사정리) 네이비 암막 커튼 + 린넨 속지 커튼 세트,"네이비색 암막 커튼(100퍼암막)과 린넨 속지 커튼 세트 판매합니다 
필요하시면 레일까지 같이 드려요~


180*261


이사하며 새로운 분위기 내려고 정리합니당
7월19일 이사라 그날 바로 전달드리면 좋을거 같아용



육아중이라 문고리거래 원해용
상태는 사진 참고해주세용
반품, 교환 불가합니당",95000,2025.10.07,95,2,0
214840257,중고나라,이사 정리,(이사정리) 베이지 암막 커튼 + 차르르 쉬폰 속지 세,"베이지색 암막 커튼(100퍼암막)과 차르르 쉬폰 속지 커튼 세트 판매합니다 
필요하시면 레일까지 같이 드려요~


270*247


이사하며 새로운 분위기 내려고 정리합니당
7월19일 이사라 그날 바로 전달드리면 좋을거 같아용



육아중이라 문고리거래 원해용
상태는 사진 참고해주세용
반품, 교환 불가합니당",125000,2025.10.07,146,3,0
214840194,중고나라,이사 정리,"(이사정리중, 상태좋음) 마켓비 원목 화장대","마켓비 원목 화장대 판매합니다
사이즈는 상세페이지 참고해주세요
어느공간에도 다양하게 배치가능해서 좋아요
주로 화장대나 노트북 책상으로 많이 사용하고
저는 집안 인테리어 소품처럼 사용했어요 

주로 인테리어 소품처럼 사용하고
물건 수납용으로 써서 상태 좋아요 
엘베통해 직접 가져가셔야 해요
필요하신분들 연락주셔요 :)


⭕️ 19일 전까지 가져가시면 네고 가능해요~


육아중이라 문고리거래 원해용
상태는 사진 참고해주세용
반품, 교환 불가합니당",115000,2025.10.07,57,1,0
220238608,중고나라,이사 정리,디아리움 현금생활 속지& 3공 바인더,구매한 지 몇달 안됐고 개봉은 했으나 미사용 상태입니다!,25000,2025.10.06,83,0,1
219486774,중고나라,이사 정리,"뉴발 레벨v4 , 280 2E, 198km 착용","뉴발란스 레벨v4
280사이즈 발볼 2E 입니다
사용감 꽤있어 그냥 조깅용으로 쓰시거나 비오는날 쓰실분 추천드려요 상자는 없습니다(구매내역 확인가능)",40000,2025.10.06,102,1,1
220424935,중고나라,이사 정리,콘스탄틴 어베인 2023 회색 개열,콘스탄틴 어베인 픽시 2023 회색 개열 2년 정도 탓고 도까 하자 사진 메신저 주면 보내드리고여 대차 않합니다 이득이면 대차 생각해보고요 판매 위주로 합니다.,370000,2025.10.06,66,0,0
220423984,중고나라,이사 정리,아이폰15프로 128기가 블랙티타늄,"✨ 아이폰 15 프로 블랙 티타늄 판매합니다 ✨

📱 모델: iPhone 15 Pro
🎨 색상: 블랙 티타늄
💾 용량: 128GB
🔋 배터리 성능: 89%

✔️ 애플 최신 디자인인 블랙 티타늄 컬러로 고급스럽고 세련된 느낌
✔️ 사용감은 있지만 전체적으로 깔끔하게 관리된 상태
✔️ 배터리도 89%로 아직 충분히 사용 가능

💡 외관 S급 긁힘 하나도 없습니다
직거래 선호합니다.

💰 가격: [75만원]",750000,2025.10.06,41,0,0
220401967,중고나라,이사 정리,데스스트랜딩2,"PS5 데스스트랜딩2 팝니다 

엔딩 못보고 팝니다 ㅠㅠ

조피원 직거래 가능합니다",55000,2025.10.05,146,0,2
220237160,중고나라,이사 정리,본트레거 최상급 디스크 카본휠셋 xxx6,"본트레거 최상급 디스크 카본휠셋 xxx6 클린처입니다 
상태 꿀렁임 크랙없고 림정렬도 좋습니다
시마노바디 입니다. 11단 12단 공용
타이어 오천성 검월
직거래 대전입니다",1050000,2025.10.05,417,1,2
220394337,중고나라,이사 정리,자연산 송이 버섯 1kg 25만원 판매합니다,"자연산 송이 버섯입니다.

직거래 및 택배거래 가능합니다.

1kg 입니다.

직거래시 대전 동구입니다.",250000,2025.10.05,45,0,1
219320156,중고나라,이사 정리,경비지도사 2차 경호학,"2025년 경비지도사 2차 경호학 교재입니다.

애듀윌, 2권 분철, 스프링 되어 있습니다.
주문받은 새 책입니다.",21000,2025.10.04,79,0,1
220044680,중고나라,이사 정리,엘파마 레이다5800,"엘파마 레이다 5800
최근 앞뒤타이어 교체하고 100키로정도 주행했습니다
크랭크 신형105 7000번
170mm 50~34컴팩 크랭크
시마노 클릿페달 장착
카본프레임이라 가볍습니다.
입문용으로 좋아요
상급으로 기변하게되어 판매합니다
꼭 사실분만 연락주시면 감사하겠습니다. 대차는 않해요",550000,2025.10.04,187,1,1
220272935,중고나라,이사 정리,y700 1세대 12/256 내수,"명절이라 직거래로 우선 팝니다 세종시 조치원 직거래

Lenovo Y700 1세대 태블릿 판매합니다!

- 저장 공간: 256GB
- RAM: 12GB
- 키보드 케이스
- 터치팬
- 젤리케이스
- 추가 강화유리

초기화후 판매하고요 반글화 유튜브 찾아서 하시면 됩니다. 18만에 팝니다. 또는 RG556 블루 + 추금주시면 교환 됩니다.",180000,2025.10.04,199,2,2
220366468,중고나라,이사 정리,다이와 타코이카 ags 170H 새제품,"다이와 타코이카 ags 170H 새제품
택포36만
직거래 35만
한국다이와 보증카드 포함",360000,2025.10.04,112,3,3
219296764,중고나라,이사 정리,얀마017 오른쪽휀다,얀마 미니굴삭기 017,200000,2025.10.04,137,2,0
220360123,중고나라,이사 정리,iplay 70 mini turbo 19만,"iplay 70 mini turbo 램12gb 저장공간 256gb 모델입니다

사놓고 사용을 안해서 팝니다
후면카메라가 안될때가 있습니다 전면카메라는 이상 없습니다",180000,2025.10.03,180,4,2
220354315,중고나라,이사 정리,닌텐도 hac-001 풀박스,"닌텐도 풀박스 팝니다
2020년 구매하고 사용하지 않고있어 팔아봅니다
중고제품 특성상 사용감 있습니다
게임칩도 같이 드려요 연락주세요",200000,2025.10.03,33,1,1
220034471,중고나라,이사 정리,프라이탁 모스 상태 최상,,230000,2025.10.03,56,0,2
220322568,중고나라,이사 정리,T1 포토카드,"T1 선수들 포토카드 5종 세트입니다
사진에서 보시는 것처럼 까서 사진만 찍고 다시 보관했습니다
팬분들이 소장하기 좋은 아이템이에요",60000,2025.10.02,50,0,0
220302494,중고나라,이사 정리,아이폰 14프로 스페이스 블랙 256 (79%),"아이폰 판매합니다. 

사진 보시면 정말 가까이해서 봐야 보이는 흠집 외 항상 케이스 착용, 집에오면 작은 물티슈로 항상 닦아사용해 엄청 깨끗합니다. 카메라도 보호커버 항상 해놨구요.

사진상 정면 깨진 것 같은것은 보호필름이 깨진 것 입니다. 원하시면 뗀 사진도 보여드립니다

공장초기화 완료이며 배터리 잔량 79%

박스는 없으나, 케이스티파이 미개봉 케이스 및 충전케이블 새상품 몇개 같이 드립니다.

안팔리면 보상판매로 넘길예정입니다.

가격은 57만원입니다.

직거래: 조치원 세종 오송 대전",570000,2025.10.01,89,1,2
220294094,중고나라,이사 정리,프로스펙스 레슬링화 280,"프로스펙스 레슬링화
size 280
크로스핏,복싱 등 다양하게 착용 가능 합니다
가격제시 편하게 해주세요",100000,2025.10.01,97,1,2
219961721,중고나라,이사 정리,MG 네모 반다이/건담/건프라/미개봉,"박스에 이상 없으나 민감하면 거래X / 모두 검수 완료

거래 후 단순 변심으로 인한 환불은 일절 받지 않습니다

타 제품과 교환 및 네고 안 받습니다",40000,2025.10.01,129,0,0
219961797,중고나라,이사 정리,FrSA 푸른 눈의 백룡 반다이/유희왕/피규어라이즈,"박스에 이상 없으나 민감하면 거래X / 모두 검수 완료

거래 후 단순 변심으로 인한 환불은 일절 받지 않습니다

타 제품과 교환 및 네고 안 받습니다",44000,2025.10.01,63,2,1
220275681,중고나라,이사 정리,미개봉) 맥스 팩토리 미소노 미카 피그마 특전포함,"개봉하지 않은 상태로 보관 중에 있습니다

사진 요청 가능합니다",90000,2025.10.01,100,0,2
220048690,중고나라,이사 정리,HG 주다 반다이/건담/건프라/미개봉,"박스에 이상 없으나 민감하면 거래X / 모두 검수 완료

거래 후 단순 변심으로 인한 환불은 일절 받지 않습니다

교환 및 네고 안 받습니다",28000,2025.09.30,91,0,1
220256651,중고나라,이사 정리,트래비스스캇 내한 티켓 스탠딩E,"다른자리로 가게되어 판매합니다
실물티켓입니다
스탠딩E 200번대",150000,2025.09.30,106,1,3
220202981,중고나라,이사 정리,PS4 PS5 한글화 타이틀 113개 일괄판매.,,2260000,2025.09.30,212,0,2
220204589,중고나라,이사 정리,갤럭시탭 s10 fe 256gb 5g,"갤럭시탭 s10 fe 256gb 5g 라이트블루
2025년 8월 21일 구매 흠집 밎 찍힘 없는 s급
박스풀셋
대전 직거래 가능
택배거래 가능
궁금하신거 있으시면 편하게 문의 주세요",560000,2025.09.29,114,2,1
220186759,중고나라,이사 정리,아이폰15 프로맥스 256 초ss배터리 100프로,,1000000,2025.09.28,17,0,0
220120353,중고나라,이사 정리,MG 앗가이 반다이/건담/건프라/미개봉,"박스는 건베 테이프 외 이상 없으나 민감하면 거래X / 모두 검수 완료

거래 후 단순 변심으로 인한 환불은 일절 받지 않습니다

타 제품과 교환 및 네고 안 받습니다",57000,2025.09.28,110,1,3
220179085,중고나라,이사 정리,미즈노 프로 내야 오더,"겐토패턴 5mm업
211, 1111착수, 입수부 27cm
유니 유상길들이기 80%,
파닥파닥 선호시 좀더 만져야함.

교환문의X
2025년 4월 생산품
경기 사용이력 없음

야구 그만해서 판매합니다.

본문 댓글 포함 문자 3개 이내 거래시 2만원 네고, 추가 네고는 불가
직거래 가능",680000,2025.09.28,85,0,0
220015991,중고나라,이사 정리,원엑스플레이어 x1 pro 판매합니다,,1050000,2025.09.28,208,3,3
219962026,중고나라,이사 정리,HG 바잠 반다이/건담/건프라/미개봉,"박스에 이상 없으나 민감하면 거래X / 모두 검수 완료

거래 후 단순 변심으로 인한 환불은 일절 받지 않습니다

타 제품과 교환 및 네고 안 받습니다",19000,2025.09.27,45,0,0
220150402,중고나라,이사 정리,송이버섯 판매 합니다,"금일 채취한 송이버섯 1kg 판매합니다
대전 직거래 가능 합니다
다른지역은 주말인 관계로 고속버스로 보내드립니다",340000,2025.09.27,29,0,0
220139472,중고나라,이사 정리,탐론 70-200g2 니콘마운트,"탐론 70-200 g2 니콘마운트 입니다.
알리에서 산 스킨 붙여놔서 깔끔하게 사용했습니다.
안에 조그만 먼지가 하나 있지만 렌즈알도 깨끗하고 상태 좋습니다. 가격 66만원 
세종시 조치원읍 직거래나 파손면책 동의 후 택배거래도 합니다 
쿨거래하시면 필터도 같이 드리겠습니다.",660000,2025.09.27,162,2,2
220136555,중고나라,이사 정리,신세계 cgv 1+1 콤보 50% 3000원,,3000,2025.09.27,42,0,5
220122885,중고나라,이사 정리,체인소맨 9권 한정판 캘린더 미개봉,체인소맨 9권 2020년 한정판 캘린더 미개봉,30000,2025.09.26,240,0,3
214926689,중고나라,이사 정리,삼성 노트북램 PC5-4800 8gx2,"노트북 탈거 후 사용하지 않는 램 2개 판매합니다.

단품 판매 시 20000원, 2개 일괄 판매 시 35000원",25000,2025.09.26,57,0,1
220010917,중고나라,이사 정리,RG 뉴 건담 더블핀판넬 반다이/건담/건프라/미개봉,"박스에 이상 없으나 민감하면 거래X / 모두 검수 완료

거래 후 단순 변심으로 인한 환불은 일절 받지 않습니다

타 제품과 교환 및 네고 안 받습니다",67000,2025.09.26,113,2,1
220052976,중고나라,이사 정리,닌텐도 프로콘2 판매합니다~~ 새상품,"새상품입니다
세종 조치원 직거래 9만 희망
 그외 택배 9.4 입니다!!
연락주세요!",90000,2025.09.26,158,0,6
220001729,중고나라,이사 정리,쿠로시오 히트맨 다운샷로드,"쿠로시오 히트맨 다운샷로드 3파워

1회사용

보증서 유

직거래 세종 공주

01084560564",160000,2025.09.26,250,1,1
220001672,중고나라,이사 정리,테일게임 스피닝 타이라바로드,"테일게임 스피닝 타이라바로드 SSD S65L

1회사용

보증서 유

직거래 세종 공주

01084560564 문자주세요!",170000,2025.09.26,45,0,0
219993480,중고나라,이사 정리,가민포러너265s (안전결제 가능),"• 상품명 : 가민포러너265s

• 구성품 : 가민포러너265s, 필름(부착) 스트랩

• 설명 : 박스를 제외한 풀구성입니다 정가보다 저렴하게 팝니다.

• 하자 여부 : 무하자
안전결제 바로 하셔도 됩니다!",490000,2025.09.26,236,0,6
220106911,중고나라,이사 정리,마돈 7세대 sl7 업글차,"마돈 7세대 sl7 업글차 판매합니다 
울테그라 12단 di2 그룹셋
본트레거 최상급 rsl51 휠셋 클린처셋팅
본트레거 rsl 일체형핸들바 r7000클릿페달
기스는 레버가 벽에 그을려서 난 기스구요
전체적으로 매우양호합니다
사이즈 52 (160후반~170후반) 
현재 라이더키 178입니다.
직거래 대전입니다 대차안하구요 택배도
않해요! 찔러보기 사절이구요 진짜 사실분은 
연락주시면 가격조율 해드립니다.
반차440 가능합니다",5800000,2025.09.26,340,4,1
219948409,중고나라,이사 정리,아이폰 15프로 256GB 내추럴 티타늄,"2023년 11월 구매 후 쭉 사용하다 최근 기종 변경으로 판매합니다.

매번 강화유리와 케이스로 보호하며 소중히 사용했는데 그럼에도 아주 작은 찍힘이 딱 하나 발견되네요…
사진의 빨간 원으로 확인하시면 되고 그 외 나머지 흠집은 일절 없는 것 같습니다(다른 사진들에서 흠집처럼 보이는 건 먼지입니다).

배터리 성능은 88%, 약간의 사용감은 있어도 고장 없는 케이블까지 풀박 상태입니다.
수호자 필름 사생활 보호용 강화유리와 직전까지 사용하던 맥세이프 케이스도 함께 드립니다.

가능하면 대면 직거래로 하고 싶은데 일반 택배는 착불, 반값택배는 선불로 발송하겠습니다.",850000,2025.09.26,75,0,0
220102629,중고나라,이사 정리,코치 남성 리빙턴 손목시계 W5016,"코치 남성 리빙턴 손목시계 W5016
사용감있고 밧데리 교체해야해서 저렴히 올립니다. 
줄은 새거입니다.
반값택배, 알뜰택배 무료, 일반택배 2000원 추가
세종시 조치원",49000,2025.09.26,12,0,0
191703430,중고나라,이사 정리,캐리어 방수커버,"피에르가르뎅 캐리어 방수커버
가로 30
세로 40~50",3000,2025.09.26,89,1,0
209798651,중고나라,이사 정리,(택포)삼성 갤럭시 버즈라이브 오른쪽 유닛,"(택포)삼성 갤럭시 버즈라이브 오른쪽 유닛
세종시 조치원
택포-편의점 반값택배, 일반택배 2천원추가",20000,2025.09.26,80,2,2
220098396,중고나라,이사 정리,만화 체인소맨 미개봉,"만화 체인소맨 미개봉입니다.
일반판 미개봉 1, 2, 3, 4, 5, 6, 7, 8, 10 권
초 판 미개봉 12, 13 권
한정판 미개봉 9권

9권 한정판 캘린더는 패키징 박스에 손상도 없습니다.",80000,2025.09.26,140,2,0
219961570,중고나라,이사 정리,HG 리본즈 반다이/건담/건프라/미개봉,,26000,2025.09.25,38,0,0
220083870,중고나라,이사 정리,트렉 마돈 8세대 slr9 스렘 레드 최상급 판매합니다,"작년 9월에 출고했고 1500km정도 운행했습니다!

사이즈는 M입니다!

크랭크: 48-35 
스프라켓: 10-33 12단
암길이: 170mm
핸들바: 42cm
타이어: 피렐리 피제로 레이스 tlr rs (거의 새것)
페달: 울테그라
상태: 뒷 드레일러 기스, 브레이크 레버에 기스 빼고는 기스 없습니다!. 핸들바 컷팅도 안한 아예 순정입니다.
운행을 자주 안해서 판매하게 됐습니다!
구매가는 1890에 구매하였습니다!",13500000,2025.09.25,1013,11,2
219705850,중고나라,이사 정리,다이슨 에어랩 멀티 스타일러,"다이슨 에어랩 멀티 스타일러 컴플리트 롱 (블루 블러쉬) HS05입니다

두번사용하고 보관만 하다가, 모발이 잘 안먹는 타입이라 판매합니다 

잔기스 없고, 풀박스로 보내드립니다 + 에어랩파우치 

*급처 아닙니다, 네고는 정중하게 제안 주시면 검토 해보겠습니다:)

직거래) 세종, 대전, 공주 가능합니다",480000,2025.09.25,75,0,1
220013946,중고나라,이사 정리,,,120000,2025.09.25,69,0,2
220073781,중고나라,이사 정리,일월 전기매트 온도 조절기,"일월 전기매트 온도 조절기
IW-M15
세종시 조치원",15000,2025.09.25,58,1,1
220065631,중고나라,이사 정리,가민 MK2i,,900000,2025.09.25,78,0,2
220005635,중고나라,이사 정리,"(미개봉, 자급제) 아이폰 17 일반 라벤더 256gb","(미개봉, 자급제) 아이폰 17 일반 라벤더 256gb입니다 

내일부터 거래가능합니다. 2대 있습니다",1200000,2025.09.25,109,0,1
220048762,중고나라,이사 정리,HG 리젤 반다이/건담/건프라/미개봉,"박스에 이상 없으나 민감하면 거래X / 모두 검수 완료

거래 후 단순 변심으로 인한 환불은 일절 받지 않습니다

교환 및 네고 안 받습니다",28000,2025.09.24,27,0,0
219995985,중고나라,이사 정리,동키콩 바난자 닌텐도 스위치2 게임,"정발 한글판입니다.

대전 동구 대성동에서 직거래 하거나 우체국 택배거래합니다.

네고문의는 죄송하지만 사양합니다.

문의사항 있을경우 채팅 부탁드려요.

감사합니다.",60000,2025.09.24,59,0,1
220047967,중고나라,이사 정리,bh 프라다 라이트 팝니다,"제네시스 bh 프라다 좌 ㆍ우 4구라이트 풀셋 팝니다.
상태 깨끗하고 작동 이상 없습니다.
신형개조 하실분 등등 구입하시면 됩니다.

경북 
55장
직거래 됩니다 
0 1 0 
5386 
0350",550000,2025.09.24,37,1,0
219961909,중고나라,이사 정리,HG 에이지2 매그넘 반다이/건담/건프라/미개봉,"박스는 테이핑, 눌림, 찍힘이 있으니 민감하면 거래X / 모두 검수 완료

거래 후 단순 변심으로 인한 환불은 일절 받지 않습니다

타 제품과 교환 및 네고 안 받습니다",23000,2025.09.24,20,0,0
220039896,중고나라,이사 정리,아크테릭스 베타 LT 카키 자켓 팔아요!!!,,480000,2025.09.24,51,0,2
220037642,중고나라,이사 정리,카시오 공학계산기,"카시오 공학계산기 
필요하신분 연락주세요.",13000,2025.09.24,32,2,0
220025089,중고나라,이사 정리,스피드메이트 메가박스 gs세차,"쿠폰팩 다해서 7000원 팝니다.
개별구매 비싸요",7000,2025.09.24,33,0,0
219366834,중고나라,이사 정리,"[ 상태최상_2단독서대(이단독서대) 이사,정리하면서 저","# 물품 상세소개
 집에 모셔둔 독서대 판매합니다.
 독서할때 쓰려고 구입했는데 독서를 안하네요~
 먼저 연락오신분께 넘길게요~
 

 현재 이 상태 그대로 제품 상태확인완료 후 제가 직접 
휴대폰 직찍, 착샷해서 올린 사진이며, 더도 말고, 덜도 말고, 
이 상태 그대로 더 사용하지도 않고, 모셔두고 판매하고 있으니 
참고하시고, 관심 있으신 분 연락주세요~^^< 
 
 

# 물품명 : [상태최상의 2단독서대(이단독서대) 저렴히 판매]
# 구성품 : [상태최상의 2단독서대(이단독서대) 저렴히 판매]
# 판매가격 : 쿨거래 19,800원
# 거래방식 : 개인 직 거래,택배
# 이메일 : choijh0103@naver.com
# 유의사항 : 중고거래특성상 교환이나 환불 불가니
 참고하시고, 신중히 구매주세요~
# 지역 : 경북 구미에서 거래 가능하고, 
 다른 지역은 착불로 택배 보내드리면서 
 바로 송장번호 사진 찍어 보내 드려요~^^",19800,2025.09.24,84,0,0
220016600,중고나라,이사 정리,가민 포러너 265,,480000,2025.09.23,68,0,2
220016147,중고나라,이사 정리,aoostar ag02s 판매합니다,,170000,2025.09.23,136,0,2
219996011,중고나라,이사 정리,젤다의 전설 왕국의 눈물 왕눈 스위치2 에디션,,60000,2025.09.23,59,0,0
219862220,중고나라,이사 정리,인아트 해리포터 헤르미온느(미개봉)팝니다,"📢 제목에 ""제조사/ 브랜드 명""과 ""상품명”를 넣어 작성하면, 보다 빠른 판매가 가능합니다! 
📢 게시글 작성 시 배송 방법에 “직거래”와 “내 위치” 설정할 경우, 보다 빠른 판매가 가능합니다! 

오늘 배송온 
인아트 해리포터 헤르미온느 미개봉팝니다.
받은 뽁뽁이 박스 그대로 드립니다.
직거래 대구 군위 가능합니다.
9월30일~10월1일 인천 직거래가능
택배 거래 가능하고 택배비+5000원 입니다
안심 번호로 연락주세요^^








🚨회원님의 거래 게시글을 노린 중고나라 운영진 사칭 피싱 사이트를 주의하세요🚨",650000,2025.09.23,102,0,1
219996051,중고나라,이사 정리,김 선물세트,"인터넷 최저가 9,900원입니다.

주문 수량 착오로 100개 판매합니다.
(10개 주문시 1개 더 드립니다)

택배는 4개가 한박스라 4개 단위로 가능합니다.(택배비 반반부담)
판매지 : 대구 군위군",8000,2025.09.23,42,0,1
219511874,중고나라,이사 정리,브라더 라벨프린터 PT-P900W,"📢 제목에 ""제조사/ 브랜드 명""과 ""상품명(ex. 3000시리즈 전동 면도기)”을 넣어 작성하면, 보다 빠른 판매가 가능합니다! 
📢 게시글 작성 시 배송 방법에 “직거래”와 “내 위치” 설정할 경우, 보다 빠른 판매가 가능합니다! 

브라더 라벨프린터 PT-P900W
가격: \260,000

라벨프린터 프로그램 다운받아 설치후 사용
(피터치 프로그램 다운)
사용감 있어서 라벨지 나오는 부분이 약간 누렇게 변색감이 있습니다.
라벨 테스트는 아래 사진에 있습니다.
기본3가지 모드로 하나씩 출력한 사진입니다.
직거래 세종 어진동 조치원읍 가능합니다.
우체국 택배로 가능 합니다.(제일 안전하고 빠름) 
택배비 착불입니다.
적당한 네고 가능합니다.


🚨회원님의 거래 게시글을 노린 중고나라 운영진 사칭 피싱 사이트를 주의하세요🚨",260000,2025.09.23,121,0,0
219986458,중고나라,이사 정리,리얼플라이트 9.5 삽니다,리얼플라이트 9.5 CD설치 제품 구합니다. 구매가는 제품 상태에 따라,1,2025.09.23,96,2,0
203098373,중고나라,이사 정리,동 저금통,잔기스외 상태좋아요,100000,2025.09.22,41,0,0
203098997,중고나라,이사 정리,괴목테이블,가로1270세로910높이490 상태좋아요,400000,2025.09.22,185,2,0
202944302,중고나라,이사 정리,그림,년식있고 그림상태 좋아요,100000,2025.09.22,34,0,1
204302583,중고나라,이사 정리,PE200리터드럼50개,세척하시면 다용도로 사용가능함,400000,2025.09.22,156,0,0
219973146,중고나라,이사 정리,(미개봉) 아이폰17 프로 256GB 실버 자급제입니다,"(미개봉) 아이폰17 프로 256GB 실버 자급제입니다.

제품 수령하여서 갖고 있는 상태입니다.
대전 동구 지역에서 거래 원합니다.
택배거래 가능합니다.

우체국, 편의점 발송 가능

정가 179만원.",1770000,2025.09.22,42,0,1
219973059,중고나라,이사 정리,(자급제)아이폰17프로맥스1TB오렌지219973059,"(자급제) 아이폰17 프로맥스 1TB 오렌지
미개봉입니다.

23일(화) 도착 예정입니다.

대전 지역에서 직거래 가능
수원은 수요일부터 직거래 가능

필요시 택배거래 가능

219973059",2640000,2025.09.22,72,0,1
219955411,중고나라,이사 정리,그루브스톤 GV10 저소음 밀키축 38g 크레용GA,"올해 1월 구매한 키보드입니다.
장시간 타이핑하기에 제일 적합할 것 같아 38g으로 구매하였고 그래서 그런지 이거 쓰다 다른 키보드를 사용해보면 확실히 손가락에 피로가 많이 오네요.
저소음이지만 다른 키보드와 비교하면 거의 무소음과 가깝다고 느낄 정도로 조용한 키보드에요.
몇개월 동안 문제 없이 잘 사용했고 다른 제품으로 기변하고 싶어 판매합니다.
사무실에서 두고 계속 사용했기 때문에 파손 등 기타 특이사항은 없습니다.",90000,2025.09.22,46,0,0
219951057,중고나라,이사 정리,아이패드 에어4 64g,"아이패드 에어 4세대 스카이블루 64기가 와이파이 모델입니다.

필기, 유튜브용으로만 사용하였으나 사용하지 않아 판매합니다.

애플펜슬 2세대 포함입니다.
펜슬이 각인이 되어 있어 케이스 사용해야할듯 합니다.",300000,2025.09.22,72,0,1
219936372,중고나라,이사 정리,린예약상픔,예약상품 입니다 거래신청하지마세요,1000000,2025.09.22,12,0,1
218326252,중고나라,이사 정리,네스프레소 버츄오 팝,새 상품 네스프레소 버츄오 팝 화이트색상 커피 머신입니다. 캡슐커피 12개 같이 드립니다. 박스에 보관만 해놓은 제품이라 상태 좋습니다.,90000,2025.09.21,55,1,2
219897317,중고나라,이사 정리,블랙큰 168 갑오징어 로드 팝니다,"블랙큰 168 팝니다
올해 5월에 받아서 3회 사용했습니다
빨리받는다고 가방은 없습니다
세종시 조치원읍 직거래이고
택배거래시 노리턴 조건입니다
연락주세요",340000,2025.09.21,131,0,3
219886178,중고나라,이사 정리,니콘 zfc 번들 DX 16-50mm f3.5-6.3 VR 렌즈판매합니다.,"니콘 Z DX 16-50mm f3.5 - 6.3 VR 렌즈 판매합니다. 

국내정품 zfc 렌즈킷으로 9월 10일 구매 및 배송받았는데 다른 렌즈가 있어 사용하지않아 판매합니다. 

아에 캡을 단 한번도 빼본적없는 새제품입니다. ( 장착한번 하지않았음 ) 


세종시 조치원읍 직거래 , 반품불가 택배거래로 판매합니다. 

가격은 직거래, 택배비포함 동일하게 130,000 판매합니다. 

010-52삼팔-03오오 로 문자주세요. 
( 네고문의 답장하지 않습니다. )",130000,2025.09.21,34,0,1
219879269,중고나라,이사 정리,부품용 갤럭시s21 블랙,"📢 제목에 ""제조사/ 브랜드 명""과 “상품명(ex. 갤럭시 S11) ”을 넣어 작성하면, 보다 빠른 판매가 가능합니다! 
📢 게시글 작성 시 배송 방법에 “직거래”와 “내 위치” 설정할 경우, 보다 빠른 판매가 가능합니다! 
메인보드 문제입니다.
기본적으로 무한부팅
간헐적으로 한번 부팅 되면 모든기능 작동은 잘 합니다.
근데 화면을 끄면 다시 무한부팅 됩니다.
외관은 충전단자쪽 기스 외 매우 깨끗합니다.
직거래 대전 동구, 택배 시 착불
교환 네고 안합니다. 연락하지 마세요.
문자주세요.






🚨회원님의 거래 게시글을 노린 중고나라 운영진 사칭 피싱 사이트를 주의하세요🚨",65000,2025.09.21,72,1,2
219875291,중고나라,이사 정리,리본 리본재료 공예재료 택포 이사정리 가격내림,"교환 환불 안됩니다
 
 
 
 
 

📢 제목에 ""제조사/ 브랜드 명""과 “상품명”을 넣어 작성하면, 보다 빠른 판매가 가능합니다! 
📢 게시글 작성 시 배송 방법에 “직거래”와 “내 위치” 설정할 경우, 보다 빠른 판매가 가능합니다! 








🚨회원님의 거래 게시글을 노린 중고나라 운영진 사칭 피싱 사이트를 주의하세요🚨",75000,2025.09.21,23,0,0
217057572,중고나라,이사 정리,카메라,"세월에흔적있지만
저렴하게판매해요ㆍ모두드려요ㆍ",70000,2025.09.20,35,0,2
219840222,중고나라,이사 정리,리본 리본재료 공예재료 택포 이사정리,"교환 환불 안됩니다
 
 
 
 
 

📢 제목에 ""제조사/ 브랜드 명""과 “상품명”을 넣어 작성하면, 보다 빠른 판매가 가능합니다! 
📢 게시글 작성 시 배송 방법에 “직거래”와 “내 위치” 설정할 경우, 보다 빠른 판매가 가능합니다! 








🚨회원님의 거래 게시글을 노린 중고나라 운영진 사칭 피싱 사이트를 주의하세요🚨",80000,2025.09.20,13,0,0
211894831,중고나라,이사 정리,랜덤하우스 피콜로 재미그림책 전권 이사정리,"피콜로 재미그림책 전권 판매합니다.
보드북30권 그림책 40권 전권 70권입니다.
보드북은 많이봐서 모서리닮음 있고 그림책은 몇번보지 않아 깨끗하나 조작북은 손상된부분이 있습니다.
무료배송입니다.",49000,2025.09.20,36,0,0
219444994,중고나라,이사 정리,(이사정리) 프리즘 4K 50인치 스마트TV 팝니다.,"프리즘 50인치 안드로이드 11 스마트 UHDTV A5011i 모델입니다.

- 50인치 광시야각 SMVA 패널 적용
- 4K UHDTV 3840 x 2160
- 안드로이드 11 OS
- MTK9612 최신형 칩셋 적용
- 에너지 효율 1등급

깨끗히 사용했고, 9월 말 이사 준비로 급처 합니다.
경기도 용인 근처 직거래 희망 합니다.",250000,2025.09.20,71,0,0
219823239,중고나라,이사 정리,니콘 DX 16-50mm f3.5-6.3 VR 렌즈판매합니다.,"니콘 Z DX 16-50mm f3.5 - 6.3 VR 렌즈 판매합니다. 

국내정품 zfc 렌즈킷으로 9월 10일 구매 및 배송받았는데 다른 렌즈가 있어 사용하지않아 판매합니다. 

아에 캡을 단 한번도 빼본적없는 새제품입니다. ( 장착한번 하지않았음 ) 


세종시 조치원읍 직거래 , 반품불가 택배거래로 판매합니다. 

가격은 직거래, 택배비포함 동일하게 130,000 판매합니다. 

010-52삼팔-03오오 로 문자주세요. 
( 네고문의 답장하지 않습니다. )",130000,2025.09.20,29,0,0
218688831,중고나라,이사 정리,한화이글스,"이진영친필싸인유니품팝니다
사실분은연락주세요 
참고로유니품사이즈 105입니다",20000,2025.09.20,65,1,1
219796674,중고나라,이사 정리,"유시민, 풍운아김두한, 텍사스홀덤등 이사가기전에 책들 정리합니다~","📢 제목에 ""출판사+책 이름+저자”를 넣어 작성하면, 보다 빠른 판매가 가능합니다! 
📢 게시글 작성 시 배송 방법에 “직거래”와 “내 위치” 설정할 경우, 보다 빠른 판매가 가능합니다! 








🚨회원님의 거래 게시글을 노린 중고나라 운영진 사칭 피싱 사이트를 주의하세요🚨

*이사하는 관계료 책들 최대한 저렴하게 정리합니다.....

*사진에 올린 모든책들은 비닐커버한후에 거의읽지않고 책장에 보관해둔 상태라 모두 깨끗한책들(최상) 입니다~

*모든책들 낱권,개별로도 구매가능 합니다~~


*1번사진
*유시민 (나의한국현대사, 거꾸로읽는세계사)......2권모두 책상태 꺠끗합니다......(상) (총2권, 판매가 6000원)

*2번사진
*무기백과사전1 (6000원)
*컬러의말(양장특뱔판) (6000원)
*일본어유래사전 (5000원), 
*알면다르게 보이는 일본문화1 (6000원)......모든책들 아직 읽지않아서 책상태는 모든책들 깨끗합니다 (최상)

*3번사진
차민수 텍사스홀덤 (양장)
구입후 몇장만 보고 책비닐에 보관해나서 거의 새책입니다 (최상)......(판매가, 11000원)
제가 앞부분 몇장 보다가 중요한글 몇페이지에 형광펜 10줄정도 체크있습니다~

*4번사진
풍운아 김두한 (상,하)
구입한지는 오래 되었지만 한번읽고 책비닐에 보관해나서 상태는 깨끗합니다 (상급)......(2권, 4000원)

*5번사진
무궁화꽃이피었습니다 (1,2)(개정판) (한번읽고 비닐에 보관만한 거의새책 입니다) (최상).....(총2권, 판매가, 8000원)

*6번사진
나는 단순하게 살기로했다(사사키 후미오) (책상태는 깨끗합니다) (최상)......(판매가, 2000원)



*직거래는 평일은 지하철9호선 증미역이나 강서구 등촌제일교회앞에서 가능합니다...

직거래시 토요일,일요일은 시간조절해야 합니다...

택배거래 하실경우 우체국택배비 4000원 별도입니다....

택배하시면 다음날 오전10시전후로 우체국택배로 붙여드리고 등기(송장)번호 바로 보내드립니다...

댓글,쪽지는 잘안보니 문자부탁드립니다~

☎ 010 3199 6680 ☎ 010 3199 6680",4000,2025.09.19,6,0,0
219783846,중고나라,이사 정리,갤럭시 2 버즈 프로 라벤더,"갤럭시버즈 2 프로 라벤더입니다
3번밖에안썼습니다 충전은 되있고
충전기도포함입니다 그리고이거삼성전자에서산겁니다",70000,2025.09.19,341,3,8
219781729,중고나라,이사 정리,리본 리본재료 공예재료 택포 이사정리,"교환 환불 안됩니다
 
 
 
 
 

📢 제목에 ""제조사/ 브랜드 명""과 “상품명”을 넣어 작성하면, 보다 빠른 판매가 가능합니다! 
📢 게시글 작성 시 배송 방법에 “직거래”와 “내 위치” 설정할 경우, 보다 빠른 판매가 가능합니다! 








🚨회원님의 거래 게시글을 노린 중고나라 운영진 사칭 피싱 사이트를 주의하세요🚨",80000,2025.09.19,20,0,0
219780241,중고나라,이사 정리,"니콘 Z6, ftz 일괄 101만원 급처","니콘 z6+ftz 일괄로 판매합니다. 컷수 3만6천여컷 (사용중이라 소폭상승)
정품배터리,ftz1, 케이지, 호환배터리그립, 스트랩, 충전기, ftz박스있읍니다. 카메라바디 박스는 없읍니다.

세종시 조치원읍 직거래나 파손면책 동의 후 택배거래도 합니다 .

010-5922-2612 문자주세요",1010000,2025.09.19,162,1,1
219766402,중고나라,이사 정리,17바이오임팩트 73S 160 로드 팝니다,"작년에 어렵게 구매한 하이엔드 쭈갑로드 입니다.
낚시를 못하게 되어 판매합니다.
사용횟수는 2회로 민트급이며
직접 보시고 구매바랍니다.
(윤성정품 보증서 및 풀박스 구성)

공10 팔8사일 오3팔0",500000,2025.09.19,31,1,1
217737705,중고나라,이사 정리,엘디스 어피니티 550k 카라반,"🚐✨ 엘디스 어피니티 550K 카라반 올수리 판매 ✨🚐

✔️ 2017년 6월식 / 2025년 6월 인수 후 자동차검사 완료
✔️ 약 3천만 원 들여 올수리 + 옵션 업그레이드 완료
✔️ 3세, 1세 두 아이와 4회 출정 후 – 캠핑이 저희와는 맞지 않아 아쉽게 판매합니다

🔹 외관은 유로카라반, 옵션은 가온카라반 등 전문 업체에서 꼼꼼하게 시공

---

✅ 출고 옵션

인산철 배터리 300a

태양광 285w + MPPT 30a

파워 APU 30a, 적산계, 인버터 2k

맥스팬, LG TV 2대, 도메틱 4m 어닝

실내 청수통 150L, 알데, 도메틱 헤리어 에어컨

---

✅ 인수 후 추가 설치(6~8월)

최신형 무버(레벨링 표시) 2,805,000원

DC 타워형 냉장고 개조 1,000,000원

가정용 인버터 에어컨 + 전자렌지 600,000원

무선 후방카메라 170,000원

---

✅ 보강 수리(6~8월)

알데 핑크부동액 ,C250 데포트 변기 교체 1,235,000원
지붕 보강수리 및 방수 1,400,000원
거실 대형창 및 맥스팬 플레이트 교체
670,000원


---

💡 총 투자 비용만 약3천만원
💡 4회 출정으로 실사용 거의 없음
💡 당장 캠핑 가능! 따로 손 보실 것 없는 완벽한 상태

👉 올수리 카라반을 합리적인 가격에 만나보실 분, 바로 연락 주세요!

#연락처 : 010-7166-1025",20000000,2025.09.18,383,5,1
219694502,중고나라,이사 정리,서바이벌 플레이트 캐리어 등,"상하의는 성인 보통 체격에서 남는 편입니다

모셔두기만 했어요 만족스런 상태 입니다

헬멧만 10 중반대 중상급 제품입니다(정확히는 까먹었네요)
건벨트도 있으니 더욱 좋아요",200000,2025.09.18,106,1,0
219197291,중고나라,이사 정리,린나이 취반기 100인용 밥솥 포함 도시가,"린나이 취반기 업소용 100인용 가스 RRA-101 밥솥 포함 도시가스

✅ 중고 린나이 취반기 RRA-101 (19년식) + 알루미늄 밥솥 2개 포함
🔹 업소용으로 신뢰받는 린나이 정품 모델 / 바로 사용 가능

1. 제품 기본 정보
모델명: Rinnai RRA-101
제조연도: 2019년
취반용량: 약 100인분 기준 / 업소용 중소형
포함 구성품:
✔ 본체 1대
✔ 알루미늄 밥솥 2개 포함 (추가 구매 없이 바로 사용 가능)
연료 타입: LNG (도시가스)

2. 사용 상태
자체 공장에서 점검 및 기본 세척 완료
상태 양호
화구 및 점화 부분 작동 이상 없음
외관 및 손잡이 등 파손 없음

3. 추천 사용처
소규모 식당
공장 구내식당
출장/이동식 취사 차량
캠핑장, 푸드트럭

📦 전국 배송 가능 (용달차량 배송 / 제품 받아주실 분 필요)
📍 직접 수령도 가능 (대전 공장)",690000,2025.09.18,147,3,3
219692281,중고나라,이사 정리,안전화 275mm K267S K2 67S k2-67s,"K2 67S 안전화 275mm 미착용 새제품입니다. 다이얼로 조이는 K2 세이프티 제품입니다. 튼튼하게 잘 만들어진 작업화 저렴하게 가져가세요. 문의 없으시면 바로 안전결제해주시면 됩니다!

안전화 275mm K267S K2 67S 새제품!!!",72000,2025.09.18,39,0,1
217513193,중고나라,이사 정리,이사가방 정리함350,"50개 묶음포장
단가3천원 
일괄요 택배비착불",300000,2025.09.18,250,0,0
218582040,중고나라,이사 정리,얀마콤바인 15년식 AW465 4조,"얀마콤바인 2015년식 4조
올수리완료 1279h
작년까지 잘 사용하던 콤바인을 다른녀석이 갑자기
생겨 판매합니다.

1,200만원
문의는 전화주세요~

01036885383",12000000,2025.09.18,346,2,0
216495591,중고나라,이사 정리,"아스토리아 포르마(커피머신), 시그마 그라인더,디스펜서","커피 판매 중지로 중고매매 합니다
커피용품. 포트 등 다 챙겨드립니다

포르마는 중고구매 후 부품 교체하고 
6개월 정도 사용했는데 실사용은 거의 없습니다. 

시그마 그라인더는 22만원 짜리 날 교체하고 실사용 거의 없고

디스펜서도 상태 좋습니다!

- 컵도 필요하시면 다 챙겨드리겠습니다. 

일괄 구매를 우선합니다! 
연락주세요~",1500000,2025.09.18,508,3,4
219679554,중고나라,이사 정리,커넥티드 카브에픽 10km 주행 신차급,"📢 제목에 ""제조사/ 브랜드 명""과 ""상품명”를 넣어 작성하면, 보다 빠른 판매가 가능합니다! 
📢 게시글 작성 시 배송 방법에 “직거래”와 “내 위치” 설정할 경우, 보다 빠른 판매가 가능합니다! 








🚨회원님의 거래 게시글을 노린 중고나라 운영진 사칭 피싱 사이트를 주의하세요🚨






대전에 취급하는 매장이 없어서 대구가서 직접 사온 

커넥티드 사의 카브에픽입니다. 

사놓고 몇 번 안 타고 그냥 두기만해서 처분합니다.

11키로 주행했다고 뜨네요..

거의 새거라고 보시면 됩니다. 

앞에 프론트렉 까지 해서 거진 190정도? 주고 샀던 것 같습니다.

속도는 35km까지 주행되는 스피드 버전입니다.",1400000,2025.09.18,339,3,0
218609952,중고나라,이사 정리,카날스 충전식 블루투스 앰프 20cm BK-882N,"카날스 충전식 블루투스 이동형 앰프 20cm BK-882N
판매합니다
실구매가는 92만에했고요
현재쿠팡에서 90만원정도에 판매되고있는 상품이며
실사용 2회 사용한 신품같은 제품입니다",600000,2025.09.17,85,2,0
219667008,중고나라,이사 정리,GAP 갭 성조기 후드집업 s 화이트,"흰색 GAP 성조기 후드집업 S사이즈입니다.
갭 로고가 성조기로 디자인되어 있어서 유니크해여
약간의 사용감 외에는 다른 하자 없습니다 !
사이즈 미스로 올려요 !!
실측사이즈 가슴단면 45 총장 54예요 !
쿨거시 택포해드립니다",70000,2025.09.17,62,0,0
219659156,중고나라,이사 정리,생로랑 블랙카드 지갑,"생로랑 카드지갑 블랙 색상입니다. 

깔끔한 디자인과 질감 좋은 가죽 소재가 특징입니다. 전체적으로 상태 좋습니다.",60000,2025.09.17,123,0,0
219626254,중고나라,이사 정리,삼성 제트 물걸레 브러쉬 VCA-WBA95,"삼성 제트 비스포크 청소기에 사용가능한 물걸레 브러쉬 판매합니다

하자가 있는데 물분사 기능이 안됩니다
회전은 잘 돌아가니 걸레질 하는데는 문제 없습니다
삼성서비스센터에서 수리도 가능한것 같아요
정가는 10만원정도 하는거 같네요

호환되는 모델은 사전에 확인하시구 연락주세요~

본체, 기본 걸레, 일회용 청소포용 찍찍이 이렇게 드립니다
사용감 있어요",30000,2025.09.17,19,1,1
219570096,중고나라,이사 정리,일리 커피머신,3 4년 정도 된것 같고 편의점택배비 포함 가격입니다,33000,2025.09.16,16,0,1
219564337,중고나라,이사 정리,한화이글스 실버 귀걸이 이어링(새상품),사용안한 새상품 입니다.,60000,2025.09.16,26,0,0
216424034,중고나라,이사 정리,[새상품] 앱토 피셔 샌들 245 팝니다,"APTO DE LUJO 브랜드의 가죽 샌들입니다.
블랙 색상이고, 독특한 짜임 디자인이 특징입니다.
박스도 같이 드려요~
사이즈는 245입니다",30000,2025.09.15,56,3,1
219526601,중고나라,이사 정리,ASUS ROG RTX 4080 SUPER,"ASUS ROG RTX 4080 SUPER
2024.11.14 쿠팡구매
12월부터 사용",1200000,2025.09.15,63,0,1
219503199,중고나라,이사 정리,프라이탁 하파오 상태 최상,"프라이탁 하파오 팝니다

블랙에 가까운 매우 짙은 그레이 바탕에 파란 포인트 있습니다

개인적으로 색 조합이 예뻐서 조심스럽게 착용했구요 처음 받았을때 대비 손상 거의 없습니다. 

민트텍도 있고 염가에 팝니다

거래 내역 많습니다
문자로 연락주세요
010 삼삼54 사칠56",160000,2025.09.15,13,0,0
219490120,중고나라,이사 정리,이사준비로 옷장정리합니다/박스가득 넣어드려요/옷 없으신분들 옷장만 하세요/-무료배송,"📢 제목에 ""제조사/ 브랜드 명""과 “상품명”을 넣어 작성하면, 보다 빠른 판매가 가능합니다! 
📢 게시글 작성 시 배송 방법에 “직거래”와 “내 위치” 설정할 경우, 보다 빠른 판매가 가능합니다! 



안녕하세요.^^

결혼 전 아마추어 출사모델을 취미 삶아 해서 옷이 많아요.
큰언니.작은언니.동생까지 있어서 
내가 평소에 잘 안입게 되는 옷들이랑 불편한옷들, 안어울리는 옷들,
작아진 옷들등등 옷이 너무 많아서 최대한 옷을 정리합니다.

본인 상의 하의 싸이즈
(예시 -상의44.55.66 하의 24. 25.26.27등등)
좋아하는 스타일과 싫어하는 스타일
그리고 나잇대와 신발싸이즈 알려주시면 옷고르는데 참고 사항이 될 듯합니다.^^
전체적으로 정리를 위한 것이라
한가지 스타일만 원하시거나 한계절옷만 원하시는 것도 어렵습니다.

위에 싸이즈와 참고할 만한 사항들을 잘 적어주시면 
옷 정리하는데 참고할 수 있으니 상세하게 잘 적어서 문자나 쳇부탁드려요
100프로 만족시켜드리지 못하오니 
예민하신분이나 까다로우신분은 신중거래부탁드려요.

대신 한두벌에 만원 이만원 NO~NO~
기본 10이상이 기본~
사과박스만한 곳에 가득가득 넣어드리는 가격이 택배포함

기본이 25.000원(배송비포함)부터 100.000가능하시고

25.000ㅡ10벌이상
30000ㅡ15벌이상
40.000ㅡ20벌이상
50.000ㅡ25벌이상
60.000ㅡ30벌이상
70.000ㅡ35벌이상
80.000ㅡ40벌이상
90.000ㅡ45벌이상
100.000ㅡ50벌이상
5천원씩도(2벌정도)추가 가능하세요

딱 한계절만 정해서 보내드릴수는 없고요. 
어느정도 계절반영해서
기본 44~77까지 가능 다양하게 봄.여름.가을.겨울옷으로 챙겨드려요
옷 많이 없으신 여성분들 옷장만 하기 좋은 기회입니다.

예민x
반품 교환 환불 x
010-2421-1공공6으로 연락주세요. 





🚨회원님의 거래 게시글을 노린 중고나라 운영진 사칭 피싱 사이트를 주의하세요🚨",25000,2025.09.15,29,0,0
212300109,중고나라,이사 정리,단레져 각도기,"단레져 각도기(구형)
사진보시고 판단 하세요 
구형 입니다 바다 낚시 다니다 보니 
쓸 일이 없어 판매 합니다 택배는 부피상 힘들고 
정 원하심 화물택배로 착불로 보내 드리 겠습니다
직거래 오송 세종",85000,2025.09.15,107,1,1
112806046,중고나라,이사 정리,나의 빛나는 세계 단행본 판매,"안 읽어서 팔아요
단행본 1,2,3권 일괄 가격입니다
현재 판매 중지라 중고아니면 못 구해요
상태 나쁘지 않습니다

연락 주시면 사진 드릴게요

물어보지 않은 부분에 대해 책임❌

택배비 4000원
편의점 끼택/반택 2600원 입니다",25000,2025.09.14,79,0,1
218711505,중고나라,이사 정리,키미박스 완제품 3개 일괄,"새제품이구요 
배송 온 그대로 박스안에 뽁뽁이까지 싸여있어요
3개 일괄구매만 가능합니다

택배비용 포함 입니다

구매하실분만 연락주세요",10000,2025.09.14,63,0,0
218575721,중고나라,이사 정리,이사정리.동서가구 수납형 슈퍼싱글 침대 프레임(5cm,"이사가서 급하게 정리합니다. 동서가구 수납형 슈퍼싱글 침대 프레임에 5cm 접이식 폼매트리스 같이 드립니다. 프레임에 수납공간 넉넉해서 좋아요.

1년 사용
ss 슈퍼싱글

아현초등학교 근처 직접 가져가셔야 합니다
(엘베 있는 4층입니다)

문의 없는 빠른 거래시 1만원 깎아드립니다
이사 계획이라 약속 후 거파 안됩니다

제품정보

https://m.smartstore.naver.com/dongsuhgagu/products/5346721740?nl-query=동서가구%20침대&frm=MOFORU&nl-ts-pid=j7cF3sprfMCssfkpibdssssssaw-223097&NaPm=ci%3Dj7cF3sprfMCssfkpibdssssssaw-223097%7Cct%3Dmex4m20p%7Ctr%3Dsbfu%7Csn%3D613719%7Chk%3D74c3af8aa30ee3d381e84effb8ff8fc629d3f973",60000,2025.09.14,57,2,1
218575817,중고나라,이사 정리,이사정리)브라운 가죽 3인용 소파(쿠션 1개 포함),"다크그레이 색상의 3인용 소파입니다

사이즈는 1850x850x900mm입니다
재질은 합성가죽(PVC)이며 생활 방수 가능합니다
좌방석 시트 깊이는 550mm입니다

약 1년 사용했으며
약간의 사용감이 있으니 사진 참고해주세요

직접 방문하여 가져가셔야 합니다
(아현초등학교 근처)

제품 구매처에서 상세페이지 참고하세요
베스트리빙 뭉크 3인 소파(스틸 다리)
https://link.coupang.com/a/cNwI9c",30000,2025.09.14,39,1,0
219446347,중고나라,이사 정리,프라이탁 하파오 상태 최상,"프라이탁 하파오 팝니다

블랙에 가까운 매우 짙은 그레이 바탕에 파란 포인트 있습니다

개인적으로 색 조합이 예뻐서 조심스럽게 착용했구요 처음 받았을때 대비 손상 거의 없습니다. 

민트텍도 있고 염가에 팝니다

거래 내역 많습니다
문자로 연락주세요
010 삼삼54 사칠56",160000,2025.09.14,16,0,0
219445343,중고나라,이사 정리,에어팟 프로2 상태 좋음,"에어팟 프로2 팝니다

이어팁, 박스 다 있습니다, 다만 충전선은 없고 충전선은 라이트닝 입니다
무선충전 가능합니다

처음사고 1년 지나기전에 한번 이어폰 양쪽 리퍼 받고 많이 쓰지 않아서 배터리 오래갑니다! 

케이스 끼워사용했고 많이 안써서 사용감 적습니다.먼지도 거의 없어요 만족하실겁니다.

거래내역 많습니다
급처합니다 문자로 먼저 연락주세요
010 33오사 475육",150000,2025.09.14,16,0,0
219440984,중고나라,이사 정리,뱅앤올룹슨 A8+아이팟,"📢 제목에 ""제조사/ 브랜드 명""과 ""상품명(ex. 3000시리즈 전동 면도기)”을 넣어 작성하면, 보다 빠른 판매가 가능합니다! 
📢 게시글 작성 시 배송 방법에 “직거래”와 “내 위치” 설정할 경우, 보다 빠른 판매가 가능합니다! 

뱅앤올룹슨 A8 베오플레이 1세대 하이앤드 스피커팝니다

데이비드 루이스의 마지막 유작으로 유명하죠(아이팟8기가, 오디오컨버터, 블루투스동글이)같이드립니다

워낙 유명한 스피커이기에 음질은 따로 설명 안하겠습니다

리모컨 없는 버젼이라 저렴하게 판매합니다

아이팟으로 다운받아 사용하거나오디오 컨버터로 tv에 연결하여 사운드바로 사용 했습니다

현재 단종되어 구할수 없는 귀한 스피커입니다

블루투스 연결안되는 구형버전이라 구입한 동글이같이드립니다

하자는 받침 고무패킹 파손, 우측하단 찌그러짐, 천이염입니다

 마지막 사진 확인하세요뒷면덮개 없습니다






🚨회원님의 거래 게시글을 노린 중고나라 운영진 사칭 피싱 사이트를 주의하세요🚨",450000,2025.09.14,45,0,0
219413088,중고나라,이사 정리,레이 헤드레스트,"레이 차량용 헤드레스트 
이상 없음 문제 없음
환불 없습니다",30000,2025.09.13,85,0,0
219391369,중고나라,이사 정리,멀티케이블 pppx8 10m,"EWI pppx8 인풋 8채널 10m 멀티케이블입니다.

산지 2년정도 됐고 연습실에만 두고 써서 기능에 문제 없습니다. 

이천 또는 청주,세종 지역 직거래 원하고 택배도 가능합니다.",100000,2025.09.13,148,0,1
219339328,중고나라,이사 정리,에어팟프로2 풀박스 라이트닝,"에어팟 프로2 라이트닝 모델입니다.
보증기간 만료 됐습니다.
하자는 없습니다.

에어팟 이미 가지고있어서 그냥 싸게 넘깁니다.
세종시 조치원읍에서도 거래 가능합니다",150000,2025.09.12,35,2,1
219286426,중고나라,이사 정리,피직 템포 R5 로드자전거 클릿슈즈,"피직 R5 클릿슈즈입니다

몇 번 안신어서 전체적으로 깨끗합니다 양쪽 앞코 오염부분은 사진확인 부탁드립니다 시마노 클리트(6도) 징착 되어있는데 그대로 신으셔도 되고 교체하셔도 됩니다

사이즈는 EU38.5이고 저는 보통 240~245정도 신는데 양말 신고 잘 맞았습니다 뉴발240, 나이키245, 아디다스 240, 컨버스240 신습니다 

사이즈상담 및 네고는 어렵습니다 

해당 구매처 사이트 사이즈표 참고 바랍니다 https://naver.me/5FEUHZAj",50000,2025.09.11,446,5,1
215882516,중고나라,이사 정리,화로테이블 & 보조테이블 가격다운,"📢 제목에 ""제조사/ 브랜드 명""과 “상품명(ex. 숄더 핸드백)”을 넣어 작성하면, 보다 빠른 판매가 가능합니다! 
📢 게시글 작성 시 배송 방법에 “직거래”와 “내 위치” 설정할 경우, 보다 빠른 판매가 가능합니다! 








🚨회원님의 거래 게시글을 노린 중고나라 운영진 사칭 피싱 사이트를 주의하세요🚨 

직접 만든 자작 제품입니다.
재료값만 24만 들었습니다.
아무래도 자작제품이다보니..
퀄리티는 기성품보다 못하지만
상태 괜찮습니다~
만들구서 사용은 6회사용..
가방까지 직접 싸이즈맞게 제작한겁니다
싸이즈는 90×90 안쪽네모 50×50
높이는 두가지로 조정가능합니다.
궁금하신거 있음 문의주세요^^

가격다운~
이제 안팔리면 걍 써야겠네요ㅠ.ㅠ",55000,2025.09.11,10,0,0
217426925,중고나라,이사 정리,폴드5 1T 그레이 강남전용컬러,"폴드5 저장공간 1테라바이트
그레이색상 강남전용 컬러입니다.
자급제 폰입니다.

최근에 삼성전자 서비스에 가서
메인보드, 내외부 디스플레이,전후면케이스,배터리 등 거의 모두 교체 받아왔습니다.

힌지 중앙에 살짝 페인트 까짐이 있습니다.
사진 첨부하니 확인해주세요.

상태 특A급 입니다.

리얼카본초슬림케이스, 보테가케이스, 투명케이스 같이 드립니다.

삼성케어플러스 파손분실보험있습니다.
양도 가능합니다.

삼성전자 보증기간 6개월 남아있습니다.

택배가능합니다. 직거래는
세종시에서 가능합니다.

010 사262 사026",650000,2025.09.11,124,2,2
219268650,중고나라,이사 정리,아마추어모델언니의 옷정리합니다./박스가득 넣어드려요./옷 없으신분들 옷장만 하세요. 이사준비로 옷장정리합니다.-무...,"📢 제목에 ""제조사/ 브랜드 명""과 “상품명”을 넣어 작성하면, 보다 빠른 판매가 가능합니다! 
📢 게시글 작성 시 배송 방법에 “직거래”와 “내 위치” 설정할 경우, 보다 빠른 판매가 가능합니다! 




안녕하세요.^^

결혼 전 아마추어 출사모델을 취미 삶아 해서 옷이 많아요.
큰언니.작은언니.동생까지 있어서 
내가 평소에 잘 안입게 되는 옷들이랑 불편한옷들, 안어울리는 옷들,
작아진 옷들등등 옷이 너무 많아서 최대한 옷을 정리합니다.

본인 상의 하의 싸이즈
(예시 -상의44.55.66 하의 24. 25.26.27등등)
좋아하는 스타일과 싫어하는 스타일
그리고 나잇대와 신발싸이즈 알려주시면 옷고르는데 참고 사항이 될 듯합니다.^^
전체적으로 정리를 위한 것이라
한가지 스타일만 원하시거나 한계절옷만 원하시는 것도 어렵습니다.

위에 싸이즈와 참고할 만한 사항들을 잘 적어주시면 
옷 정리하는데 참고할 수 있으니 상세하게 잘 적어서 문자나 쳇부탁드려요
100프로 만족시켜드리지 못하오니 
예민하신분이나 까다로우신분은 신중거래부탁드려요.

대신 한두벌에 만원 이만원 NO~NO~
기본 10이상이 기본~
사과박스만한 곳에 가득가득 넣어드리는 가격이 택배포함

기본이 25.000원(배송비포함)부터 100.000가능하시고

25.000ㅡ10벌이상
30000ㅡ15벌이상
40.000ㅡ20벌이상
50.000ㅡ25벌이상
60.000ㅡ30벌이상
70.000ㅡ35벌이상
80.000ㅡ40벌이상
90.000ㅡ45벌이상
100.000ㅡ50벌이상
5천원씩도(2벌정도)추가 가능하세요

딱 한계절만 정해서 보내드릴수는 없고요. 
어느정도 계절반영해서
기본 44~77까지 가능 다양하게 봄.여름.가을.겨울옷으로 챙겨드려요
옷 많이 없으신 여성분들 옷장만 하기 좋은 기회입니다.

예민x
반품 교환 환불 x
010-2421-1공공6으로 연락주세요. 




🚨회원님의 거래 게시글을 노린 중고나라 운영진 사칭 피싱 사이트를 주의하세요🚨",25000,2025.09.11,30,0,0
219254309,중고나라,이사 정리,피나렐로 라자 풀105 440 여성사이즈 로드자전거,"1. 상품명 : 피나렐로 라자 


2. 사이즈 :440 - 160cm 전후 여성분 추천 / 판매자 키 : 165cm


3. 사용기간/거리 : 17년도에 구매, 3~4년간 꾸준히 타다가 
 임신/출산/육아로 3~4년간 자전거 백에 담아서 베란다 보관함


4. 물건상세설명 : 변속기어/브레이크/클릿페달까지 풀 105, 몸통은 무광 카본, 바테잎은 피직입니다.

25.09.10일 대전 소재 로드정비업체에서 자전거 상태 점검 및 정비 받았고, 보관을 잘 해서 기어변속, 브레이크, 체인, 바퀴등 주행에 문제없고 상태 좋다고 확인 받았으니 튜브등 소모품은 교체해야 할 수 있습니다

연식이 있고 사용감 있다보니 기스가 많아 사진으로 확인 부탁드립니다. 
 
사진에 있는 속도계,전조등,후미등 구성품 제외이오니 참고 부탁드리고 쿨거래시 네고는 차비정도 조금 가능합니다.",800000,2025.09.11,136,0,2
219231469,중고나라,이사 정리,e70v + L70 + XLR밸런스 케이블,"토핑 e70v, l70, 밸런스 케이블입니다.
이제 안써서 팝니다.
24년 10월 중순에 구매했습니다.
pc연결하는 기본 케이블은 상태 이상해서 처분하고 다른 케이블로 사용중입니다. 그 외 모든 구성품 그대로 있습니다.",550000,2025.09.11,190,1,2
218706559,중고나라,이사 정리,사용감 거의 없는 정악가야금 상태좋아요,"구매 당시 600정도에 구매한 정악가야금입니다.

사진에서 보시다시피 상태 좋고 사용감 거의 없습니다.

가야금 가방은 따로 없어서 직접 구매하셔야 하고,

아무래도 가야금이고 파손 위험이 있다보니 이체해주시면 직접 직거래 타지역도 가능합니다

가격 150이고 택배비 배송비 따로 받지않겠습니다.

첫 정악가야금이라 애지중지 관리 잘했고 아껴서 잘 써주실분 새 주인분 만났으면 좋겠습니다.

카카오톡 ID - rinaa 연락주세요",1300000,2025.09.11,387,3,2
218048584,중고나라,이사 정리,[크림판] 꼼데가르송 후드집업 xxl,"제품명: 꼼데가르송 후드집업
사이즈: xxl
상태: 새상품급
구성품: 단품

제품설명: 이번년도에 크림에서 구매한 상품입니다! 
빅사이즈 입으시는분들 입기 좋습니다. 좋은상품 좋은가격에 가져가세요!

❗️편하게 연락주세요❗️",145000,2025.09.10,38,1,1
219180104,중고나라,이사 정리,캐논 RF 28mm f2.8 렌즈 판매합니다.,"캐논 RF 28mm F2.8 렌즈 판매합니다. 

제가 지마켓에서 25.03.12일에 직접 구매했었고 정품등록 되어있으며, 5월 캐논코리아 점검서류도 첨부드립니다. 
( 구매 완료되면 가린부분 없는것으로 보내드립니다. ) 

기스 등 없고 상태 매우 좋습니다. 서브바디 카메라를 영입하여 잘 사용하지 않기에 판매합니다. 

니시 55mm 프로텍터 필터 착용되어있으며 함께 판매합니다. 

풀 박스 구성이며, 후드는 없습니다. 


세종시 조치원읍 직거래 , 9월 10일 이후 서울시 성북구 6호선 상월곡역 직거래 , 반품불가 택배거래로 판매합니다. 

가격은 직거래, 택배비포함 동일하게 300,000원 판매합니다. 


010-52삼팔-03오오 로 문자주세요. 
( 네고문의 답장해드리지 않습니다. ) 









🚨회원님의 거래 게시글을 노린 중고나라 운영진 사칭 피싱 사이트를 주의하세요🚨",300000,2025.09.10,38,0,0
219147201,중고나라,이사 정리,갤럭시 s24 플러스 512GB,"작년 2월엔가 자급제로 구매한 핸드폰입니다.

오래 쓰지도 않았고 s25 플러스로 갈아타고 한번도 안썼으니까 실사용은 1년 정도 밖에 안될겁니다. 
 케이스랑 필름도 쓰긴했는데 액정이랑 후면은 없지만 측면에 약간씩의 흠집이랑 잔기스가 좀 있습니다.

직거래는 조치원 가능합니다

거래가 처음이라 미숙해도 이해 부탁드립니다.",610000,2025.09.09,148,1,4
219145685,중고나라,이사 정리,[이사정리]지멘스 오븐,"지멘스 빌트인 오븐입니다. 
이사갈 집에서 오븐을 설치해주셔서 급하게 처리해요 😅 

2018년인가 직구로 구입할 때도 꽤 비싸게 샀던 기억이 있지만 당시 구입가는 정확하지 않네요… 최근 지멘스 오븐 중고로 올리온 가격 참고해서 판매가 책정했어요. 참고해주세요. 
아 그리고 직구라 설명서가 모두 독일어지만 그림보면 쉽게 이해돼요. 

4년 전에 이사하면서 둘 곳이 없어서 담에 이사갈 때 설치하려고 계속 보관만 하고 있었는데 이번에 들어가는 곳에 빌트인 오븐이 있고 보관 장소도 마땅치 않아 결국 처분해요 😢
내부는 청소해서 사용하셔야 해요. 😅
사이즈는 사진에 나와있으니 참고해주세요. 👍
양재약 근처 아파트라 이번주 금요일인 12일 오전에 1층에 내려드릴 수 있어요. 
급처라 싸게 내놓아요 😉",300000,2025.09.09,145,3,3
219125284,중고나라,이사 정리,아마추어모델언니의 옷정리합니다./박스가득 넣어드려요./옷 없으신분들 옷장만 하세요. 이사준비로 옷장정리합니다.-무...,"📢 제목에 ""제조사/ 브랜드 명""과 “상품명”을 넣어 작성하면, 보다 빠른 판매가 가능합니다! 
📢 게시글 작성 시 배송 방법에 “직거래”와 “내 위치” 설정할 경우, 보다 빠른 판매가 가능합니다! 




안녕하세요.^^

결혼 전 아마추어 출사모델을 취미 삶아 해서 옷이 많아요.
큰언니.작은언니.동생까지 있어서 
내가 평소에 잘 안입게 되는 옷들이랑 불편한옷들, 안어울리는 옷들,
작아진 옷들등등 옷이 너무 많아서 최대한 옷을 정리합니다.

본인 상의 하의 싸이즈
(예시 -상의44.55.66 하의 24. 25.26.27등등)
좋아하는 스타일과 싫어하는 스타일
그리고 나잇대와 신발싸이즈 알려주시면 옷고르는데 참고 사항이 될 듯합니다.^^
전체적으로 정리를 위한 것이라
한가지 스타일만 원하시거나 한계절옷만 원하시는 것도 어렵습니다.

위에 싸이즈와 참고할 만한 사항들을 잘 적어주시면 
옷 정리하는데 참고할 수 있으니 상세하게 잘 적어서 문자나 쳇부탁드려요
100프로 만족시켜드리지 못하오니 
예민하신분이나 까다로우신분은 신중거래부탁드려요.

대신 한두벌에 만원 이만원 NO~NO~
기본 10이상이 기본~
사과박스만한 곳에 가득가득 넣어드리는 가격이 택배포함

기본이 25.000원(배송비포함)부터 100.000가능하시고

25.000ㅡ10벌이상
30000ㅡ15벌이상
40.000ㅡ20벌이상
50.000ㅡ25벌이상
60.000ㅡ30벌이상
70.000ㅡ35벌이상
80.000ㅡ40벌이상
90.000ㅡ45벌이상
100.000ㅡ50벌이상
5천원씩도(2벌정도)추가 가능하세요

딱 한계절만 정해서 보내드릴수는 없고요. 
어느정도 계절반영해서
기본 44~77까지 가능 다양하게 봄.여름.가을.겨울옷으로 챙겨드려요
옷 많이 없으신 여성분들 옷장만 하기 좋은 기회입니다.

예민x
반품 교환 환불 x
010-2421-1공공6으로 연락주세요. 




🚨회원님의 거래 게시글을 노린 중고나라 운영진 사칭 피싱 사이트를 주의하세요🚨",25000,2025.09.09,16,0,0
219123936,중고나라,이사 정리,소니 28-70 F2 70-200GM2 삼양 14-24 팝니다.,"📢 제목에 ""제조사/브랜드 명""과 “상품명(ex. 200D II 카메라)”을 넣어 작성하면, 보다 빠른 판매가 가능합니다! 
📢 게시글 작성 시 배송 방법에 “직거래”와 “내 위치” 설정할 경우, 보다 빠른 판매가 가능합니다! 





1. 소니 28-70 F2


박스풀 + BW 필터포함


서비스 기한 2026-03-18 까지입니다


사진에 보듯이 줌링쪽에 살짝 눌린 자국있습니다 참고바랍니다.

345만원


2.소니 70-200 GM2

박스풀 + BW필터 + 레오포토 플레이트 포함( 기존꺼도 있습니다)

서비스기한 2025-06-28 에 종료되었습니다

245만원




3. 삼양 14-24

박스풀 + BW필터 포함입니다

올해 4월24일에 네이버 스토어에서 구매했습니다.

등록은 따로 하지않았습니다.

105만원




대전 동구 가오동 / 산내동 직거래 또는 반품없는 택배거래합니다.

택배비는 지원합니다.

010-3404-육육칠이




🚨회원님의 거래 게시글을 노린 중고나라 운영진 사칭 피싱 사이트를 주의하세요🚨",3450000,2025.09.09,142,1,2
219115695,중고나라,이사 정리,"이사 정리 합니다. 새 제품 쿨 케어 스탠드 써큘레이터 선풍기 택포함 29,000원.","8 
 
 
 
 
📢 제목에 ""제조사/ 브랜드 명""과 ""상품명(ex. 3000시리즈 전동 면도기)”을 넣어 작성하면, 보다 빠른 판매가 가능합니다! 
📢 게시글 작성 시 배송 방법에 “직거래”와 “내 위치” 설정할 경우, 보다 빠른 판매가 가능합니다! 
새 제품 상품 확인후 실사 사진만 찍고 바로 판매 합니다.
퀸나 쿨 케어 스탠드 써큘레이터 선풍기 입니다. 간단하게 다이얼 돌리는 방식으로
사용 하기에 편하고 괜찮은거 같아요. 보시고 문자 바랍니다.
설명서 보시고 간단하게 조립 하시면 됩니다. 

24시간 아무때나 010 7673 5731로 문자 주세요. 입금 확인후 송장번호 문자로 보내 드려요.
쿨 거래 합니다. ^^








🚨회원님의 거래 게시글을 노린 중고나라 운영진 사칭 피싱 사이트를 주의하세요🚨",29000,2025.09.09,12,0,0
206861278,중고나라,이사 정리,라디오마스터 복서 ELRS FCC 컨트롤러 M2,"라디오마스터 복서 ELRS FCC 컨트롤러 M2 
(컨트롤러에 동봉된 전지는 AA형배터리로 작동되게 하는
소켓만 동봉 되어 있습니다.)

그래서 고용량
라디오마스터 6200밀리암페어 리포배터리2개 추가 구매 했습니다.

나즈굴 조힙해서 몇번 비행하였습니다.
완전 새제품 같지는 않지만
사용감이 적습니다.

뒷면 스크레치 정도 있습니다.

반품.환불 불가!!!",305000,2025.09.09,316,0,3
217332073,중고나라,이사 정리,엔디야그 레이저(K3),,1004000,2025.09.09,173,3,2
115325204,중고나라,이사 정리,McGINN 매긴스커트 사이즈 38(27-28사이즈),"스커트 판매 합니다. 실착용 2회로 4년전 21만원에 매장에서 구매하였고, 하객룩으로 적합, 제격입니다.",25000,2025.09.09,82,0,0
127691764,중고나라,이사 정리,제이에스티나 토드백,"h16swh04-c15tan (제품명 공유드려요)
제이에스티나 토드백 입니다. IRIS UNO MD 토드백이구요. 사피아노 소가죽 입니다.
사용은 찐 5회 이하라서 완전 새제품 입니다 ㅎㅎ 다만 구입 후 3년이 흘렀고 중고는 중고니 정가보다 약 70퍼 저렴하게 내놓습니다.
관심있으신 분 연락주세요~~",55000,2025.09.09,94,1,0
127692141,중고나라,이사 정리,kate spade 토트배,"구매시기: 2021년 3월 중
착용횟수: 진짜 단 1회..
사용 흔적 전혀 없이 새거

케이트 스페이드 가방 판매합니다. 뉴욕 출장시 구매한 제품이며 실사용 1회로 사용을 안해서 싸게 처분드립니다.",39000,2025.09.09,58,0,0
218883297,중고나라,이사 정리,애플워치8 45 mm gps 모델 팝니다.,,183000,2025.09.08,123,3,4
219073975,중고나라,이사 정리,zipp404 리어 허브,,100000,2025.09.08,142,0,1
219047098,중고나라,이사 정리,아이폰 12프로,"중고 구매후 사용하려했는데 역시나 적응이 안돼서 팔아요
배터리 81% 256G
화면 뒷면 깔끔해요
사진상태 보시고 연락주세요",340000,2025.09.08,62,0,1
219044665,중고나라,이사 정리,이사준비로 옷장정리합니다/박스가득 넣어드려요/옷 없으신분들 옷장만 하세요/-무료배송,"📢 제목에 ""제조사/ 브랜드 명""과 “상품명”을 넣어 작성하면, 보다 빠른 판매가 가능합니다! 
📢 게시글 작성 시 배송 방법에 “직거래”와 “내 위치” 설정할 경우, 보다 빠른 판매가 가능합니다! 



안녕하세요.^^

결혼 전 아마추어 출사모델을 취미 삶아 해서 옷이 많아요.
큰언니.작은언니.동생까지 있어서 
내가 평소에 잘 안입게 되는 옷들이랑 불편한옷들, 안어울리는 옷들,
작아진 옷들등등 옷이 너무 많아서 최대한 옷을 정리합니다.

본인 상의 하의 싸이즈
(예시 -상의44.55.66 하의 24. 25.26.27등등)
좋아하는 스타일과 싫어하는 스타일
그리고 나잇대와 신발싸이즈 알려주시면 옷고르는데 참고 사항이 될 듯합니다.^^
전체적으로 정리를 위한 것이라
한가지 스타일만 원하시거나 한계절옷만 원하시는 것도 어렵습니다.

위에 싸이즈와 참고할 만한 사항들을 잘 적어주시면 
옷 정리하는데 참고할 수 있으니 상세하게 잘 적어서 문자나 쳇부탁드려요
100프로 만족시켜드리지 못하오니 
예민하신분이나 까다로우신분은 신중거래부탁드려요.

대신 한두벌에 만원 이만원 NO~NO~
기본 10이상이 기본~
사과박스만한 곳에 가득가득 넣어드리는 가격이 택배포함

기본이 25.000원(배송비포함)부터 100.000가능하시고

25.000ㅡ10벌이상
30000ㅡ15벌이상
40.000ㅡ20벌이상
50.000ㅡ25벌이상
60.000ㅡ30벌이상
70.000ㅡ35벌이상
80.000ㅡ40벌이상
90.000ㅡ45벌이상
100.000ㅡ50벌이상
5천원씩도(2벌정도)추가 가능하세요

딱 한계절만 정해서 보내드릴수는 없고요. 
어느정도 계절반영해서
기본 44~77까지 가능 다양하게 봄.여름.가을.겨울옷으로 챙겨드려요
옷 많이 없으신 여성분들 옷장만 하기 좋은 기회입니다.

예민x
반품 교환 환불 x
010-2421-1공공6으로 연락주세요. 





🚨회원님의 거래 게시글을 노린 중고나라 운영진 사칭 피싱 사이트를 주의하세요🚨",25000,2025.09.08,28,0,0
219021356,중고나라,이사 정리,판매/대차 합니다,"첼로 케인 D6 에다가 울테그라 크랭크 교체, 일체형 카본 핸들바 교체, 카본 휠셋 교체한 제품 입니다
눈오는날 잘못타서 휠셋에 사진보다 기스 더욱 있습니다
무선 구동계 대차 환영합니다.
세종 거주하고 멀지 않으면 제가 자전거 끌고 이동가능해요",1500000,2025.09.07,204,0,8
219009314,중고나라,이사 정리,성경책,"사용감 좀 있음
직거래 ○
택배 ×",20000,2025.09.07,227,6,2
218982538,중고나라,이사 정리,소니 28-70 F2 70-200GM2 삼양 14-24 팝니다.,,3480000,2025.09.07,55,0,0
218958434,중고나라,이사 정리,베어브릭 액자 골드 레고액자 인테리어액자 팝니다,"구입후 1년된 해외직구 베어브릭 레고액자 입니다..
실제 레고가 액자안에 박혀 있습니다. 그림아닙니다..
집에서 사용후 매장에서 잠시 3개월 세워두고 폐업상 같이 팔아봅니다.
꽤 무거워요 승용차에 실리지 않습니다.
대형RV나 2열의자 폴딩후 실릴것 같습니다.
직접 가져가시는 조건입니다.
카페나 개인 가정의 현관 인테리어소품 등으로 뛰어납니다..
관심있으신분 선착순 급매합니다..!!
구매시가격 467,000원 -> 중고판매가격 299,000원

거래장소 세종시
연락처 공일공-4513-2849 / 전화문의주세요
제품은 언제나 저의 중나 카페 판매이력이 보증합니다^^",299000,2025.09.06,91,0,2
218466491,중고나라,이사 정리,게이밍 컴퓨터 팝니다,,250000,2025.09.06,100,0,0
218438252,중고나라,이사 정리,게이밍 컴퓨터 키보드 마우스 장비 풀셋,"게이밍 컴퓨터 풀셋
램16기가 저장공간 256기가 
CPU amd 라이센스 3200g
쿨러 amd기본쿨러
램 Ddr4 16gb
VGA amdradeon vr ga8
SSD 256GB 
파워 TAGER 에너지옵스 저격 230W
 입니다 
타뮤즈 게이밍키보드 
하데스 게이밍 마우스 
LG모니터 

배그 옵치 잘돌아갑니다",310000,2025.09.06,68,0,1
218833793,중고나라,이사 정리,아이폰 14프로 256 자급제 판매합니다.,,630000,2025.09.06,73,1,1
218451151,중고나라,이사 정리,ps5 콜오브듀티블랙옵스6 코드 급처,,15000,2025.09.06,85,0,2
218898679,중고나라,이사 정리,[PS3] 죠죠 아오헤 아이즈오브헤븐 일판,"♡케이스 찍힘 긁힘, CD 기스 등등 흔적 있습니다.
♡조작 설명집 등 구성품은 없습니다 잃어버렸어욥...
♡일반 택배 3,600원 | 반값 택배(GS, CU. GS가 더 빨라요!) 1,900원",30000,2025.09.05,104,3,0
218898549,중고나라,이사 정리,[PS3] 죠죠 올스배 올스타 배틀 올스타배틀 일판,"♡케이스 자국, CD 기스 등 생활 흔적 있습니다.
♡조작 설명집 등 구성품은 없습니다 ㅠㅠ 사라졌어요.
♡일반택배 3,600원 | 반값택배(GS, CU GS가 더 빨라용) 1,700원
♡혹시 필요하시면 철권 타이틀도 드립니닷... 구매시 달라고 요청해주세요!

세종시내 직거래 가능",7000,2025.09.05,94,0,1
218109770,중고나라,이사 정리,커넥티드 카브에픽 10km 주행 신차급,"📢 제목에 ""제조사/ 브랜드 명""과 ""상품명”를 넣어 작성하면, 보다 빠른 판매가 가능합니다! 
📢 게시글 작성 시 배송 방법에 “직거래”와 “내 위치” 설정할 경우, 보다 빠른 판매가 가능합니다! 








🚨회원님의 거래 게시글을 노린 중고나라 운영진 사칭 피싱 사이트를 주의하세요🚨






대전에 취급하는 매장이 없어서 대구가서 직접 사온 

커넥티드 사의 카브에픽입니다. 

사놓고 몇 번 안 타고 그냥 두기만해서 처분합니다.

11키로 주행했다고 뜨네요..

거의 새거라고 보시면 됩니다. 

앞에 프론트렉 까지 해서 거진 190정도? 주고 샀던 것 같습니다.

속도는 35km까지 주행되는 스피드 버전입니다.",1400000,2025.09.05,403,2,1
216020273,중고나라,이사 정리,SMP 가오가이거 여러가지 판매합니다.,"안녕하세요.

SMP 가이가이거 여러종류 일괄 판매합니다.

상태는 모두 미개봉 신품입니다.

1. 가오가이거 - 가오가이거

2. 가오가이거2 - 골디마그 & 스텔스가오

3. 가오가이거3 - 초룡신

4. 가오가이거5 - 볼포그 & 마이크사운더스

5. 빅볼포그

6. 격룡신

일괄로 택배비 별도 30만원에 판매합니다.

세종 조치원에서 직거래도 가능합니다

구매 희망하시면 01041351037 문자 또는 채팅 부탁드립니다.

감사합니다.",300000,2025.09.05,259,1,1
218871431,중고나라,이사 정리,소니 28-70 F2 70-200GM2 삼양 14-24 팝니다.,"📢 제목에 ""제조사/브랜드 명""과 “상품명(ex. 200D II 카메라)”을 넣어 작성하면, 보다 빠른 판매가 가능합니다! 
📢 게시글 작성 시 배송 방법에 “직거래”와 “내 위치” 설정할 경우, 보다 빠른 판매가 가능합니다! 





1. 소니 28-70 F2


박스풀 + BW 필터포함


서비스 기한 2026-03-18 까지입니다


사진에 보듯이 줌링쪽에 살짝 눌린 자국있습니다 참고바랍니다.

350만원


2.소니 70-200 GM2

박스풀 + BW필터 + 레오포토 플레이트 포함( 기존꺼도 있습니다)

서비스기한 2025-06-28 에 종료되었습니다

250만원




3. 삼양 14-24

박스풀 + BW필터 포함입니다

올해 4월24일에 네이버 스토어에서 구매했습니다.

등록은 따로 하지않았습니다.

110만원




대전 동구 가오동 / 산내동 직거래 또는 반품없는 택배거래합니다.

택배비는 지원합니다.

010-3404-육육칠이




🚨회원님의 거래 게시글을 노린 중고나라 운영진 사칭 피싱 사이트를 주의하세요🚨",3500000,2025.09.05,51,0,0
218869427,중고나라,이사 정리,"엘지,삼성 모니터 이사저가정리","📢 제목에 ""제조사/ 브랜드 명""과 ""상품명”를 넣어 작성하면, 보다 빠른 판매가 가능합니다! 
📢 게시글 작성 시 배송 방법에 “직거래”와 “내 위치” 설정할 경우, 보다 빠른 판매가 가능합니다! 








🚨회원님의 거래 게시글을 노린 중고나라 운영진 사칭 피싱 사이트를 주의하세요🚨 

엘지42인치티비----10만원



그린27인치---4만5천원
아치바 27인치---4만5천원

모뉴앨 26인치 티비모니터 돌비사운드---7만원
엘지42인치티비---10만원
안심번호주세요
갤럭시탭4----8만원
삼성 23인치모니터---4만원


삼성20인치 led hdmi---4만원

엘지 티비모니터---2만5천원
엘지 19인치모니터---2만5천원
프리즘 27인치모니터---9만원
first 22인치 led 모니터---4만원

삼보드림뷰24인치모니터---3만원
엘지 23인치모니터---4만원
각착불 안심번호주세요




1,미사용신품 슈나이더 전동드릴과 체인톱세트---3만원
2,스트로만 리모콘서큐레이터(신품)---3만5천원
3,티비,모니터거치대 미사용품 ---3만원
4. 미사용 에어매트 --------4만원",10000,2025.09.05,24,0,0
210081119,중고나라,이사 정리,프뢰벨 한글 프로그램 한글떼기 택포 이사정리,"프뢰벨 한글 프로그램
책29권 (전권)
디비디9개 cd1개
글자버스 포함
상태좋음
무료배송",33000,2025.09.05,63,1,0
218831412,중고나라,이사 정리,소니 28-70 F2 70-200GM2 삼양 14-24 팝니다.,"📢 제목에 ""제조사/브랜드 명""과 “상품명(ex. 200D II 카메라)”을 넣어 작성하면, 보다 빠른 판매가 가능합니다! 
📢 게시글 작성 시 배송 방법에 “직거래”와 “내 위치” 설정할 경우, 보다 빠른 판매가 가능합니다! 





1. 소니 28-70 F2


박스풀 + BW 필터포함


서비스 기한 2026-03-18 까지입니다


사진에 보듯이 줌링쪽에 살짝 눌린 자국있습니다 참고바랍니다.

355만원


2.소니 70-200 GM2

박스풀 + BW필터 + 레오포토 플레이트 포함( 기존꺼도 있습니다)

서비스기한 2025-06-28 에 종료되었습니다

255만원




3. 삼양 14-24

박스풀 + BW필터 포함입니다

올해 4월24일에 네이버 스토어에서 구매했습니다.

등록은 따로 하지않았습니다.

115만원




대전 동구 가오동 / 산내동 직거래 또는 반품없는 택배거래합니다.

택배비는 지원합니다.

010-3404-육육칠이




🚨회원님의 거래 게시글을 노린 중고나라 운영진 사칭 피싱 사이트를 주의하세요🚨",3550000,2025.09.04,28,0,0
217955180,중고나라,이사 정리,쏠라티 20인치 금호타이어 및 20인치 휠 4개 1대분,"📢 제목에 ""제조사/ 브랜드 명""과 ""차종(ex. 아반떼 CN7)”를 넣어 작성하면, 보다 빠른 판매가 가능합니다! 
📢 게시글 작성 시 배송 방법에 “직거래”와 “내 위치” 설정할 경우, 보다 빠른 판매가 가능합니다! 
쏠라티 20인치
금호타이어 245/45R20 12PR 및 20인치 순정휠
사용감 있으며 전문가한테 맡겨 놓았으니 사진 요청시 사진 잔송 가능 및 직접 오셔서 확인흐 구매 가능 (지역 대전)
판매이유 : 16인치 휠 타이어로 교체하여 판매합니다.
2대분 있으나 한대분 먼저 판매합니다. 
판매가 개당 300,000원 휠 타이어 1세트
1세트 4개 한대분 1,250,000원 (네고 가능)
택배가능 (착불) 현장으로 오시면 징착 가능합니다.
넘버원타이어 (티스테이션 남대전IC점) 보관중

현재 휠타이어 3개 판매완료
1개 남았습니다 (20인치 휠+타이어) 300,000원








🚨회원님의 거래 게시글을 노린 중고나라 운영진 사칭 피싱 사이트를 주의하세요🚨",300000,2025.09.04,110,1,0
218821598,중고나라,이사 정리,지갑을 찾습니다 도와주세요 ㅜ,"9월 2일 저녁에 대전광역시 동구 낭월동에서 해당 지갑을 분실하였습니다.

지갑은 돌아가신 할머니께서 사주셨던 마지막 선물입니다.
해당 지갑 안에 해외 지폐 한장과 여러 카드, 사진, 명함, 민증 등 잃어버리면 안되는 것들이 너무나 많습니다

해당 지갑을 습득하시거나 다른 곳에서 찾으시는 분들께서 연락해주신다면 사례금은 넉넉히 드리겠습니다

꼭 찾아야하는 물건입니다 ㅜ 도움 부탁드리겠습니다 ㅜㅜ",1000000,2025.09.04,62,0,0
218809774,중고나라,이사 정리,인스타360에이스프로2 기본번들+@ 3분사용 새거,"인스타360 에이스 프로2 듀얼베터리번들이구요.
샌디스크 익스트림 프로 256기가, 울란지 고퀵2 1.4m, 알리발 스냅샵킷 같이드립니다.

액션캠,sd카드 모두 방금 개봉해서 3분 사용했습니다.
영상 잘 안찍는거 생각안하고 충동구매해버렸습니다...

저렴하게 급처해봅니다.

☆급처여서 계좌이체로 거래합니다.☆
안심결재 입금기다리는거 안 좋아해서요.

☆직거래도 당연히 가능 가장 선호하긴 합니다.☆

☆편하게연락주세요☆",500000,2025.09.04,109,3,1
218806280,중고나라,이사 정리,"티비,모니터 이사저가정리","📢 제목에 ""제조사/ 브랜드 명""과 ""상품명”를 넣어 작성하면, 보다 빠른 판매가 가능합니다! 
📢 게시글 작성 시 배송 방법에 “직거래”와 “내 위치” 설정할 경우, 보다 빠른 판매가 가능합니다! 








🚨회원님의 거래 게시글을 노린 중고나라 운영진 사칭 피싱 사이트를 주의하세요🚨 
엘지42인치티비----10만원



그린27인치---4만5천원
아치바 27인치---4만5천원

모뉴앨 26인치 티비모니터 돌비사운드---7만원
엘지42인치티비---10만원
안심번호주세요
갤럭시탭4----8만원
삼성 23인치모니터---4만원


삼성20인치 led hdmi---4만원

엘지 티비모니터---2만5천원
엘지 19인치모니터---2만5천원
프리즘 27인치모니터---9만원
first 22인치 led 모니터---4만원

삼보드림뷰24인치모니터---3만원
엘지 23인치모니터---4만원
각착불 안심번호주세요




1,미사용신품 슈나이더 전동드릴과 체인톱세트---3만원
2,스트로만 리모콘서큐레이터(신품)---3만5천원
3,티비,모니터거치대 미사용품 ---3만원
4. 미사용 에어매트 --------4만원",10000,2025.09.04,17,0,0
218806161,중고나라,이사 정리,"앰프,턴테이블, 구형카세트 이사정리","📢 제목에 ""제조사/ 브랜드 명""과 ""상품명(ex. 3000시리즈 전동 면도기)”을 넣어 작성하면, 보다 빠른 판매가 가능합니다! 
📢 게시글 작성 시 배송 방법에 “직거래”와 “내 위치” 설정할 경우, 보다 빠른 판매가 가능합니다! 








🚨회원님의 거래 게시글을 노린 중고나라 운영진 사칭 피싱 사이트를 주의하세요🚨

알펙스테크닉스턴테이블 ------20만원
삼성턴테이블 ----15만원
안심번호주세요
1, 소니 시디 라디오---10만원
2, 삼성 오토리버스 카세트 라디오 (흰색,검은색)---7만원
3,엘지 오토리버스 카세트라디오(노란색)---7만원
4, 아하 카세트라디오----3만원
5,소니 빈티지라디오----십이만원
6,갤럭시 탭4----8만원
1, 오렌지색 P마운트타입 오됴테크니카트리지와바늘-----십2만원
2, 테크닉스 P 마운트타입카트리지와바늘----십2만원
3, 다이아몬드 니들 H형타입 --8만원
4, 테크닉스 P마운트타입 바늘---5만원
5,데논 DL-8A 정품카트리지와 정품바늘--15만원



소니하이파이 죠그셔틀비디오---7만원
미쯔비시하이파이비디오--5만원
일본산수이 인티앰프 
au-707i 130와트----90만원----외산스피커나
타기기교환가능




안심번호주세요",10000,2025.09.04,26,0,0
218800314,중고나라,이사 정리,한성 쇼케이스형 꽃냉장고,한성꽃냉장고 . 1 년 사용했습니다,2000000,2025.09.04,170,3,3
218774291,중고나라,이사 정리,한우정액판매(KPN1574),"📢 제목에 ""제조사/ 브랜드 명""과 ""기계명(ex. 전동 드라이버)”을 넣어 작성하면, 보다 빠른 판매가 가능합니다! 
📢 게시글 작성 시 배송 방법에 “직거래”와 “내 위치” 설정할 경우, 보다 빠른 판매가 가능합니다! 








🚨회원님의 거래 게시글을 노린 중고나라 운영진 사칭 피싱 사이트를 주의하세요🚨",20000,2025.09.03,392,5,0
218768526,중고나라,이사 정리,"빈티지,앰프 턴테이블, 카세트기기이사정리해요","📢 제목에 ""제조사/ 브랜드 명""과 ""상품명(ex. 3000시리즈 전동 면도기)”을 넣어 작성하면, 보다 빠른 판매가 가능합니다! 
📢 게시글 작성 시 배송 방법에 “직거래”와 “내 위치” 설정할 경우, 보다 빠른 판매가 가능합니다! 








🚨회원님의 거래 게시글을 노린 중고나라 운영진 사칭 피싱 사이트를 주의하세요🚨
알펙스테크닉스턴테이블 ------20만원
삼성턴테이블 ----15만원
안심번호주세요
1, 소니 시디 라디오---10만원
2, 삼성 오토리버스 카세트 라디오 (흰색,검은색)---7만원
3,엘지 오토리버스 카세트라디오(노란색)---7만원
4, 아하 카세트라디오----3만원
5,소니 빈티지라디오----십이만원
6,갤럭시 탭4----8만원
1, 오렌지색 P마운트타입 오됴테크니카트리지와바늘-----십2만원
2, 테크닉스 P 마운트타입카트리지와바늘----십2만원
3, 다이아몬드 니들 H형타입 --8만원
4, 테크닉스 P마운트타입 바늘---5만원
5,데논 DL-8A 정품카트리지와 정품바늘--15만원



소니하이파이 죠그셔틀비디오---7만원
미쯔비시하이파이비디오--5만원
일본산수이 인티앰프 
au-707i 130와트----90만원----외산스피커나
타기기교환가능




안심번호주세요",10000,2025.09.03,29,1,0
217462750,중고나라,이사 정리,줌보메로5 265 쿨그레이,"나이키 보메로5 쿨그레이 회색 운동화입니다.
실착 아예 안 한 제품이에요.
신세계백화점 구매
박스도 같이 드립니다.
사이즈는 265mm 입니다.",130000,2025.09.03,91,0,0
217281816,중고나라,이사 정리,에코플로우 글래시어 냉장고,"글래시어 냉장고 풀세트 배터리포함
EcoFlow 글래시어 냉장고 판매합니다~-
무선 사용이 가능한 배터리 포함입니다
배터리 구매가격 299,000원-

얼음생성이 가능한 아이스 메이커 기능

바퀴랑 손잡이 결합되어있습니다.
구매가격 149,000원

보관 및 이동에 용이한 가방 포함입니다
구매가격 75,000원

냉장고 + 배터리 + 바퀴손잡이 + 가방

무게 부피로 인해 세종 청주 직거래만
가능합니다 
 
 
 
📢 제목에 ""제조사/ 브랜드 명""과 “상품명(ex. 숄더 핸드백)”을 넣어 작성하면, 보다 빠른 판매가 가능합니다! 
📢 게시글 작성 시 배송 방법에 “직거래”와 “내 위치” 설정할 경우, 보다 빠른 판매가 가능합니다! 








🚨회원님의 거래 게시글을 노린 중고나라 운영진 사칭 피싱 사이트를 주의하세요🚨",1000000,2025.09.03,134,0,0
218721531,중고나라,이사 정리,msi rtx 2070 super 벤투스 oc 팝니다,"※※※※pcb기판이 살짝 휘여있어서 모니터가 처음에 잘 안들어왔다고 한번 반품되어 돌아왔는데 확인해보니 문제없었습니다 ※※※※

오로지 게임용 사무용으로만 사용한 제품입니다

oc가 붙어있는 제품은 non oc보다 조금 성능이 높습니다 오버클러킹의 약자에요

가족 컴퓨터를 4월에 교체하고 중고로 판다는걸 잊어먹고 있었네요

교체할때까지 문제없이 사용했습니다


직거래 가능하구요
배송비 별도 4천원입니다
편의점택배 gs cu 전부 가능합니다 여긴 세븐일레븐만 되네요.. 편의점 픽업은 3천원입니다
환불 불가능한 점 양해해주세요

같은 닉네임으로 번개장터에서도 판매 중입니다
후기, 별점도 좀 있어서믿으실만할 거에요

궁금한거 있으시면 언제든지 톡주세요
감사합니다",210000,2025.09.03,70,0,0
218682099,중고나라,이사 정리,이사정리 ) 샤넬 코코 마드모아젤 헤어퍼퓸,"샤넬 코코 마드모아젤 헤어 퍼퓸 새 상품입니다!

용량: 35ml
새상품 팔아요
머리 정수리냄새
고깃집에서 고기먹고 나와서 칙 뿌리면
고기냄새도 향기롭게 해주는 만능 샤넬 헤어퍼퓸!

집에 하나 더 있어서 팔아요ㅠㅠ",63000,2025.09.02,21,0,0
218676839,중고나라,이사 정리,레노버 idea tap pro 12.7 matt 128,"레노버 idea tap pro 12.7 matt 128gb wifi
정발제품입니다
6월 16일 구매한 제품이라 무상 as 기간 넉넉합니다
상태는 찍힘없이 깨끗합니다
박스는 없습니다
태블릿,펜슬,충전기,충전케이블 구성입니다
대전 동구 낭월동 직거래 가능합니다
택배는 착불 거래 가능합니다
네고 문의는 정중하게 거절합니다",200000,2025.09.02,24,0,1
218676169,중고나라,이사 정리,레노버 게이밍 노트북 y540 17인치,"잘쓰다가 노트북 바꾸게 돼서 판매합니다.
17인치
i7 9750h
1660ti gddr6 6gb
-> 데탑 1060 6gb 보다 조금 더 높음
16gb (8gb × 2)
ssd 512gb pm981
19년도 구매

써멀 재도포 및 내부청소 초기화 되있습니다.

거래장소 춘천도 가능합니다

액정 23년도에 세로로 두줄가서 신품으로 교체했고 배터리도 23년도에 교체하고 그 뒤로 충방전 자주 안해서 수명 남아 있습니다.
액정 교체전꺼 남아있는데 깨질때 대비해서 원하시면 드리겠습니다. 키보드 부품도 따로 있어서 이것도 원하시면 드리겠습니다.",500000,2025.09.02,64,0,0
218665169,중고나라,이사 정리,사운드 블라스터 G6,"사블 g6 2023년 11월에 사서 2-3일 정도 쓰고는 안썼습니다

직거래 문경이면 가능해요",105000,2025.09.02,39,0,2
218660877,중고나라,이사 정리,다산에듀 소방설비기계기사 필기,택배비 별도(반품불가),20000,2025.09.02,76,0,0
218325637,중고나라,이사 정리,엡손 EH-TW750 빔프로젝터,"엡손 EH-TW750 빔프로젝터입니다~
기본사양
프로젝터 방식 : 3LCD
용도 : 프로젝터
스크린해상도 : Full-HD(1920x1080)
밝기(안시루멘) : 3,400안시루멘
화면크기 : 300인치
화면비율 : 16:9
100인치 투사거리 : 3.3m
명암비 : 16,000:1
램프수명 : 12,000시간
광원 : 램프
스크린보정기능 키스톤 : ↕↔키스톤(자동)
외부연결 : HDMI, RGB(D-SUB), USB, 컴포지트, WiFi, USB-B
네트워크 : 미라캐스트, 무선랜
부가기능 : 내장스피커, 키스톤보정, 셔터글라스, 시네마모드, 퀵코너보정, 자동PowerOn, 밝기조절, 에코모드
투사방식 : 수평투사

무게 2.8kg
소음 37dB
소비전력 327W
색상 화이트
구성품 리모컨포함

상태는 사진과 같습니다! 집에서 천정거치만 했던거라 깨끗합니다",300000,2025.09.02,105,0,0
214199217,중고나라,이사 정리,[편입영어책 판매합니다] 기출/단어/상위권/김신근/김영,"편입영어 문제집 판매합니다 [[택 미포가격, 에눌 X]]


* 기출문제집- 2020, 2024
*상위권플러스 김영편입- 1~4, final
*김영편입 김신근 참고자료- 프로파일러 인서울 1급 문제집 , 프로파일러 상위권 1급 전문과정 

<기출>
• 2020 - 1개 학교만 풀려있음 
 30000

<김신근 강의 교재>

• 프로파일러 인서울 1급 - 새제품 (스프링 제본만함)/
 권당 11000원 

• 프로파일러 상위권 1급 전문과정- 새제품 (스프링 제본만함)/ 
권당 11000원 


<상위권 플러스> 

• 1~4, final- 제본품(새제품) / 권당 11000원",10000,2025.09.02,368,6,17
218631065,중고나라,이사 정리,어린이용 투명 뿔테안경테,"대전 일공공일에서 샀었던 어린이용 투명 뿔테안경테 팝니다.
직거래 환영합니다
택배거래시 3000원 배송비 발생합니다.
도서산간지역은 5000원입니다.
쿨거래 원해요",20000,2025.09.01,28,0,0
218630615,중고나라,이사 정리,엔클레어 커트코베인 프레임 선글라스 + 케이스 세트,"쿠팡에서 구매하여 미사용했습니다.
케이스 안경닦이 동봉되어있구요. 
렌즈변색 없고 파손된 부분은 없습니다.
직거래 환영합니다. 택배거래시 배송비 3천원이구요
도서산간지역은 5000원입니다.
쿨거래시 내고가능합니다.",12900,2025.09.01,30,0,0
218623200,중고나라,이사 정리,"기출 25,22,21","25,22,21 기출 예약창입니다",93000,2025.09.01,21,0,1
218603339,중고나라,이사 정리,아마추어모델언니의 옷정리합니다./박스가득 넣어드려요./옷 없으신분들 옷장만 하세요. 이사준비로 옷장정리합니다.-무...,"📢 제목에 ""제조사/ 브랜드 명""과 “상품명”을 넣어 작성하면, 보다 빠른 판매가 가능합니다! 
📢 게시글 작성 시 배송 방법에 “직거래”와 “내 위치” 설정할 경우, 보다 빠른 판매가 가능합니다! 




안녕하세요.^^

결혼 전 아마추어 출사모델을 취미 삶아 해서 옷이 많아요.
큰언니.작은언니.동생까지 있어서 
내가 평소에 잘 안입게 되는 옷들이랑 불편한옷들, 안어울리는 옷들,
작아진 옷들등등 옷이 너무 많아서 최대한 옷을 정리합니다.

본인 상의 하의 싸이즈
(예시 -상의44.55.66 하의 24. 25.26.27등등)
좋아하는 스타일과 싫어하는 스타일
그리고 나잇대와 신발싸이즈 알려주시면 옷고르는데 참고 사항이 될 듯합니다.^^
전체적으로 정리를 위한 것이라
한가지 스타일만 원하시거나 한계절옷만 원하시는 것도 어렵습니다.

위에 싸이즈와 참고할 만한 사항들을 잘 적어주시면 
옷 정리하는데 참고할 수 있으니 상세하게 잘 적어서 문자나 쳇부탁드려요
100프로 만족시켜드리지 못하오니 
예민하신분이나 까다로우신분은 신중거래부탁드려요.

대신 한두벌에 만원 이만원 NO~NO~
기본 10이상이 기본~
사과박스만한 곳에 가득가득 넣어드리는 가격이 택배포함

기본이 25.000원(배송비포함)부터 100.000가능하시고

25.000ㅡ10벌이상
30000ㅡ15벌이상
40.000ㅡ20벌이상
50.000ㅡ25벌이상
60.000ㅡ30벌이상
70.000ㅡ35벌이상
80.000ㅡ40벌이상
90.000ㅡ45벌이상
100.000ㅡ50벌이상
5천원씩도(2벌정도)추가 가능하세요

딱 한계절만 정해서 보내드릴수는 없고요. 
어느정도 계절반영해서
기본 44~77까지 가능 다양하게 봄.여름.가을.겨울옷으로 챙겨드려요
옷 많이 없으신 여성분들 옷장만 하기 좋은 기회입니다.

예민x
반품 교환 환불 x
010-2421-1공공6으로 연락주세요. 




🚨회원님의 거래 게시글을 노린 중고나라 운영진 사칭 피싱 사이트를 주의하세요🚨",25000,2025.09.01,27,0,0
218476542,중고나라,이사 정리,"홈쎄라 2.0,4.5","현재 공홈 세일 정가는 1,790,000원입니다

2.0+4.5 카트리지 각각 4만 8천이상 1주일에 300샷 사용시 3~5년 사용가능합니다.

구성품은 기기본체,2.0카트리지,4.5카트리지,충전거치대,충전선,젤1개,사용설명서

거의 새상품입니다.",900000,2025.09.01,59,0,1
218432055,중고나라,이사 정리,겔럭시탭s10플러스 wifi 256 팝니다(키보드포함),"겔럭시탭s10플러스 wifi 256 팝니다(키보드포함)팝니다.
색상 :문스톤그레이
키보드:삼성정품 베이지색상
사용을 잘안해서 판매합니다.
상태최상 입니다.",800000,2025.08.29,53,0,2
218419652,중고나라,이사 정리,2024 예거 아스펜7 29인치 12단 데오레 MTB,"📢 제목에 ""제조사/ 브랜드 명""과 ""상품명”를 넣어 작성하면, 보다 빠른 판매가 가능합니다! 
📢 게시글 작성 시 배송 방법에 “직거래”와 “내 위치” 설정할 경우, 보다 빠른 판매가 가능합니다! 
시마노 12단 데오레

유압 디스크 브레이크



1500루멘 광량조절 전조등

속도감지 브레이크 후미등

5자리 자물쇠

탑튜브 자전거 가방

지오이드 gps기반 네비게이션 속도계

자전거 XL사이즈 헬멧

뒷드레일러에 까짐, 안장 가죽 살짝 찢어짐

대전 직거래만 합니다.

오셔서 확인 해보고 구매하세요



네고 안해드림.

문자주세요







🚨회원님의 거래 게시글을 노린 중고나라 운영진 사칭 피싱 사이트를 주의하세요🚨",550000,2025.08.29,21,1,0
215129839,중고나라,이사 정리,울란지 CA25 쿨링팬 ulanzi ca25 카메라,울란지 CA25 쿨링팬 ulanzi ca25 카메라 쿨링팬,27800,2025.08.29,55,1,1
110222206,중고나라,이사 정리,SONY 알파 FE 24-70mm F2.8 GM II,"SONY 알파 FE 24-70mm F2.8 GM II 


거의 새상품",2480000,2025.08.29,489,0,0
218412404,중고나라,이사 정리,깨비농장 피트모스 250L,"올해 입고된 피트모스입니다.
양이 너무 많아 판매합니다.
파레트 단위 구매시 충남, 전북권내 도착시켜드립니다.",30000,2025.08.29,69,1,2
218402958,중고나라,이사 정리,상위권책,상위권책 상품 등록했습니다!,53000,2025.08.28,12,0,1
218379756,중고나라,이사 정리,셀라 베리어스 카혼,"신품기준 25만원 상당 카혼입니다

기타랑 같이 온습도 관리하면서 보관해서 상태 좋습니다

버스킹용으로 샀는데 생각보다 잘 쓰지 않아 판매합니다

서울 경기 충청권 직거래 원합니다",100000,2025.08.28,38,0,1
218373188,중고나라,이사 정리,아마추어모델언니의 옷정리합니다./박스가득 넣어드려요./옷 없으신분들 옷장만 하세요. 이사준비로 옷장정리합니다.-무...,"📢 제목에 ""제조사/ 브랜드 명""과 “상품명”을 넣어 작성하면, 보다 빠른 판매가 가능합니다! 
📢 게시글 작성 시 배송 방법에 “직거래”와 “내 위치” 설정할 경우, 보다 빠른 판매가 가능합니다! 




안녕하세요.^^

결혼 전 아마추어 출사모델을 취미 삶아 해서 옷이 많아요.
큰언니.작은언니.동생까지 있어서 
내가 평소에 잘 안입게 되는 옷들이랑 불편한옷들, 안어울리는 옷들,
작아진 옷들등등 옷이 너무 많아서 최대한 옷을 정리합니다.

본인 상의 하의 싸이즈
(예시 -상의44.55.66 하의 24. 25.26.27등등)
좋아하는 스타일과 싫어하는 스타일
그리고 나잇대와 신발싸이즈 알려주시면 옷고르는데 참고 사항이 될 듯합니다.^^
전체적으로 정리를 위한 것이라
한가지 스타일만 원하시거나 한계절옷만 원하시는 것도 어렵습니다.

위에 싸이즈와 참고할 만한 사항들을 잘 적어주시면 
옷 정리하는데 참고할 수 있으니 상세하게 잘 적어서 문자나 쳇부탁드려요
100프로 만족시켜드리지 못하오니 
예민하신분이나 까다로우신분은 신중거래부탁드려요.

대신 한두벌에 만원 이만원 NO~NO~
기본 10이상이 기본~
사과박스만한 곳에 가득가득 넣어드리는 가격이 택배포함

기본이 25.000원(배송비포함)부터 100.000가능하시고

25.000ㅡ10벌이상
30000ㅡ15벌이상
40.000ㅡ20벌이상
50.000ㅡ25벌이상
60.000ㅡ30벌이상
70.000ㅡ35벌이상
80.000ㅡ40벌이상
90.000ㅡ45벌이상
100.000ㅡ50벌이상
5천원씩도(2벌정도)추가 가능하세요

딱 한계절만 정해서 보내드릴수는 없고요. 
어느정도 계절반영해서
기본 44~77까지 가능 다양하게 봄.여름.가을.겨울옷으로 챙겨드려요
옷 많이 없으신 여성분들 옷장만 하기 좋은 기회입니다.

예민x
반품 교환 환불 x
010-2421-1공공6으로 연락주세요. 




🚨회원님의 거래 게시글을 노린 중고나라 운영진 사칭 피싱 사이트를 주의하세요🚨",25000,2025.08.28,26,0,0
207777698,중고나라,이사 정리,한솔 신기한 한글나라 한글떼기 택포 이사정리,"한솔 신기한 한글나라 
엄마표로 놀이한글 해주기 좋아요.
놀잇감 - 낱말단계,자소동화단계,한글자단계 
 구성품 다 있구요
글자자동차
자소가베
dvd3장 
신기한 한글나라 그림책

신기한 한글라라 그림책까지 연계해서 읽어주면 
엄마랑 한글 뚝딱 떼요.
배송비 무료.",40000,2025.08.28,128,3,0
218364934,중고나라,이사 정리,블루투스 마이크 스피커 노래방,"여러개 있어서 다 팔리면 글 내려요!
아이보리색이구용 
블루투스 스피커 하나에 마이크 2개 세트에용
하나 있어서 쓰고있는데 넘 좋아요 재밋고
미니 노래방이에요
미사용 새상품들입니당!!!

일반택배 +3000
반값택배 +2000
추가 됩니당!",11000,2025.08.28,45,2,0
218348220,중고나라,이사 정리,셀린느 트리옹프 틴 베사체,"※ 

신행가서 프랑스 라파에트 백화점에서 24년 4월24일에 구매했습니다.
실착용3회밖에 안한 새거급입니다.
앞으도 쭉 안쓸거 같아서 팔아요
현재 백화점가480만원입니다

본품, 더스트백, 구매영수증 ,쇼핑백 구성이고
2년 국제보증이라 아직 보증기간 이내입니다.
(참고로 미니사이즈 탑핸들 아니고 더 비싼모델이에요)


카페 상품 게시글은 자동으로 중고나라 앱/사이트에 노출합니다. 노출을 원하지 않으실 경우 고객센터로 문의 바랍니다. 
 
 
 
 
📢 제목에 ""제조사/ 브랜드 명""과 ""상품명”를 넣어 작성하면, 보다 빠른 판매가 가능합니다! 
📢 게시글 작성 시 배송 방법에 “직거래”와 “내 위치” 설정할 경우, 보다 빠른 판매가 가능합니다! 








🚨회원님의 거래 게시글을 노린 중고나라 운영진 사칭 피싱 사이트를 주의하세요🚨",3500000,2025.08.28,45,0,0
218279718,중고나라,이사 정리,엑트모드 기갑신,"엑트모드 기갑신 판매합니다

물건받고 런너 검수차 열어본게 전부입니다

직거래는 대전에서 가능합니다

가격은 택포 가격입니다",125000,2025.08.28,52,0,0
218330788,중고나라,이사 정리,인스타360에이스프로2+샌디스크익스트림프로256,"인스타360 에이스 프로2 듀얼베터리번들이구요.
샌디스크 익스트림 프로 256기가 같이드립니다.

액션캠,sd카드 모두 방금 개봉해서 3분 사용했습니다.
영상 잘 안찍는거 생각안하고 충동구매해버렸습니다...

저렴하게 급처해봅니다.

☆급처여서 계좌이체로 거래합니다.☆
안심결재 입금기다리는거 안 좋아해서요.

☆직거래도 당연히 가능 가장 선호하긴 합니다.☆",450000,2025.08.27,159,3,2
217860939,중고나라,이사 정리,(이사정리) 플랜트란스 테이블 1000,"📢 제목에 ""제조사/ 브랜드 명""과 “상품명(ex. 4단 책장선반)”을 넣어 작성하면, 보다 빠른 판매가 가능합니다! 
📢 게시글 작성 시 배송 방법에 “직거래”와 “내 위치” 설정할 경우, 보다 빠른 판매가 가능합니다! 


윌리 HPL 실버엣지 A타입
배송비포함 557,000원에 비싸게주고 구매했는데 이사정리로 싸게 내놔요!
다리쪽 실기스 외에 상태는 너무 좋습니다!






🚨회원님의 거래 게시글을 노린 중고나라 운영진 사칭 피싱 사이트를 주의하세요🚨",230000,2025.08.27,72,0,1
218311326,중고나라,이사 정리,아마추어모델언니의 옷정리합니다./박스가득 넣어드려요./옷 없으신분들 옷장만 하세요. 이사준비로 옷장정리합니다.-무...,"📢 제목에 ""제조사/ 브랜드 명""과 “상품명”을 넣어 작성하면, 보다 빠른 판매가 가능합니다! 
📢 게시글 작성 시 배송 방법에 “직거래”와 “내 위치” 설정할 경우, 보다 빠른 판매가 가능합니다! 




안녕하세요.^^

결혼 전 아마추어 출사모델을 취미 삶아 해서 옷이 많아요.
큰언니.작은언니.동생까지 있어서 
내가 평소에 잘 안입게 되는 옷들이랑 불편한옷들, 안어울리는 옷들,
작아진 옷들등등 옷이 너무 많아서 최대한 옷을 정리합니다.

본인 상의 하의 싸이즈
(예시 -상의44.55.66 하의 24. 25.26.27등등)
좋아하는 스타일과 싫어하는 스타일
그리고 나잇대와 신발싸이즈 알려주시면 옷고르는데 참고 사항이 될 듯합니다.^^
전체적으로 정리를 위한 것이라
한가지 스타일만 원하시거나 한계절옷만 원하시는 것도 어렵습니다.

위에 싸이즈와 참고할 만한 사항들을 잘 적어주시면 
옷 정리하는데 참고할 수 있으니 상세하게 잘 적어서 문자나 쳇부탁드려요
100프로 만족시켜드리지 못하오니 
예민하신분이나 까다로우신분은 신중거래부탁드려요.

대신 한두벌에 만원 이만원 NO~NO~
기본 10이상이 기본~
사과박스만한 곳에 가득가득 넣어드리는 가격이 택배포함

기본이 25.000원(배송비포함)부터 100.000가능하시고

25.000ㅡ10벌이상
30000ㅡ15벌이상
40.000ㅡ20벌이상
50.000ㅡ25벌이상
60.000ㅡ30벌이상
70.000ㅡ35벌이상
80.000ㅡ40벌이상
90.000ㅡ45벌이상
100.000ㅡ50벌이상
5천원씩도(2벌정도)추가 가능하세요

딱 한계절만 정해서 보내드릴수는 없고요. 
어느정도 계절반영해서
기본 44~77까지 가능 다양하게 봄.여름.가을.겨울옷으로 챙겨드려요
옷 많이 없으신 여성분들 옷장만 하기 좋은 기회입니다.

예민x
반품 교환 환불 x
010-2421-1공공6으로 연락주세요. 




🚨회원님의 거래 게시글을 노린 중고나라 운영진 사칭 피싱 사이트를 주의하세요🚨",25000,2025.08.27,9,0,0
218295490,중고나라,이사 정리,se dm2,"마이크 등에 물려서 사용하는 인라인 프리앰프입니다 sm7b에 물려서 몇 번 사용헸습니다. 거의 케이스 안에 들어 있었고 상태 좋습니다.

서울 경기, 충청권 직거래 원하고 파손면책 동의시 택배거래도 가능합니다",90000,2025.08.27,39,0,1
218293796,중고나라,이사 정리,shure sm7b,"녹음용으로도 방송용으로도 많이 쓰이는 슈어 SM7B 입니다 거의 박스 안에만 있었고 실제 사용은 많지 않았습니다. 

서울 경기, 충청권 직거래 원하고 파손면책 동의시 택배거래 가능합니다",360000,2025.08.27,384,2,6
216424784,중고나라,이사 정리,verish 베리시 쿨핏 브라 오픈숄더_ 베이지 S,"<새제품> verish 베리시 쿨핏 브라 오픈숄더_ 베이지 S 
판매합니다! 
택미포 27000원 입니다:)

잘 안 흘러내려서, 여름에 오픈숄더로 편하게 입기 좋아요!",27000,2025.08.27,74,1,1
218287607,중고나라,이사 정리,TC elctronic M350,"거의 사용 안 한 제품이고 작동 잘 됩니다

서울 경기, 충청권 직거래 원합니다",180000,2025.08.27,42,0,1
218283329,중고나라,이사 정리,셀린느 트리옹프 틴 베사체,"※ 

신행가서 프랑스 라파에트 백화점에서 24년 4월24일에 구매했습니다.
실착용3회밖에 안한 새거급입니다.
앞으도 쭉 안쓸거 같아서 팔아요
현재 백화점가480만원입니다

본품, 더스트백, 구매영수증 ,쇼핑백 구성이고
2년 국제보증이라 아직 보증기간 이내입니다.
(참고로 미니사이즈 탑핸들 아니고 더 비싼모델이에요)




카페 상품 게시글은 자동으로 중고나라 앱/사이트에 노출합니다. 노출을 원하지 않으실 경우 고객센터로 문의 바랍니다. 
 
 
 
 

📢 제목에 ""제조사/ 브랜드 명""과 “상품명”을 넣어 작성하면, 보다 빠른 판매가 가능합니다! 
📢 게시글 작성 시 배송 방법에 “직거래”와 “내 위치” 설정할 경우, 보다 빠른 판매가 가능합니다! 








🚨회원님의 거래 게시글을 노린 중고나라 운영진 사칭 피싱 사이트를 주의하세요🚨",3500000,2025.08.27,11,0,0
218273725,중고나라,이사 정리,세우테크 감열지 영수증 프린터 [새제품],"📢 제목에 ""제조사/ 브랜드 명""과 ""상품명(ex. 맥북 에어 13)”를 넣어 작성하면, 보다 빠른 판매가 가능합니다! 
📢 게시글 작성 시 배송 방법에 “직거래”와 “내 위치” 설정할 경우, 보다 빠른 판매가 가능합니다! 


가격내림

세우테크 SLK-TE202 POS 영수증 프린터 판매합니다.사놓고 개봉만 했던, 새제품입니다.
직거래는 세종, 대전 가능하고, 택배도 가능합니다.




🚨회원님의 거래 게시글을 노린 중고나라 운영진 사칭 피싱 사이트를 주의하세요🚨",70000,2025.08.26,38,1,0
218268270,중고나라,이사 정리,자동차 윈도우스위치,자동차 윈도우스위치 새제품 판매합니다,10000,2025.08.26,43,0,0
218256989,중고나라,이사 정리,이사정리 -ㅇ삼성 스탠드형 에어컨 2in1,"🏠 삼성 AF19R7573PSN 스탠드형 에어컨 2in1 판매
💫 깔끔한 상태의 삼성 에어컨을 저렴하게 가져가세요!
큰 에어컨 AF19R7573PSN 에어컨 2in1
작은에어컨 AR06R5170HEQ
📋 제품 정보
브랜드: 삼성전자 (Samsung)
모델명: AF19R7573PSN
타입: 스탠드형 2in1 (냉방+제습)
용량: 19평형 (7700W)
에너지효율: 4등급 (255.6 kWh/월)

⏰ 사용 이력
구매 시기: 4년 전 구매
실제 사용: 1년 6개월만 사용 ✨
보관 상태: 깨끗한 실내 보관

🌟 제품 상태 및 장점
✅ 외관 상태 매우 양호 - 긁힘이나 찌그러짐 없음
✅ 정상 작동 - 냉방, 제습 기능 완벽
✅ 필터 청소 완료 - 바로 사용 가능
✅ 에너지효율 인증 - 월 전기료 약 56,000원
✅ 모던한 디자인 - 어떤 인테리어에도 잘 어울림
✅ 대용량 - 거실, 사무실 등 넓은 공간 적합

💰 가격 정보
정가: 200만원대
판매가: 50만원 네고 가능 💬
직거래 필수 (직접 가져가셔야 해요!)

📍 거래 조건
🚛 픽업 전용 - 직접 오셔서 가져가셔야 합니다 - 실외기 장난아니게 무거워요 혼자서는 절대 못듬 
📞 연락처: 
💬 가격 협의: 합리적인 선에서 네고 가능
⚡ 즉시 사용 가능 - 별도 설치만 하시면 됩니다
🏷️ 이런 분께 추천!
새 제품 가격 부담스러우신 분
사무실, 학원 등 상업 공간 운영하시는 분
여름철 대비해서 미리 준비하시는 분
19평 내외의 넓은 공간 냉방 필요하신 분
📞 문의 환영!
궁금한 점이나 실물 확인 원하시면
언제든 편하게 연락 주세요! 😊 이사가는 곳에 에어컨이 설치가 되어 있어서 팔아요 





🚨회원님의 거래 게시글을 노린 중고나라 운영진 사칭 피싱 사이트를 주의하세요🚨",500000,2025.08.26,55,0,1
218017157,중고나라,이사 정리,이사정리 파격 가격내림 정가200 벙커침대풀셋트,"직거래 시흥은계지구입니다
정가200 동서가구 분리수면이안돼 위에서 잔적은 한두번입니다
옷장,서랍장,책상,책장, 침대,수납계단 모두포함이며
침대매트리스랑 따로구매한 토퍼(회색)까지 모두 드립니다

이사정리로 가격 60->30만원에 판매해봅니다 빨리가져가실분",300000,2025.08.26,246,2,1
217367332,중고나라,이사 정리,"파워레인져(파워레인저) smp 드래곤조드, 킹브라키온","안녕하세요.

smp 드래곤조드(드래곤시져), 킹브라키온 미개봉 판매합니다.

드래곤조드 : 4만원

킹브라키온 : 11만원

모두 택배비 별도 금액이며, 택배거래 또는 세종 조치원 직거래 가능합니다.

일괄구매 시 택배비 포함 14만원에 판매합니다.

관심 있으신분은 채팅 또는 01041351037 문자연락 부탁드립니다.

감사합니다.",140000,2025.08.26,84,0,1
218243788,중고나라,이사 정리,아이폰16 프로맥스 256 자급제 결제창,안전결제창입니다:),1670000,2025.08.26,18,0,1
217899533,중고나라,이사 정리,[새상품급/백화점판] 프라다 사피아노 카드지갑,"제품명: 프라다 사피아노 트라이앵글 로고 카프스킨 카드지갑
사이즈: os
상태: 새상품급
구성품: 사진 그대로

제품설명: 백화점판 새상품급 제품입니당 ㅎㅎ 좋은상품 좋은가격에 가져가세요!

❗️편하게 연락주세요❗️",245000,2025.08.26,55,1,1
218227253,중고나라,이사 정리,다양한모니터 이사저가정리해요,"📢 제목에 ""제조사/ 브랜드 명""과 ""상품명(ex. 맥북 에어 13)”를 넣어 작성하면, 보다 빠른 판매가 가능합니다! 
📢 게시글 작성 시 배송 방법에 “직거래”와 “내 위치” 설정할 경우, 보다 빠른 판매가 가능합니다! 








🚨회원님의 거래 게시글을 노린 중고나라 운영진 사칭 피싱 사이트를 주의하세요🚨 
엘지42인치티비----10만원



그린27인치---4만5천원
아치바 27인치---4만5천원

모뉴앨 26인치 티비모니터 돌비사운드---7만원
엘지42인치티비---10만원
안심번호주세요
갤럭시탭4----8만원
삼성 23인치모니터---4만원


삼성20인치 led hdmi---4만원

엘지 티비모니터---2만5천원
엘지 19인치모니터---2만5천원
프리즘 27인치모니터---9만원
first 22인치 led 모니터---4만원

삼보드림뷰24인치모니터---3만원
엘지 23인치모니터---4만원
각착불 안심번호주세요




1,미사용신품 슈나이더 전동드릴과 체인톱세트---8만원
2,스트로만 리모콘서큐레이터(신품)---4만원
3,티비,모니터거치대 미사용품 ---3만원
4.미확인 전동드라이브---만5천원",10000,2025.08.26,13,0,0
218206918,중고나라,이사 정리,모니터 이사정리,"📢 제목에 ""제조사/ 브랜드 명""과 ""상품명(ex. 맥북 에어 13)”를 넣어 작성하면, 보다 빠른 판매가 가능합니다! 
📢 게시글 작성 시 배송 방법에 “직거래”와 “내 위치” 설정할 경우, 보다 빠른 판매가 가능합니다! 








🚨회원님의 거래 게시글을 노린 중고나라 운영진 사칭 피싱 사이트를 주의하세요🚨 



그린27인치---4만5천원
아치바 27인치---4만5천원

모뉴앨 26인치 티비모니터 돌비사운드---7만원
엘지42인치티비---10만원
안심번호주세요
갤럭시탭4----8만원
삼성 23인치모니터---4만원


삼성20인치 led hdmi---4만원

엘지 티비모니터---2만5천원
엘지 19인치모니터---2만5천원
프리즘 27인치모니터---9만원
first 22인치 led 모니터---4만원

삼보드림뷰24인치모니터---3만원
엘지 23인치모니터---4만원
각착불 안심번호주세요




1,미사용신품 슈나이더 전동드릴과 체인톱세트---8만원
2,스트로만 리모콘서큐레이터(신품)---4만원
3,티비,모니터거치대 미사용품 ---3만원
4.미확인 전동드라이브---만5천원


존재하지 않는 이미지입니다.
존재하지 않는 이미지입니다.
존재하지 않는 이미지입니다.


신일냉풍기----7만원

신일선풍기---5만원

빈티지신일선풍기---9만원

미사용전동드릴,톱셋트--8만원





안심번호주세요





일본산수이 인티앰프 
au-707i 130와트----90만원----외산스피커와교환가능

삼성시디카세트--10만원

흰색아하미니카세트--3만원
노랑색 엘지카세트--5만원
소니라디오---12만원
테크닉스5시디피---25만
삼성턴테이블---십5만원
아이와북셀프스피커 그릴망무---8만원
파오니아엘디피기기--50만원

쿼즈와일전자피아노 마크10----오됴기기랑교환합니다
냉풍기--7만원
엘지42인치티비---십만원
빈티지금성티비---2십만원
선풍기히터--2만5천원",5000,2025.08.25,38,0,0
214165235,중고나라,이사 정리,현금생활 하리님의 먼지저축24,"현금생활 하시는 하리님의 먼지저축24입니다.
24장이구요. 재미있고 귀엽게 세이빙박스에 저축해보아요.

직거래: 조치원읍 국민은행& 조치원역
#배송비 별도

- 1번 사용후 정리하려고 내놔요.
관심있으신 분은 연락주세요~💚
🍀채팅 및 01029956263",19000,2025.08.25,66,3,1
218196834,중고나라,이사 정리,iPad 6세대 32GB 실버 (wifi),"iPad 6세대 32GB 실버 (wifi)

신지모루 필름부착 후
인강 필기용으로만 사용했어서
눈에띄는 큰 하자,기스 X

♡모든 기능 정상작동♡

스마텍키보드,아이패드케이스,
신지모루 펜슬도 같이 드려요!
케이스는 사용감이 조금 있어
바꾸시는것 추천드립니당ㅠㅠ

교환,환불X",135000,2025.08.25,22,0,1
217231749,중고나라,이사 정리,"(미개봉,택포) 굿스마일 마키세 크리스 피규어 팝니다","8월7일에 배송받았습니다. 진열장 공간 여유가 없어, 판매하기로 결정하고 택배온 박스 그대로 다시 포장해놓았습니다.
택배비를 포함한 가격입니다.",390000,2025.08.25,256,2,1
218157124,중고나라,이사 정리,아마추어모델언니의 옷정리합니다./박스가득 넣어드려요./옷 없으신분들 옷장만 하세요. 이사준비로 옷장정리합니다.-무...,"📢 제목에 ""제조사/ 브랜드 명""과 “상품명”을 넣어 작성하면, 보다 빠른 판매가 가능합니다! 
📢 게시글 작성 시 배송 방법에 “직거래”와 “내 위치” 설정할 경우, 보다 빠른 판매가 가능합니다! 




안녕하세요.^^

결혼 전 아마추어 출사모델을 취미 삶아 해서 옷이 많아요.
큰언니.작은언니.동생까지 있어서 
내가 평소에 잘 안입게 되는 옷들이랑 불편한옷들, 안어울리는 옷들,
작아진 옷들등등 옷이 너무 많아서 최대한 옷을 정리합니다.

본인 상의 하의 싸이즈
(예시 -상의44.55.66 하의 24. 25.26.27등등)
좋아하는 스타일과 싫어하는 스타일
그리고 나잇대와 신발싸이즈 알려주시면 옷고르는데 참고 사항이 될 듯합니다.^^
전체적으로 정리를 위한 것이라
한가지 스타일만 원하시거나 한계절옷만 원하시는 것도 어렵습니다.

위에 싸이즈와 참고할 만한 사항들을 잘 적어주시면 
옷 정리하는데 참고할 수 있으니 상세하게 잘 적어서 문자나 쳇부탁드려요
100프로 만족시켜드리지 못하오니 
예민하신분이나 까다로우신분은 신중거래부탁드려요.

대신 한두벌에 만원 이만원 NO~NO~
기본 10이상이 기본~
사과박스만한 곳에 가득가득 넣어드리는 가격이 택배포함

기본이 25.000원(배송비포함)부터 100.000가능하시고

25.000ㅡ10벌이상
30000ㅡ15벌이상
40.000ㅡ20벌이상
50.000ㅡ25벌이상
60.000ㅡ30벌이상
70.000ㅡ35벌이상
80.000ㅡ40벌이상
90.000ㅡ45벌이상
100.000ㅡ50벌이상
5천원씩도(2벌정도)추가 가능하세요

딱 한계절만 정해서 보내드릴수는 없고요. 
어느정도 계절반영해서
기본 44~77까지 가능 다양하게 봄.여름.가을.겨울옷으로 챙겨드려요
옷 많이 없으신 여성분들 옷장만 하기 좋은 기회입니다.

예민x
반품 교환 환불 x
010-2421-1공공6으로 연락주세요. 




🚨회원님의 거래 게시글을 노린 중고나라 운영진 사칭 피싱 사이트를 주의하세요🚨",25000,2025.08.25,17,0,0
218131527,중고나라,이사 정리,업소용 4도어 냉장고,"식당이나 카페에서 사용하던 대용량 업소용 냉장고로 상태 양호해요. 4개 문으로 나뉘어져 있어서 다양한 음료나 식품을 정리하기 정말 편리합니다!

**상태최상**
직접 가져가셔야 합니다.
유니크 45박스 냉장냉동고 판매합니다
모델명은 UDS-45RFAR입니다

외형크기: 1260x800x1900",600000,2025.08.24,149,0,1
218126572,중고나라,이사 정리,대전)카멜 pma2x 초고중량 모니터암 판매합니다,"📢 제목에 ""제조사/ 브랜드 명""과 ""상품명(ex. 맥북 에어 13)”를 넣어 작성하면, 보다 빠른 판매가 가능합니다! 
📢 게시글 작성 시 배송 방법에 “직거래”와 “내 위치” 설정할 경우, 보다 빠른 판매가 가능합니다! 



카멜 초고중량 모니터암 판매합니다 한번 설치하고 만지지않아서 사용감 많지않습니다 본품 부자재일체 mpk1플레이키트 vc2베사홀 확장판 입니다 대전 천동이나 남대전ic인근에서 직거래가능하고 그외 택배거래가능합니다 거래내역많으니 안심하시고 연락주세요



🚨회원님의 거래 게시글을 노린 중고나라 운영진 사칭 피싱 사이트를 주의하세요🚨",50000,2025.08.24,26,0,0
218113402,중고나라,이사 정리,"엘지삼성 20,22,23,24,27모니터 저가이사정리","📢 제목에 ""제조사/ 브랜드 명""과 ""상품명(ex. 맥북 에어 13)”를 넣어 작성하면, 보다 빠른 판매가 가능합니다! 
📢 게시글 작성 시 배송 방법에 “직거래”와 “내 위치” 설정할 경우, 보다 빠른 판매가 가능합니다! 








🚨회원님의 거래 게시글을 노린 중고나라 운영진 사칭 피싱 사이트를 주의하세요🚨 

그린27인치---4만5천원
아치바 27인치---4만5천원

모뉴앨 26인치 티비모니터 돌비사운드---7만원
엘지42인치티비---10만원
안심번호주세요
갤럭시탭4----8만원
삼성 23인치모니터---4만원


삼성20인치 led hdmi---4만원

엘지 티비모니터---2만5천원
엘지 19인치모니터---2만5천원
프리즘 27인치모니터---9만원
first 22인치 led 모니터---4만원

삼보드림뷰24인치모니터---3만원
엘지 23인치모니터---4만원
각착불 안심번호주세요




1,미사용신품 슈나이더 전동드릴과 체인톱세트---8만원
2,스트로만 리모콘서큐레이터(신품)---4만원
3,티비,모니터거치대 미사용품 ---3만원
4.미확인 전동드라이브---만5천원


존재하지 않는 이미지입니다.
존재하지 않는 이미지입니다.
존재하지 않는 이미지입니다.


신일냉풍기----7만원

신일선풍기---5만원

빈티지신일선풍기---9만원

미사용전동드릴,톱셋트--8만원





안심번호주세요





일본산수이 인티앰프 
au-707i 130와트----90만원----외산스피커와교환가능

삼성시디카세트--10만원

흰색아하미니카세트--3만원
노랑색 엘지카세트--5만원
소니라디오---12만원
테크닉스5시디피---25만
삼성턴테이블---십5만원
아이와북셀프스피커 그릴망무---8만원
파오니아엘디피기기--50만원

쿼즈와일전자피아노 마크10----오됴기기랑교환합니다
냉풍기--7만원
엘지42인치티비---십만원
빈티지금성티비---2십만원
선풍기히터--2만5천원",10000,2025.08.24,62,1,0
218107015,중고나라,이사 정리,클라우드 몬스터2 올블랙 275,클라우드 몬스터2 블랙입니다. 3km 달려보고 사이즈 미스로 판매합니다. 거의 새거입니다. 가격 조금 조정 가능하니 연락 주십쇼,200000,2025.08.24,42,1,1
218103601,중고나라,이사 정리,시소닉 focus gx-750 판매,"📢 제목에 ""제조사/ 브랜드 명""과 ""상품명(ex. 맥북 에어 13)”를 넣어 작성하면, 보다 빠른 판매가 가능합니다! 
📢 게시글 작성 시 배송 방법에 “직거래”와 “내 위치” 설정할 경우, 보다 빠른 판매가 가능합니다! 








🚨회원님의 거래 게시글을 노린 중고나라 운영진 사칭 피싱 사이트를 주의하세요🚨 

시소닉 gx-750 팝니다. 
직거래는 세종시 조치원읍,
택배는 4천원 추가되세요.

#.필요시 누드테스트 동작영상 보내드립니다.",60000,2025.08.24,59,0,0
218094279,중고나라,이사 정리,가민 에픽스프로gen2 51mm,"아몰레드 디스플레이라 실외에서도 시인성 아주좋습니다. 티타늄이라 상처안나고 단단합니다. 사진에는 베젤 붙혀놓은겁니다. 실버베젤도있어서 다양한 디자인으로 변경가능합니다.
충전거치대와 순정밴드와 사제밴드 10여개. 밴드보관가방. 강화유리보필름과 보호케이스등. 모두 포함입니다.
구매는 1년 넘었습니다.",650000,2025.08.24,132,2,1
217544289,중고나라,이사 정리,새 상품 아디다스 M FI SL T 티셔츠입니다.,"새 상품 아디다스 M FI SL T 티셔츠입니다.
산지 이틀됐는데 너무커서 팝니다 새상품입니다
172 몸무게 72키로인데 크네요 참고하세요~
- 색상: 화이트
- 사이즈: M
- 재질: 면 100%
- 구매 가격은 27,000원입니다
20,000원에 팝니다~",20000,2025.08.23,25,0,0
218068072,중고나라,이사 정리,20.22.23.27인치모니터 이사 저가정리,"📢 제목에 ""제조사/ 브랜드 명""과 ""상품명(ex. 맥북 에어 13)”를 넣어 작성하면, 보다 빠른 판매가 가능합니다! 
📢 게시글 작성 시 배송 방법에 “직거래”와 “내 위치” 설정할 경우, 보다 빠른 판매가 가능합니다! 








🚨회원님의 거래 게시글을 노린 중고나라 운영진 사칭 피싱 사이트를 주의하세요🚨 

그린27인치---4만5천원
아치바 27인치---4만5천원

모뉴앨 26인치 티비모니터 돌비사운드---7만원
엘지42인치티비---10만원
안심번호주세요
갤럭시탭4----8만원
삼성 23인치모니터---4만원


삼성20인치 led hdmi---4만원

엘지 티비모니터---2만5천원
엘지 19인치모니터---2만5천원
프리즘 27인치모니터---9만원
first 22인치 led 모니터---4만원

삼보드림뷰24인치모니터---3만원
엘지 23인치모니터---4만원
각착불 안심번호주세요




1,미사용신품 슈나이더 전동드릴과 체인톱세트---8만원
2,스트로만 리모콘서큐레이터(신품)---4만원
3,티비,모니터거치대 미사용품 ---3만원
4.미확인 전동드라이브---만5천원


존재하지 않는 이미지입니다.
존재하지 않는 이미지입니다.
존재하지 않는 이미지입니다.


신일냉풍기----7만원

신일선풍기---5만원

빈티지신일선풍기---9만원

미사용전동드릴,톱셋트--8만원





안심번호주세요





일본산수이 인티앰프 
au-707i 130와트----90만원----외산스피커와교환가능

삼성시디카세트--10만원

흰색아하미니카세트--3만원
노랑색 엘지카세트--5만원
소니라디오---12만원
테크닉스5시디피---25만
삼성턴테이블---십5만원
아이와북셀프스피커 그릴망무---8만원
파오니아엘디피기기--50만원

쿼즈와일전자피아노 마크10----오됴기기랑교환합니다
냉풍기--7만원
엘지42인치티비---십만원
빈티지금성티비---2십만원
선풍기히터--2만5천원",10000,2025.08.23,71,1,1
218032692,중고나라,이사 정리,부품용 아이폰13미니,"📢 제목에 ""제조사/ 브랜드 명""과 “상품명(ex. 갤럭시 S11) ”을 넣어 작성하면, 보다 빠른 판매가 가능합니다! 
📢 게시글 작성 시 배송 방법에 “직거래”와 “내 위치” 설정할 경우, 보다 빠른 판매가 가능합니다! 
오늘만 15에 팔아봅니다.

셀룰러 문제 있습니다. 와이파이, 블루투스 등 연결이 잘 안됩니다. 부품용으로 사용하시거나 수리하시면 기능이상 없어요.
외관은 사진 참조

직거래 대전 동구, 택배 시 파손면책 동의 하 착불
네고, 교환 X
타 사이트, 카톡거래도 안합니다.
문자주세요.







🚨회원님의 거래 게시글을 노린 중고나라 운영진 사칭 피싱 사이트를 주의하세요🚨",150000,2025.08.23,107,2,2
218020464,중고나라,이사 정리,아이폰13미니 128 스타라이트 부품용,"📢 제목에 ""제조사/ 브랜드 명""과 “상품명(ex. 갤럭시 S11) ”을 넣어 작성하면, 보다 빠른 판매가 가능합니다! 
📢 게시글 작성 시 배송 방법에 “직거래”와 “내 위치” 설정할 경우, 보다 빠른 판매가 가능합니다! 
셀룰러 문제 있습니다. 와이파이, 블루투스 등 연결이 잘 안됩니다. 부품용으로 사용하시거나 수리하시면 기능이상 없어요.
직거래 대전 동구, 택배 시 파손면책 동의 하 착불
쿨거 시 택포
네고, 교환 X
타 사이트, 카톡거래도 안합니다.
문자주세요.







🚨회원님의 거래 게시글을 노린 중고나라 운영진 사칭 피싱 사이트를 주의하세요🚨",180000,2025.08.22,121,0,0
217998960,중고나라,이사 정리,타미야 몬스터트럭 TXT-1 주행 가능 풀셋 판매합니다,"상태는 전체적으로 깨끗한 편이고, 바디 및 차체는 A급 정도, 휠 & 타이어는 B급 정도로 보시면 될듯 합니다.
약 2~3년 전 중고로 구입 후 거실에서만 몇 번 주행 후 장식만 했습니다.
송수신기 / 주행용 배터리까지 풀셋으로 판매하며, 주행용 배터리 충전기만 있으시면 됩니다.

1. 튜닝 사항
1) 4륜 조향 가능하도록 세팅되어 있습니다 _ 스티어링 서보:RC9 35kg, 메탈 기어 사양
2) 모터는 G-MADE社 토크형 모터 교체

2. 수리 내용 : 몇몇 플라스틱 부품 신품 교체 _ 해외 직구 
1) 전 / 후 엑슬 플라스틱 하우징 교체 _ 전륜측은 상 / 하 모두, 후륜측은 상 부품만 교체 (사진 참고)
2) 엑슬 사이드부 스티어링 로드 및 바퀴 장작부위 부품 4EA 모두 교체 (사진참고)
3) 캔틸레버(서스펜션 부품) 교체

3. 상태 설명
1) 바디는 자잘한 생활기스만 있고 큰 파손이나 변형등은 없습니다.
2) 차체는 노후화되어서 크랙이 생기거나 파손될 수 있는 부분들은 전부 신품 부품으로 교체가 되어서 매우 깨끗한
편입니다. 다만, 앞쪽 범퍼 플라스틱이 살짝 휘었네요 _ 사진 참고
3) 휠 타이어는 새것같이 깨끗하지는 않고, 전반적으로 B급 정도로 보는게 좋을것 같습니다.
바닥에 닿는 접지면의 경우 주행이 거의 없는것 처럼 상태 좋으나, 측면쪽 상태가 조금 아쉽습니다.
타이어는 본딩되어있고, 전 주인이 본딩되고난 후 본드가 다 마르지 않은 상태에서 바퀴를 굴렸는지, 밖으로 흘러서
자국이 된 부분이 있습니다. 이부분도 사진 참고

4. 기타
1) 전체적인 내용은 작성된 글과 사진 참고 부탁드립니다.
2) 거래는 직접 보고 구매하셨으면 해서 직거래 위주로 하며 단,택배는 택배비 별도, 노리턴 노클레임 조건으로 가능합니다.
3) 판매한다고 나름 깨끗하게 청소하고 정비하였습니다.
4) 거래 희망하시면 채팅이나 01041351037로 문자연락 부탁드립니다.",500000,2025.08.22,65,0,0
217993971,중고나라,이사 정리,물걸레 청소기 에브리봇,"에브리봇 쓰리스핀 물걸레 로봇청소기 판매해요 🧹
집에서 잘 쓰던 건데, 이사하면서 정리하게 됐어요.
물걸레 청소 전용이라 바닥 청소가 아주 편해요!
• 정상 작동, 생활기스 있음 (사진 참고)
• 본체,충전기,걸레 구성
• 직거래, 택배거래 다 됩니당

💰 100,000원 (네고 가능가능)
필요하신 분 편하게 연락 주세요 🙂",100000,2025.08.22,74,2,3
217985126,중고나라,이사 정리,아두이노 키트 및 회로 부품 무료 나눔,"아두이노 키트 및 회로 부품들 무료 나눔합니다.

아두이노 키트의 구성품은 빠짐없이 있을 거라 예상합니다.
그 외에 회로 부품으로는 오실로스코프 프로브, 보드, 저항 등으로 구성되어 있습니다.

직거래 및 택배 거래 가능하며, 택배 거래 시 택배비는 별도입니다.


관심 있으신 분들 연락 주세요.",,2025.08.22,30,1,3
217978836,중고나라,이사 정리,방탄소년단(BTS) 음반 및 굿즈 판매,"방탄소년단(BTS) CD 및 굿즈 나눔합니다.

LOVE YOURSELF 'HER' O, V 2장
LOVE YOURSELF 'ANSWER' L, E, F 3장
BTS GLOBAL OFFICIAL FANCLUB 5TH ARMY 1박스

안에 CD 들어있고 포카도 있습니다.
팬클럽 굿즈에는 개인카드 제외하고 모든 구성품 다 존재합니다.

직거래 및 택배 거래 가능하고, 택배 거래 시 택배비는 별도입니다.


관심 있으신 분들 연락 주세요.",,2025.08.22,29,0,1
217971570,중고나라,이사 정리,인조잔디에서 몇번신었어여~^^,스타 족구화 에이스와인255미리 팝니다. 가방하고 여유분 끈포함여~~~010-오1오오-4팔4영,30000,2025.08.22,32,0,0
216867709,중고나라,이사 정리,1년전 구매 새 가죽 쇼파 이사로 정리,"1년전 구매한 50만원짜리 쇼파 (스툴 포함)
이사로 인해 정리합니다.

사이즈 : 1980*1050*740mm

가죽쇼파로 아주 깨끗합니다.

판매금액 : 10만원",100000,2025.08.21,51,1,0
217905659,중고나라,이사 정리,pvc 위생배관 등 팝니다. 신품,"청주시 오송읍 상정리입니다. vg2 신품입니다.

- 100mm 2본 (4m씩)
- 100mm 정티 1개
- 100mm . 50mm 레듀샤 1개
- 100mm 소켓 2개
- 50mm 소켓1개",30000,2025.08.21,41,1,0
217894348,중고나라,이사 정리,아이폰13미니 128 스타라이트 부품용,"📢 제목에 ""제조사/ 브랜드 명""과 “상품명(ex. 갤럭시 S11) ”을 넣어 작성하면, 보다 빠른 판매가 가능합니다! 
📢 게시글 작성 시 배송 방법에 “직거래”와 “내 위치” 설정할 경우, 보다 빠른 판매가 가능합니다! 
셀룰러 문제 있습니다. 와이파이, 블루투스 등 연결이 잘 안됩니다. 부품용으로 사용하시거나 수리하시면 기능이상 없어요.
직거래 대전 동구, 택배 시 파손면책 동의 하 착불
쿨거 시 택포
네고, 교환 X
타 사이트, 카톡거래도 안합니다.
문자주세요.







🚨회원님의 거래 게시글을 노린 중고나라 운영진 사칭 피싱 사이트를 주의하세요🚨",200000,2025.08.21,127,0,0
217892782,중고나라,이사 정리,영어 원서 이사준비로 대폭 정리합니다,"📢 제목에 ""출판사+책 이름+저자”를 넣어 작성하면, 보다 빠른 판매가 가능합니다! 
📢 게시글 작성 시 배송 방법에 “직거래”와 “내 위치” 설정할 경우, 보다 빠른 판매가 가능합니다! 





이사로

책장 원서 정리합니다

1. 해리포터 2만원 
2. 두번째 사진 시리즈 2만원 
3. 세번째 사진 시리즈 2만원
4. 4번째 사진 단편 모음 (전부 해외서점 직구 정품) 5만원 거의새거 ㅡㅡ완료
5. a to z 정품 1만원 ㅡㅡ완료
6. 2024-2025 내셔널 지오그래픽 영문판 정기구독 1년치 5만원

택배비 4천원


🚨회원님의 거래 게시글을 노린 중고나라 운영진 사칭 피싱 사이트를 주의하세요🚨",10000,2025.08.21,23,0,0
217015644,중고나라,이사 정리,SPIRIT XS95,"제품명 : SPIRIT XS95

가정에서 사용하려고 구입했다가 사용 안해서 판매합니다

10회 이하 사용해서 상태 최상급입니다

직접 가져가셔야하고 상차 도와드립니다

지역 대전 동구 상소동입니다",1000000,2025.08.20,63,0,2
217873550,중고나라,이사 정리,공인노무사 2차 교재.시대고시,,25000,2025.08.20,78,1,1
216897250,중고나라,이사 정리,9700f + b365m + ddr4 16gb 팝니다,"※ 먼지는 한번 청소했는데 남아있을 수 있습니다 참고해주세요
※ 기본 쿨러입니다 참고해주세요

가족 컴퓨터를 4월에 교체하고 중고로 판다는걸 잊어먹고 있었네요

교체할때까지 문제없이 사용했습니다

직거래 가능하구요
배송비 4000원입니다
환불 불가능한 점 양해해주세요

같은 닉네임으로 번개장터에서도 판매 중입니다
후기, 별점도 좀 있어서 믿으실만할 거에요

궁금한거 있으시면 언제든지 톡주세요
감사합니다",175000,2025.08.20,96,0,0
217834795,중고나라,이사 정리,전선탈피기,상태좋고 힘좋습니다,2000000,2025.08.20,184,1,1
217807884,중고나라,이사 정리,비장탄 판매,"리치 비장탄입니다.
중량 : 9kg이상
금액 : 25,000원(착불)

대량구입시 가격조정(배송여부협의)

문의 010 9282 238영",25000,2025.08.19,50,0,0
217806360,중고나라,이사 정리,아이폰13미니 128 스타라이트 부품용,"📢 제목에 ""제조사/ 브랜드 명""과 “상품명(ex. 갤럭시 S11) ”을 넣어 작성하면, 보다 빠른 판매가 가능합니다! 
📢 게시글 작성 시 배송 방법에 “직거래”와 “내 위치” 설정할 경우, 보다 빠른 판매가 가능합니다! 
셀룰러 문제 있습니다. 와이파이, 블루투스 등 연결이 잘 안됩니다. 부품용으로 사용하시거나 수리하시면 기능이상 없어요.
직거래 대전 동구, 택배 시 파손면책 동의 하 착불
쿨거 시 택포
네고, 교환 X
타 사이트, 카톡거래도 안합니다.
문자주세요.







🚨회원님의 거래 게시글을 노린 중고나라 운영진 사칭 피싱 사이트를 주의하세요🚨",200000,2025.08.19,80,0,0
217782387,중고나라,이사 정리,[캠핑장사용] 숙박용 카라반 중고모듈 판매.농촌쉼터가능,"[연락처] 제작/판매처: 010-7137-716삼

이동식주택/조립식주택/컨테이너·건축자재/캠핑·글램핑 장비

- (약) 10.5m x 3.8m 
- 자체제작 
- 캠핑장에서 숙박시설로 사용하던 중고 모듈입니다.
- 사용연한은 꽤 되어 외관수리, 내부 수리중입니다.
- 사진 1~5까지는 기존에 사용하던 사진이고,
- 사진 6~7의 외관은 그림처럼 변경할 예정입니다.

총 15대 정도 판매 예정이며,
중고이고 사용연한 있다는 점 확인해주세요.

다만 성심성의껏 리모델링 할 예정이고,
숙박시설 사용하기기 위해 저렴하게 가져가질 분 연락주세요.

도면과 같은 모양이며, (x표시 되어 있는 부분은 제외)
농촌체류형쉼터로도 판매/사용 가능합니다.


내부 싱크대/붙박이장/화장실 구비 완료입니다.

대량으로 구매하실 분은 네고 가능하며
위 금액은 상차도 입니다. (천안 상차)

[요약]
용도: 캠핑장 고정식 숙박동(이동불가) 혹은 농촌체류형쉼터

규격/중량: 3.8×10.5×4 m 

구조/단열: 경량철골 / 샌드위치패널 마감

내부: 침대 n, 냉·난방, 샤워/화장실, 환기창, 바닥난방(유)

사업자 안내: 세금계산서 발행, 다대 매입·현장 배치도 상담 가능",27000000,2025.08.19,228,0,0
217766468,중고나라,이사 정리,10cm 인형옷 팔아요,"※교환, 반품, 환불 안 됩니다.

❌️판매완료❌️- 1번 : 10cm 메이드복 (카츄샤, 드레스, 에이프런 구성) 5,000원. 드레스 찍찍이가 커서 뚱뚱한 아이들도 입힐 수 있어용!

❌️판매완료❌️2번 : 10cm 토끼 망토 (망토, 핀 2개-검정색이랑 호박모양 구성) 5,000원

- 3번 : 10cm 고양이 망토 (망토, 목도리 구성) 5,000원

❌️판매완료❌️4번 : 10cm, 15cm 고양이 망토. (각각 한 벌씩 있어요.) 3,000원

- 5번 : 10cm 검정 셔츠 2,500원

- 6번 : 10cm 회색 바지 2,500원
※결제 전 채팅 먼저 주세요.",5000,2025.08.19,42,1,0
217765296,중고나라,이사 정리,2025년 200만원에 풀옵션에 vip에스코트하던 대한민국의 명차 임자를 기다립니다 시티베스트115 오토바이 풀옵션...,"🔻아래 양식에 맞춰 기재 시 더 빠른 판매로 이어질 확률 UP !🔻 
1. 제작사 : dna모터스
2. 색상, 배기량 : 레드, 115cc
3. 모델명 : 시티베스트115
4. 제작연식 : 2025년식
5. 적산거리 : 1000km
6. 판매 희망가격 : 200만원
7. 연락처 : 010-8823-1317
8. 구조변경 (소음기, 등화류, 계기반 | 해당없음/안됨/완료) : 
9. 기타튜닝여부 : 
10. 사고, 좌우 전도(꿍/슬립) 유무 : 
11. 판매 지역 : 세종시/조치원읍
12. 폐지여부(YES/NO) : yes

200만원 풀옵션에 에스코트하던 명차
여름을 한방에 날려줄 최고의 스피드 흥정없이 200만원에 팝니다
(머리만 맞춰본 헬멧 8만원짜리 그냥드림)


🚨회원님의 거래 게시글을 노린 중고나라 운영진 사칭 피싱 사이트를 주의하세요🚨",2000000,2025.08.19,34,0,0
217762941,중고나라,이사 정리,자동차 외형복원 판금 도색 출장 가서 해드립니다.,"자동차 출장 복원 수리입니다. 복원하실부분 사진으로 보내주시면 견적보내드리며 장소는 제공해주셔야 합니다.
녹나거나 부식수리 판금 도색으로 1톤이상 25톤이하 까지는 
올도색 가능하시며 작업시간은 넉넉히 12시간 정도면 그후에는정상운행 가능하십니다. 답장이 느릴수있는점 양해부탁드리고 
올린사진은 실제 저희가 작업한 사진이며 단순히 작업으로 
끝나지않고 추후 문제있을시 2년간 As까지 책임지며 
뜨내기 작업이 아님을 말씀드립니다.",1000000,2025.08.19,112,1,0
217757716,중고나라,이사 정리,영어 원서 이사준비로 대폭 정리합니다,"📢 제목에 ""출판사+책 이름+저자”를 넣어 작성하면, 보다 빠른 판매가 가능합니다! 
📢 게시글 작성 시 배송 방법에 “직거래”와 “내 위치” 설정할 경우, 보다 빠른 판매가 가능합니다! 





이사로

책장 원서 정리합니다

1. 해리포터 2만원 
2. 두번째 사진 시리즈 2만원 
3. 세번째 사진 시리즈 2만원
4. 4번째 사진 단편 모음 (전부 해외서점 직구 정품) 5만원 거의새거
5. a to z 정품 1만원
6. 2024-2025 내셔널 지오그래픽 영문판 정기구독 1년치 5만원

택배비 4천원


🚨회원님의 거래 게시글을 노린 중고나라 운영진 사칭 피싱 사이트를 주의하세요🚨",10000,2025.08.19,18,0,1
212125752,중고나라,이사 정리,현금생활 포차코 레진 바인더,"#직거래: 조치원읍 국민은행& 조치원역
#배송비 별도

- 정가:26900원
- 몇번 사용후 정리하려고 내놔요. 사이즈는 A6입니다.
 실버링은 새거로 드려요💚
관심있으신 분은 연락주세요~💚
🍀채팅 및 01029956263",17000,2025.08.18,99,0,1
217724184,중고나라,이사 정리,스타벅스 기프트카드 2만원권 팔아요,"2만원권 입니다
입금후 일련번호 알려드려요
네고x
급처급처",18500,2025.08.18,30,0,0
217714981,중고나라,이사 정리,시나모롤 아타리쿠지 파우치,"24년도 시나모롤 아타리쿠지 9등상입니다
미개봉 새상품이구요 
2개있구요 하나에 15000원입니다

택배, 반택 가능하고 배송비 별도입니다.
교환환불 x",15000,2025.08.18,31,0,0
217714745,중고나라,이사 정리,귀멸의 칼날 네무라세타이2 (잠자는대열2) 가챠,"귀멸의 칼날 네무라세타이2 가챠 입니다
중복나와서 뜯지도 않은 새제품이구요 

시노부 2개 있습니다

택배 반택 가능하고 배송비 별도입니다. 
교환환불 x",7500,2025.08.18,543,0,3
217714163,중고나라,이사 정리,하이큐 린린 방울 키링 가챠,"하이큐 린린 방울 인형 키링 굿즈 가챠입니다!
중복나와서 뜯지도 않은 새상품입니다! 
방울 딸랑거리는게 참 귀엽습니다 ^_^

쿠로오 2개
켄마 1개 있습미당

택배, 반택 가능 배송비 별도 
교환환불 x 
츠키랑 교환도 대 환영입니다~~~",6000,2025.08.18,18,0,0
217713815,중고나라,이사 정리,피치피치핏치 라이트 가챠,,9000,2025.08.18,45,0,1
216847496,중고나라,이사 정리,마인크래프트 미니횃불(무드등) 키링 +usb충전선,"안녕하세요

이쁜 키링 입니다

마인크래프트속에 나오는 무드등 작은버전 입니다

키링으로 어디든 걸어서 다닐수 잇습니다

충전타입입니다

반택 +1800
일택 +3600

궁금사항잇으시먄 톡주세용",4500,2025.08.17,78,0,1
217660464,중고나라,이사 정리,투썸쿠폰팝니다.2만!,"저희가 투썸을 가지않아서 이렇게 팝니다. 쿠폰 금액은 23,400원 이고 20,000원에 팝니다. 연락주세요😀 이 금액만큼 다른거 구매가능 합니다.10%이상 싸게 파는거니 연락주세요.",20000,2025.08.17,35,0,0
217656016,중고나라,이사 정리,풀카본 트리곤 다크니스 sl3 로드 자전거 팝니다,,1090000,2025.08.17,247,1,0
198080875,중고나라,이사 정리,레드벨벳 응원봉 김만봉,,20000,2025.08.17,245,2,5
217645626,중고나라,이사 정리,오늘만 가격포기 이사정리 인켈 우퍼(앰프내장) 상태최상 10만원,,100000,2025.08.17,27,0,0
217644695,중고나라,이사 정리,아이패드 A16 256GB 미개봉 25년 제품,"iPad Wi-Fi 256GB 실버 모델 A3354 새 제품 판매합니다!

모델명: A3354

색상: 실버

저장 공간: 256GB

박스 포함

가족이 중국에서 사다줬고 2025년 최신판 이에요 미개봉 정품 시리얼 넘버 조회되고 한국어 설정하시면 우리나랑 똑같습니다. (충전기만 110용)",580000,2025.08.17,169,2,2
217638351,중고나라,이사 정리,PS5 스텔라블레이드,,40000,2025.08.17,93,0,2
187267712,중고나라,이사 정리,아이나비 LS300 3D 네비게이션 네비,"아이나비 LS300 3D 네비게이션 네비
사용감 많이없습니다. 깨끗합니다.
충전케이블, 거치대 모두 포함입니다.
최신지도 업데이트완료.
시리얼있어서 업데이트도 모두 가능합니다.
알뜰택배나 반값택배 이용시 택배비 무료.
일반택배 2000원 추가
직거래 세종시 조치원",79000,2025.08.16,235,1,1
187161308,중고나라,이사 정리,MARVEL 마블 정품 아이폰 정품 충전 케이블,"MARVEL 마블 정품 아이폰 정품 충전 케이블
세종시 조치원",9000,2025.08.16,77,0,0
184933144,중고나라,이사 정리,"원목 수공예품 보석함, 도장함",,20000,2025.08.16,106,3,0
205892002,중고나라,이사 정리,마끼다 자동매거진스크류드라이버 6841,"매장 정리하여, 재고 처분합니다.

진열용으로 꺼내두었지만,
완전 미사용 새제품입니다.

원래 케이스 및 부속 모두 있습니다.",155000,2025.08.16,128,1,1
217617183,중고나라,이사 정리,빈티지기기 이사정리,"📢 제목에 ""제조사/ 브랜드 명""과 ""상품명(ex. 3000시리즈 전동 면도기)”을 넣어 작성하면, 보다 빠른 판매가 가능합니다! 
📢 게시글 작성 시 배송 방법에 “직거래”와 “내 위치” 설정할 경우, 보다 빠른 판매가 가능합니다! 








🚨회원님의 거래 게시글을 노린 중고나라 운영진 사칭 피싱 사이트를 주의하세요🚨

알펙스테크닉스턴테이블 ------20만원
삼성턴테이블 ----15만원
안심번호주세요
1, 소니 시디 라디오---10만원
2, 삼성 오토리버스 카세트 라디오 (흰색,검은색)---7만원
3,엘지 오토리버스 카세트라디오(노란색)---7만원
4, 아하 카세트라디오----3만원
5,소니 빈티지라디오----십이만원
6,갤럭시 탭4----8만원
1, 오렌지색 P마운트타입 오됴테크니카-----십3만원
2, 테크닉스 P 마운트타입----십3만원
3, 다이아몬드 니들 H형타입 --5만원
4, 테크닉스 P마운트타입 바늘---5만원
5,데논 DL-8A 정품카트리지와 정품바늘--18만원



소니하이파이 죠그셔틀비디오---9만원
미쯔비시하이파이비디오--5만원
일본산수이 인티앰프 
au-707i 130와트----90만원----외산스피커와교환가능




안심번호주세요






일본산수이 인티앰프 
au-707i 130와트----90만원----외산스피커와교환가능

삼성시디카세트--10만원

흰색아하미니카세트--3만원
노랑색 엘지카세트--5만원
소니라디오---12만원
테크닉스5시디피---25만

아이와북셀프스피커 그릴망무---8만원
파오니아엘디피기기--50만원
쿼즈와일전자피아노 마크10----오됴기기랑교환합니다
엘지42인치티비---십만원

냉풍기--7만원

ㅁ
미사용신품 리모콘에어서큐레이터----4만원
미사용 제이슨무선선풍기-----만5천원
신일선풍기---5만원

빈티지신일선풍기---9만원

미사용전동드릴,톱셋트--8만원

엘지 42인치티비---십만원
빈티지금성티비---2십만원
선풍기히터--2만5천원
택배가 
이사정리합니다 안심번호주세요",10000,2025.08.16,10,0,0
217388961,중고나라,이사 정리,스팀덱 oled 2tb 팝니다,"스팀덱 oled 2tb 팝니다

풀구성이며 전면 후면 하드케이스와 스틱갈림방지 되어있습니다

24년도 구매 2tb 장착제품입니다

사진과같이 컨디션 매우 좋고 제품 이상 없습니다

추가 필요 사진있으시면 요청하시고

당근마켓 양쪽 판매중입니다

직거래 평일 일과시간 평택
평일 퇴근 후 및 주말 세종 직거래 가능합니다

네고는 안받습니다

택배거래 가능
GS25편의점
텍포 5,000원 추가",680000,2025.08.16,258,1,0
217559589,중고나라,이사 정리,(삽니다) 후지필름 xf 18-55,후지필름 xf 18-55 렌즈 삽니다! 직거래로 하고 싶고요 대전 세종 근방에서 가능합니다 편하게 연락주세요!,333333,2025.08.15,167,0,0
217559310,중고나라,이사 정리,시마노 16 스티레 101HG,"16 시마노 스티레 101HG 판매합니다핸들 리브레크랭크120레드로 변경하였습니다
릴이 많아서 거의 사용하지 않았습니다 상태좋아요
(요쯔아미 울트라지그맨 1호200m 풀로 감겨있습니다)
직접 보고 구매 추천드립니다
직거래 세종",400000,2025.08.15,137,1,1
217537721,중고나라,이사 정리,모니터 이사저가정리,"📢 제목에 ""제조사/ 브랜드 명""과 ""상품명(ex. 맥북 에어 13)”를 넣어 작성하면, 보다 빠른 판매가 가능합니다! 
📢 게시글 작성 시 배송 방법에 “직거래”와 “내 위치” 설정할 경우, 보다 빠른 판매가 가능합니다! 








🚨회원님의 거래 게시글을 노린 중고나라 운영진 사칭 피싱 사이트를 주의하세요🚨 
그린27인치---5만원
아치바 27인치---5만원

모뉴앨 26인치 티비모니터 돌비사운드---7만원
안심번호주세요
갤럭시탭4----8만원
삼성 23인치모니터---4만원


삼성20인치 led hdmi---4만원

엘지 티비모니터---2만5천원
엘지 19인치모니터---2만5천원
프리즘 27인치모니터---9만원
first 22인치 led 모니터---4만원

삼보드림뷰24인치모니터---3만원
엘지 23인치모니터---4만원
각착불 안심번호주세요




1,미사용신품 슈나이더 전동드릴과 체인톱세트---8만원
2,스트로만 리모콘서큐레이터(신품)---4만원
3,티비,모니터거치대 미사용품 ---3만원
4.미확인 전동드라이브---만5천원


존재하지 않는 이미지입니다.
존재하지 않는 이미지입니다.
존재하지 않는 이미지입니다.


신일냉풍기----7만원

신일선풍기---5만원

빈티지신일선풍기---9만원

미사용전동드릴,톱셋트--8만원





안심번호주세요





일본산수이 인티앰프 
au-707i 130와트----90만원----외산스피커와교환가능

삼성시디카세트--10만원

흰색아하미니카세트--3만원
노랑색 엘지카세트--5만원
소니라디오---12만원
테크닉스5시디피---25만
삼성턴테이블---십5만원
아이와북셀프스피커 그릴망무---8만원
파오니아엘디피기기--50만원

쿼즈와일전자피아노 마크10----오됴기기랑교환합니다
냉풍기--7만원
엘지42인치티비---십2만원
빈티지금성티비---2십만원
선풍기히터--2만5천원",100000,2025.08.15,16,0,0
217537633,중고나라,이사 정리,"산수이인티,테크닉스턴외 다수기종 이사정리","📢 제목에 ""제조사/ 브랜드 명""과 ""상품명(ex. 3000시리즈 전동 면도기)”을 넣어 작성하면, 보다 빠른 판매가 가능합니다! 
📢 게시글 작성 시 배송 방법에 “직거래”와 “내 위치” 설정할 경우, 보다 빠른 판매가 가능합니다! 








🚨회원님의 거래 게시글을 노린 중고나라 운영진 사칭 피싱 사이트를 주의하세요🚨

알펙스테크닉스턴테이블 ------20만원
삼성턴테이블 ----15만원
안심번호주세요
1, 소니 시디 라디오---10만원
2, 삼성 오토리버스 카세트 라디오 (흰색,검은색)---7만원
3,엘지 오토리버스 카세트라디오(노란색)---7만원
4, 아하 카세트라디오----3만원
5,소니 빈티지라디오----십이만원
6,갤럭시 탭4----8만원
1, 오렌지색 P마운트타입 오됴테크니카-----십3만원
2, 테크닉스 P 마운트타입----십3만원
3, 다이아몬드 니들 H형타입 --5만원
4, 테크닉스 P마운트타입 바늘---5만원
5,데논 DL-8A 정품카트리지와 정품바늘--18만원



소니하이파이 죠그셔틀비디오---9만원
미쯔비시하이파이비디오--5만원
일본산수이 인티앰프 
au-707i 130와트----90만원----외산스피커와교환가능




안심번호주세요






일본산수이 인티앰프 
au-707i 130와트----90만원----외산스피커와교환가능

삼성시디카세트--10만원

흰색아하미니카세트--3만원
노랑색 엘지카세트--5만원
소니라디오---12만원
테크닉스5시디피---25만

아이와북셀프스피커 그릴망무---8만원
파오니아엘디피기기--50만원
쿼즈와일전자피아노 마크10----오됴기기랑교환합니다
엘지42인치티비---십만원

냉풍기--7만원

ㅁ
미사용신품 리모콘에어서큐레이터----4만원
미사용 제이슨무선선풍기-----만5천원
신일선풍기---5만원

빈티지신일선풍기---9만원

미사용전동드릴,톱셋트--8만원

엘지 42인치티비---십만원
빈티지금성티비---2십만원
선풍기히터--2만5천원
택배가 
이사정리합니다 안심번호주세요",100000,2025.08.15,31,0,0
213937401,중고나라,이사 정리,Canon IXY 55 빈티지 중고 디카 판매합니다.,"- Canon IXY 55 빈티지 중고 디카 판매합니다.
- 사진 / 동영상/ 날짜 표시 가능합니다.
- 500만 화소, 광학 3배줌, 디지털 4배줌
- 한국어 지원

크기 : 86 x 53 x 21 mm
무게 : 130g
상태 : 정상작동

디카 + 충전기 + 택배비 합해서 35만원입니다.
쿨거래 시 30만원까지 가능합니다.",350000,2025.08.15,458,3,2
212192823,중고나라,이사 정리,나이키X슈프림 에어포스1 바로크브라운 275,"나이키 슈프림포스 브라운 색상입니다
사이즈 : 275
실착 10회 미만이고 슈프림 신발끈은 미사용입니다.
박스 포함입니다",160000,2025.08.14,129,2,2
217489193,중고나라,이사 정리,널디벨벳져지 네이비 팔아요,입은적 1~2번밖에없고 지금은 단종된색이에요!!! 돈이필요해서 진짜 싸게 팔아요!!!!!!!,60000,2025.08.14,48,2,1
217489098,중고나라,이사 정리,애플워치 se2,돈이필요해서 진짜싸게팔아요!!!! 배터리용량빵빵하고 사용감거의없어서 쌔거같아요!! 로즈골드색입니당,250000,2025.08.14,50,0,1
217463699,중고나라,이사 정리,후지필름 XF10 구합니다.,후지필름 XF10 매물 구합니다. 가격과 제품 제시해주세요,600000,2025.08.14,345,1,2
217462126,중고나라,이사 정리,대전)LG OLED 올레드tv 48c1enb 판매합니다,"📢 제목에 ""제조사/ 브랜드 명""과 ""상품명(ex. 3000시리즈 전동 면도기)”을 넣어 작성하면, 보다 빠른 판매가 가능합니다! 
📢 게시글 작성 시 배송 방법에 “직거래”와 “내 위치” 설정할 경우, 보다 빠른 판매가 가능합니다! 



모니터로 쓰던 48인치 엘지 올레드tv판매합니다 모델명은 48C1ENB이고 8월8일 LG서비스에서 패널 신품으로 교체했습니다 총사용시간 2105시간입니다 부피때문에 대전천동에서 직거래가능합니다 거래내역많으니 안심하시고 연락주세요


🚨회원님의 거래 게시글을 노린 중고나라 운영진 사칭 피싱 사이트를 주의하세요🚨",480000,2025.08.14,190,0,0
217462093,중고나라,이사 정리,대전)딥쿨 ak620 digital 쿨러 판매합니다,"📢 제목에 ""제조사/ 브랜드 명""과 ""상품명(ex. 맥북 에어 13)”를 넣어 작성하면, 보다 빠른 판매가 가능합니다! 
📢 게시글 작성 시 배송 방법에 “직거래”와 “내 위치” 설정할 경우, 보다 빠른 판매가 가능합니다! 



amd브라켓 탈거하다가 고정볼트한개 드라이버꼽는 나사머리가 살짝 뭉개졌지만 손이나 펜치로 조여도 되는 부품입니다 인텔 부자재는 미사용입니다 대전 천동이나 남대전ic인근에서 직거래가능하고 그외 택배거래가능합니다 거래내역많으니 안심하시고 연락주세요



🚨회원님의 거래 게시글을 노린 중고나라 운영진 사칭 피싱 사이트를 주의하세요🚨",30000,2025.08.14,49,2,0
217455328,중고나라,이사 정리,에르메스 에블린 pm 29 누아 금장 최상급,"📢 제목에 ""제조사/ 브랜드 명""과 ""상품명”를 넣어 작성하면, 보다 빠른 판매가 가능합니다! 
📢 게시글 작성 시 배송 방법에 “직거래”와 “내 위치” 설정할 경우, 보다 빠른 판매가 가능합니다! 








🚨회원님의 거래 게시글을 노린 중고나라 운영진 사칭 피싱 사이트를 주의하세요🚨


에르메스 에블린 pm 29 

색상은 누아(블랙) 금장



7월 20일경 받았고 그 후에 

실착은 정확히 2번 사몰가 이너백 넣고 매우 조심히 했습니다

물건을 매우 조심히 다루기에 어지간한 새상품 못지 않아요.



누아 금장 색상은 매장 및 공홈에서도 거의 구매가 어렵습니다



정가보다 좀더 낮춰서 판매해보고 안팔리면 업체 매입 예정입니다



비싼 물건이기에 대전 직거래 혹은 협의 가능합니다

거래 내역 많고 정품 혹은 상태 걱정은 안하셔도 될듯요



010 삼삼오사 사칠56 문자 주세요!",5500000,2025.08.13,49,0,1
217447928,중고나라,이사 정리,동우 산업용 철 환풍기 45DRF,"매장 정리하여, 재고 처분합니다.

완전 미사용/미개봉 새제품입니다.",43300,2025.08.13,165,1,4
217437705,중고나라,이사 정리,F1 메르세데스 아디다스 유니폼 정품 100사이즈,"메르세데스 F1 유니폼입니다. 
fuel for fans에서 구매하였습니다.
사이즈는 해외 기준 m사이즈입니다.
한국 기준 L
fuel for fans에서 직구했구요 사이즈 미스로 팝니다. 오늘 8/12일에 도착했습니다. 정품이고 택 비닐 다 있습니다.",95000,2025.08.13,787,25,15
216539248,중고나라,이사 정리,이기적 컴활 2급 필기+실기 책 판매,한번도 본적 없는 새책이고 반값 택배 값 포함해서 15000원에 판매합니다,15000,2025.08.13,139,3,0
217428959,중고나라,이사 정리,"플렉스 샤프트 K-9 102 , 204","플렉스 샤프트 K-9 102 , 204 판매합니다
사용은 7개월정도 했습니다
샤프트 날 102,104 있는거 다 드리겠습니다

102 대략 2m 안되게 컷팅 했었습니다
구형은 용접이지만 신형이라 글라인더로 짜른 후 바로사용 가능합니다

204 대략 0.5m 컷팅",1450000,2025.08.13,173,6,2
217410288,중고나라,이사 정리,이사정리 가격포기 로그홈 디지털 도어락 3만원,"로그홈 디지털 도어락 입니다.
상태최상 입니다.",30000,2025.08.13,14,1,0
217398245,중고나라,이사 정리,레녹스 바이메탈 홀쏘 140mm,"매장 정리하여, 재고 처분합니다.

완전 미사용/미개봉 새제품입니다.


재고 3개 있습니다.",14600,2025.08.13,140,1,3
217374999,중고나라,이사 정리,페인트캔 외 4건,묶음 등록 요청 사항,34300,2025.08.12,77,0,1
217369636,중고나라,이사 정리,젠하이저 HD600 헤드폰,"젠하이저 HD600 헤드폰입니다. 상태 아주 좋습니다 

박스는 없고 별도 구매한 케이스도 같이 드려요",190000,2025.08.12,67,1,2
217352709,중고나라,이사 정리,HK Audio Polar 8 컬럼어레이 스피커 1조,"HK Audio Polar 8 스피커 판매합니다~ 
 
23년 6월에 공연용으로 샀는데 잘 안 쓰게 되서 판매합니다

커버와 운반 가방 포함이고 직거래 원합니다~",1100000,2025.08.12,100,1,1
217344883,중고나라,이사 정리,캐논 GL-652 빔프로젝터 35만원(가격인하),"📢 제목에 ""제조사/ 브랜드 명""과 ""상품명(ex. 3000시리즈 전동 면도기)”을 넣어 작성하면, 보다 빠른 판매가 가능합니다! 
📢 게시글 작성 시 배송 방법에 “직거래”와 “내 위치” 설정할 경우, 보다 빠른 판매가 가능합니다! 
캐논 GL-652
3LCD 빔프로젝트 / 회의/강당용 / XGA(1024x768) / HD급 / 
밝기(안시):5.200안시 / 명암비: 15.000:1
최대화면 : 300인치 /키스톤(수동) HDMI: 2개 / USB: /개 / 
MHL / D-SUB / 오디오IN / S-비디오
LAN / USB재생 / 소비전력: 345W / 무게: 4.4kg


랜프사용시간 1000시간
판매가 35만원
HP 010-4852-6287








🚨회원님의 거래 게시글을 노린 중고나라 운영진 사칭 피싱 사이트를 주의하세요🚨",350000,2025.08.12,86,0,1
217344714,중고나라,이사 정리,빔프로젝터(NEC 프로젝터 NP-UM351W) 판매입니다.(가격인하),"📢 제목에 ""제조사/ 브랜드 명""과 ""상품명(ex. 3000시리즈 전동 면도기)”을 넣어 작성하면, 보다 빠른 판매가 가능합니다! 
📢 게시글 작성 시 배송 방법에 “직거래”와 “내 위치” 설정할 경우, 보다 빠른 판매가 가능합니다! 


NEC NP-UM351W 빔프로젝터

-밝기 3500안시
-해상도 리얼HD(WXGA)
-무게 5.6KG
-램프수명 5000시간 에코모드사용시 6000시간사용
-음량 20W


벽과 43Cm 거리에서 100인치 화면을 구현합니다.
램프사용시간은 996시간 입니다.

구성품 : 본체,리모컨,전원선

NEC NP-UM351WIK (정품)
LCD프로젝터 / 회의/강당용 / WXGA(1280x800) / 리얼HD / [화면] 밝기(안시): 3,500안시 / 명암비: 4,000:1 / 최대화면: 110인치 / 키스톤(수동) / [단자] HDMI: 1개 / D-SUB / 오디오IN / S-비디오 / LAN / [부가] 소비전력: 344W /

HP 010-4852-6287







🚨회원님의 거래 게시글을 노린 중고나라 운영진 사칭 피싱 사이트를 주의하세요🚨",450000,2025.08.12,56,0,0
216727087,중고나라,이사 정리,"[ 상태최상_2단독서대(이단독서대) 이사,정리하면서 저","# 물품 상세소개
 집에 모셔둔 독서대 판매합니다.
 독서할때 쓰려고 구입했는데 독서를 안하네요~
 먼저 연락오신분께 넘길게요~
 

 현재 이 상태 그대로 제품 상태확인완료 후 제가 직접 
휴대폰 직찍, 착샷해서 올린 사진이며, 더도 말고, 덜도 말고, 
이 상태 그대로 더 사용하지도 않고, 모셔두고 판매하고 있으니 
참고하시고, 관심 있으신 분 연락주세요~^^< 
 
 

# 물품명 : [상태최상의 2단독서대(이단독서대) 저렴히 판매]
# 구성품 : [상태최상의 2단독서대(이단독서대) 저렴히 판매]
# 판매가격 : 쿨거래 29,800원
# 거래방식 : 개인 직 거래,택배
# 이메일 : choijh0103@naver.com
# 유의사항 : 중고거래특성상 교환이나 환불 불가니
 참고하시고, 신중히 구매주세요~
# 지역 : 경북 구미에서 거래 가능하고, 
 다른 지역은 착불로 택배 보내드리면서 
 바로 송장번호 사진 찍어 보내 드려요~^^",29800,2025.08.12,29,0,0
214840954,중고나라,이사 정리,(이사정리중)마더케이 모유저장팩 200ml 90개(새제,"마더케이 모유저장팩 팔아용
제조년도는 24.1.29일입니당
필요하신분은 연락주세용 :)


육아중이라 문고리거래 원해용

상태는 사진 참고해주세용
반품, 교환 불가합니당",9500,2025.08.11,52,0,0
214841070,중고나라,이사 정리,(이사정리중)스타벅스 JNL 핑크 버터플라이 써모스 보,"스타벅스 JNL 핑크 버터플라이 보온병 500ml 새상품이에요

- 스테인리스 재질로 보온/보냉 기능 좋아요
- 원터치 오픈 방식이라 사용하기 편리해요
- 휴대하기 좋은 사이즈입니다

핑크 굿즈 한정판 모으려고 구매했어서
새상품이고 보관상태도 조아용

필요하신분들 연락주셔용 :)




육아중이라 문고리거래 원해용

상태는 사진 참고해주세용
반품, 교환 불가합니당",49000,2025.08.11,71,2,0
214840821,중고나라,이사 정리,"(이사정리중, 6개월사용) 원목 4인용 테이블","원목 4인용 테이블 판매합니다
사이즈는 1400x750x740mm입니다
색상은 월넛이구요

튼튼하고 깔끔한 디자인이에요
4인 가족이 사용하기에 딱 좋아요
사용한지 6개월 됐는데
집 인테리어 색상과 안맞는거 같아
고민하다 올려요

‼️이동 도움드리기 어려워
직접 가져가실 수 있는 분들 연락주셔요
⭕️19일 오전, 1층까지 내려다 드릴수 있어요

육아중이라 문고리거래 원해용
상태는 사진 참고해주세용
반품, 교환 불가합니당",75000,2025.08.11,49,1,0
217319274,중고나라,이사 정리,대전)하마카돈 오라 스튜디오4 스피커판매합니다,"📢 제목에 ""제조사/ 브랜드 명""과 ""상품명(ex. 3000시리즈 전동 면도기)”을 넣어 작성하면, 보다 빠른 판매가 가능합니다! 
📢 게시글 작성 시 배송 방법에 “직거래”와 “내 위치” 설정할 경우, 보다 빠른 판매가 가능합니다! 


컴퓨터방 스피커로 사용할려고 샀는데 모니터겸 티비스피커로 주로 듣다보니 3번정도 썼던것 같습니다 대전 천동이나 남대전ic인근에서 직거래가능하고 그외 착불택배거래가능합니다 거래내역많으니 안심하시고 연락주세요


🚨회원님의 거래 게시글을 노린 중고나라 운영진 사칭 피싱 사이트를 주의하세요🚨",200000,2025.08.11,8,0,0
217319245,중고나라,이사 정리,대전)슈퍼플라워 LEADEX VII 850W 풀모듈러,"📢 제목에 ""제조사/ 브랜드 명""과 ""상품명(ex. 맥북 에어 13)”를 넣어 작성하면, 보다 빠른 판매가 가능합니다! 
📢 게시글 작성 시 배송 방법에 “직거래”와 “내 위치” 설정할 경우, 보다 빠른 판매가 가능합니다! 



늦게 끝나는 직업에 애들이 어리다보니 실사용 많지 않은 파워서플라이 판매합니다 팬에 먼지도 없을 만큼 거의 사용하지않았습니다 대전 천동이나 남대전ic인근에서 직거래가능하고 그외 착불택배거래가능합니다 거래내역많으니 안심하시고 연락주세요

🚨회원님의 거래 게시글을 노린 중고나라 운영진 사칭 피싱 사이트를 주의하세요🚨",110000,2025.08.11,26,1,0
215693628,중고나라,이사 정리,남성 자동벨트 넘버원 5개,"매장 정리하여, 재고 처분합니다.

완전 미사용/미개봉 새제품입니다.


재고 41개 있습니다.

2개 이상 구매하시면, 1개 외 배송비 빼드립니다.",10000,2025.08.11,30,0,1
217305655,중고나라,이사 정리,아마추어모델언니의 옷정리합니다./박스가득 넣어드려요./옷 없으신분들 옷장만 하세요. 이사준비로 옷장정리합니다.-무...,"📢 제목에 ""제조사/ 브랜드 명""과 “상품명”을 넣어 작성하면, 보다 빠른 판매가 가능합니다! 
📢 게시글 작성 시 배송 방법에 “직거래”와 “내 위치” 설정할 경우, 보다 빠른 판매가 가능합니다! 



안녕하세요.^^

결혼 전 아마추어 출사모델을 취미 삶아 해서 옷이 많아요.
큰언니.작은언니.동생까지 있어서 
내가 평소에 잘 안입게 되는 옷들이랑 불편한옷들, 안어울리는 옷들,
작아진 옷들등등 옷이 너무 많아서 최대한 옷을 정리합니다.

본인 상의 하의 싸이즈
(예시 -상의44.55.66 하의 24. 25.26.27등등)
좋아하는 스타일과 싫어하는 스타일
그리고 나잇대와 신발싸이즈 알려주시면 옷고르는데 참고 사항이 될 듯합니다.^^
전체적으로 정리를 위한 것이라
한가지 스타일만 원하시거나 한계절옷만 원하시는 것도 어렵습니다.

위에 싸이즈와 참고할 만한 사항들을 잘 적어주시면 
옷 정리하는데 참고할 수 있으니 상세하게 잘 적어서 문자나 쳇부탁드려요
100프로 만족시켜드리지 못하오니 
예민하신분이나 까다로우신분은 신중거래부탁드려요.

대신 한두벌에 만원 이만원 NO~NO~
기본 10이상이 기본~
사과박스만한 곳에 가득가득 넣어드리는 가격이 택배포함

기본이 25.000원(배송비포함)부터 100.000가능하시고

25.000ㅡ10벌이상
30000ㅡ15벌이상
40.000ㅡ20벌이상
50.000ㅡ25벌이상
60.000ㅡ30벌이상
70.000ㅡ35벌이상
80.000ㅡ40벌이상
90.000ㅡ45벌이상
100.000ㅡ50벌이상
5천원씩도(2벌정도)추가 가능하세요

딱 한계절만 정해서 보내드릴수는 없고요. 
어느정도 계절반영해서
기본 44~77까지 가능 다양하게 봄.여름.가을.겨울옷으로 챙겨드려요
옷 많이 없으신 여성분들 옷장만 하기 좋은 기회입니다.

예민x
반품 교환 환불 x
010-2421-1공공6으로 연락주세요. 





🚨회원님의 거래 게시글을 노린 중고나라 운영진 사칭 피싱 사이트를 주의하세요🚨",25000,2025.08.11,32,1,0
217268248,중고나라,이사 정리,피셔 케미칼앙카 일액형 FIS P 300T,"매장 정리하여, 재고 처분합니다.

완전 미사용/미개봉 새제품입니다.


재고 8개 있습니다.

2개 이상 구매하시면, 1개 외 배송비 빼드립니다.",4900,2025.08.11,104,2,0
217242968,중고나라,이사 정리,"[이사짐정리] 랜턴, 오라이트(Olight), 페닉스(Fenix), Apex20, i5R, 오펜(O'pen)","택티컬 랜턴(라이트)
 
1. Warrior X Turbo. 10
※ 조사거리 1km, 5회 이하 사용, 기존 구형케이블을 분실한 관계로 1.9만원 상당의 신형 MCC3 정품케이블로 보내 드립니다.

[판매완료]2. Warrior X3(5회 이하 사용)
 
[판매완료]3. Perun(미사용)
 
4. i3T EOS Titanium Damascus(미사용). 17
 
5. Olight O'pen Pro Zirconium Damascus(미사용). 19
※오라이트 코리아에서 국내 수입한 한정판 3자루 중 하나 
 
6. Olight O'pen Pro Titanium(미사용). 12.7
 
7. Olight O'pen2 Cu. 11.8
※국내 미발매 버전, 미국 BladeHQ에서 구입 
 
8. i5R Cu(미개봉) 6
 
9. i5R Ti(미사용,박스에 낙서 있음). 5.7

10. 페닉스(Fenix) Apex 20 Flow Blue(미사용). 12
페닉스 20주년 기념 한정모델 SN : 0599
티타늄바디, 760루멘, 레드라이트, 리튬폴리머 배터리, 로터리스위치
 

35만원 이상 구매시 파우치 증정

 
라이트 제품 특성상 작동여부 확인을 위해 부득이 개봉했지만 보관만 해 왔습니다.
복수 구매시 할인가능 합니다.
전문판매업자가 아닌 관계로 네이버 톡 실시간 답변은 어렵습니다.
문자문의 부탁드립니다.
 
공하나0-여섯둘8공-영공둘6",100000,2025.08.10,313,1,3
217240960,중고나라,이사 정리,"[이사짐정리] 분할판매 텍티컬 티타늄 펜 (벤치메이드, 마이크로텍, 레이돕스, 오라이트, Tenax)","텍티컬펜 15 자루 정리합니다.
사진 순서대로 설명 드립니다.
 
 
[판매완료]1. Benchmade 1100-16 Titanium Pen.
택티컬 티타늄 펜의 전범, 혹은 성배, smkw.com에서 마지막 남은 제품 구입
 
2. Benchmade 1120 Longhand Stainless Pen, 21
 
3. Lionsteel Nyala Damascus Pen, bronze glossy [NYSDTBRS]. 17
브론즈티타늄 사이에 다마스커스 스틸 튜브가 결합된 최상위 모델
(현재 카본파이버 튜브 버전만 판매중)
 
[판매완료]4. MaxKnives PEN8+ LE
프랑스 MaxKnives 제품으로 넥스토치 티타늄스피너 펜의 오리지널 모델, 단종된 한정판이며 현재 일반 모델이 위 가격대에 판매중, 고나이프에서 비닐패키지로 수입 (현재 포장은 없음)
 
5. Audacious Concept Tenax Titanium - Thunder Sky - Red Ring. 12
핀란드 Audacious Concept 사의 제품, 펜 끝에 축광식 야광(GITD) 인서트 삽입, 
Lamnia에서 구매
 
[판매완료]6. Audacious Concept Tenax Titanium - Stonewashed - Orange Ring
 
7. Audacious Concept Tenax Titanium - Aluminium - Orange Ring. 5
 
[판매완료]8. WE KNIFE Syrinx Blue-Ti Pen
 
[판매완료]9. Rovyvon Commander C10-Ti. 
 
[판매완료]10. Raidops TS TECH PEN PCM(플라즈마 카모).박스분실, 미사용
 
[판매완료]11. Halfbreed Blades TWI-02 Tactical Pen.
ICBM 미니트맨과 유사한 외형의 택티컬 펜, 스마트폰 터치 가능 
 
12. Olight O'pen Pro Titanium. 12
 
13. Olight O'pen Pro Zirconium Damascus. 19
오라이트 코리아에서 국내 수입한 한정판 3자루 중 하나 
 
14. Olight O'pen2 Cu. 10
국내 미발매 버전, 미국 BladeHQ에서 구입
 
[판매완료]15. [Microtech] Siphon2, Mini SpinTop Stonewash DLC Ti, Marfione Hustle Coin
 
 
전문판매자가 아닌 만큼 네이버 톡 보다는 아래 번호로 문자 부탁드립니다.
01공-육2팔0-영공둘여섯",10000,2025.08.10,87,1,0
213203713,중고나라,이사 정리,스폰지밥 집게리아 레고 /택포,"안녕하세요
아이에게 줄려고 구매하였습니다
구매하고 유투브에서 보니깐 ..
아이가 할수 잇는게 아닌거 같아서 판매 하게되었습니다 .

사진은 내용물입니다
배송이 갈때는 또다른 박스안에 포장에 되어 배달이
됩니당 든든합니다

배송비 포함 90.000 챙겨가세요
뜯지도 않았습니다

궁금사항잇으시면 톡 주십시오",90000,2025.08.10,143,3,6
216239675,중고나라,이사 정리,s21 울트라 256gb,"21 울트라
 
컴퓨터에서 로그로 배터리 효율 확인한 결과 98퍼 나왔습니다 
항상 배터리 제한 80퍼로 두고 써서 배터리 짱짱해요

사진보시면 깨진건 아니고 픽셀 나간거 조금 있는데 2년동안 아예 안번지고 별로 신경안쓰입니다 흑점같은거 아니에요
환불 네고 안전거래 불가능합니다 사진 잘 확인해주세요
택배는 +5천원 
직거래 조치원 지역에서 가능합니다",240000,2025.08.09,126,0,0
217149667,중고나라,이사 정리,대전)잘만 P30 어항케이스 판매합니다,"📢 제목에 ""제조사/ 브랜드 명""과 ""상품명(ex. 맥북 에어 13)”를 넣어 작성하면, 보다 빠른 판매가 가능합니다! 
📢 게시글 작성 시 배송 방법에 “직거래”와 “내 위치” 설정할 경우, 보다 빠른 판매가 가능합니다! 


부품각개로 판매중인 잘만P30케이스 판매합니다 부피때문에 택배는 어렵습니다 대전 천동에서 직거래 가능합니다



🚨회원님의 거래 게시글을 노린 중고나라 운영진 사칭 피싱 사이트를 주의하세요🚨",60000,2025.08.09,12,0,0
212479797,중고나라,이사 정리,영재오 확장플래시카드 완전 풀세트,"영재오 확장플래시카드 대략 50가지
공룡풀카2가지 ,자동차 풀카2가지,속담풀카,2가지
나라풀카3가지
곤충풀카7가지,한자풀카11가지,별자리행성풀카1가지,조류풀카3가지
강아지풀카1가지,고야이풀카1가지,세계명화풀카13가지
물고기풀카1가지,꽃풀카1가지,물건단위풀카7가지,영어풀카5가지
명사풀카,동사풀카,형용사풀카 그외에 더
많아요. 사용감 있는것도 있고 사용 안한것도 있습니다. 풀세트 판매 우선이고 내고 조금은 가능 합니다.
찔러보기는 사절입니다.
전체 1000천만원 정도 들었습니다.
사진을 전부 올리수가 없어서 문의 주시면
사진 전부 보내 드릴수 있습니다.
010-6505-3033",2000000,2025.08.08,347,1,2
217138354,중고나라,이사 정리,프라이탁 하파오 상태최상,"상태 최상, 실착 10회 미만이고 안팔리면 소장 예정일 정도로 모든 옷에 잘 어울렸습니다.

완전 블랙보다 어떤 코디에도 잘 어울렸고 보는 사람마다 색상 예쁘다고 해줬는데 소장품 정리위해서 내놓습니다..

사진으론 색상이 잘 표현이 안되는데 진 청녹? 진한 녹색이 가미되어있는 오묘한 색이고 타프도 매우 두꺼운 유광입니다. 공홈에서도 저런 타프는 구하기 힘들어요

제가 대전 전주를 왔다갔다해서 직거래는 문의 주시고,
택배는 무조건 선입금만 합니다. 거래내역 많아요

문자로 연락부탁드립니다. 010 삼삼오사 사칠오6",200000,2025.08.08,3,0,0
217129131,중고나라,이사 정리,대전)asus tuf rx6900xt 16g 판매합니다,25년6월에 as기간은 지났습니다 작년9월 리퍼받고 많이 사용하지않아 상태 좋습니다 대전 천동이나 남대전ic인근에서 직거래가능하고 그외 택배거래가능합니다,400000,2025.08.08,52,2,2
217129108,중고나라,이사 정리,우버밀크 2018,"2018년식 기센코리아 우버밀크 스팀기 입니다
수리를 완료한 상태로 보관되어 있습니다",2000000,2025.08.08,142,0,4
217005103,중고나라,이사 정리,요넥스 퍼셉트 97 310g 팝니다,"요넥스 퍼셉트 97, 310g, 16*19, 2그립 

상태는 양호합니다 

가격은 11만원 입니다.",100000,2025.08.08,69,1,1
216562765,중고나라,이사 정리,고야드 볼테르 가방,"고야드 볼테르 가방입니다
형이 선물해 준 가방으로 100프로 정품입니다
조치원 신안리 직거래 희망합니다

- 내부 이너백 증정
- 정품 크로스 스트랩 증정
- 구성품: 사진 구성품 참조 (그 외 없습니다)
- 손잡이 포함 전체적으로 상태 좋음 (2회 착용)",1499000,2025.08.08,166,0,0
217099859,중고나라,이사 정리,대전) 라이젠 7500F 판매합니다,"📢 제목에 ""제조사/ 브랜드 명""과 ""상품명(ex. 맥북 에어 13)”를 넣어 작성하면, 보다 빠른 판매가 가능합니다! 
📢 게시글 작성 시 배송 방법에 “직거래”와 “내 위치” 설정할 경우, 보다 빠른 판매가 가능합니다! 



사용하던 컴퓨터 각개로 판매합니다 24년 8월구매했습니다 늦게끝나는 직업이고 애들도 어려서 거의 사용을 안했습니다 대전 천동이나 남대전ic인근에서 직거래가능하고 그외 택배거래 가능합니다 노리턴 조건으로 안전결제 가능합니다 거래내역많으니 안심하시고 연락주세요



🚨회원님의 거래 게시글을 노린 중고나라 운영진 사칭 피싱 사이트를 주의하세요🚨",135000,2025.08.08,7,0,0
217099410,중고나라,이사 정리,대전) asrock b650m lightning 판매합니다,"📢 제목에 ""제조사/ 브랜드 명""과 ""상품명(ex. 맥북 에어 13)”를 넣어 작성하면, 보다 빠른 판매가 가능합니다! 
📢 게시글 작성 시 배송 방법에 “직거래”와 “내 위치” 설정할 경우, 보다 빠른 판매가 가능합니다! 


사용하던 컴퓨터 각개로 판매합니다 24년 8월구매 늦게끝나는 직업이고 애들도 어려서 거의 사용을 안했습니다 대전 천동이나 남대전ic인근에서 직거래가능하고 그외 택배거래 가능합니다 노리턴 조건으로 안전결제 가능합니다 거래내역많으니 안심하시고 연락주세요



🚨회원님의 거래 게시글을 노린 중고나라 운영진 사칭 피싱 사이트를 주의하세요🚨",100000,2025.08.08,34,0,0
217000841,중고나라,이사 정리,아이폰 SE2 화이트 풀박스 / 케이스 필름 포함,"- 아이폰 SE2 화이트 64GB
- 상태 매우 좋음
- 풀박스이고 강화유리와 투명 MagSafe 케이스 동봉
- 배터리 성능 상태 81% (실사용에 전혀 문제 없음)
- 네고 불가능, 택배비 별도",130000,2025.08.08,87,3,1
217086983,중고나라,이사 정리,소화기 받침대,"매장 정리하여, 재고 처분합니다.

완전 미사용/미개봉 새제품입니다.


재고 5개 있습니다.",800,2025.08.08,45,1,1
217086952,중고나라,이사 정리,소화기 3.3kg,"매장 정리하여, 재고 처분합니다.

완전 미사용/미개봉 새제품입니다.


재고 4개 있습니다.

2개 이상 구매하시면, 1개 외 배송비 빼드립니다.",10800,2025.08.08,142,4,4
217086816,중고나라,이사 정리,분말 자동 확산 소화기 3.0 브라켓 포함,"매장 정리하여, 재고 처분합니다.

완전 미사용/미개봉 새제품입니다.


재고 55개 있습니다.

2개 이상 구매하시면, 1개 외 배송비 빼드립니다.",13800,2025.08.08,78,1,4
217085509,중고나라,이사 정리,가슴장화 체스타 280mm,"매장 정리하여, 재고 처분합니다.

완전 미사용/미개봉 새제품입니다.


재고 2개 있습니다.

2개 이상 구매하시면, 1개 외 배송비 빼드립니다.",9200,2025.08.08,91,4,2
217085506,중고나라,이사 정리,가슴장화 체스타 275mm,"매장 정리하여, 재고 처분합니다.

완전 미사용/미개봉 새제품입니다.


2개 이상 구매하시면, 1개 외 배송비 빼드립니다.",9200,2025.08.08,64,2,1
217085493,중고나라,이사 정리,가슴장화 체스타 270mm,"매장 정리하여, 재고 처분합니다.

완전 미사용/미개봉 새제품입니다.


재고 2개 있습니다.

2개 이상 구매하시면, 1개 외 배송비 빼드립니다.",9200,2025.08.08,113,5,10
217085481,중고나라,이사 정리,가슴장화 체스타 260mm,"매장 정리하여, 재고 처분합니다.

완전 미사용/미개봉 새제품입니다.


재고 6개 있습니다.

2개 이상 구매하시면, 1개 외 배송비 빼드립니다.",9200,2025.08.08,169,4,12
217069614,중고나라,이사 정리,포렌 베개 팝니다.,"브랜드: POREN
 • 모델명: Eco-fluffy Original Pillow
 • 독일 브랜드 어워드 수상
 • 친환경 소재 및 투챔버 구조로 편안한 경추 지지
 • 숙면에 최적화된 구조로 수면 퀄리티 향상
베개 본품 및 커버도 같이 드립니다.
 
 
 
 
 
📢 제목에 ""제조사/ 브랜드 명""과 “상품명(ex. 4단 책장선반)”을 넣어 작성하면, 보다 빠른 판매가 가능합니다! 
📢 게시글 작성 시 배송 방법에 “직거래”와 “내 위치” 설정할 경우, 보다 빠른 판매가 가능합니다! 








🚨회원님의 거래 게시글을 노린 중고나라 운영진 사칭 피싱 사이트를 주의하세요🚨",80000,2025.08.07,18,0,0
217025157,중고나라,이사 정리,삼성 갤럭시북 이온 판매,"갤럭시 북 노트북 판매합니다.

i7-1051OU
16GB DDR4
1TB NVMe SSD
NVIDIA GeForce MX250
15인치, FHD QLED 광시야각, 600nit
1.26kg

실버 색상이고, i7 프로세서에 NVIDIA 그래픽 탑재되어 있습니다.

외관은 사진과 같이 깨끗합니다~

구성품은 노트북 본체, 충전잭입니다.

택배비 5천원입니다",400000,2025.08.07,56,1,1
217025038,중고나라,이사 정리,보쉬 S1022EHM 스텐용 컷쏘날,"매장 정리하여, 재고 처분합니다.

완전 미사용/미개봉 새제품입니다.",16400,2025.08.07,94,1,0
217025017,중고나라,이사 정리,한양테크 벅스킬러 HY-40W 살충기,"매장 정리하여, 재고 처분합니다.

완전 미사용/미개봉 새제품입니다.


재고 5개 있습니다.

2개 이상 구매하시면, 1개 외 배송비 빼드립니다.",29400,2025.08.07,34,0,0
217025003,중고나라,이사 정리,케이바 6인치 롱노즈 T-346,"매장 정리하여, 재고 처분합니다.

완전 미사용/미개봉 새제품입니다.


재고 3개 있습니다.

2개 이상 구매하시면, 1개 외 배송비 빼드립니다.",11700,2025.08.07,59,2,0
216994624,중고나라,이사 정리,QM6 신형로그 로장주 르노룩10종,"현금 할인가 10종 장착해드립니다
직거래 가능
지역 대전
방문장착하시는분께 코딩 무료
문의 010 팔팔26 26오삼",490000,2025.08.06,143,1,2
215495935,중고나라,이사 정리,국산 예초기날 100장 판매 전국 벌초작업하시는분들 환영,"긴말하지않겠습니다
국산예초기날 
회사는 대건금속 입니다
10개씩 저렇게 곽으로 되어있으면 큰 박스는 아래에 보이시죠?
100개씩 되어 있습니다
1박스에 17만원 택배비 만원(화물로 받으실분은 착불)도 가능합니다 대신화물출고됩니다
세금계산서 발급되시구요 부가세는 별도입니다
저희는 대전동구 낭월동에 위치하고 있습니다 연락주시면 친절하게 상담해드리겠습니다

 
 
 
 
 
📢 제목에 ""제조사/ 브랜드 명""과 ""기계명(ex. 전동 드라이버)”을 넣어 작성하면, 보다 빠른 판매가 가능합니다! 
📢 게시글 작성 시 배송 방법에 “직거래”와 “내 위치” 설정할 경우, 보다 빠른 판매가 가능합니다! 








🚨회원님의 거래 게시글을 노린 중고나라 운영진 사칭 피싱 사이트를 주의하세요🚨",170000,2025.08.05,124,5,5
216897743,중고나라,이사 정리,야마하r3사요,"카울상태 신경안씁니다

뼈대- 엔진 - 미션 - 전자계통 문제없음됩니다",1500000,2025.08.05,81,1,3
216711009,중고나라,이사 정리,1:18 다이캐스트 벤츠 파라곤 gls,"1:18 스케일의 풀오픈 다이캐스트 판매합니다. 
아끼면서 소장하던 제품들 중 이사준비로 중복되는 
제품들만 천천히 처분하려고 합니다. 
대전지역 직거래 혹은 파손면책 동의 시 우체국 택배거래로 진행합니다. 택배거래 시 뽁뽁이로 최대한 짱짱하게 포장해드리며 보내기전 사진으로 포장상태 공유해 드립니다. +5,000원 추가 됩니다. 
거래이력 많습니다. 
대전지역 직거래시 소정의 기름값정도는 빼드립니다. 

파라곤사의 마이바흐 gls600 다이캐스트 판매합니다.
 무게감있고 내부의 투톤인테리어가 매력적입니다.
웅장합니다.
다만 앞에 삼각별 엠블럼이 깔끔하게 떨어져나갔는데 
여분이 없어서 감안해서 저렴하게 판매합니다. 
여분 있으신분들께 추천드립니다. 
근데 워낙 깔끔하게 떨어져서 이대로도 자연스럽습니다
그외 다른 하자는 없습니다.",90000,2025.08.05,161,2,2
216897300,중고나라,이사 정리,9400f+h310+ddr4 8gb+딥쿨쿨러팝니다,"※ 램 2번째 슬롯 고장났습니다 꼭 참고해주세요
※ 먼지는 한번 청소했는데 남아있을 수 있습니다 참고해주세요

가족 컴퓨터를 4월에 교체하고 중고로 판다는걸 잊어먹고 있었네요

교체할때까지 문제없이 사용했습니다

직거래 가능하구요
배송비 4000원입니다
환불 불가능한 점 양해해주세요

같은 닉네임으로 번개장터에서도 판매 중입니다
후기, 별점도 좀 있어서 믿으실만할 거에요

궁금한거 있으시면 언제든지 톡주세요
감사합니다",95000,2025.08.05,19,0,1
216920955,중고나라,이사 정리,QM6 SM6 에어백커버,"QM6 SM6 호환가능
대전 직거래
무료 택배",55000,2025.08.05,190,3,4
216915541,중고나라,이사 정리,아르카나 리어레터링,"아르카나 리어래터링
19000 
택배비 4000
대전
직거래 택배가능
010 팔팔26 26오삼",19000,2025.08.05,34,0,1
216915128,중고나라,이사 정리,샷네비 에볼브 프로 워치형 울트라 터치 골프거리측정기,"1년전 딱 2번 사용했음 
구입당시385,000원에 구입함 
판매금액 22만원에 합니다",220000,2025.08.05,80,1,1
216915084,중고나라,이사 정리,"SM6,QM6 이니셜파리 스포츠패달","SM6,QM6 이니셜파리 스포츠패달
23000
무료배송
무료장착
010 팔팔26 26오삼",23000,2025.08.05,113,1,1
216250993,중고나라,이사 정리,[파격할인] 고퍼우드 전자드럼 X9 풀패키지,"고퍼우드 전자드럼 X9 세트 패드 풀패키지 굉장히 저렴하게 판매합니다.
현재 220만원에 판매하는 제품입니다.

구매한지 1년 정도 되었고, 모든 기능 정상 작동합니다.

내장된 소리가 좋고, 민감도 센서를 통해 사용자에 맞게 커스텀할 수 있습니다.
외관과 구성이 가격대비 매우 뛰어납니다.

기본 구성은,
스네어, 탐탐 3개, 킥드럼, 킥패달, 하이헷 세트, 심벌 패드 2개, 라이드 패드 1개, 하드웨어 일체

심벌 한개는 정상 작동하나 약간 함몰이 있어요.

대신 기본 세트 외 추가 구성품이 있어요.
하이헷 패드 세트
심벌 패드 2개
탐탐, 스네어, 킥에 쓸 수 있는 센서 2개(1개 더 있을텐데, 찾아봐야해요.)

구성 보시면 아시겠지만, 빠른 판매를 위해 저렴하게 올려 놓습니다.

구매는 세종시 조치원에 직접오셔서 구매하셔야하고,
구매는 일요일 오후, 월요일이나 목요일에 판매합니다.
일정은 조율하시죠.

자세한 부분은 사진을 참고하세요. 연락주세요. 소리가 궁금하시면 연주 영상 보내드릴게요.
드럼은 상황에 따라 가져가실 수 있게 미리 해체시켜 놓을 수 있습니다.",1390000,2025.08.05,174,4,0
216914850,중고나라,이사 정리,"SM6,QM6 르노 앰블럼 2개셋","QM6,SM6 르노앰블럼 2개셋
8000원
택배비 4000",8000,2025.08.05,23,0,0
216914614,중고나라,이사 정리,QM6 리어앰블럼,"QM6 리어앰블럼
크롬,블랙 유광
개당 1만원
택배비 4천원",10000,2025.08.05,24,0,0
216913675,중고나라,이사 정리,소형 르노 앰블럼,"소형 르노 앰블럼
4000원
택배비 4000원
대전
010 팔팔26 26오삼",4000,2025.08.05,25,0,0
216913338,중고나라,이사 정리,RS 앰블럼,"SM6,QM6 RS앰블럼
레드×블랙
택배비 4000
대전
010 팔팔26 26오삼",10000,2025.08.05,26,0,0
216904998,중고나라,이사 정리,유니허츠 탱크 미니,"유니허츠 탱크 미니 
- 캠프 라이트, 거리 측정 기능 有 캠핑용으로 좋습니다.
- 정품 실리콘 케이스 포함입니다. (3만원에 구매)
- 정품 충전기 포함 풀박스입니다.
- 25만원 네고 불가능합니다. 택배비 별도",250000,2025.08.05,43,1,1
216899507,중고나라,이사 정리,주택분전함 조립 50A5회로,"매장 정리하여, 재고 처분합니다.

완전 미사용/미개봉 새제품입니다.",29000,2025.08.05,47,0,0
216899479,중고나라,이사 정리,회로함 5P,"매장 정리하여, 재고 처분합니다.

완전 미사용/미개봉 새제품입니다.


재고 4개 있습니다.

2개 이상 구매하시면, 1개 외 배송비 빼드립니다.",5300,2025.08.05,24,0,0
216899469,중고나라,이사 정리,회로함 3P,"매장 정리하여, 재고 처분합니다.

완전 미사용/미개봉 새제품입니다.


재고 8개 있습니다.

2개 이상 구매하시면, 1개 외 배송비 빼드립니다.",4900,2025.08.05,27,1,0
216899466,중고나라,이사 정리,회로함 2P,"매장 정리하여, 재고 처분합니다.

완전 미사용/미개봉 새제품입니다.


재고 4개 있습니다.

2개 이상 구매하시면, 1개 외 배송비 빼드립니다.",3100,2025.08.05,21,0,0
216899450,중고나라,이사 정리,회로함 1P,"매장 정리하여, 재고 처분합니다.

완전 미사용/미개봉 새제품입니다.


재고 27개 있습니다.

2개 이상 구매하시면, 1개 외 배송비 빼드립니다.",800,2025.08.05,25,1,0
216899070,중고나라,이사 정리,하이박스 150*200*100,"매장 정리하여, 재고 처분합니다.

완전 미사용/미개봉 새제품입니다.


재고 11개 있습니다.

2개 이상 구매하시면, 1개 외 배송비 빼드립니다.",4900,2025.08.05,41,0,2
216899055,중고나라,이사 정리,하이박스 100*150*110,"매장 정리하여, 재고 처분합니다.

완전 미사용/미개봉 새제품입니다.


재고 20개 있습니다.

2개 이상 구매하시면, 1개 외 배송비 빼드립니다.",3500,2025.08.05,23,1,1
216899031,중고나라,이사 정리,신성계전 전기타이머 SST-20SD 디지털타임스위치,"매장 정리하여, 재고 처분합니다.

완전 미사용/미개봉 새제품입니다.


재고 8개 있습니다.

2개 이상 구매하시면, 1개 외 배송비 빼드립니다.",21000,2025.08.05,27,1,0
216898974,중고나라,이사 정리,신성계전 전기타이머 SST-16RPS 4단자 충전식,"매장 정리하여, 재고 처분합니다.

완전 미사용/미개봉 새제품입니다.


재고 41개 있습니다.

2개 이상 구매하시면, 1개 외 배송비 빼드립니다.",11000,2025.08.05,36,1,2
216887997,중고나라,이사 정리,갤럭시 폴드6 256g 네이비,,900000,2025.08.04,32,0,0
193592666,중고나라,이사 정리,Tattu-R-Line 5.0 V5 1400m6s3개,,145000,2025.08.04,115,0,0
216862891,중고나라,이사 정리,아마추어모델언니의 옷정리합니다./박스가득 넣어드려요./옷 없으신분들 옷장만 하세요. 이사준비로 옷장정리합니다.-무...,,25000,2025.08.04,29,0,0
216839104,중고나라,이사 정리,펜피아3000 스프링노트,"매장 정리하여, 재고 처분합니다.

완전 미사용/미개봉 새제품입니다.",1000,2025.08.04,59,2,1
216829855,중고나라,이사 정리,데로사 838,"DE ROSA 838 로드 자전거 판매합니다
상태는 사진과 같습니다

데로사 838 팝니다!

휠셋 : DT ARC 1100 (180허브)
구동계 : 울테그라 di2 12단 듀라에이스 양발형 파워미터 170mm 업글
스템/핸들바 : 풀 인터널 fsa 경량 카본 핸들바 410 
 스템 90mm
안장 : 스페셜라이즈드 파워 익스퍼트 미러 3d내장
 
* 클릿페달 제외

쿨거래 네고 가능",5300000,2025.08.03,231,1,0
213182211,중고나라,이사 정리,이사정리/호주산 물방울 크리스탈 대략3cm 개당가격,"35년전 엄마께서 강남에서도 제일 고급 제품만 파는 기린 건축 인테리어 백화점에서 구입.
당시 가격 샹들리에 와 식탁등을 320만 주셨다고합니다.
리폼하려고 떼어 놓은것중 일부 판매.
조명 판매점에서 요즘은 호주산 비싸서 구하기도 어렵고 단가가 안맞는답니다.
다 중국산. 원산지 새겨진건 아니지만 그냥 보시기만해도 반짝임이 영롱하죠.

썬캐쳐나, 조명에 추가로 몇개 달아놓아도 무지개색 쫙 퍼지면서 너무예뻐요.
*개당가격!!!!!! 120 개있음.
* 대략 옆면크기 3cm

*******사용하던 것이므로 모서리 스크레치, 있어요.
10개 이상 하시는분 네고 가능.
구할수없는 제품이라 안팔리면 리폼할꺼라 무리한 네고는 죄송합니다.
전체 다하셔서 샹들리에 만드시면 포인트 쓰시라고 2배정도 큰볼 증정합니다

반값택배 (구매자부담 1800원), 택배(구매자부담3500) 
근무중 바로답 못드릴수 있으니 양해바랍니다.",2500,2025.08.03,33,0,0
216784743,중고나라,이사 정리,2024 예거 아스펜7 29인치 mtb,"📢 제목에 ""제조사/ 브랜드 명""과 ""상품명”를 넣어 작성하면, 보다 빠른 판매가 가능합니다! 
📢 게시글 작성 시 배송 방법에 “직거래”와 “내 위치” 설정할 경우, 보다 빠른 판매가 가능합니다! 
시마노 12단 데오레
유압 디스크 브레이크

1500루멘 광량조절 전조등
속도감지 브레이크 후미등
5자리 자물쇠
탑튜브 자전거 가방
지오이드 gps기반 네비게이션 속도계
자전거 XL사이즈 헬멧
뒷드레일러에 까짐, 안장 가죽 살짝 찢어짐
대전 직거래만 합니다.
오셔서 확인 해보고 구매하세요

네고 안해드림.
문자주세요







🚨회원님의 거래 게시글을 노린 중고나라 운영진 사칭 피싱 사이트를 주의하세요🚨",650000,2025.08.03,122,1,0
216780361,중고나라,이사 정리,asus tuf 6800xt,,450000,2025.08.03,157,2,2
216767408,중고나라,이사 정리,만물가전기기 이사저가정리해요,"📢 제목에 ""제조사/ 브랜드 명""과 ""상품명(ex. 3000시리즈 전동 면도기)”을 넣어 작성하면, 보다 빠른 판매가 가능합니다! 
📢 게시글 작성 시 배송 방법에 “직거래”와 “내 위치” 설정할 경우, 보다 빠른 판매가 가능합니다! 








🚨회원님의 거래 게시글을 노린 중고나라 운영진 사칭 피싱 사이트를 주의하세요🚨
미사용제이슨 무선선풍기------만5천원
1,미사용신품 슈나이더 전동드릴과 체인톱세트---8만원
2,스트로만 리모콘서큐레이터(신품)---4만원
3,티비,모니터거치대 미사용품 ---3만원
4.미확인 전동드라이브---만5천원


존재하지 않는 이미지입니다.
존재하지 않는 이미지입니다.
존재하지 않는 이미지입니다.


신일냉풍기----7만원

신일선풍기---5만원

빈티지신일선풍기---9만원

미사용전동드릴,톱셋트--8만원





안심번호주세요





일본산수이 인티앰프 
au-707i 130와트----90만원----외산스피커와교환가능

삼성시디카세트--10만원

흰색아하미니카세트--3만원

소니라디오---12만원
테크닉스5시디피---25만
삼성턴테이블--10만원
아이와북셀프스피커 그릴망무---8만원
파오니아엘디피기기--50만원

쿼즈와일전자피아노 마크10----오됴기기랑교환합니다
엘지42인치티비----십만원
냉풍기--7만원

빈티지금성티비---2십만원
선풍기히터--2만5천원
대구직거래가능 택배가 
이사정리합니다 안심번호주세요",111111,2025.08.02,14,0,0
215162563,중고나라,이사 정리,갤럭시 S25 울트라 512GB 512기가 자급제,"• 상품명:
Galaxy S25 Ultra 512GB

• 구성품:
풀박스, 충전기 케이블

• 설명:
자급제폰이므로 유심만 끼워 사용하시면 됩니다.
업데이트 꾸준히 하는 중입니다.

다른 사진 요청 가능합니다. 삼성 케어 플러스 미가입.

• 하자 여부:
없습니다",1200000,2025.08.02,328,2,3
216759365,중고나라,이사 정리,"버드와이저 중고 볼링공 15p. 가방, 볼링화265","빈티지 버드와이저 볼링공(하드볼) 15lb. 
브런스윅 볼링백
Sportster 볼링슈즈 265 
빈티지 특성상 사용감 있습니다. 사진 참고 부탁드려요.
직거래 희망합니다.",60000,2025.08.02,236,3,0
216751024,중고나라,이사 정리,다이슨 온트랙 헤드폰 미개봉,,320000,2025.08.02,70,0,0
216741261,중고나라,이사 정리,"닌텐도 스위치 라이트, 포켓몬 소드","닌텐도 스위치 라이트 기기

스컬앤코 전용케이스

포켓몬스터 소드 알칩

일괄 11만에 오늘만 팝니다

안팔리면 소장할 예정입니다

충전기는 없고 그냥 c타입으로 충전하시면 됩니다

Gs25 택배
반택 2천원 추가
택포 4천원 추가",110000,2025.08.02,101,3,1
216713461,중고나라,이사 정리,포켓몬스터 바이올렛 합본 제로의 비보,"동봉된 몬스터볼 100개 코드 포함이나
안쓴거같은데 확실하지는 않습니다 참고하세요

gs 편의점 택배

반택 2천원 추가
택포 3천5백원 추가",78000,2025.08.01,75,0,1
216323915,중고나라,이사 정리,(거의 새폰) 폴드6 512g 화이트,"삼성 갤럭시 폴드6 화이트 (삼성 단독 컬러) 자급제 512GB

용도 : 업무용 세컨폰

실 사용기간 : 매일 1분 이내 3개월 (출근 QR코드 촬영용)

상태 : 새상품과 동일, 풀박스

하자 : 일절 전혀 없음, 실외로 폰을 들고 나간적이 없음

25.08.01 배터리 새제품으로 교체 완료했습니다.
서비스센터 의견 : 완전 새상품입니다.

남들이 쥐락펴락 오랜기간 사용한 중고보다, 
회사 사무실 서랍에 모셔졌던, 사용감 거의 없는 이 제품 추천합니다.

직거래 선호합니다.

연락처 : 공10 - 77이3 - 오 하나 6 4",1150000,2025.08.01,63,0,2
216706973,중고나라,이사 정리,갤럭시 북3Pro [NT960XFG-K71AG] 팝니다.,"제품명 :갤럭시 북3Pro [NT960XFG-K71AG]
색상 : 그레이
사이즈 : 16
가격 : 90

CPU : 13th Gen Intel(R) Core(TM) i7-1360
메모리 : 16GB
디스크 : SAMSUNG MZVL2512HCJQ-00B
GPU : Intel(R) Iris(R) Xr Graphics

보호필름, 케이스 모두 부착되어있으며 상태 좋습니다. 
궁금한 사항은 문의부탁드립니다.
직거래는 대전 낭월동만 가능합니다.


보호필름, 케이스 모두 부착되어있으며 상태 좋습니다. 
궁금한 사항은 문의부탁드립니다.
직거래는 대전 낭월동만 가능합니다.
 
 
 
 
 
📢 제목에 ""제조사/ 브랜드 명""과 ""상품명(ex. 맥북 에어 13)”를 넣어 작성하면, 보다 빠른 판매가 가능합니다! 
📢 게시글 작성 시 배송 방법에 “직거래”와 “내 위치” 설정할 경우, 보다 빠른 판매가 가능합니다! 








🚨회원님의 거래 게시글을 노린 중고나라 운영진 사칭 피싱 사이트를 주의하세요🚨",900000,2025.08.01,40,0,0
216694876,중고나라,이사 정리,1:18 다이캐스트 교쇼 혼다 nsx 판매,"1:18 스케일의 풀오픈 다이캐스트 판매합니다. 
아끼면서 소장하던 제품들 중 이사준비로 중복되는 제품들만 천천히 처분하려고 합니다. 
거래이력 많습니다. 

교쇼 1:18 다이캐스트 혼다 nsx모델입니다.
잘 아시겠지만 동양 최고의 스포츠카 중 하나입니다. 아래 유튜브 링크 참조바랍니다. 
https://youtu.be/IUY9hiX7A-Q?si=s7oq04mzSazA5ALo

아무래도 연식이 연식이다 보니 사진처럼 곳곳에 세월의 흔적들이 있고, 특히 사이드미러 연결부위 도장은 눈에 띄게 까지긴 했습니다.
하지만 도장트러블이나 파손은 없습니다. 
묵직한 무게감에 미드십엔진, 팝업등의 재현이 꽤나 매력적입니다. 
나온지 30년이 넘은 차인만큼 세월감이 다이캐스트에 구현 되었다 생각하고 구매하시면 좋을것 같습니다. 원하시면 사진의 메탈액자도 함께 드립니다. 
박스가 없고 워낙 연식이 있는 모델이다 보니 파손되면 가슴이 아플것 같아서 당분간은 대전지역
직거래로 진행하고자 합니다. 대전지역내에서 최대한 거리 맞춰서 만나면 좋을것 같습니다. 추가적으로 만약 남대전ic 인근 저희동네 무인카페로 와주신다면 소정의 기름값정도 네고해 드립니다. 
직거래 가능하신분만 연락부탁드립니다.
감사합니다.",100000,2025.08.01,53,0,1
216679945,중고나라,이사 정리,배선차단기 TEB-102 2P 100A,"매장 정리하여, 재고 처분합니다.

완전 미사용/미개봉 새제품입니다.


재고 4개 있습니다.

2개 이상 구매하시면, 1개 외 배송비 빼드립니다.",12000,2025.08.01,59,1,1
216668287,중고나라,이사 정리,2024 예거 아스펜7 29인치 mtb,"📢 제목에 ""제조사/ 브랜드 명""과 ""상품명”를 넣어 작성하면, 보다 빠른 판매가 가능합니다! 
📢 게시글 작성 시 배송 방법에 “직거래”와 “내 위치” 설정할 경우, 보다 빠른 판매가 가능합니다! 
시마노 12단 데오레
유압 디스크 브레이크

1500루멘 광량조절 전조등
속도감지 브레이크 후미등
5자리 자물쇠
탑튜브 자전거 가방
지오이드 gps기반 네비게이션 속도계
자전거 XL사이즈 헬멧
뒷드레일러에 까짐, 안장 가죽 살짝 찢어짐
대전 직거래만 합니다.
오셔서 확인 해보고 구매하세요

네고 안해드림.
문자주세요







🚨회원님의 거래 게시글을 노린 중고나라 운영진 사칭 피싱 사이트를 주의하세요🚨",650000,2025.08.01,68,0,0
216666791,중고나라,이사 정리,배선차단기 TCB-53 3P 50A,"매장 정리하여, 재고 처분합니다.

완전 미사용/미개봉 새제품입니다.


재고 5개 있습니다.

2개 이상 구매하시면, 1개 외 배송비 빼드립니다.",14900,2025.08.01,40,0,0
216666733,중고나라,이사 정리,배선차단기 TB-32b 2P 30A,"매장 정리하여, 재고 처분합니다.

완전 미사용/미개봉 새제품입니다.


재고 17개 있습니다.

2개 이상 구매하시면, 1개 외 배송비 빼드립니다.",2900,2025.08.01,18,0,0
216666700,중고나라,이사 정리,배선차단기 TB-32 2P 20A 5개입,"매장 정리하여, 재고 처분합니다.

완전 미사용/미개봉 새제품입니다.


재고 9개 있습니다.

2개 이상 구매하시면, 1개 외 배송비 빼드립니다.",11200,2025.08.01,33,0,0
216666667,중고나라,이사 정리,누전차단기 TBE-53 3P 50A,"매장 정리하여, 재고 처분합니다.

완전 미사용/미개봉 새제품입니다.


재고 7개 있습니다.

2개 이상 구매하시면, 1개 외 배송비 빼드립니다.",19500,2025.08.01,49,1,3
216662944,중고나라,이사 정리,루이비통 다미에 에벤 사라 월릿,"사용감 적음
택배비 포함 100,000
문의사항 있으면 사진 더 찍어드려요",50000,2025.08.01,37,1,0
216019630,중고나라,이사 정리,메가하우스 미니그랑죠 세트 특전 포함 판매합니다.,"안녕하세요.
메가하우스에서 나온 미니그랑죠 3종 세트 특전 포함 미개봉품 판매합니다.
3종 세트로 판매하며, 세종 조치원 직거래, 그 외 지역 택배거래 가능합니다.
택배거래 시 5천원 추가됩니다.
구매하실분은 01041351037 문자 또는 채팅 부탁드립니다.
감사합니다.",120000,2025.07.31,54,1,1
214455520,중고나라,이사 정리,아반떼MD 벨로스터FS 뉴i30 i30신형 튜익스 순정,아반떼MD 벨로스터FS 뉴i30 i30신형 튜익스 H&R스프링 순정스프링 독일제조,140000,2025.07.31,99,2,1
214454781,중고나라,이사 정리,[이벤트] 아반떼AD i30PD 벨로스터JS 차량용 튜,[이벤트] 아반떼AD i30PD 벨로스터JS 차량용 튜익스 리어쇼바 - 무료배송,150000,2025.07.31,127,0,0
216650590,중고나라,이사 정리,침대형 의자,"이사가서 싸게 판매합니다!

2개는 하자 없이 잘 사용했고 1개는 온열방석으로 인한 줄무늬 변색있습니다

방석깔고 사용해서 깨끗하게 사용했습니다!

하자x 의자 5만원
줄무늬 변색 의자 4만원

직접 가지러 오셔도 되고 
1개당 가격 만원 추가하면 배송해드립니다!",50000,2025.07.31,47,0,1
216642016,중고나라,이사 정리,2024 예거 아스펜7 29인치 mtb,"📢 제목에 ""제조사/ 브랜드 명""과 ""상품명”를 넣어 작성하면, 보다 빠른 판매가 가능합니다! 
📢 게시글 작성 시 배송 방법에 “직거래”와 “내 위치” 설정할 경우, 보다 빠른 판매가 가능합니다! 
시마노 12단 데오레
유압 디스크 브레이크

1500루멘 광량조절 전조등
속도감지 브레이크 후미등
5자리 자물쇠
탑튜브 자전거 가방
지오이드 gps기반 네비게이션 속도계
자전거 XL사이즈 헬멧
뒷드레일러에 까짐, 안장 가죽 살짝 찢어짐
오셔서 확인 해보고 구매하세요

네고 안해드림.
문자주세요







🚨회원님의 거래 게시글을 노린 중고나라 운영진 사칭 피싱 사이트를 주의하세요🚨",650000,2025.07.31,38,0,0
216616230,중고나라,이사 정리,구명조끼 판매,"📢 제목에 ""제조사/ 브랜드 명""과 ""상품명”를 넣어 작성하면, 보다 빠른 판매가 가능합니다! 
📢 게시글 작성 시 배송 방법에 “직거래”와 “내 위치” 설정할 경우, 보다 빠른 판매가 가능합니다! 








🚨회원님의 거래 게시글을 노린 중고나라 운영진 사칭 피싱 사이트를 주의하세요🚨 

선상낚시용 구명조끼
MJ 피닉스 자동평창식 구명조끼
사진참고
구매후 2년 사용 
대전 직거래 가능
택배비포함 5만",50000,2025.07.31,28,0,0
215772095,중고나라,이사 정리,조텍 gtx 1060 앰프 에디션 그래픽카드 팝니다,"오로지 게임용 사무용으로만 사용한 제품입니다

가족 컴퓨터를 4월에 교체하고 중고로 판다는걸 잊어먹고 있었네요

교체할때까지 문제없이 사용했습니다

직거래 가능하구요
배송비 별도 5천원입니다
cu gs도 픽업 가능하구요 배송비는 4천원 입니다
환불 불가능한 점 양해해주세요

같은 닉네임으로 번개장터에서도 판매 중입니다
후기, 별점도 좀 있어서믿으실만할 거에요

궁금한거 있으시면 언제든지 톡주세요
감사합니다",80000,2025.07.30,201,2,0
216599952,중고나라,이사 정리,라임이어스 프네우마v2 신품급 팝니다,"24년11월 구입한
라임이어스 프네우마v2 하이엔드 이어폰 신품급입니다
구성품 모두 있으며, 상급기 영입으로 판매합니다.
하자없이 신품급으로 깨끗합니다.

이어폰의 자세한 스펙은 아래 링크 참고바랍니다.
(또는 네이버검색창에서 ""라임이어스 프네우마"" 검색)
http://ssg.li/sMpelC02hQ",1480000,2025.07.30,5,0,0
212294773,중고나라,이사 정리,현대 V2L 커넥터(외부),"현대 V2L 커넥터입니다
캠핑이나 외부에서 전기를 사용해야 할 때 유용해요
필요하신 분 채팅 주세요!",100000,2025.07.30,63,0,0
212020613,중고나라,이사 정리,,"저장공간 512GB
램 12GB

• 구성품 :
기기, 케이스 (원하시면 드립니다)

• 설명 :
상태 S급
쿨거래 시 약간의 네고 가능합니다. 배송비 포함 42만원에 올립니다

• 하자 여부 :
우측 하단 작은 멍
액정 깨짐 없음 / 터치 이상 없음 / 카메라 이상 없음 / 기능 이상 없음
핸드폰 사용감은 사진에 나온 정도의 잔기스",363000,2025.07.30,503,2,1
208421776,중고나라,이사 정리,미쓰도요 인디게이터,ㅍㅍㅍㅍㅍㅍㅍㅍㅍㅍㅍㅍㅍㅍ,55000,2025.07.30,140,2,1
216521552,중고나라,이사 정리,누전차단기 TBE-32 2P 20A 5개입,"매장 정리하여, 재고 처분합니다.

완전 미사용/미개봉 새제품입니다.


낱개 아니고, 1박스에 5개입니다.",30000,2025.07.29,54,0,0
216521358,중고나라,이사 정리,누전차단기 TBE-32 고감도형 2P 20A 5개입,"매장 정리하여, 재고 처분합니다.

완전 미사용/미개봉 새제품입니다.


낱개 아니고, 1박스에 5개입니다.",30000,2025.07.29,28,0,0
216521072,중고나라,이사 정리,누전차단기 TBE-104N 4P 30A,"매장 정리하여, 재고 처분합니다.

완전 미사용/미개봉 새제품입니다.


재고 2개 있습니다.

2개 이상 구매하시면, 1개 외 배송비 빼드립니다.",32300,2025.07.29,47,0,1
216520038,중고나라,이사 정리,미주 전등선 30M 10분기 카바포함 오징어줄,"매장 정리하여, 재고 처분합니다.

완전 미사용/미개봉 새제품입니다.


재고 2개 있습니다.

2개 이상 구매하시면, 1개 외 배송비 빼드립니다.",34800,2025.07.29,66,0,0
216519776,중고나라,이사 정리,미주 MJM CPK-1520 20M 2구 누전차단형,"매장 정리하여, 재고 처분합니다.

완전 미사용/미개봉 새제품입니다.


재고 3개 있습니다.

2개 이상 구매하시면, 1개 외 배송비 빼드립니다.",48300,2025.07.29,18,0,0
216519422,중고나라,이사 정리,미주 MJM CPE 15M 2구 과부하차단,"매장 정리하여, 재고 처분합니다.

완전 미사용/미개봉 새제품입니다.


재고 2개 있습니다.

2개 이상 구매하시면, 1개 외 배송비 빼드립니다.",36700,2025.07.29,32,0,0
216517616,중고나라,이사 정리,미주 MJM C2550 2.5코드선 50M,"매장 정리하여, 재고 처분합니다.

완전 미사용/미개봉 새제품입니다.


재고 2개 있습니다.

2개 이상 구매하시면, 1개 외 배송비 빼드립니다.",89500,2025.07.29,23,0,0
216516591,중고나라,이사 정리,미주 MJM C2520 2.5코드선 20M,"매장 정리하여, 재고 처분합니다.

완전 미사용/미개봉 새제품입니다.",45900,2025.07.29,13,0,0
216516040,중고나라,이사 정리,미주 MJM C1550 2구콘센트 노랑 50M,"매장 정리하여, 재고 처분합니다.

완전 미사용/미개봉 새제품입니다.",54000,2025.07.29,30,1,0
216515117,중고나라,이사 정리,미주 MJM C1530 3구콘센트 노랑 30M,"매장 정리하여, 재고 처분합니다.

완전 미사용/미개봉 새제품입니다.


재고 4개 있습니다.

2개 이상 구매하시면, 1개 외 배송비 빼드립니다.",47800,2025.07.29,26,1,0
216514815,중고나라,이사 정리,미주 MJM C1530 2구콘센트 노랑 30M,"매장 정리하여, 재고 처분합니다.

완전 미사용/미개봉 새제품입니다.


재고 5개 있습니다.

2개 이상 구매하시면, 1개 외 배송비 빼드립니다.",46100,2025.07.29,17,0,0
216514462,중고나라,이사 정리,미주 MJM C1520 3구콘센트 노랑 20M,"매장 정리하여, 재고 처분합니다.

완전 미사용/미개봉 새제품입니다.


재고 6개 있습니다.

2개 이상 구매하시면, 1개 외 배송비 빼드립니다.",36700,2025.07.29,22,1,0
216514151,중고나라,이사 정리,미주 MJM C1510 3구콘센트 노랑 10M,"매장 정리하여, 재고 처분합니다.

완전 미사용/미개봉 새제품입니다.


재고 3개 있습니다.

2개 이상 구매하시면, 1개 외 배송비 빼드립니다.",25000,2025.07.29,22,1,0
216513953,중고나라,이사 정리,미주 MJM C1510 2구콘센트 노랑 10M,"매장 정리하여, 재고 처분합니다.

완전 미사용/미개봉 새제품입니다.


재고 7개 있습니다.

2개 이상 구매하시면, 1개 외 배송비 빼드립니다.",23100,2025.07.29,30,0,0
216511995,중고나라,이사 정리,TON 부품함(오렌지) TON18-1 멀티박스,"매장 정리하여, 재고 처분합니다.

완전 미사용/미개봉 새제품입니다.


재고 3개 있습니다.

크기 : 300×145×330
칸수 : 총 18칸",21300,2025.07.29,33,2,0
205458850,중고나라,이사 정리,마끼다스킬KS514D,"마끼다 5인치 충전베터리 원형톱 입니다.
사용하려고 구입했는데 저한테는 맞지않네요..
구입금액은 관세 포함38만원에 구입했습니다.
사용흔적은 있어요
사용하실분 구매해가세요.
010 9245 4766",260000,2025.07.29,256,7,2
215312893,중고나라,이사 정리,이엠텍 XENON 지포스 RTX 3090 TURBO JET OC D6X 24GB,"📢 제목에 ""제조사/ 브랜드 명""과 ""상품명(ex. 맥북 에어 13)”를 넣어 작성하면, 보다 빠른 판매가 가능합니다! 
📢 게시글 작성 시 배송 방법에 “직거래”와 “내 위치” 설정할 경우, 보다 빠른 판매가 가능합니다! 


이엠텍 XENON 지포스 RTX 3090 TURBO JET OC D6X 24GB 팝니다.

중고 컴퓨터 살때 달려있던것이고 잘 작동합니다.

as는 끝난것으로 압니다.

그래픽카드 단품입니다.

대전 직거래 나머지 지역 택배거래합니다.

문자 부탁드립니다.







🚨회원님의 거래 게시글을 노린 중고나라 운영진 사칭 피싱 사이트를 주의하세요🚨",880000,2025.07.29,190,0,2
216480902,중고나라,이사 정리,동공앙카 SPT1 타공10mm 최대작업12mm 100개,"매장 정리하여, 재고 처분합니다.

완전 미사용/미개봉 새제품입니다.


재고 2개 있습니다.

2개 이상 구매하시면, 1개 외 배송비 빼드립니다.",2300,2025.07.29,100,1,1
216480845,중고나라,이사 정리,Anex 마그넷캐치 408 자화기,"매장 정리하여, 재고 처분합니다.

완전 미사용/미개봉 새제품입니다.


2개 이상 구매하시면, 1개 외 배송비 빼드립니다.",5900,2025.07.29,47,3,1
216480706,중고나라,이사 정리,알덴 육만조 60000# P.A.T,"매장 정리하여, 재고 처분합니다.

완전 미사용/미개봉 새제품입니다.


재고 6개 있습니다.

2개 이상 구매하시면, 1개 외 배송비 빼드립니다.

스패너로 조일 수 있는 그라인더 만조입니다.",5000,2025.07.29,25,1,0
216480297,중고나라,이사 정리,만능 스크래퍼 450,"매장 정리하여, 재고 처분합니다.

완전 미사용/미개봉 새제품입니다.


재고 2개 있습니다.

2개 이상 구매하시면, 1개 외 배송비 빼드립니다.",9800,2025.07.29,48,1,1
216480189,중고나라,이사 정리,11-6 햇살가득 고급 롱 파리채,"매장 정리하여, 재고 처분합니다.

완전 미사용/미개봉 새제품입니다.


재고 248개 있습니다.

2개 이상 구매하시면, 1개 외 배송비 빼드립니다.",1000,2025.07.29,16,0,0
216480156,중고나라,이사 정리,동공앙카 SPT2 타공10mm 최대작업18mm 100개,"매장 정리하여, 재고 처분합니다.

완전 미사용/미개봉 새제품입니다.


재고 3개 있습니다.

2개 이상 구매하시면, 1개 외 배송비 빼드립니다.",3300,2025.07.29,33,2,1
216480084,중고나라,이사 정리,디월트 DCD/DCF 자석비트홀더 충전드릴/임팩용,"매장 정리하여, 재고 처분합니다.

완전 미사용/미개봉 새제품입니다.",8100,2025.07.29,26,0,1
216479843,중고나라,이사 정리,신와 형광실 0.5mm 500M 칼날부착 S-78481,"매장 정리하여, 재고 처분합니다.

완전 미사용/미개봉 새제품입니다.


재고 9개 있습니다.",9800,2025.07.29,17,2,0
216479372,중고나라,이사 정리,어윈 8인치 바이스그립 8R 철판 용접,"매장 정리하여, 재고 처분합니다.

완전 미사용/미개봉 새제품입니다.


재고 3개 있습니다.

2개 이상 구매하시면, 1개 외 배송비 빼드립니다.",22900,2025.07.29,56,1,1
216446078,중고나라,이사 정리,아디다스 아디제로 보스턴13,"📢 제목에 ""제조사/ 브랜드 명""과 ""상품명”를 넣어 작성하면, 보다 빠른 판매가 가능합니다! 
📢 게시글 작성 시 배송 방법에 “직거래”와 “내 위치” 설정할 경우, 보다 빠른 판매가 가능합니다! 








🚨회원님의 거래 게시글을 노린 중고나라 운영진 사칭 피싱 사이트를 주의하세요🚨 

 
아디다스 아디제로 보스턴13 런닝화입니다- Lightstrike Pro 쿠셔닝으로 반응성이 좋아요- 에너지로드 2.0 시스템으로 추진력도 굿!- 컨티넨탈 러버 아웃솔로 접지력도 뛰어나요7월22일날 주문해서 24일날 받았습니다.아디다스 공홈에서 구매했습니다^^250사이즈 시켰는데 사이즈가 살짝 아쉬워서ㅜㅜ25일 새벽 헬스장에서 런닝머신 테스트 10분 탔습니다. 어여 가져가세요 10분 신은 새상품입니다.런닝화 이것저것 신어봤는데 보스턴13 물건입니다!남자사이즈 250입니다. 박스포함입니다^^",130000,2025.07.29,59,0,1
216516860,중고나라,이사 정리,미주 MJM C2530 2.5코드선 30M,"매장 정리하여, 재고 처분합니다.

완전 미사용/미개봉 새제품입니다.


재고 2개 있습니다.

2개 이상 구매하시면, 1개 외 배송비 빼드립니다.",51200,2025.07.29,28,1,0
216480795,중고나라,이사 정리,브릿지크라프트 SDS스탑드릴 14*35*170mm,"매장 정리하여, 재고 처분합니다.

완전 미사용/미개봉 새제품입니다.


재고 6개 있습니다.",7100,2025.07.29,32,0,0
216480635,중고나라,이사 정리,브릿지크라프트 SDS스탑드릴 17*53*170mm,"매장 정리하여, 재고 처분합니다.

완전 미사용/미개봉 새제품입니다.


재고 5개 있습니다.",8200,2025.07.29,19,0,0
216480600,중고나라,이사 정리,페인트 리필로라 수성 5개입 4인치 100mm 털강아지,"매장 정리하여, 재고 처분합니다.

완전 미사용/미개봉 새제품입니다.


재고 2개 있습니다.

2개 이상 구매하시면, 1개 외 배송비 빼드립니다.",3300,2025.07.29,29,1,1
216423716,중고나라,이사 정리,아마추어모델언니의 옷정리합니다./박스가득 넣어드려요./옷 없으신분들 옷장만 하세요. 이사준비로 옷장정리합니다.-무...,"📢 제목에 ""제조사/ 브랜드 명""과 “상품명”을 넣어 작성하면, 보다 빠른 판매가 가능합니다! 
📢 게시글 작성 시 배송 방법에 “직거래”와 “내 위치” 설정할 경우, 보다 빠른 판매가 가능합니다! 



안녕하세요.^^

결혼 전 아마추어 출사모델을 취미 삶아 해서 옷이 많아요.
큰언니.작은언니.동생까지 있어서 
내가 평소에 잘 안입게 되는 옷들이랑 불편한옷들, 안어울리는 옷들,
작아진 옷들등등 옷이 너무 많아서 최대한 옷을 정리합니다.

본인 상의 하의 싸이즈
(예시 -상의44.55.66 하의 24. 25.26.27등등)
좋아하는 스타일과 싫어하는 스타일
그리고 나잇대와 신발싸이즈 알려주시면 옷고르는데 참고 사항이 될 듯합니다.^^
전체적으로 정리를 위한 것이라
한가지 스타일만 원하시거나 한계절옷만 원하시는 것도 어렵습니다.

위에 싸이즈와 참고할 만한 사항들을 잘 적어주시면 
옷 정리하는데 참고할 수 있으니 상세하게 잘 적어서 문자나 쳇부탁드려요
100프로 만족시켜드리지 못하오니 
예민하신분이나 까다로우신분은 신중거래부탁드려요.

대신 한두벌에 만원 이만원 NO~NO~
기본 10이상이 기본~
사과박스만한 곳에 가득가득 넣어드리는 가격이 택배포함

기본이 25.000원(배송비포함)부터 100.000가능하시고

25.000ㅡ10벌이상
30000ㅡ15벌이상
40.000ㅡ20벌이상
50.000ㅡ25벌이상
60.000ㅡ30벌이상
70.000ㅡ35벌이상
80.000ㅡ40벌이상
90.000ㅡ45벌이상
100.000ㅡ50벌이상
5천원씩도(2벌정도)추가 가능하세요

딱 한계절만 정해서 보내드릴수는 없고요. 
어느정도 계절반영해서
기본 44~77까지 가능 다양하게 봄.여름.가을.겨울옷으로 챙겨드려요
옷 많이 없으신 여성분들 옷장만 하기 좋은 기회입니다.

예민x
반품 교환 환불 x
010-2421-1공공6으로 연락주세요. 





🚨회원님의 거래 게시글을 노린 중고나라 운영진 사칭 피싱 사이트를 주의하세요🚨",25000,2025.07.28,25,0,0
216390053,중고나라,이사 정리,02경원회전링크,"02경원회전링크 판매합니다
지역 대구 군위군 비교적깨끗이사용했으며 유격조금밌고 유격수리감안 해서 가격 책정했습니다 010 4949 0404",1600000,2025.07.28,103,1,2
216123003,중고나라,이사 정리,후지필름 xf 16-50 렌즈 판매합니다,"xf 16-50 렌즈 판매합니다!
x-t5 번들이라서 박스는 따로 없고 보증은 내년 10월까지 남아 있습니다 사놓고 렌즈 사용을 거의 안해서 상태는 완전 a급입니다!
편하게 연락주세요.
대전 세종, 광주광역시 직거래 가능합니다.
택배는 환불x 조건으로 가능합니다.
꼼꼼하게 포장해서 드리겠습니다!",590000,2025.07.28,314,3,1
216368419,중고나라,이사 정리,[실사용자] 갤럭시 S24+ 플러스 256GB(SM-S926N) 오닉스 블랙 완전 풀박스 초S급 50만원 팝니다.,"실제 사용한 휴대폰입니다.
개통일은 24년 5월~6월정도입니다.
아직 AS기간 남았습니다.
SKT 정상 해지 기계이면, 25프로 할인 가능합니다.
참고로 풀박에 구성품
휴대폰 상태 상단에 아주 미세한 기스있습니다.
나머지는 완전 초초 S급상태입니다.
직거래 되시고, 대전 동구 대성동,가오동 거래가능
안전거래도 가능합니다. 안전거래시 꼭 무통장입금으로 해주세요.
택배비는 무료배송 처리해드리겠습니다.",500000,2025.07.28,54,0,0
216367388,중고나라,이사 정리,"이사 정리 합니다. 새 제품 아웃도어 미니 폴딩 웨건 택포함 29,000원 입니다.","📢 제목에 ""제조사/ 브랜드 명""과 “상품명(ex. 숄더 핸드백)”을 넣어 작성하면, 보다 빠른 판매가 가능합니다! 
📢 게시글 작성 시 배송 방법에 “직거래”와 “내 위치” 설정할 경우, 보다 빠른 판매가 가능합니다! 
새 제품 상품 확인후 실사 사진만 찍고 바로 판매 합니다.
레비오사 아웃도어 미니 폴딩 웨건 입니다. 사이즈 구성품 사진 참조 하세요. 설명서 보시고
잘 사용 하세요. 여러가지 하실수 있게 되어 있습니다.
24시간 아무때나 010 7673 5731로 문자 주세요. 입금 확인후 송장번호 문자로보내 드려요.
쿨 거래 합니다. ^^








🚨회원님의 거래 게시글을 노린 중고나라 운영진 사칭 피싱 사이트를 주의하세요🚨",29000,2025.07.28,12,0,0
216029081,중고나라,이사 정리,,"실제 사용한 휴대폰입니다.

개통일은 24년 5월~6월정도입니다.

아직 AS기간 남았습니다.

SKT 정상 해지 기계이면, 25프로 할인 가능합니다.

참고로 풀박에 구성품

휴대폰 상태 상단에 아주 미세한 기스있습니다.

나머지는 완전 초초 S급상태입니다.

직거래 되시고, 대전 동구 대성동,가오동 거래가능

안전거래도 가능합니다. 안전거래시 꼭 무통장입금으로 해주세요.

택배비는 무료배송 처리해드리겠습니다.",530000,2025.07.28,128,1,0
216341282,중고나라,이사 정리,프라이탁 하파오 상태최상,"상태 최상, 실착 10회 미만이고 안팔리면 소장 예정일 정도로 모든 옷에 잘 어울렸습니다.

완전 블랙보다 어떤 코디에도 잘 어울렸고 보는 사람마다 색상 예쁘다고 해줬는데 소장품 정리위해서 내놓습니다..

사진으론 색상이 잘 표현이 안되는데 진 청녹? 진한 녹색이 가미되어있는 오묘한 색이고 타프도 매우 두꺼운 유광입니다. 공홈에서도 저런 타프는 구하기 힘들어요

제가 대전 전주를 왔다갔다해서 직거래는 문의 주시고,
택배는 무조건 선입금만 합니다. 거래내역 많아요

문자로 연락부탁드립니다. 010 삼삼오사 사칠오6",200000,2025.07.27,12,1,0
215293041,중고나라,이사 정리,v27ui-60m 4k 27인치 모니터,"4k 27인치 모니터고 이상 아예 없습니다 ,원래 있던 hdmi선이 없어서 쓰던 hdmi 선으로 넣어드립니다
모니터라 고려대학교 세종캠 근처에서만 직거래만합니다",180000,2025.07.27,126,0,1
216311104,중고나라,이사 정리,신와 형광실 1.2mm 120M 칼날부착 S-78498,"매장 정리하여, 재고 처분합니다.

완전 미사용/미개봉 새제품입니다.


재고 5개 있습니다.",9800,2025.07.27,60,1,0
214857730,중고나라,이사 정리,갤럭시 점프3 미개봉 블랙,"갤럭시 점프3 미개봉 미사용
쿠팡에서 구매한 제품
색상 블랙 

통신3사 및 알뜰폰 가능

기존 쓰시던 유심만 끼워 사용가능합니다
배터리 오래가고
스냅드래곤 888이라 게임 잘 돌아갑니다

유심기변만 가능
신규가입, 번호이동 불가

조치원 직거래만 합니다",200000,2025.07.27,43,0,0
216272778,중고나라,이사 정리,n100 16gb 512gb 팝니다,"- HDMI 포트 3개
- USB 포트 3개
- LAN 포트 2개

서멀 재도포까지 진행해서 발열 많이 줄었습니다
60도 오버로 거의 안올라갑니다

간단한 워드작업이나 유튜브 8k까지 되는 스펙입니다
상태는 사진 확인해주세요
택포는 14.5로 우체국 익일로 보내드립니다

네고 환불 x
사기당한적 있어서 페이 안전거래 불가능합니다",140000,2025.07.26,83,0,2
216227858,중고나라,이사 정리,태극마니아 족구화,"TG-Mania 족구화 260 미리입니다.
실착1회후 세척후보관중이구요,사이즈미스여서 판매합니다..박스랑 더스트백 같이 드려요~
거의새거입니다. 
정가 89000원",55000,2025.07.26,76,0,1
216213756,중고나라,이사 정리,에어맥스,"230mm
나이키 에어맥스
깔끔함
세종 직거래, 반값택배
유명한 제품이라 사진으로 확인요망",25000,2025.07.26,96,0,0
216206772,중고나라,이사 정리,동우 자동개폐식 환풍기 250DRA,"매장 정리하여, 재고 처분합니다.

완전 미사용/미개봉 새제품입니다.


재고 2개 있습니다.

2개 이상 구매하시면, 1개 외 배송비 빼드립니다.",24700,2025.07.26,29,0,0
216206701,중고나라,이사 정리,동우 자동개폐식 환풍기 200DRA,"매장 정리하여, 재고 처분합니다.

완전 미사용/미개봉 새제품입니다.


재고 3개 있습니다.

2개 이상 구매하시면, 1개 외 배송비 빼드립니다.",14700,2025.07.26,38,0,0
216206598,중고나라,이사 정리,동우 셔터식 풍압 환풍기 30DRWS 사각,"매장 정리하여, 재고 처분합니다.

완전 미사용/미개봉 새제품입니다.


재고 2개 있습니다.

2개 이상 구매하시면, 1개 외 배송비 빼드립니다.",19600,2025.07.26,74,5,1
216206491,중고나라,이사 정리,동우 셔터식 풍압 환풍기 20DRWS 사각,"매장 정리하여, 재고 처분합니다.

완전 미사용/미개봉 새제품입니다.


재고 2개 있습니다.

2개 이상 구매하시면, 1개 외 배송비 빼드립니다.",12800,2025.07.26,55,1,1
216206221,중고나라,이사 정리,동우 산업용 철 환풍기 45DRF 4개,"매장 정리하여, 재고 처분합니다.

완전 미사용/미개봉 새제품입니다.",173200,2025.07.26,29,0,1
216206207,중고나라,이사 정리,동우 산업용 철 환풍기 40DRF,"매장 정리하여, 재고 처분합니다.

완전 미사용/미개봉 새제품입니다.


재고 3개 있습니다.

2개 이상 구매하시면, 1개 외 배송비 빼드립니다.",38000,2025.07.26,39,2,0
216205799,중고나라,이사 정리,동우 산업용 철 환풍기 25DRF,"매장 정리하여, 재고 처분합니다.

완전 미사용/미개봉 새제품입니다.


재고 3개 있습니다.

2개 이상 구매하시면, 1개 외 배송비 빼드립니다.",20900,2025.07.26,25,1,1
216204064,중고나라,이사 정리,동우 산업용 철 환풍기 20DRF,"매장 정리하여, 재고 처분합니다.

완전 미사용/미개봉 새제품입니다.


재고 3개 있습니다.

2개 이상 구매하시면, 1개 외 배송비 빼드립니다.",20200,2025.07.26,28,1,0
216206872,중고나라,이사 정리,동우 자동개폐식 환풍기 300DRA,"매장 정리하여, 재고 처분합니다.

완전 미사용/미개봉 새제품입니다.


재고 2개 있습니다.

2개 이상 구매하시면, 1개 외 배송비 빼드립니다.",31600,2025.07.26,84,0,0
216206198,중고나라,이사 정리,동우 산업용 철 환풍기 35DRF,"매장 정리하여, 재고 처분합니다.

완전 미사용/미개봉 새제품입니다.


재고 3개 있습니다.

2개 이상 구매하시면, 1개 외 배송비 빼드립니다.",35200,2025.07.26,54,3,1
216205826,중고나라,이사 정리,동우 산업용 철 환풍기 30DRF,"매장 정리하여, 재고 처분합니다.

완전 미사용/미개봉 새제품입니다.


재고 5개 있습니다.

2개 이상 구매하시면, 1개 외 배송비 빼드립니다.",23900,2025.07.26,37,4,1
216203248,중고나라,이사 정리,동우 고압환기식 환풍기 40BF,"매장 정리하여, 재고 처분합니다.

완전 미사용/미개봉 새제품입니다.",48000,2025.07.25,25,0,1
216203178,중고나라,이사 정리,동우 고압환기식 환풍기 35DRBF,"매장 정리하여, 재고 처분합니다.

완전 미사용/미개봉 새제품입니다.


재고 2개 있습니다.

2개 이상 구매하시면, 1개 외 배송비 빼드립니다.",36200,2025.07.25,78,2,0
216202874,중고나라,이사 정리,동우 고압환기식 환풍기 25DRBF,"매장 정리하여, 재고 처분합니다.

완전 미사용/미개봉 새제품입니다.",28600,2025.07.25,53,3,2
216202921,중고나라,이사 정리,동우 고압환기식 환풍기 30DRBF,"매장 정리하여, 재고 처분합니다.

완전 미사용/미개봉 새제품입니다.",28500,2025.07.25,107,1,2
216202807,중고나라,이사 정리,동우 고압환기식 환풍기 20DRBF,"매장 정리하여, 재고 처분합니다.

완전 미사용/미개봉 새제품입니다.


재고 2개 있습니다.

2개 이상 구매하시면, 1개 외 배송비 빼드립니다.",24000,2025.07.25,37,1,1
216142689,중고나라,이사 정리,아마추어모델언니의 옷정리합니다./박스가득 넣어드려요./옷 없으신분들 옷장만 하세요. 이사준비로 옷장정리합니다.-무...,"📢 제목에 ""제조사/ 브랜드 명""과 “상품명”을 넣어 작성하면, 보다 빠른 판매가 가능합니다! 
📢 게시글 작성 시 배송 방법에 “직거래”와 “내 위치” 설정할 경우, 보다 빠른 판매가 가능합니다! 



안녕하세요.^^

결혼 전 아마추어 출사모델을 취미 삶아 해서 옷이 많아요.
큰언니.작은언니.동생까지 있어서 
내가 평소에 잘 안입게 되는 옷들이랑 불편한옷들, 안어울리는 옷들,
작아진 옷들등등 옷이 너무 많아서 최대한 옷을 정리합니다.

본인 상의 하의 싸이즈
(예시 -상의44.55.66 하의 24. 25.26.27등등)
좋아하는 스타일과 싫어하는 스타일
그리고 나잇대와 신발싸이즈 알려주시면 옷고르는데 참고 사항이 될 듯합니다.^^
전체적으로 정리를 위한 것이라
한가지 스타일만 원하시거나 한계절옷만 원하시는 것도 어렵습니다.

위에 싸이즈와 참고할 만한 사항들을 잘 적어주시면 
옷 정리하는데 참고할 수 있으니 상세하게 잘 적어서 문자나 쳇부탁드려요
100프로 만족시켜드리지 못하오니 
예민하신분이나 까다로우신분은 신중거래부탁드려요.

대신 한두벌에 만원 이만원 NO~NO~
기본 10이상이 기본~
사과박스만한 곳에 가득가득 넣어드리는 가격이 택배포함

기본이 25.000원(배송비포함)부터 100.000가능하시고

25.000ㅡ10벌이상
30000ㅡ15벌이상
40.000ㅡ20벌이상
50.000ㅡ25벌이상
60.000ㅡ30벌이상
70.000ㅡ35벌이상
80.000ㅡ40벌이상
90.000ㅡ45벌이상
100.000ㅡ50벌이상
5천원씩도(2벌정도)추가 가능하세요

딱 한계절만 정해서 보내드릴수는 없고요. 
어느정도 계절반영해서
기본 44~77까지 가능 다양하게 봄.여름.가을.겨울옷으로 챙겨드려요
옷 많이 없으신 여성분들 옷장만 하기 좋은 기회입니다.

예민x
반품 교환 환불 x
010-2421-1공공6으로 연락주세요. 





🚨회원님의 거래 게시글을 노린 중고나라 운영진 사칭 피싱 사이트를 주의하세요🚨",25000,2025.07.25,28,0,0
216123764,중고나라,이사 정리,동우 벽면용 개방형 환풍기 300DRC,"매장 정리하여, 재고 처분합니다.

완전 미사용/미개봉 새제품입니다.


재고 5개 있습니다.

2개 이상 구매하시면, 1개 외 배송비 빼드립니다.",21000,2025.07.25,91,1,1
216123601,중고나라,이사 정리,동우 욕실용 환풍기 15DRB,"매장 정리하여, 재고 처분합니다.

완전 미사용/미개봉 새제품입니다.


재고 8개 있습니다.

2개 이상 구매하시면, 1개 외 배송비 빼드립니다.",5700,2025.07.25,51,0,2
216104427,중고나라,이사 정리,아식스 젤카야노32 275,"아식스 젤카야노 32 275 사이즈입니다

10km착용 후 제 발과는 맞지 않아 판매합니다. 아식스 공홈 발 제품이며, 풀구성입니다. 

정가 199,000",180000,2025.07.24,76,1,0
216080316,중고나라,이사 정리,보이져125 EVO 2015년식 팝니다,"🔻아래 양식에 맞춰 기재 시 더 빠른 판매로 이어질 확률 UP !🔻 
1. 제작사 : SYM
2. 색상, 배기량 : 흰색 125cc
3. 모델명 : 보이져125 EVO
4. 제작연식 : 2015
5. 적산거리 : 28045
6. 판매 희망가격 : 700000
7. 연락처 : 010 6241 6008
8. 구조변경 (소음기, 등화류, 계기반 | 해당없음/안됨/완료) : 완전순정 
9. 기타튜닝여부 : 완전순정
10. 사고, 좌우 전도(꿍/슬립) 유무 : 좌우슬립 제자리꿍
11. 판매 지역 : 세종시 조치원읍
12. 폐지여부(YES/NO) : YES


보이져125EVO판매합니다.
키로수는 28045에요.
페지완료로 더이상의 키로수는 늘지않습니다.
2015년 가을에 새차 구입하여 혼자 탔어요.
28000Km에 합성유 교환해서 1000~1500km는 오일교환없이 타실거에요.
시트상태 아주 굿이고 상향등 하향등 모두 잘 나옵니다.
데루등LED나간거 없구요.
열선핸들 되어있어요.
키 두개 다 가지고있어요.
폐지완료입니다.

하자가 있다면 처음 시동걸고 엔진 열받는 1~2분정도는 RPM이 잘 안올라가요.
센터 사장님께서는 원래 그런거라고 하는데 다른보이져도 그런지는 모르겠어요.
엔진 열 받고나면 시속100Km이상 잘 나갑니다.
그리고 왼쪽 사이드미러가 주행시 약간 흔들리긴하는데 저는 크게 불편한건 없이 탔어요.
묵직한 차체덕분에 고속주행시 바람분다고 강제차선변경 되지 않아요.
10년동안 탄 것 치곤 키로수는 착한편이고 세월의 흔적때문에 배기 녹슨부분 많고 깨짐 스크레치도 많은편이에요.
특히 왼쪽 엉덩이부분에는 평소 헬멧을 걸어놓아서 스크레치가 더 있구요.
그동안 특별한 문제없이 잘 탔지만 저도 나이를 먹은지라 이제 이녀석을 다루기에 조금은 힘이 부치네요.
조금 가벼운녀석으로 기변하느라 내놓는거에요.
쿨거래시 네고 해드릴께요.
화물은 노리턴 노클래임조건으로 보내드려요.








🚨회원님의 거래 게시글을 노린 중고나라 운영진 사칭 피싱 사이트를 주의하세요🚨",650000,2025.07.24,39,1,1
216078826,중고나라,이사 정리,스침 섬유 공간 향수,두번인가 뿌렸어요. 제 취향 아니라 팝니다.,4000,2025.07.24,31,1,1
216078417,중고나라,이사 정리,책들,"모든 순간 6000
자존감 5500
같이 구매 시 11000 해드려요",5500,2025.07.24,18,0,0
216078181,중고나라,이사 정리,소설책들,"데드맨 6000
김지영 5000
스마트폰 5000
시간을 멈추는 법 6000
앨리스 4000
모방범 5000
장기농장 6000
브레이크 4000
두개 구매는 총액의 1500, 세개 구매는 3000 이런 식으로 깎아드려용",4000,2025.07.24,23,0,0
216077426,중고나라,이사 정리,컬러링북,앞쪽 7페이지는 제가 칠햇어요,3000,2025.07.24,34,0,1
216076930,중고나라,이사 정리,장갑,사놓고 잘 안써서 올리게 됐습니다.,3000,2025.07.24,17,0,0
216076803,중고나라,이사 정리,시노텍스 마스크,"핑크 58장, 베이지 12장 있고 하나 1000원부터 구매가능해요. 많이 구매하시면 깎아드리겠습니다.",1000,2025.07.24,82,0,1
216076250,중고나라,이사 정리,반팔니트,제 체형이랑 안맞아서 올려요,3000,2025.07.24,22,0,0
216076067,중고나라,이사 정리,반팔티셔츠들,"한개에 2000
두개에 3000
으로 드려용",2000,2025.07.24,28,0,1
216041161,중고나라,이사 정리,15DRZ 저소음 환풍기 천정매입형,"매장 정리하여, 재고 처분합니다.

완전 미사용/미개봉 새제품입니다.


재고 2개 있습니다.

2개 이상 구매하시면, 1개 외 배송비 빼드립니다.

설치규격 : 260*260
외경 : 320*320",23000,2025.07.24,30,0,0
216040618,중고나라,이사 정리,해솔 빌트인 렌지후드 HS-460 블랙,"매장 정리하여, 재고 처분합니다.

완전 미사용/미개봉 새제품입니다.


재고 2개 있습니다.

2개 이상 구매하시면, 1개 외 배송비 빼드립니다.",28800,2025.07.24,171,3,4
216038397,중고나라,이사 정리,하츠 빌트인렌지후드 G60BL 블랙,"매장 정리하여, 재고 처분합니다.

완전 미사용/미개봉 새제품입니다.",26700,2025.07.23,21,0,1
216035901,중고나라,이사 정리,로프사다리 15단 높이5150~9320,"매장 정리하여, 재고 처분합니다.

대신화물 착불로만, 배송 가능합니다.",108600,2025.07.23,24,0,0
216035795,중고나라,이사 정리,로프사다리 12단 높이4120~7280,"매장 정리하여, 재고 처분합니다.

대신화물 착불로만, 배송 가능합니다.",92000,2025.07.23,38,2,2
216035208,중고나라,이사 정리,LS사다리 8단 A형 높이2520~4350,"매장 정리하여, 재고 처분합니다.

완전 미사용/미개봉 새제품입니다.


대신화물 착불로만 배송 가능합니다.

8단은 너무 길어서 일자로 안펴집니다.",120000,2025.07.23,34,1,1
216035049,중고나라,이사 정리,제일 사다리 지지대 1세트 4개입 아웃트리거 전도방지대,"매장 정리하여, 재고 처분합니다.

완전 미사용/미개봉 새제품입니다.",16700,2025.07.23,81,2,7
216034720,중고나라,이사 정리,지폐계수기 V-330 현대오피스,"매장 정리하여, 재고 처분합니다.

재고 2개 있습니다.

2019년 구매 후 10번 정도 사용하였습니다.",60000,2025.07.23,209,3,6
216034587,중고나라,이사 정리,동전(주화) 분류기 HCS-1200 현대오피스,"매장 정리하여, 재고 처분합니다.

2019년 구매 후 10번 정도 사용하였습니다.",170000,2025.07.23,21,0,1
216033184,중고나라,이사 정리,동전(주화) 분류기 TM-300,"매장 정리하여, 재고 처분합니다.

2019년에 구매하여 10번 정도 사용했습니다.

배송은 대신 택배 착불입니다.

직거래 원하시면 따로 문의 주세요.",250000,2025.07.23,67,0,1
216018803,중고나라,이사 정리,르크루제 하트 스킬렛 쉘핑크 이사정리 새상품 정가이하,"※ 
르크루제 하트 스킬렛 16cm 쉘핑크 색상이에요
새상품 입니다
백화점에서 구입했어요. 12만원 넘개 주고 구입했는데 안쓸거같아서 이사 정리로 내놓아요. 쉘핑크는 다 품절인걸로 알고있어요. 

- 사이즈: 16cm
- 재질: 무쇠 주물

택배비 별도 4,500",66000,2025.07.23,31,1,1
195955680,중고나라,이사 정리,신형 ) 메리다 리액토 4000 로드 자전거,"아주 미세한 기스 말고 완전 깨끗합니다!!
풀 카본 프레임에 펄 까지 있어서 햇빛 받으면 엄청 이뻐요!!
풀 신형 105로 그룹셋입니다
사이즈는 m이구요
신품가 330만원 주고 구매했습니다.",2290000,2025.07.23,1329,12,3
216006783,중고나라,이사 정리,토비아이트래커 5,"문제 없이 잘 작동됩니다. 양면 태이프만 있으면 됩니다 (트래커 거치대 설치할때)

대전 직거래 가능. 택배 가능",300000,2025.07.23,44,0,1
213555940,중고나라,이사 정리,미용 샴푸대 2대,"스파 샴푸대 팝니다
2대 있고 대당25만원씩 팔아요
실사용기간 짧습니다
대전직거래 가능하고 핸드폰연락주세요
olo-4366-7275",200000,2025.07.23,223,5,2
215953192,중고나라,이사 정리,덕트호스 주름관 6호 150mm 10M 타포린 재질,"매장 정리하여, 재고 처분합니다.

완전 미사용/미개봉 새제품입니다.",16200,2025.07.23,95,2,0
215951644,중고나라,이사 정리,환풍기 셔터판 공업용 8인치 유압형환풍기용,"매장 정리하여, 재고 처분합니다.

완전 미사용/미개봉 새제품입니다.


재고 2개 있습니다.

2개 이상 구매하시면, 1개 외 배송비 빼드립니다.",11700,2025.07.22,26,1,0
215951614,중고나라,이사 정리,환풍기 셔터판 공업용 18인치 유압형환풍기용,"매장 정리하여, 재고 처분합니다.

완전 미사용/미개봉 새제품입니다.


재고 2개 있습니다.

2개 이상 구매하시면, 1개 외 배송비 빼드립니다.",19600,2025.07.22,20,0,0
215950566,중고나라,이사 정리,16DRZ 저소음 환풍기 천정매입형,"매장 정리하여, 재고 처분합니다.

완전 미사용/미개봉 새제품입니다.


설치규격 : 260*260
외경 : 320*320",17400,2025.07.22,28,0,0
215950207,중고나라,이사 정리,디프셔팬 20DRD 저소음 환풍기,"매장 정리하여, 재고 처분합니다.

완전 미사용/미개봉 새제품입니다.


재고 7개 있습니다.

2개 이상 구매하시면, 1개 외 배송비 빼드립니다.",10200,2025.07.22,29,0,0
215949898,중고나라,이사 정리,디프셔팬 15DRD 저소음 환풍기,"매장 정리하여, 재고 처분합니다.

완전 미사용/미개봉 새제품입니다.


재고 11개 있습니다.

2개 이상 구매하시면, 1개 외 배송비 빼드립니다.",8100,2025.07.22,29,2,1
215949160,중고나라,이사 정리,흡출기 벤츄레타 무동력 100mm,"매장 정리하여, 재고 처분합니다.

완전 미사용/미개봉 새제품입니다.


재고 15개 있습니다.

2개 이상 구매하시면, 1개 외 배송비 빼드립니다.",11000,2025.07.22,25,1,0
215948987,중고나라,이사 정리,환풍기 셔터판 공업용 16인치 유압형환풍기용,"매장 정리하여, 재고 처분합니다.

완전 미사용/미개봉 새제품입니다.


재고 6개 있습니다.

2개 이상 구매하시면, 1개 외 배송비 빼드립니다.",18900,2025.07.22,39,1,1
215948939,중고나라,이사 정리,환풍기 셔터판 공업용 12인치 유압형환풍기용,"매장 정리하여, 재고 처분합니다.

완전 미사용/미개봉 새제품입니다.


재고 5개 있습니다.

2개 이상 구매하시면, 1개 외 배송비 빼드립니다.",16600,2025.07.22,87,0,0
215948909,중고나라,이사 정리,환풍기 셔터판 공업용 10인치 유압형환풍기용,"매장 정리하여, 재고 처분합니다.

완전 미사용/미개봉 새제품입니다.


재고 3개 있습니다.

2개 이상 구매하시면, 1개 외 배송비 빼드립니다.",14900,2025.07.22,34,2,1
215948533,중고나라,이사 정리,HE-101 가스배출기,"매장 정리하여, 재고 처분합니다.

완전 미사용/미개봉 새제품입니다.


재고 5개 있습니다.

2개 이상 구매하시면, 1개 외 배송비 빼드립니다.",18000,2025.07.22,16,0,0
215947248,중고나라,이사 정리,렌지후드 향균필터 500*300 2개입,"매장 정리하여, 재고 처분합니다.

완전 미사용/미개봉 새제품입니다.


재고 2개 있습니다.",700,2025.07.22,18,0,0
215944825,중고나라,이사 정리,종이나라 코팅필름 A4 100개입,"매장 정리하여, 재고 처분합니다.

완전 미사용/미개봉 새제품입니다.


재고 6개 있습니다.

2개 이상 구매하시면, 1개 외 배송비 빼드립니다.",5700,2025.07.22,58,1,3
215944178,중고나라,이사 정리,현대오피스 코팅기 A4 A3,"매장 정리하여, 재고 처분합니다.

사무실에서 사용했던 재고 입니다.


구매는 2019년 11월에 하였습니다.

수리한 적 없으며, 사용에 문제 없습니다.",72000,2025.07.22,21,0,1
215944045,중고나라,이사 정리,평탄클립 쐐기 외 2건,묶음등록 요청 사항,54000,2025.07.22,16,0,1
215923292,중고나라,이사 정리,아마추어모델언니의 옷정리합니다./박스가득 넣어드려요./옷 없으신분들 옷장만 하세요. 이사준비로 옷장정리합니다.-무...,"📢 제목에 ""제조사/ 브랜드 명""과 “상품명”을 넣어 작성하면, 보다 빠른 판매가 가능합니다! 
📢 게시글 작성 시 배송 방법에 “직거래”와 “내 위치” 설정할 경우, 보다 빠른 판매가 가능합니다! 



안녕하세요.^^

결혼 전 아마추어 출사모델을 취미 삶아 해서 옷이 많아요.
큰언니.작은언니.동생까지 있어서 
내가 평소에 잘 안입게 되는 옷들이랑 불편한옷들, 안어울리는 옷들,
작아진 옷들등등 옷이 너무 많아서 최대한 옷을 정리합니다.

본인 상의 하의 싸이즈
(예시 -상의44.55.66 하의 24. 25.26.27등등)
좋아하는 스타일과 싫어하는 스타일
그리고 나잇대와 신발싸이즈 알려주시면 옷고르는데 참고 사항이 될 듯합니다.^^
전체적으로 정리를 위한 것이라
한가지 스타일만 원하시거나 한계절옷만 원하시는 것도 어렵습니다.

위에 싸이즈와 참고할 만한 사항들을 잘 적어주시면 
옷 정리하는데 참고할 수 있으니 상세하게 잘 적어서 문자나 쳇부탁드려요
100프로 만족시켜드리지 못하오니 
예민하신분이나 까다로우신분은 신중거래부탁드려요.

대신 한두벌에 만원 이만원 NO~NO~
기본 10이상이 기본~
사과박스만한 곳에 가득가득 넣어드리는 가격이 택배포함

기본이 25.000원(배송비포함)부터 100.000가능하시고

25.000ㅡ10벌이상
30000ㅡ15벌이상
40.000ㅡ20벌이상
50.000ㅡ25벌이상
60.000ㅡ30벌이상
70.000ㅡ35벌이상
80.000ㅡ40벌이상
90.000ㅡ45벌이상
100.000ㅡ50벌이상
5천원씩도(2벌정도)추가 가능하세요

딱 한계절만 정해서 보내드릴수는 없고요. 
어느정도 계절반영해서
기본 44~77까지 가능 다양하게 봄.여름.가을.겨울옷으로 챙겨드려요
옷 많이 없으신 여성분들 옷장만 하기 좋은 기회입니다.

예민x
반품 교환 환불 x
010-2421-1공공6으로 연락주세요. 






🚨회원님의 거래 게시글을 노린 중고나라 운영진 사칭 피싱 사이트를 주의하세요🚨",25000,2025.07.22,30,0,0
205847506,중고나라,이사 정리,반팔 셔츠 팝니다,"드라이 완료된 셔츠들 입니다~
일괄 25000원
낱개 구매 안되요 ㅎㅎ~",15000,2025.07.22,61,0,0
210308002,중고나라,이사 정리,구형 빔 프로젝트 팝니다,"구형 빔프로젝트...
오래되서 그렇지 살때는 200이 넘는데...

세종이나 대전 직거래 가능합니다",210000,2025.07.22,50,0,1
215897537,중고나라,이사 정리,인텔 i3-10100 cpu 단품,"인텔 i3 10100 cpu입니다.

정상작동 확인 후 탈거한 제품입니다.

단품만 가지고 있습니다.

대전 동구 대성동 직거래 하거나 택배거래 합니다.

택배거래시 택배비 3천원이 추가됩니다.

네고문의는 죄송하지만 사양합니다.

데스크탑 DDR4 8GB 램도 한장 가지고 있는데 필요하시면 5천원에 드리겠습니다.

문의주세요^^",53000,2025.07.22,25,0,1
215894624,중고나라,이사 정리,(급처)갤럭시 폴드5 1tb 아이스블루팝니다,"자급제 폰이며 생활기스로 힌지랑 옆부분에 찍힘이 조금 있습니다

1tb 저렴하게 팝니다

1tb가격으론 굉장히저렴하다 생각합니다",500000,2025.07.22,83,2,3
215882901,중고나라,이사 정리,"[오늘만 25만, 이사 정리 중] 스노우피크 하이텐션 코트","📢 제목에 ""제조사/ 브랜드 명""과 “상품명(ex. 숄더 핸드백)”을 넣어 작성하면, 보다 빠른 판매가 가능합니다! 
📢 게시글 작성 시 배송 방법에 “직거래”와 “내 위치” 설정할 경우, 보다 빠른 판매가 가능합니다! 





약간 오염은 있지만 상태는 주관적으로 봤을 때 매우 좋습니다. 스킨도 몇 번 사용을 안해서 매우 짱짱 해요. 

예전에 캠핑에 미쳐 있을 때 구매하고 본가 창고에 보관만 했던 녀석 입니다. 부피가 상당히 커서 직거래 해야 할 것 같아요. 

직거래는 서울 서대문구 홍제동




🚨회원님의 거래 게시글을 노린 중고나라 운영진 사칭 피싱 사이트를 주의하세요🚨",250000,2025.07.22,16,0,0
215880101,중고나라,이사 정리,레이 파인 드라이브 사제 네비 레이 순정 카오디오,"레이 차량 2011~2017년식 
파인 드라이브 사제 네비
후방 카메라 포함
작동 잘됨

2011~ 2017년식 레이 순정 카오디오
마감재 포함
작동 잘됨

구매하면 반품 안합니다",50000,2025.07.22,74,2,2
215817518,중고나라,이사 정리,4륜전동킥보드,"📢 제목에 ""제조사/ 브랜드 명""과 ""상품명”를 넣어 작성하면, 보다 빠른 판매가 가능합니다! 
📢 게시글 작성 시 배송 방법에 “직거래”와 “내 위치” 설정할 경우, 보다 빠른 판매가 가능합니다! 

전기 4륜 킥보드 판매합니다.

- 배터리 : 60V 52ah
- 모터 : 3,500W X 4ea(다이렉트 인휠모터)
- 사이즈 : 1520 X 830 X 1410
- 브레이크 : Four wheel disc brake
- 최고속도 : 80~100km
- 충전시간 : 4~6시간
- 1회충전 주행거리 : 120km
- 출력 : 14,000W
- 승차인원 : 1명

고성능의 오프로드 주행가능한 4륜킥보드입니다.



🚨회원님의 거래 게시글을 노린 중고나라 운영진 사칭 피싱 사이트를 주의하세요🚨 
 
 
 
 
 
📢 제목에 ""제조사/ 브랜드 명""과 ""상품명”를 넣어 작성하면, 보다 빠른 판매가 가능합니다! 
📢 게시글 작성 시 배송 방법에 “직거래”와 “내 위치” 설정할 경우, 보다 빠른 판매가 가능합니다! 








🚨회원님의 거래 게시글을 노린 중고나라 운영진 사칭 피싱 사이트를 주의하세요🚨",5800000,2025.07.21,460,0,1
215815688,중고나라,이사 정리,Khadas VIM3 및 주변기기 팝니다.,"📢 제목에 ""제조사/ 브랜드 명""과 ""상품명(ex. 맥북 에어 13)”를 넣어 작성하면, 보다 빠른 판매가 가능합니다! 
📢 게시글 작성 시 배송 방법에 “직거래”와 “내 위치” 설정할 경우, 보다 빠른 판매가 가능합니다! 


라즈베리파이와 비슷한 Khadas Vim3 입니다.
성능은 더 뛰어나고 파이와 다르게 npu 장착돼있습니다.
현재 Ubuntu 24.04 올려져 있습니다.
추가로 8M카메라 등 주변기기 드리겠습니다.",100000,2025.07.21,194,4,2
215806492,중고나라,이사 정리,라즈베리 파이 5 + 케이스,"라즈베리파이5 8GB입니다.

아르곤 ONE V3 NVMe 케이스도 포함입니다.

일반 PC용 NVMe SSD꽃아서 세팅하시면 됩니다.

박풀입니다.

세종시 조치원읍 직거래 또는 택배거래입니다.


 
 
 
 
 
📢 제목에 ""제조사/ 브랜드 명""과 ""상품명(ex. 맥북 에어 13)”를 넣어 작성하면, 보다 빠른 판매가 가능합니다! 
📢 게시글 작성 시 배송 방법에 “직거래”와 “내 위치” 설정할 경우, 보다 빠른 판매가 가능합니다! 








🚨회원님의 거래 게시글을 노린 중고나라 운영진 사칭 피싱 사이트를 주의하세요🚨",120000,2025.07.21,24,0,0
215792835,중고나라,이사 정리,Cidoo Abm066 앨리스 커스텀 키보드,"📢 제목에 ""제조사/ 브랜드 명""과 ""상품명(ex. 맥북 에어 13)”를 넣어 작성하면, 보다 빠른 판매가 가능합니다! 
📢 게시글 작성 시 배송 방법에 “직거래”와 “내 위치” 설정할 경우, 보다 빠른 판매가 가능합니다! 

키캡, 스위치, c to a 케이블 구성
스위치는 바다소금 리니어 입니다.
장착 후 남은 키캡과 스위치까지 같이 보내드려요.
직거래 대전 동구, 택배 시 착불
쿨거시 택포
문자주세요.






🚨회원님의 거래 게시글을 노린 중고나라 운영진 사칭 피싱 사이트를 주의하세요🚨",50000,2025.07.21,53,0,1
215784907,중고나라,이사 정리,진한색 트렁크 95 팬티 남성용,"매장 정리하여, 재고 처분합니다.

완전 미사용/미개봉 새제품입니다.


재고 7개 있습니다.

2개 이상 구매하시면, 1개 외 배송비 빼드립니다.",2400,2025.07.21,44,2,1
215784902,중고나라,이사 정리,진한색 트렁크 100 팬티 남성용,"매장 정리하여, 재고 처분합니다.

완전 미사용/미개봉 새제품입니다.


재고 3개 있습니다.

2개 이상 구매하시면, 1개 외 배송비 빼드립니다.",2400,2025.07.21,45,0,0
215780048,중고나라,이사 정리,유리받침고무 8T 10M,"매장 정리하여, 재고 처분합니다.

완전 미사용/미개봉 새제품입니다.


재고 8개 있습니다.

2개 이상 구매하시면, 1개 외 배송비 빼드립니다.",5400,2025.07.21,26,0,0
215779995,중고나라,이사 정리,유리받침고무 10T 10M,"매장 정리하여, 재고 처분합니다.

완전 미사용/미개봉 새제품입니다.


재고 8개 있습니다.

2개 이상 구매하시면, 1개 외 배송비 빼드립니다.",6200,2025.07.21,14,0,0
215779575,중고나라,이사 정리,분리수거 표찰 음식물전용수거용기 190*60*2,"매장 정리하여, 재고 처분합니다.

완전 미사용/미개봉 새제품입니다.


재고 12개 있습니다.

2개 이상 구매하시면, 1개 외 배송비 빼드립니다.",1500,2025.07.20,14,0,0
215779451,중고나라,이사 정리,분리수거 표찰 비닐류 190*60*2,"매장 정리하여, 재고 처분합니다.

완전 미사용/미개봉 새제품입니다.


재고 2개 있습니다.

2개 이상 구매하시면, 1개 외 배송비 빼드립니다.",1500,2025.07.20,10,0,0
215779386,중고나라,이사 정리,분리수거 표찰 고철류 190*60*2,"매장 정리하여, 재고 처분합니다.

완전 미사용/미개봉 새제품입니다.


재고 15개 있습니다.

2개 이상 구매하시면, 1개 외 배송비 빼드립니다.",1500,2025.07.20,9,0,0
215779339,중고나라,이사 정리,분리수거 표찰 3124 재활용품 190*60*2,"매장 정리하여, 재고 처분합니다.

완전 미사용/미개봉 새제품입니다.


재고 14개 있습니다.

2개 이상 구매하시면, 1개 외 배송비 빼드립니다.",1500,2025.07.20,6,0,0
215779169,중고나라,이사 정리,분리수거 표찰 3122 병류 190*60*2,"매장 정리하여, 재고 처분합니다.

완전 미사용/미개봉 새제품입니다.


재고 2개 있습니다.

2개 이상 구매하시면, 1개 외 배송비 빼드립니다.",1500,2025.07.20,11,0,0
215779084,중고나라,이사 정리,분리수거 표찰 3121 캔류 190*60*2,"매장 정리하여, 재고 처분합니다.

완전 미사용/미개봉 새제품입니다.


재고 14개 있습니다.

2개 이상 구매하시면, 1개 외 배송비 빼드립니다.",1500,2025.07.20,10,0,0
215779031,중고나라,이사 정리,분리수거 표찰 3119 일반쓰레기 190*60*2,"매장 정리하여, 재고 처분합니다.

완전 미사용/미개봉 새제품입니다.


재고 3개 있습니다.

2개 이상 구매하시면, 1개 외 배송비 빼드립니다.",1500,2025.07.20,12,0,0
215778758,중고나라,이사 정리,철재 접이식 분리수거대 100리터 4분류 마대/표찰없음,"매장 정리하여, 재고 처분합니다.

완전 미사용/미개봉 새제품입니다.


배송 대신화물 착불만 가능합니다.
(현불 원할 시 미리 연락)",128700,2025.07.20,55,0,0
215778364,중고나라,이사 정리,플라베니아 플라이보드 보양 보호 900*1800*2.5,"매장 정리하여, 재고 처분합니다.

완전 미사용/미개봉 새제품입니다.


재고 52개 있습니다.

2개 이상 구매하시면, 1개 외 배송비 빼드립니다.",1800,2025.07.20,26,0,0
215777611,중고나라,이사 정리,다용도 접이식 의자 스툴 중 스텝스툴,"매장 정리하여, 재고 처분합니다.

완전 미사용/미개봉 새제품입니다.


재고 2개 있습니다.

2개 이상 구매하시면, 1개 외 배송비 빼드립니다.",7200,2025.07.20,16,0,0
215777552,중고나라,이사 정리,다용도 접이식 의자 스툴 소 스텝스툴,"매장 정리하여, 재고 처분합니다.

완전 미사용/미개봉 새제품입니다.


재고 2개 있습니다.

2개 이상 구매하시면, 1개 외 배송비 빼드립니다.",5100,2025.07.20,48,1,1
215777390,중고나라,이사 정리,파라솔용 원형 테이블 빨강,,14400,2025.07.20,11,0,0
215777149,중고나라,이사 정리,3M 1100 귀마개 끈타입 끈있음,"매장 정리하여, 재고 처분합니다.

완전 미사용/미개봉 새제품입니다.


2개 이상 구매하시면, 1개 외 배송비 빼드립니다.",300,2025.07.20,25,1,0
215776985,중고나라,이사 정리,3M 1100 귀마개 일반형 끈없음,"매장 정리하여, 재고 처분합니다.

완전 미사용/미개봉 새제품입니다.


재고 80개 있습니다.

2개 이상 구매하시면, 1개 외 배송비 빼드립니다.",200,2025.07.20,24,1,0
215776878,중고나라,이사 정리,방음 귀마개 쎄다 헤드폰식 SAEH 2009,"매장 정리하여, 재고 처분합니다.

완전 미사용/미개봉 새제품입니다.


재고 6개 있습니다.

2개 이상 구매하시면, 1개 외 배송비 빼드립니다.",7900,2025.07.20,72,1,1
215771398,중고나라,이사 정리,아마추어모델언니의 옷정리합니다./박스가득 넣어드려요./옷 없으신분들 옷장만 하세요. 이사준비로 옷장정리합니다.-무...,"📢 제목에 ""제조사/ 브랜드 명""과 “상품명”을 넣어 작성하면, 보다 빠른 판매가 가능합니다! 
📢 게시글 작성 시 배송 방법에 “직거래”와 “내 위치” 설정할 경우, 보다 빠른 판매가 가능합니다! 



안녕하세요.^^

결혼 전 아마추어 출사모델을 취미 삶아 해서 옷이 많아요.
큰언니.작은언니.동생까지 있어서 
내가 평소에 잘 안입게 되는 옷들이랑 불편한옷들, 안어울리는 옷들,
작아진 옷들등등 옷이 너무 많아서 최대한 옷을 정리합니다.

본인 상의 하의 싸이즈
(예시 -상의44.55.66 하의 24. 25.26.27등등)
좋아하는 스타일과 싫어하는 스타일
그리고 나잇대와 신발싸이즈 알려주시면 옷고르는데 참고 사항이 될 듯합니다.^^
전체적으로 정리를 위한 것이라
한가지 스타일만 원하시거나 한계절옷만 원하시는 것도 어렵습니다.

위에 싸이즈와 참고할 만한 사항들을 잘 적어주시면 
옷 정리하는데 참고할 수 있으니 상세하게 잘 적어서 문자나 쳇부탁드려요
100프로 만족시켜드리지 못하오니 
예민하신분이나 까다로우신분은 신중거래부탁드려요.

대신 한두벌에 만원 이만원 NO~NO~
기본 10이상이 기본~
사과박스만한 곳에 가득가득 넣어드리는 가격이 택배포함

기본이 25.000원(배송비포함)부터 100.000가능하시고

25.000ㅡ10벌이상
30000ㅡ15벌이상
40.000ㅡ20벌이상
50.000ㅡ25벌이상
60.000ㅡ30벌이상
70.000ㅡ35벌이상
80.000ㅡ40벌이상
90.000ㅡ45벌이상
100.000ㅡ50벌이상
5천원씩도(2벌정도)추가 가능하세요

딱 한계절만 정해서 보내드릴수는 없고요. 
어느정도 계절반영해서
기본 44~77까지 가능 다양하게 봄.여름.가을.겨울옷으로 챙겨드려요
옷 많이 없으신 여성분들 옷장만 하기 좋은 기회입니다.

예민x
반품 교환 환불 x
010-2421-1공공6으로 연락주세요. 






🚨회원님의 거래 게시글을 노린 중고나라 운영진 사칭 피싱 사이트를 주의하세요🚨",25000,2025.07.20,15,0,0
215129249,중고나라,이사 정리,아이패드 프로13 m4 256g wifi 케어플,"실버 아이패드 프로13 m4 256gb wifi(테두리필름붙음)
박스+본품+미사용충전기+미사용케이블
케어플 26.08.03
제품상태 매우좋아요

스코코 필름 1장
니케 아이패드 거치대 nk-32(사용감있어요)
구조독 화이트 키보드(미사용)
구조독 펜슬

포함 같이 판매합니다.

케어플양도관련
2대 구매자라 양도는 불가합니다
4개월정도 사용하였고
tv구매하여 사용빈도가 떨어져 판매합니다.

직거래 지역은 조치원,천안,오송 가능합니다.

택배거래시 파손면책동의해주시면 택배거래도 가능합니다.",1400000,2025.07.20,212,4,4
215698842,중고나라,이사 정리,호루라기 호각 스틸,"매장 정리하여, 재고 처분합니다.

완전 미사용/미개봉 새제품입니다.


재고 3개 있습니다.

2개 이상 구매하시면, 1개 외 배송비 빼드립니다.",1100,2025.07.20,37,0,0
215697955,중고나라,이사 정리,신호수조끼 망사 주머니 오렌지 XL,"매장 정리하여, 재고 처분합니다.

완전 미사용/미개봉 새제품입니다.


재고 13개 있습니다.

2개 이상 구매하시면, 1개 외 배송비 빼드립니다.",2200,2025.07.20,14,1,0
215697800,중고나라,이사 정리,고속도로 신호봉 870mm 적색,"매장 정리하여, 재고 처분합니다.

완전 미사용/미개봉 새제품입니다.


2개 이상 구매하시면, 1개 외 배송비 빼드립니다.",6800,2025.07.19,18,0,0
215697659,중고나라,이사 정리,미니 메가폰,"매장 정리하여, 재고 처분합니다.

완전 미사용/미개봉 새제품입니다.


재고 2개 있습니다.

2개 이상 구매하시면, 1개 외 배송비 빼드립니다.",4900,2025.07.19,27,2,1
215697497,중고나라,이사 정리,우신 멀티 지시봉 라이트 WS-671,"매장 정리하여, 재고 처분합니다.

완전 미사용/미개봉 새제품입니다.


2개 이상 구매하시면, 1개 외 배송비 빼드립니다.",8000,2025.07.19,15,0,0
215697360,중고나라,이사 정리,안전모용 햇빛가리개 검정,"매장 정리하여, 재고 처분합니다.

완전 미사용/미개봉 새제품입니다.


재고 9개 있습니다.

2개 이상 구매하시면, 1개 외 배송비 빼드립니다.",900,2025.07.19,16,0,0
215697214,중고나라,이사 정리,안전모용 턱끈,"매장 정리하여, 재고 처분합니다.

완전 미사용/미개봉 새제품입니다.


재고 14개 있습니다.

2개 이상 구매하시면, 1개 외 배송비 빼드립니다.",500,2025.07.19,23,2,0
215697035,중고나라,이사 정리,안전모용 목그늘 타올,"매장 정리하여, 재고 처분합니다.

완전 미사용/미개봉 새제품입니다.


재고 3개 있습니다.

2개 이상 구매하시면, 1개 외 배송비 빼드립니다.",2200,2025.07.19,21,1,0
215696929,중고나라,이사 정리,안전모 헤드랜턴 고정용 클립 노랑,"매장 정리하여, 재고 처분합니다.

완전 미사용/미개봉 새제품입니다.


재고 6개 있습니다.

2개 이상 구매하시면, 1개 외 배송비 빼드립니다.",600,2025.07.19,42,2,1
215696770,중고나라,이사 정리,안전모 걸이대 4구 철제,"매장 정리하여, 재고 처분합니다.

완전 미사용/미개봉 새제품입니다.


재고 7개 있습니다.

2개 이상 구매하시면, 1개 외 배송비 빼드립니다.",5900,2025.07.19,17,0,0
215696664,중고나라,이사 정리,안전모 투구자동백색 기본,"매장 정리하여, 재고 처분합니다.

완전 미사용/미개봉 새제품입니다.


재고 6개 있습니다.

2개 이상 구매하시면, 1개 외 배송비 빼드립니다.",2600,2025.07.19,27,0,2
215696455,중고나라,이사 정리,제비표 Si-203 상하 황색 FREE 우의,"매장 정리하여, 재고 처분합니다.

완전 미사용/미개봉 새제품입니다.


재고 3개 있습니다.

2개 이상 구매하시면, 1개 외 배송비 빼드립니다.",3300,2025.07.19,69,2,0
215696210,중고나라,이사 정리,신사우의 분리식 곤색 XL,"매장 정리하여, 재고 처분합니다.

완전 미사용/미개봉 새제품입니다.


재고 18개 있습니다.

2개 이상 구매하시면, 1개 외 배송비 빼드립니다.",5800,2025.07.19,20,0,0
215695700,중고나라,이사 정리,"실리콘 덧신 여성용 검정, 회색, 백색 양말","매장 정리하여, 재고 처분합니다.

완전 미사용/미개봉 새제품입니다.


재고 17개 있습니다.

2개 이상 구매하시면, 1개 외 배송비 빼드립니다.",500,2025.07.19,75,0,0
215695672,중고나라,이사 정리,"실리콘 덧신 남성용 검정, 회색, 백색 양말","매장 정리하여, 재고 처분합니다.

완전 미사용/미개봉 새제품입니다.


재고 31개 있습니다.

2개 이상 구매하시면, 1개 외 배송비 빼드립니다.",500,2025.07.19,19,0,0
215695567,중고나라,이사 정리,일반 고무 각반 1조,"매장 정리하여, 재고 처분합니다.

완전 미사용/미개봉 새제품입니다.


재고 25개 있습니다.

2개 이상 구매하시면, 1개 외 배송비 빼드립니다.",200,2025.07.19,21,1,0
215695407,중고나라,이사 정리,방한모 겨울 군밤모자,"매장 정리하여, 재고 처분합니다.

완전 미사용/미개봉 새제품입니다.


재고 7개 있습니다.

2개 이상 구매하시면, 1개 외 배송비 빼드립니다.",3900,2025.07.19,53,3,1
215695237,중고나라,이사 정리,멀티후드 밀리터리 겨울 모자 넥워머,"매장 정리하여, 재고 처분합니다.

완전 미사용/미개봉 새제품입니다.


재고 8개 있습니다.

2개 이상 구매하시면, 1개 외 배송비 빼드립니다.",3600,2025.07.19,22,1,1
215695107,중고나라,이사 정리,눈가면 겨울 모자,"매장 정리하여, 재고 처분합니다.

완전 미사용/미개봉 새제품입니다.


재고 4개 있습니다.

2개 이상 구매하시면, 1개 외 배송비 빼드립니다.",3900,2025.07.19,16,2,0
215694952,중고나라,이사 정리,겉귀다리 모자 겨울,"매장 정리하여, 재고 처분합니다.

완전 미사용/미개봉 새제품입니다.


재고 8개 있습니다.

2개 이상 구매하시면, 1개 외 배송비 빼드립니다.",8400,2025.07.19,17,0,0
215694363,중고나라,이사 정리,모렉스 퍼펙트조거 121147 남성용 블랙 M L XL,"매장 정리하여, 재고 처분합니다.

완전 미사용/미개봉 새제품입니다.


재고 11개 있습니다.

2개 이상 구매하시면, 1개 외 배송비 빼드립니다.",5600,2025.07.19,24,1,0
215693902,중고나라,이사 정리,TC 조끼 곤색 로고/문구 L XL XXL XXXL,"매장 정리하여, 재고 처분합니다.

완전 미사용/미개봉 새제품입니다.


2개 이상 구매하시면, 1개 외 배송비 빼드립니다.",5200,2025.07.19,25,1,0
208914794,중고나라,이사 정리,애플 매직키보드 11인치 정품,#NAME?,155000,2025.07.19,353,2,0
215689655,중고나라,이사 정리,rf 50 f1.8,"올해 4월 구매해 5회정도 사용했습니다
풀박입니다",200000,2025.07.19,287,7,7
215068084,중고나라,이사 정리,나이키 운동화,"나이키 프리 런 운동화입니다
사이즈는 265입니다
편하게 신기 좋아요!

사진 참고해주세요~
지거래 , 일반택배 , 편의점 반값 택배 가늠",13000,2025.07.19,29,0,0
215662303,중고나라,이사 정리,파타고니아 키즈 뽀글이 자켓 핑크 5t (이사로 인한 정리),"⭐️ 끝까지 읽어주시고 구입하실분만 연락주세요 ⭐️

사이즈 문의 안받아요 ❌

✔️ 전체적으로 깨끗한편이지만 
아이가 입었던 '중고' 이니 예민하신분은 
제발제발제발 패쓰해주세요 🙌🏻

 (제가 확인 할 땐 없긴 했으나) 발견하지 못한 얼룩, 뜯김 있을 수 있고 반품, 환불 불가한 점 미리 알려드려요 

📍 무리한 에눌 사절, 자체에눌 사절 (답변안함) 

편의점 착불 택배 (추가 3500원) 
반값택배 (추가 1800원) 

010 628l 74육칠 

📍이사준비로 빠르게 정리합니다",45000,2025.07.19,12,0,0
215643252,중고나라,이사 정리,ECM 하이패스 룸미러 5버튼,"작동 상 이상없음
현대/기아 하이패스 룸미러",60000,2025.07.19,22,1,1
215615189,중고나라,이사 정리,발포지 15T*1100*50M 단열재 완충재 PE폼,"매장 정리하여, 재고 처분합니다.

완전 미사용/미개봉 새제품입니다.


재고 3개 있습니다.

2개 이상 구매하시면, 1개 외 배송비 빼드립니다.",60000,2025.07.18,188,1,4
215614475,중고나라,이사 정리,97 필름헤라 130mm 퍼티헤라,"매장 정리하여, 재고 처분합니다.

완전 미사용/미개봉 새제품입니다.


재고 16개 있습니다.

2개 이상 구매하시면, 1개 외 배송비 빼드립니다.",800,2025.07.18,24,1,0
215613262,중고나라,이사 정리,벨크로/찍찍이 테이프 암 50mm 20M 접착 보들이,"매장 정리하여, 재고 처분합니다.

완전 미사용/미개봉 새제품입니다.


재고 2개 있습니다.

2개 이상 구매하시면, 1개 외 배송비 빼드립니다.",28600,2025.07.18,20,2,0
215566862,중고나라,이사 정리,[이사정리 일괄판매 특가] 에어컨 냉장고 식세기 TV,"1. LG 휘센 2in1 에어컨 (FQ17V8DWAN + SQ07BJWAJ)
가격: 50만원

LG 휘센 2in1 에어컨 (거실 스탠드형 + 안방 벽걸이형 풀세트) 실외기(FQ248DFU) 포함입니다.
ㆍ19년도 구입, 지금까지 거실에서 쾌적하게 사용
ㆍ24년도 벽걸이형 에어컨 추가 설치, 안방에서도 별도 사용 중
(추가 설치 시, 기존 거실 에어컨 내부 청소 전문업체에 의뢰하여 청소)
ㆍ25년 6월 에어컨(거실+안방) 가스 충전 완료
ㆍ상태 양호, 설치된 상태로 직접 확인 가능

2. LG 매직스페이스 4도어 냉장고 (F877TS55 / 870L)
가격: 10만원

ㆍ19년 구매, 고장 한 번 없이 성능 매우 양호

3. SK매직 식기세척기 (DWA-8005B)
가격: 15만원

2년 실사용, 나머진 창고 보관이라 거의 새 제품급입니다
ㆍ6인용, 터치온 방식
ㆍ실사용은 이사 전 2년
ㆍ이사 후 설치 불가해 보관만 해왔습니다.
ㆍ외관/내부 상태 매우 양호

4. LG 49인치 UHD TV (49UN7800ENA)
가격: 15만원

거의 새제품 수준의 TV 찾으시는 분 강력 추천
ㆍ구매 후 제대로 사용 못함 (아기 재우고 안방에서 조용히 보려 했으나, 아기 분리수면 실패)
ㆍ안방창고에서 보관만 해왔고, 스크래치 하나 없이 깔끔
ㆍUHD 화질/실사용 거의 없음

정말 아깝지만 이사 하는 관계로 더 이상 사용 계획 없어 판매합니다.
직거래로 직접 확인 가능하며, 빠르게 가져가실 분께 네고 가능합니다!

ㆍ8월 18일 이사 당일. 오전 중 1층 하차까지 도와드립니다. 그 이후엔 직접 운반하셔야 하니 미리 연락 주세요",1111,2025.07.18,29,0,0
215536312,중고나라,이사 정리,아이소핑크 1호 100T 900*1800 스티로폼,"매장 정리하여, 재고 처분합니다.

완전 미사용 새제품입니다.",18900,2025.07.18,133,2,3
215536257,중고나라,이사 정리,쿠셔니 우드블럭 1000*500 체리,"매장 정리하여, 재고 처분합니다.

완전 미사용/미개봉 새제품입니다.


재고 2개 있습니다.

2개 이상 구매하시면, 1개 외 배송비 빼드립니다.",3000,2025.07.18,27,1,0
215536222,중고나라,이사 정리,쿠셔니 우드블럭 1000*500 월넛,"매장 정리하여, 재고 처분합니다.

완전 미사용/미개봉 새제품입니다.


재고 21개 있습니다.

2개 이상 구매하시면, 1개 외 배송비 빼드립니다.",3000,2025.07.18,24,0,1
215536179,중고나라,이사 정리,쿠셔니 우드블럭 1000*500 오크,"매장 정리하여, 재고 처분합니다.

완전 미사용/미개봉 새제품입니다.


2개 이상 구매하시면, 1개 외 배송비 빼드립니다.",3000,2025.07.18,14,0,0
215536161,중고나라,이사 정리,쿠셔니 우드블럭 1000*500 스톤베이지,"매장 정리하여, 재고 처분합니다.

완전 미사용/미개봉 새제품입니다.


재고 2개 있습니다.

2개 이상 구매하시면, 1개 외 배송비 빼드립니다.",3000,2025.07.18,17,0,0
215535883,중고나라,이사 정리,쿠셔니 몬드리안 700*760 실버그레이,"매장 정리하여, 재고 처분합니다.

완전 미사용/미개봉 새제품입니다.


2개 이상 구매하시면, 1개 외 배송비 빼드립니다.",3000,2025.07.18,13,0,0
215535788,중고나라,이사 정리,쿠셔니 폼블럭 700*760 화이트,"매장 정리하여, 재고 처분합니다.

완전 미사용/미개봉 새제품입니다.


2개 이상 구매하시면, 1개 외 배송비 빼드립니다.",3000,2025.07.18,52,1,0
215535407,중고나라,이사 정리,더홈샵 곰팡이 제거를 부탁해 540ml,"매장 정리하여, 재고 처분합니다.

완전 미사용/미개봉 새제품입니다.


재고 8개 있습니다.

2개 이상 구매하시면, 1개 외 배송비 빼드립니다.",5900,2025.07.18,33,0,1
215535206,중고나라,이사 정리,EV-1 스텐광택크리너 1000ml 업소용,"매장 정리하여, 재고 처분합니다.

완전 미사용/미개봉 새제품입니다.


재고 6개 있습니다.

2개 이상 구매하시면, 1개 외 배송비 빼드립니다.",7700,2025.07.18,17,0,0
215534667,중고나라,이사 정리,백마 퍼티나이프 1280mm PK1280,"매장 정리하여, 재고 처분합니다.

완전 미사용/미개봉 새제품입니다.


2개 이상 구매하시면, 1개 외 배송비 빼드립니다.",21300,2025.07.18,18,0,0
215534463,중고나라,이사 정리,쌍곰 탄성퍼티 20kg 백색,"매장 정리하여, 재고 처분합니다.

완전 미사용/미개봉 새제품입니다.


재고 2개 있습니다.

2개 이상 구매하시면, 1개 외 배송비 빼드립니다.",30900,2025.07.18,22,0,0
215534022,중고나라,이사 정리,브이텍 VT-460 퍼티필러,"매장 정리하여, 재고 처분합니다.

완전 미사용/미개봉 새제품입니다.


재고 4개 있습니다.

2개 이상 구매하시면, 1개 외 배송비 빼드립니다.",5100,2025.07.18,21,0,0
215532365,중고나라,이사 정리,브이텍 VT-027 월패치 150*150mm 2개입,"매장 정리하여, 재고 처분합니다.

완전 미사용/미개봉 새제품입니다.


재고 13개 있습니다.

2개 이상 구매하시면, 1개 외 배송비 빼드립니다.",2400,2025.07.18,11,0,0
215532104,중고나라,이사 정리,테프론 테이프 19mm*30M 길고 넓은,"매장 정리하여, 재고 처분합니다.

완전 미사용/미개봉 새제품입니다.


2개 이상 구매하시면, 1개 외 배송비 빼드립니다.",1800,2025.07.17,27,2,0
215531980,중고나라,이사 정리,고밀도 테프론 테이프 14mm*13M 2개입,"매장 정리하여, 재고 처분합니다.

완전 미사용/미개봉 새제품입니다.


2개 이상 구매하시면, 1개 외 배송비 빼드립니다.",800,2025.07.17,32,1,0
215531950,중고나라,이사 정리,굿스마일 더합체 세븐체인져 판매합니다.,"안녕하세요.
굿스마일 더합체 세븐체인져 개봉 확인품 판매합니다.
미개봉으로 가지고있다가 최근 변색이슈로 개봉하여 눈으로 확인만 한 제품입니다.
변색, 파손 등 특이사항 없으며, 특전 포함 판매합니다.
판매 전 이상여부만 확인한 새상품입니다.
되도록 직거래로 진행하며, 부득이하게 택배 거래 시 택배비 구매자 부담, 노클레임, 노리턴 조건으로만 진행합니다.
직거래는 세종 조치원에서 가능합니다.
궁금하신점이나 구입 원하시는분은 채팅으로 문의 부탁드립니다.
감사합니다.",270000,2025.07.17,49,0,1
215531839,중고나라,이사 정리,3M 폼 양면 테이프 20mm*10M 4421,"매장 정리하여, 재고 처분합니다.

완전 미사용/미개봉 새제품입니다.


2개 이상 구매하시면, 1개 외 배송비 빼드립니다.",2000,2025.07.17,59,1,1
215531707,중고나라,이사 정리,고릴라 투명 양면 테이프 스퀘어 25*25mm 24장,"매장 정리하여, 재고 처분합니다.

완전 미사용/미개봉 새제품입니다.


2개 이상 구매하시면, 1개 외 배송비 빼드립니다.",9900,2025.07.17,19,0,0
215531579,중고나라,이사 정리,3M 투명 양면 테이프 137 12mm*11.4M,"매장 정리하여, 재고 처분합니다.

완전 미사용/미개봉 새제품입니다.


재고 6개 있습니다.

2개 이상 구매하시면, 1개 외 배송비 빼드립니다.",2900,2025.07.17,9,0,0
215531391,중고나라,이사 정리,방수테이프 100mm*2T*20M,"매장 정리하여, 재고 처분합니다.

완전 미사용/미개봉 새제품입니다.


재고 5개 있습니다.

2개 이상 구매하시면, 1개 외 배송비 빼드립니다.",18300,2025.07.17,30,1,1
215531288,중고나라,이사 정리,고릴라 카모테이프 47mm*8.23M 밀리터리,"매장 정리하여, 재고 처분합니다.

완전 미사용/미개봉 새제품입니다.


2개 이상 구매하시면, 1개 외 배송비 빼드립니다.",8300,2025.07.17,17,0,0
215531110,중고나라,이사 정리,고릴라 실버테이프 48mm*32M 석재 가능,"매장 정리하여, 재고 처분합니다.

완전 미사용/미개봉 새제품입니다.


2개 이상 구매하시면, 1개 외 배송비 빼드립니다.",8500,2025.07.17,25,1,2
215530901,중고나라,이사 정리,마스킹테이프 컷터기 25mm,"매장 정리하여, 재고 처분합니다.

완전 미사용/미개봉 새제품입니다.


2개 이상 구매하시면, 1개 외 배송비 빼드립니다.",2400,2025.07.17,21,1,0
215530659,중고나라,이사 정리,세종 헥토르 프레타이 절단기 FC-700,"매장 정리하여, 재고 처분합니다.

완전 미사용/미개봉 새제품입니다.


재고 3개 있습니다.

2개 이상 구매하시면, 1개 외 배송비 빼드립니다.",13600,2025.07.17,12,0,0
215530614,중고나라,이사 정리,세종 헥토르 프레타이 절단기 FC-550,"매장 정리하여, 재고 처분합니다.

완전 미사용/미개봉 새제품입니다.


2개 이상 구매하시면, 1개 외 배송비 빼드립니다.",11300,2025.07.17,5,0,0
215530314,중고나라,이사 정리,청소형 고리 893 T형 앙카4구 150*150mm,"매장 정리하여, 재고 처분합니다.

완전 미사용/미개봉 새제품입니다.


재고 10개 있습니다.

2개 이상 구매하시면, 1개 외 배송비 빼드립니다.",12000,2025.07.17,8,0,0
215530256,중고나라,이사 정리,청소형 고리 891 T형 앙카2구 150*74mm,"매장 정리하여, 재고 처분합니다.

완전 미사용/미개봉 새제품입니다.


재고 12개 있습니다.

2개 이상 구매하시면, 1개 외 배송비 빼드립니다.",11800,2025.07.17,7,0,0
215530137,중고나라,이사 정리,철사 1.6mm 50M,"매장 정리하여, 재고 처분합니다.

완전 미사용/미개봉 새제품입니다.


재고 2개 있습니다.

2개 이상 구매하시면, 1개 외 배송비 빼드립니다.",4900,2025.07.17,7,0,0
215530107,중고나라,이사 정리,철사 0.9mm 100M,"매장 정리하여, 재고 처분합니다.

완전 미사용/미개봉 새제품입니다.


재고 8개 있습니다.

2개 이상 구매하시면, 1개 외 배송비 빼드립니다.",3300,2025.07.17,21,0,0
215530033,중고나라,이사 정리,반선 #8번선 10kg 반생이,"매장 정리하여, 재고 처분합니다.

완전 미사용/미개봉 새제품입니다.


2개 이상 구매하시면, 1개 외 배송비 빼드립니다.",12000,2025.07.17,16,0,0
215530017,중고나라,이사 정리,반선 #6번선 10kg 반생이,"매장 정리하여, 재고 처분합니다.

완전 미사용/미개봉 새제품입니다.


재고 10개 있습니다.

2개 이상 구매하시면, 1개 외 배송비 빼드립니다.",12800,2025.07.17,9,0,0
215529710,중고나라,이사 정리,철근받침대 75 500개,"매장 정리하여, 재고 처분합니다.

완전 미사용/미개봉 새제품입니다.


2개 이상 구매하시면, 1개 외 배송비 빼드립니다.",21300,2025.07.17,10,0,0
215529671,중고나라,이사 정리,철근받침대 30 (1000개),"매장 정리하여, 재고 처분합니다.

완전 미사용/미개봉 새제품입니다.


2개 이상 구매하시면, 1개 외 배송비 빼드립니다.",16200,2025.07.17,17,0,0
215529639,중고나라,이사 정리,철근받침대 100 (400개),"매장 정리하여, 재고 처분합니다.

완전 미사용/미개봉 새제품입니다.


2개 이상 구매하시면, 1개 외 배송비 빼드립니다.",30700,2025.07.17,13,0,0
215529520,중고나라,이사 정리,삼각면기 A28 2M 면끼 토목자재,"매장 정리하여, 재고 처분합니다.

완전 미사용/미개봉 새제품입니다.


재고 27개 있습니다.

2개 이상 구매하시면, 1개 외 배송비 빼드립니다.",300,2025.07.17,29,0,0
215529400,중고나라,이사 정리,사각면기 30*20*20 2M 면끼 토목자재,"매장 정리하여, 재고 처분합니다.

완전 미사용/미개봉 새제품입니다.


재고 25개 있습니다.

2개 이상 구매하시면, 1개 외 배송비 빼드립니다.",600,2025.07.17,60,0,0
215529282,중고나라,이사 정리,루프드레인 수직형 100 뚜껑포함,"매장 정리하여, 재고 처분합니다.

완전 미사용/미개봉 새제품입니다.


2개 이상 구매하시면, 1개 외 배송비 빼드립니다.",13400,2025.07.17,7,0,0
215529255,중고나라,이사 정리,루프드레인 벽체형 100 뚜껑포함,"매장 정리하여, 재고 처분합니다.

완전 미사용/미개봉 새제품입니다.


2개 이상 구매하시면, 1개 외 배송비 빼드립니다.",17400,2025.07.17,4,0,0
215529188,중고나라,이사 정리,경계석 갈쿠리 1조=2개입,"매장 정리하여, 재고 처분합니다.

완전 미사용/미개봉 새제품입니다.


재고 6개 있습니다.

2개 이상 구매하시면, 1개 외 배송비 빼드립니다.",3500,2025.07.17,13,0,0
215527799,중고나라,이사 정리,25-26 토트넘 홈 손흥민 챔스유니폼,"정품입니다

 M (us size)

-마킹 네임, 팔패치 자컷 스폰서 오피셜, 택x

키링도 드려요!!",130000,2025.07.17,34,0,1
215526186,중고나라,이사 정리,화로테이블 & 보조테이블 가격다운,"📢 제목에 ""제조사/ 브랜드 명""과 “상품명(ex. 숄더 핸드백)”을 넣어 작성하면, 보다 빠른 판매가 가능합니다! 
📢 게시글 작성 시 배송 방법에 “직거래”와 “내 위치” 설정할 경우, 보다 빠른 판매가 가능합니다! 








🚨회원님의 거래 게시글을 노린 중고나라 운영진 사칭 피싱 사이트를 주의하세요🚨 

직접 만든 자작 제품입니다.
재료값만 24만 들었습니다.
아무래도 자작제품이다보니..
퀄리티는 기성품보다 못하지만
상태 괜찮습니다~
만들구서 사용은 6회사용..
가방까지 직접 싸이즈맞게 제작한겁니다
싸이즈는 90×90 안쪽네모 50×50
높이는 두가지로 조정가능합니다.
궁금하신거 있음 문의주세요^^

가격다운~
이제 안팔리면 걍 써야겠네요ㅠ.ㅠ",70000,2025.07.17,5,0,0
214835822,중고나라,이사 정리,24-25 맨시티 케빈더브라위너 마킹 유니폼 [해외XL,"24-25 맨체스터 시티 홈 No.17 케빈 더 브라위너

• 설명 : 개봉새제품 (택 미제거)
마킹: 자컷 (케빈 더 브라위너, 17)
패치: 자컷 (챔스 / Foundation / cwc2023)
가격 제안 가능

• 하자 여부 : 없습니다",137000,2025.07.17,74,0,0
215445421,중고나라,이사 정리,투명 OPP 24mm*43M 테이프 2개입세트,"매장 정리하여, 재고 처분합니다.

완전 미사용/미개봉 새제품입니다.


재고 7개 있습니다.

2개 이상 구매하시면, 1개 외 배송비 빼드립니다.",1000,2025.07.17,107,0,0
215445213,중고나라,이사 정리,케미칼앙카 노즐 꼭지 일액형 이액형 겸용,"매장 정리하여, 재고 처분합니다.

완전 미사용/미개봉 새제품입니다.


재고 44개 있습니다.

2개 이상 구매하시면, 1개 외 배송비 빼드립니다.",300,2025.07.16,28,0,0
215445049,중고나라,이사 정리,피셔 케미칼앙카 이액형 FIS P 360S,"매장 정리하여, 재고 처분합니다.

완전 미사용/미개봉 새제품입니다.


재고 12개 있습니다.

2개 이상 구매하시면, 1개 외 배송비 빼드립니다.",4800,2025.07.16,27,1,1
215444831,중고나라,이사 정리,송림 케미칼앙카 일액형 I-30,,3900,2025.07.16,459,0,1
215444596,중고나라,이사 정리,쌍곰 드라이픽스2 방수용 20kg 페일통,"매장 정리하여, 재고 처분합니다.

완전 미사용/미개봉 새제품입니다.


재고 6개 있습니다.

배송비 별도 착불만 가능합니다.",17500,2025.07.16,26,0,0
215444480,중고나라,이사 정리,쌍곰 드라이픽스2 2성분 타일접착제 20kg 페일통,"매장 정리하여, 재고 처분합니다.

완전 미사용/미개봉 새제품입니다.


재고 4개 있습니다.

배송비 별도 착불만 가능합니다.",11400,2025.07.16,45,2,1
215444354,중고나라,이사 정리,쌍곰 드라이픽스1 난방 바닥타일용 20kg 지대,"매장 정리하여, 재고 처분합니다.

완전 미사용/미개봉 새제품입니다.


재고 4개 있습니다.

배송비 별도 착불만 가능합니다.",7200,2025.07.16,63,3,2
215444074,중고나라,이사 정리,쌍곰 데코본드 난방용 10kg 데코타일본드,,18900,2025.07.16,15,0,2
215443898,중고나라,이사 정리,테라코 석재용 에폭시 에포스톤 주제500g경화제500g,,6000,2025.07.16,16,0,0
215443729,중고나라,이사 정리,제일 토끼코크 흑색,"매장 정리하여, 재고 처분합니다.

완전 미사용/미개봉 새제품입니다.


재고 53개 있습니다.

2개 이상 구매하시면, 1개 외 배송비 빼드립니다.",1300,2025.07.16,19,0,0
215443687,중고나라,이사 정리,제일 토끼코크 회색,"매장 정리하여, 재고 처분합니다.

완전 미사용/미개봉 새제품입니다.


재고 4개 있습니다.

2개 이상 구매하시면, 1개 외 배송비 빼드립니다.",1300,2025.07.16,14,0,0
215443630,중고나라,이사 정리,제일 토끼코크 백색,"매장 정리하여, 재고 처분합니다.

완전 미사용/미개봉 새제품입니다.


2개 이상 구매하시면, 1개 외 배송비 빼드립니다.",1300,2025.07.16,29,0,1
215443386,중고나라,이사 정리,고릴라 폴리우레탄 글루 118ml 방수 실외가능,"매장 정리하여, 재고 처분합니다.

완전 미사용/미개봉 새제품입니다.


2개 이상 구매하시면, 1개 외 배송비 빼드립니다.",8600,2025.07.16,22,0,0
215442974,중고나라,이사 정리,S/T 주상 엉덩이 0074,"매장 정리하여, 재고 처분합니다.

완전 미사용/미개봉 새제품입니다.


2개 이상 구매하시면, 1개 외 배송비 빼드립니다.",17200,2025.07.16,16,0,0
215442859,중고나라,이사 정리,S/T 전신 0098 안전벨트,"매장 정리하여, 재고 처분합니다.

완전 미사용/미개봉 새제품입니다.


재고 10개 있습니다.

2개 이상 구매하시면, 1개 외 배송비 빼드립니다.",14600,2025.07.16,14,1,0
215442662,중고나라,이사 정리,S/T 상체 0291 안전벨트 ST대구경웨빙 수동,"매장 정리하여, 재고 처분합니다.

완전 미사용/미개봉 새제품입니다.


재고 7개 있습니다.

2개 이상 구매하시면, 1개 외 배송비 빼드립니다.",12800,2025.07.16,21,2,0
215442541,중고나라,이사 정리,A/L 죔줄 웨빙로프 안전벨트,"매장 정리하여, 재고 처분합니다.

완전 미사용/미개봉 새제품입니다.


재고 4개 있습니다.

2개 이상 구매하시면, 1개 외 배송비 빼드립니다.",10300,2025.07.16,35,1,1
215442220,중고나라,이사 정리,에코원 고무장갑 대,"매장 정리하여, 재고 처분합니다.

완전 미사용/미개봉 새제품입니다.


재고 23개 있습니다.

2개 이상 구매하시면, 1개 외 배송비 빼드립니다.",1200,2025.07.16,38,0,1
215442181,중고나라,이사 정리,에코원 고무장갑 중,"매장 정리하여, 재고 처분합니다.

완전 미사용/미개봉 새제품입니다.


재고 114개 있습니다.

2개 이상 구매하시면, 1개 외 배송비 빼드립니다.",1100,2025.07.16,17,1,0
215441936,중고나라,이사 정리,흑색 차광망 건설망 약5.4~9.1M,"매장 정리하여, 재고 처분합니다.

완전 미사용/미개봉 새제품입니다.


재고 2개 있습니다.

2개 이상 구매하시면, 1개 외 배송비 빼드립니다.",8400,2025.07.16,29,1,0
215441521,중고나라,이사 정리,환봉고리 50m/m용 자동바 슬링바,"매장 정리하여, 재고 처분합니다.

완전 미사용 새제품입니다.


2개 이상 구매하시면, 1개 외 배송비 빼드립니다.",1500,2025.07.16,23,0,0
202178968,중고나라,이사 정리,야마하 Xmax300 2023,,3500000,2025.07.16,600,2,0
215407980,중고나라,이사 정리,긱바 어익 3080 10g,"기가바이트 3080 어로스 익스트림 10g입니다.
21년도 구매후 잘 언더볼팅으로 사용하였고
외 상태는 사진보시기 바랍니다
rev.2 버전입니다.",450000,2025.07.16,118,1,1
215395688,중고나라,이사 정리,갤럭시 S25 울트라 한정모델 1TB RAM 16GB 자급제 제트블랙 삼성닷컴 한정판,"📢 제목에 ""제조사/ 브랜드 명""과 “상품명(ex. 갤럭시 S11) ”을 넣어 작성하면, 보다 빠른 판매가 가능합니다! 
📢 게시글 작성 시 배송 방법에 “직거래”와 “내 위치” 설정할 경우, 보다 빠른 판매가 가능합니다! 





이제 아예 못 구하는 갤럭시 S25 울트라 램 16 삼성닷컴 한정입니다. 

램 16으로 오래 사용하실 분들에게 좋습니다. 

삼성 정품 필름이랑 다른 강화유리 및 케이스 모두 드려요. (10만원 이상) 

대전에서 직거래 가능합니다.











🚨회원님의 거래 게시글을 노린 중고나라 운영진 사칭 피싱 사이트를 주의하세요🚨",1700000,2025.07.16,29,0,0
215395121,중고나라,이사 정리,"프라이탁 랩탑 슬리브 (F402 SLEEVE for Laptop 12"" 13"") 핑크","📢 제목에 ""제조사/ 브랜드 명""과 “상품명(ex. 숄더 핸드백)”을 넣어 작성하면, 보다 빠른 판매가 가능합니다! 
📢 게시글 작성 시 배송 방법에 “직거래”와 “내 위치” 설정할 경우, 보다 빠른 판매가 가능합니다! 





프라이탁 랩탑 슬리브 핑크색입니다.

실제가 훨씬 예쁩니다.

아이패드 가방으로 사용해도 좋을 것 같습니다. 

공홈 직구 미사용 새제품입니다.

대전 직거래 가능.",160000,2025.07.16,46,2,0
215376263,중고나라,이사 정리,RAZER 데스에더 V3 프로 마우스팝니다,"레이저 데스에더 V3 프로 마우스 팝니다

새상품입니다",120000,2025.07.16,123,2,3
215376028,중고나라,이사 정리,아이디아이 엠블럼,"아이디아이 엠블럼 팝니다

웨즈 2개
크란제 2개
워크 2개
에어서스펜션 2개
방패앰블럼 2개

새상품입니다 기변후 붙이려고 미리 구매해놓았던
제품입니다
방패앰블럼은 아이디아이제품 아닙니다

개별판매 안합니다
절충불가 합니다",210000,2025.07.16,62,1,1
215356170,중고나라,이사 정리,목공본드용 튜브집세트 튜브+주머니,"매장 정리하여, 재고 처분합니다.

완전 미사용/미개봉 새제품입니다.


재고 2개 있습니다.

2개 이상 구매하시면, 1개 외 배송비 빼드립니다.",20200,2025.07.16,20,0,0
215355960,중고나라,이사 정리,제일 스티로폼 접착제 J-4090 800cc 투명 본드,"매장 정리하여, 재고 처분합니다.

완전 미사용/미개봉 새제품입니다.


재고 6개 있습니다.

2개 이상 구매하시면, 1개 외 배송비 빼드립니다.",2600,2025.07.15,37,0,0
215355814,중고나라,이사 정리,원평 G-2 단열보드 접착제 10kg 스티로폼 본드,"매장 정리하여, 재고 처분합니다.

완전 미사용/미개봉 새제품입니다.


재고 2개 있습니다.

2개 이상 구매하시면, 1개 외 배송비 빼드립니다.",15200,2025.07.15,24,0,0
215355617,중고나라,이사 정리,스파크 글루건 노즐 세트,"매장 정리하여, 재고 처분합니다.

완전 미사용/미개봉 새제품입니다.


재고 20개 있습니다.

2개 이상 구매하시면, 1개 외 배송비 빼드립니다.",13700,2025.07.15,17,0,0
215355449,중고나라,이사 정리,힐티 디스펜서 건 CF DS-L 롱폼건 노즐700mm,"매장 정리하여, 재고 처분합니다.

완전 미사용/미개봉 새제품입니다.


2개 이상 구매하시면, 1개 외 배송비 빼드립니다.",208000,2025.07.15,135,2,6
215355159,중고나라,이사 정리,피셔 PUP K2 PLUS 폼건,"매장 정리하여, 재고 처분합니다.

완전 미사용/미개봉 새제품입니다.


재고 11개 있습니다.

2개 이상 구매하시면, 1개 외 배송비 빼드립니다.",21100,2025.07.15,58,5,2
215354872,중고나라,이사 정리,피셔 건용 폼 PUFS 750 B1 방화 750ml,"매장 정리하여, 재고 처분합니다.

완전 미사용/미개봉 새제품입니다.


재고 4개 있습니다.

2개 이상 구매하시면, 1개 외 배송비 빼드립니다.",6900,2025.07.15,46,1,0
215354688,중고나라,이사 정리,쏘세지건 실리콘건 COX 500ml 영국산,"매장 정리하여, 재고 처분합니다.

완전 미사용/미개봉 새제품입니다.


2개 이상 구매하시면, 1개 외 배송비 빼드립니다.",29200,2025.07.15,17,0,1
215354583,중고나라,이사 정리,공압 파워 우레탄말건 600 MHC-KB1,"매장 정리하여, 재고 처분합니다.

완전 미사용/미개봉 새제품입니다.


2개 이상 구매하시면, 1개 외 배송비 빼드립니다.",29300,2025.07.15,23,0,2
215354436,중고나라,이사 정리,오공 실란트건 P,"매장 정리하여, 재고 처분합니다.

완전 미사용/미개봉 새제품입니다.


2개 이상 구매하시면, 1개 외 배송비 빼드립니다.",1900,2025.07.15,16,0,0
215353764,중고나라,이사 정리,페인트 리필로라 양모 10개입 2인치 50mm,"매장 정리하여, 재고 처분합니다.

완전 미사용/미개봉 새제품입니다.


2개 이상 구매하시면, 1개 외 배송비 빼드립니다.",2600,2025.07.15,18,0,1
215353609,중고나라,이사 정리,페인트 캔 오프너,"매장 정리하여, 재고 처분합니다.

완전 미사용/미개봉 새제품입니다.


재고 192개 있습니다.

2개 이상 구매하시면, 1개 외 배송비 빼드립니다.",500,2025.07.15,19,1,0
215353546,중고나라,이사 정리,해리스 프리미어 마이크로화이버 중모슬리브 178mm,"매장 정리하여, 재고 처분합니다.

완전 미사용/미개봉 새제품입니다.


재고 22개 있습니다.

2개 이상 구매하시면, 1개 외 배송비 빼드립니다.


페인트 로라커버 고급형",6000,2025.07.15,15,0,0
215353488,중고나라,이사 정리,해리스 태스크마스터 아크릴 중모슬리브 178mm,"매장 정리하여, 재고 처분합니다.

완전 미사용/미개봉 새제품입니다.


재고 2개 있습니다.

2개 이상 구매하시면, 1개 외 배송비 빼드립니다.


검정사선무늬

페인트 로라커버",3300,2025.07.15,11,0,0
215353439,중고나라,이사 정리,퀄리텍 9인치 225mm 페인트 로라커버,"매장 정리하여, 재고 처분합니다.

완전 미사용/미개봉 새제품입니다.


재고 9개 있습니다.

2개 이상 구매하시면, 1개 외 배송비 빼드립니다.


털길이 0.38인치

98WV038",2700,2025.07.15,15,0,0
215353340,중고나라,이사 정리,퀄리텍 6인치 150mm 페인트 로라커버,"매장 정리하여, 재고 처분합니다.

완전 미사용/미개봉 새제품입니다.


2개 이상 구매하시면, 1개 외 배송비 빼드립니다.


털길이 0.25인치

DE-WMC614",2600,2025.07.15,10,0,0
215353180,중고나라,이사 정리,퀄리텍 6인치 150mm 페인트 로라커버 2개입,"매장 정리하여, 재고 처분합니다.

완전 미사용/미개봉 새제품입니다.


재고 6개 있습니다.

2개 이상 구매하시면, 1개 외 배송비 빼드립니다.


털길이 0.25인치

DE-WMC614",2900,2025.07.15,18,0,0
215352802,중고나라,이사 정리,화이트보드 고급몰딩 대형 원가45만원,"매장 정리하여, 재고 처분합니다.

완전 미사용 새제품입니다.


직거래 또는 화물 착불만 가능합니다.

파손대비 직거래 추천 드립니다.",89400,2025.07.15,43,0,0
215352574,중고나라,이사 정리,미니 우드 철제스툴,"매장 정리하여, 재고 처분합니다.

완전 미사용 새제품입니다.


재고 2개 있습니다.

2개 이상 구매하시면, 1개 외 배송비 빼드립니다.",29400,2025.07.15,30,1,0
215352464,중고나라,이사 정리,에버넷 디지털키 샷시용,"매장 정리하여, 재고 처분합니다.

완전 미사용 새제품입니다.


재고 2개 있습니다.

2개 이상 구매하시면, 1개 외 배송비 빼드립니다.",12000,2025.07.15,47,0,0
215352273,중고나라,이사 정리,유니코 디지털키 강화유리문용 마스터즈 250S GL,"매장 정리하여, 재고 처분합니다.

완전 미사용 새제품입니다.


2개 이상 구매하시면, 1개 외 배송비 빼드립니다.

키타입 : 비밀번호
고리형 카드키 2개
부착형 카드키 2개",38400,2025.07.15,54,0,0
215351983,중고나라,이사 정리,코리아나 철 와이어브러쉬 땅콩솔 KWB-HDS,"매장 정리하여, 재고 처분합니다.

완전 미사용/미개봉 새제품입니다.


2개 이상 구매하시면, 1개 외 배송비 빼드립니다.",2300,2025.07.15,15,0,0
215344667,중고나라,이사 정리,삼성 갤럭시 핏3 워치 (새상품.단순개봉),"📢 제목에 ""제조사/ 브랜드 명""과 “상품명(ex. 갤럭시 S11) ”을 넣어 작성하면, 보다 빠른 판매가 가능합니다! 
📢 게시글 작성 시 배송 방법에 “직거래”와 “내 위치” 설정할 경우, 보다 빠른 판매가 가능합니다! 








🚨회원님의 거래 게시글을 노린 중고나라 운영진 사칭 피싱 사이트를 주의하세요🚨 

오늘배송받고.. 단순개봉..
아이가 색상이 마음에 안든다고해서 내놉니다.

이제품이구요~
https://naver.me/xLsRzua6


문의주세요^^",79000,2025.07.15,14,0,0
215268216,중고나라,이사 정리,나혼자만 레벨업1~13권,"1권이 좀 상태가 안좋아요
택배로도 가능합니다",110000,2025.07.15,48,0,3
215265911,중고나라,이사 정리,코콤 디지털키 강화유리문용 KDL-320SG,"매장 정리하여, 재고 처분합니다.

완전 미사용 새제품입니다.


재고 2개 있습니다.

2개 이상 구매하시면, 1개 외 배송비 빼드립니다.

원래 포장 박스 없습니다.",12000,2025.07.14,255,2,1
215265818,중고나라,이사 정리,극세사 발매트 (파랑/빨강),"매장 정리하여, 재고 처분합니다.

완전 미사용/미개봉 새제품입니다.


재고 35개 있습니다.

2개 이상 구매하시면, 1개 외 배송비 빼드립니다.",1800,2025.07.14,11,0,0
215265730,중고나라,이사 정리,스윙 스텐 휴지통 20L NE3365,"매장 정리하여, 재고 처분합니다.

완전 미사용/미개봉 새제품입니다.


재고 3개 있습니다.

2개 이상 구매하시면, 1개 외 배송비 빼드립니다.",10500,2025.07.14,40,1,1
215265634,중고나라,이사 정리,전자시계 1100 디지털,"매장 정리하여, 재고 처분합니다.

완전 미사용 새제품입니다.


원래 포장 박스 없습니다.",20100,2025.07.14,23,1,0
215265601,중고나라,이사 정리,양변기 CT-951 하부 치마형 특대형,"매장 정리하여, 재고 처분합니다.

완전 미사용/미개봉 새제품입니다.


상부 없고, 하부만 있습니다.",42000,2025.07.14,146,2,2
215264932,중고나라,이사 정리,세면기 501 백색 435*150,"매장 정리하여, 재고 처분합니다.

완전 미사용 새제품입니다.",38600,2025.07.14,38,2,0
215264878,중고나라,이사 정리,스프러스 각재 30*60*910 화이트 우드 면취,"매장 정리하여, 재고 처분합니다.

완전 미사용/미개봉 새제품입니다.


재고 2개 있습니다.

2개 이상 구매하시면, 1개 외 배송비 빼드립니다.",4600,2025.07.14,16,0,0
215264804,중고나라,이사 정리,모서리보호대 소프트진 진연두 25*1200,"매장 정리하여, 재고 처분합니다.

완전 미사용/미개봉 새제품입니다.


재고 4개 있습니다.

2개 이상 구매하시면, 1개 외 배송비 빼드립니다.",4800,2025.07.14,18,0,0
215264767,중고나라,이사 정리,모서리보호대 소프트진 오렌지 25*1200,"매장 정리하여, 재고 처분합니다.

완전 미사용/미개봉 새제품입니다.


재고 6개 있습니다.

2개 이상 구매하시면, 1개 외 배송비 빼드립니다.",4800,2025.07.14,10,0,0
215264673,중고나라,이사 정리,임페리얼 4인치 대붙이 투홀세면,"매장 정리하여, 재고 처분합니다.

완전 미사용/미개봉 새제품입니다.


원래 포장 박스는 없습니다.",18000,2025.07.14,18,1,0
215264565,중고나라,이사 정리,타워형 PTC 온풍기 HYPF63,"매장 정리하여, 재고 처분합니다.

완전 미사용/미개봉 새제품입니다.


원래 포장 박스는 없습니다.",58800,2025.07.14,28,0,0
215264341,중고나라,이사 정리,욕실히터 2구 UMH2122B,"매장 정리하여, 재고 처분합니다.

완전 미사용 제품입니다.


원래 포장 박스는 없습니다.",16800,2025.07.14,69,4,2
215264007,중고나라,이사 정리,오런 후디스 하프도트 반장갑,"매장 정리하여, 재고 처분합니다.

완전 미사용/미개봉 새제품입니다.",800,2025.07.14,14,0,1
215263944,중고나라,이사 정리,동우켐 수용성 오버코트 백색 3.5L,"매장 정리하여, 재고 처분합니다.

완전 미사용/미개봉 새제품입니다.",12000,2025.07.14,34,0,0
215263819,중고나라,이사 정리,1-2 양변기 309 하부 중형,"매장 정리하여, 재고 처분합니다.

완전 미사용 새제품입니다.


원래 포장 박스는 없습니다.",21000,2025.07.14,104,1,3
215263342,중고나라,이사 정리,키친프리 박스형 폴더 카트 중 (하중20kg),"매장 정리하여, 재고 처분합니다.

완전 미사용/미개봉 새제품입니다.


재고 2개 있습니다.

2개 이상 구매하시면, 1개 외 배송비 빼드립니다.",18900,2025.07.14,26,2,0
215263254,중고나라,이사 정리,베스토 박스카트 30kg JL-SP02 뚜껑포함,"매장 정리하여, 재고 처분합니다.

완전 미사용/미개봉 새제품입니다.


2개 이상 구매하시면, 1개 외 배송비 빼드립니다.",17600,2025.07.14,20,3,0
215261858,중고나라,이사 정리,베스토 멀티쇼핑카트(주머니 포함) BT-90SE,"매장 정리하여, 재고 처분합니다.

완전 미사용/미개봉 새제품입니다.


2개 이상 구매하시면, 1개 외 배송비 빼드립니다.",32400,2025.07.14,40,2,0
215261595,중고나라,이사 정리,쇼핑카 중 (바구니별도) 410*430*920,"매장 정리하여, 재고 처분합니다.

완전 미사용/미개봉 새제품입니다.


2개 이상 구매하시면, 1개 외 배송비 빼드립니다.",14600,2025.07.14,21,0,0
215261524,중고나라,이사 정리,쇼핑카용 바구니 중 쇼핑카트용,"매장 정리하여, 재고 처분합니다.

완전 미사용/미개봉 새제품입니다.


2개 이상 구매하시면, 1개 외 배송비 빼드립니다.",2700,2025.07.14,29,1,0
215261306,중고나라,이사 정리,복합브레이크 5인치 평면 2450-01-TRB 캐스터,"매장 정리하여, 재고 처분합니다.

완전 미사용/미개봉 새제품입니다.


2개 이상 구매하시면, 1개 외 배송비 빼드립니다.",7400,2025.07.14,21,0,1
215261166,중고나라,이사 정리,복합브레이크 5인치 볼트 2450-20-TRB 캐스터,"매장 정리하여, 재고 처분합니다.

완전 미사용/미개봉 새제품입니다.


재고 4개 있습니다.

2개 이상 구매하시면, 1개 외 배송비 빼드립니다.",7400,2025.07.14,13,0,0
215261076,중고나라,이사 정리,복합브레이크 4인치 평면 2440-01-TRB 캐스터,"매장 정리하여, 재고 처분합니다.

완전 미사용/미개봉 새제품입니다.


재고 4개 있습니다.

2개 이상 구매하시면, 1개 외 배송비 빼드립니다.",6500,2025.07.14,13,0,0
215260931,중고나라,이사 정리,복합브레이크 4인치 볼트 2430-20-TRB 캐스터,"매장 정리하여, 재고 처분합니다.

완전 미사용/미개봉 새제품입니다.


재고 7개 있습니다.

2개 이상 구매하시면, 1개 외 배송비 빼드립니다.",6500,2025.07.14,15,0,0
215260813,중고나라,이사 정리,복합브레이크 3인치 평면 2430-01-TRB 캐스터,"매장 정리하여, 재고 처분합니다.

완전 미사용/미개봉 새제품입니다.


2개 이상 구매하시면, 1개 외 배송비 빼드립니다.",6000,2025.07.14,11,0,0
215260692,중고나라,이사 정리,복합브레이크 3인치 볼트 2430-01-TRB 캐스터,"매장 정리하여, 재고 처분합니다.

완전 미사용/미개봉 새제품입니다.


재고 28개 있습니다.

2개 이상 구매하시면, 1개 외 배송비 빼드립니다.",6000,2025.07.14,12,0,0
215218422,중고나라,이사 정리,산업용 변압기. 440v 1950kva. Acb4000A,"📢 제목에 ""제조사/ 브랜드 명""과 ""기계명(ex. 전동 드라이버)”을 넣어 작성하면, 보다 빠른 판매가 가능합니다! 
📢 게시글 작성 시 배송 방법에 “직거래”와 “내 위치” 설정할 경우, 보다 빠른 판매가 가능합니다! 








🚨회원님의 거래 게시글을 노린 중고나라 운영진 사칭 피싱 사이트를 주의하세요🚨 
수리 수리후 4년 정도사용 8/1 철거예정
가격 협의 싸게드림 
ACB 4000A 
연락주세요
010 3604-4042",2000,2025.07.14,54,1,1
215204770,중고나라,이사 정리,케져 중고 콤푸레샤 200kw,"📢 제목에 ""제조사/ 브랜드 명""과 ""기계명(ex. 전동 드라이버)”을 넣어 작성하면, 보다 빠른 판매가 가능합니다! 
📢 게시글 작성 시 배송 방법에 “직거래”와 “내 위치” 설정할 경우, 보다 빠른 판매가 가능합니다! 








🚨회원님의 거래 게시글을 노린 중고나라 운영진 사칭 피싱 사이트를 주의하세요🚨 
중고 콤프레샤 
관심있으시면 연락주세요
가격은 협의
010-3604-4042",2000,2025.07.14,12,1,0
215203920,중고나라,이사 정리,아마추어모델언니의 옷정리합니다./박스가득 넣어드려요./옷 없으신분들 옷장만 하세요. 이사준비로 옷장정리합니다.-무...,"📢 제목에 ""제조사/ 브랜드 명""과 “상품명”을 넣어 작성하면, 보다 빠른 판매가 가능합니다! 
📢 게시글 작성 시 배송 방법에 “직거래”와 “내 위치” 설정할 경우, 보다 빠른 판매가 가능합니다! 



안녕하세요.^^

결혼 전 아마추어 출사모델을 취미 삶아 해서 옷이 많아요.
큰언니.작은언니.동생까지 있어서 
내가 평소에 잘 안입게 되는 옷들이랑 불편한옷들, 안어울리는 옷들,
작아진 옷들등등 옷이 너무 많아서 최대한 옷을 정리합니다.

본인 상의 하의 싸이즈
(예시 -상의44.55.66 하의 24. 25.26.27등등)
좋아하는 스타일과 싫어하는 스타일
그리고 나잇대와 신발싸이즈 알려주시면 옷고르는데 참고 사항이 될 듯합니다.^^
전체적으로 정리를 위한 것이라
한가지 스타일만 원하시거나 한계절옷만 원하시는 것도 어렵습니다.

위에 싸이즈와 참고할 만한 사항들을 잘 적어주시면 
옷 정리하는데 참고할 수 있으니 상세하게 잘 적어서 문자나 쳇부탁드려요
100프로 만족시켜드리지 못하오니 
예민하신분이나 까다로우신분은 신중거래부탁드려요.

대신 한두벌에 만원 이만원 NO~NO~
기본 10이상이 기본~
사과박스만한 곳에 가득가득 넣어드리는 가격이 택배포함

기본이 25.000원(배송비포함)부터 100.000가능하시고

25.000ㅡ10벌이상
30000ㅡ15벌이상
40.000ㅡ20벌이상
50.000ㅡ25벌이상
60.000ㅡ30벌이상
70.000ㅡ35벌이상
80.000ㅡ40벌이상
90.000ㅡ45벌이상
100.000ㅡ50벌이상
5천원씩도(2벌정도)추가 가능하세요

딱 한계절만 정해서 보내드릴수는 없고요. 
어느정도 계절반영해서
기본 44~77까지 가능 다양하게 봄.여름.가을.겨울옷으로 챙겨드려요
옷 많이 없으신 여성분들 옷장만 하기 좋은 기회입니다.

예민x
반품 교환 환불 x
010-2421-1공공6으로 연락주세요. 






🚨회원님의 거래 게시글을 노린 중고나라 운영진 사칭 피싱 사이트를 주의하세요🚨",25000,2025.07.14,37,0,0
215187960,중고나라,이사 정리,이사정리] 클립쉬센터 우퍼 R-10SW + Y케이블 + 방진패드,"이사관계로 음감생활 정리 합니다 
3가지 셋 일괄 27만원
 
- 클립쉬센터 우퍼 R-10SW
전체적으로 깨끝하나 한자리에서 사용해 생활흔적 정도입니다. 
 
- 오디오플러스 Y형 1812 서브우퍼케이블 2미터 
생활흔적 정도
 
- 해리슨(Herryson) HSM-50 스피커 우퍼 방진매트 방진패드 
사이즈 (w x d x h) 400x500x53 
전체적으로 깨끝하나 기스하나 있고 모서리 미세하게 나감(사진참조)
 
박스가 없어 직거래입니다.
동작구 신대방삼거리역 인근입니다.
안심번호 문자 주세요",270000,2025.07.14,25,1,1
215182251,중고나라,이사 정리,터치원 다빛나 다용도 종합광택제 500ml,"매장 정리하여, 재고 처분합니다.

완전 미사용/미개봉 새제품입니다.


재고 9개 있습니다.

2개 이상 구매하시면, 1개 외 배송비 빼드립니다.",4300,2025.07.14,183,1,0
215181991,중고나라,이사 정리,"럭키 형광 스프레이 락카 핑크 2개, 흑색 10개","매장 정리하여, 재고 처분합니다.

완전 미사용/미개봉 새제품입니다.",21100,2025.07.14,60,0,0
215181978,중고나라,이사 정리,럭키 형광 스프레이 락카 청색 420ml LK717,"매장 정리하여, 재고 처분합니다.

완전 미사용/미개봉 새제품입니다.


재고 5개 있습니다.

2개 이상 구매하시면, 1개 외 배송비 빼드립니다.",3300,2025.07.14,33,1,0
215177857,중고나라,이사 정리,베스토 실리콘건PVC타입 225mm 9인치 B-CG01,"매장 정리하여, 재고 처분합니다.

완전 미사용/미개봉 새제품입니다.


재고 6개 있습니다.

2개 이상 구매하시면, 1개 외 배송비 빼드립니다.",1500,2025.07.14,57,0,0
215177682,중고나라,이사 정리,사각 빽업 20*20*1.5M 5개입,"매장 정리하여, 재고 처분합니다.

완전 미사용/미개봉 새제품입니다.


재고 7개 있습니다.

2개 이상 구매하시면, 1개 외 배송비 빼드립니다.",1500,2025.07.13,10,0,0
215177534,중고나라,이사 정리,실리콘 쏘세지건 노즐 20 주황색,"매장 정리하여, 재고 처분합니다.

완전 미사용/미개봉 새제품입니다.


재고 10개 있습니다.

2개 이상 구매하시면, 1개 외 배송비 빼드립니다.",200,2025.07.13,32,0,0
215177431,중고나라,이사 정리,실리콘 쏘세지건 노즐 16 주황색,"매장 정리하여, 재고 처분합니다.

완전 미사용/미개봉 새제품입니다.


재고 3개 있습니다.

2개 이상 구매하시면, 1개 외 배송비 빼드립니다.",200,2025.07.13,22,0,0
215177194,중고나라,이사 정리,고릴라 100% 실리콘 바이오 투명 튜브 83ml,"매장 정리하여, 재고 처분합니다.

완전 미사용/미개봉 새제품입니다.


2개 이상 구매하시면, 1개 외 배송비 빼드립니다.",7600,2025.07.13,15,1,0
215177156,중고나라,이사 정리,고릴라 100% 실리콘 바이오 백색 튜브 83ml,"매장 정리하여, 재고 처분합니다.

완전 미사용/미개봉 새제품입니다.


재고 2개 있습니다.

2개 이상 구매하시면, 1개 외 배송비 빼드립니다.",7600,2025.07.13,10,0,0
215176921,중고나라,이사 정리,규사 5호사 20kg 모래,"매장 정리하여, 재고 처분합니다.

완전 미사용/미개봉 새제품입니다.


재고 58개 있습니다.

대량 구매 방문 시 상차 가능합니다. (지게차 있음)",7200,2025.07.13,41,1,1
215176858,중고나라,이사 정리,한일 타일떠붙임용 몰탈 40kg,"매장 정리하여, 재고 처분합니다.

완전 미사용/미개봉 새제품입니다.


재고 20개 있습니다.

대량 구매 방문 시 상차 가능합니다. (지게차 있음)",4700,2025.07.13,52,2,1
215176745,중고나라,이사 정리,유니온 내장줄눈 백시멘트 20kg,"매장 정리하여, 재고 처분합니다.

완전 미사용/미개봉 새제품입니다.


재고 65개 있습니다.

대량 구매 방문 시 상차 가능합니다. (지게차 있음)",4500,2025.07.13,15,1,0
215176594,중고나라,이사 정리,바이오 사람과흙 황 토 몰탈 25kg,"매장 정리하여, 재고 처분합니다.

완전 미사용/미개봉 새제품입니다.


재고 16개 있습니다.

대량 구매 방문 시 상차 가능합니다. (지게차 있음)",5500,2025.07.13,21,0,0
215176062,중고나라,이사 정리,테라코 메도칠 미장혼화제,"매장 정리하여, 재고 처분합니다.

완전 미사용/미개봉 새제품입니다.


재고 64개 있습니다.

2개 이상 구매하시면, 1개 외 배송비 빼드립니다.",400,2025.07.13,15,0,0
215175943,중고나라,이사 정리,쌍곰 화이트멘트1 25kg 타일압착시멘트,"매장 정리하여, 재고 처분합니다.

완전 미사용/미개봉 새제품입니다.


재고 42개 있습니다.

대량 구매 방문 시 상차 가능합니다. (지게차 있음)",6000,2025.07.13,29,2,0
215175755,중고나라,이사 정리,미카-C 구체방스제 10kg,"매장 정리하여, 재고 처분합니다.

완전 미사용/미개봉 새제품입니다.


2개 이상 구매하시면, 1개 외 배송비 빼드립니다.",10500,2025.07.13,16,0,0
215175632,중고나라,이사 정리,드라이비트용 메쉬망 1000*50M 청색,"매장 정리하여, 재고 처분합니다.

완전 미사용/미개봉 새제품입니다.


재고 24개 있습니다.

2개 이상 구매하시면, 1개 외 배송비 빼드립니다.",19100,2025.07.13,85,1,4
215175518,중고나라,이사 정리,우레탄 변성 아크릴 코팅제 UC-100 투명,"매장 정리하여, 재고 처분합니다.

완전 미사용/미개봉 새제품입니다.


재고 9개 있습니다.

2개 이상 구매하시면, 1개 외 배송비 빼드립니다.",4900,2025.07.13,38,1,2
215175353,중고나라,이사 정리,먼지제거제 DR-747 250g,"매장 정리하여, 재고 처분합니다.

완전 미사용/미개봉 새제품입니다.


재고 10개 있습니다.

2개 이상 구매하시면, 1개 외 배송비 빼드립니다.",1500,2025.07.13,59,1,1
215175256,중고나라,이사 정리,금속세정제 MDC-3,"매장 정리하여, 재고 처분합니다.

완전 미사용/미개봉 새제품입니다.


재고 19개 있습니다.

2개 이상 구매하시면, 1개 외 배송비 빼드립니다.",2400,2025.07.13,19,1,0
215175160,중고나라,이사 정리,신에츠 실리콘오일 KF-96 1000cs 1kg 4개,"매장 정리하여, 재고 처분합니다.

완전 미사용/미개봉 새제품입니다.


재고 4개 있습니다.

2개 이상 구매하시면, 1개 외 배송비 빼드립니다.


런닝머신벨트, 키보드 윤활용 등으로 사용",16500,2025.07.13,13,0,1
215175020,중고나라,이사 정리,유리코팅세정제 R1 유리용,"매장 정리하여, 재고 처분합니다.

완전 미사용/미개봉 새제품입니다.


재고 4개 있습니다.

2개 이상 구매하시면, 1개 외 배송비 빼드립니다.",2600,2025.07.13,34,2,0
215174906,중고나라,이사 정리,울크린 프로S 다목적바닥세정제 친환경 3.75L,"매장 정리하여, 재고 처분합니다.

완전 미사용/미개봉 새제품입니다.


재고 12개 있습니다.

2개 이상 구매하시면, 1개 외 배송비 빼드립니다.",7200,2025.07.13,18,1,0
215174462,중고나라,이사 정리,린레이 허브크리너 400ml 마루청소용,"매장 정리하여, 재고 처분합니다.

완전 미사용/미개봉 새제품입니다.


재고 7개 있습니다.

2개 이상 구매하시면, 1개 외 배송비 빼드립니다.",9400,2025.07.13,18,0,0
215174120,중고나라,이사 정리,x폴대 미사용 (33파이),"📢 제목에 ""제조사/ 브랜드 명""과 “상품명(ex. 숄더 핸드백)”을 넣어 작성하면, 보다 빠른 판매가 가능합니다! 
📢 게시글 작성 시 배송 방법에 “직거래”와 “내 위치” 설정할 경우, 보다 빠른 판매가 가능합니다! 








🚨회원님의 거래 게시글을 노린 중고나라 운영진 사칭 피싱 사이트를 주의하세요🚨 

x폴대로도 쓰고 그냥 폴대로도 쓸려고
연장 추가구매했습니다.
상단부분 x , 일반 2가지입니다
x폴대로 사용시 700x6=4200 
6개 결합해서 사용하시면 됩니다.
사진 잘 확인하시고 구매하세요.
택배는 노리턴가능.
직거래가능.
택포65000
문의주세요^^",65000,2025.07.13,11,0,0
215152853,중고나라,이사 정리,"PXG 0211 V2 S 웨지(54도, 각도 주의) DIAMANA 95S","📢 제목에 ""제조사/ 브랜드 명""과 ""상품명(ex. 여성용 드라이브)”을 넣어 작성하면, 보다 빠른 판매가 가능합니다! 
📢 게시글 작성 시 배송 방법에 “직거래”와 “내 위치” 설정할 경우, 보다 빠른 판매가 가능합니다! 

-PXG 0211 V2 S 웨지(54도, 각도 주의) DIAMANA 95S
-20250605 네이버 PXG 공식스토어 구매 (온라인 구매내역 보유) 89,000원
-PXG 정품등록 AS 20270604까지
-필드 사용 없음, 스크린골프 2회 및 연습장 사용
-헤드 페이스 사용감 및 공 자국? 있음
-샤프트와 그립 특별한 외상 없이 상태 우수, 체감상 신품 대비 95% 이상 (샤프트와 그립)
https://brand.naver.com/pxg/products/11471215913?NaPm=ct%3Dmc8uqh4w%7Cci%3Dcheckout%7Ctr%3Dppc%7Ctrx%3Dnull%7Chk%3Db13162763b51504e477382a74387d07eb757555c
-저녁 7시 이후 대전 직거래 가능합니다. 그 외 택배거래 합니다.",60000,2025.07.13,22,0,0
215152647,중고나라,이사 정리,라이젠 7500f cpu 판매,"✅ AMD 라이젠 5 7500F 정품 CPU 판매합니다 ✅

✔️ 상태: 정상 작동 / 최근까지 실사용 
✔️ 구성품: 정품 박스 (풀박) 
✔️ 관리: 써멀 제거 후 정리해둔 상태 (비흡연 / 반려동물 X 환경)
사용한지 3개월도 안됐습니다. 

🎮 오버워치2, 리그오브레전드, 발로란트, 플레닛코스터 등 게이밍에 최적화된 가성비 6코어 12스레드 CPU입니다.

💰 가격: 160,000원 (택배 가능 / 택배비 별도) 
📍 직거래: 세종시 조치원읍

⚠️ 중고 특성상 반품/환불은 어렵습니다. 
궁금하신 점은 언제든지 편하게 연락주세요!",160000,2025.07.13,339,2,6
212684666,중고나라,이사 정리,울란지 CA25 쿨링팬 ulanzi ca25 카메라,"울란지 CA25 쿨링팬 ulanzi ca25 카메라 쿨링팬 

위 사진들은 제가 사용하려고 개봉한것을 촬영한 것이고
구매시 
미사용 미개봉 상품으로 보내드려요!",33500,2025.07.13,37,1,1
215098126,중고나라,이사 정리,슈퍼 크린업 파워 3.75L 산업용 찌든때 제거제,"매장 정리하여, 재고 처분합니다.

완전 미사용/미개봉 새제품입니다.


재고 6개 있습니다.

2개 이상 구매하시면, 1개 외 배송비 빼드립니다.",11400,2025.07.13,179,1,0
215097915,중고나라,이사 정리,다크린 골드 500ml 다목적 세정제,"매장 정리하여, 재고 처분합니다.

완전 미사용/미개봉 새제품입니다.


재고 17개 있습니다.

2개 이상 구매하시면, 1개 외 배송비 빼드립니다.",2300,2025.07.13,50,1,1
215097774,중고나라,이사 정리,염 산 400ml 9.9% 녹/찌든때 청소용,"매장 정리하여, 재고 처분합니다.

완전 미사용/미개봉 새제품입니다.


재고 6개 있습니다.

2개 이상 구매하시면, 1개 외 배송비 빼드립니다.",800,2025.07.12,19,0,0
215097674,중고나라,이사 정리,녹제거제 FC-1 500g 금속용,"매장 정리하여, 재고 처분합니다.

완전 미사용/미개봉 새제품입니다.


재고 8개 있습니다.

2개 이상 구매하시면, 1개 외 배송비 빼드립니다.",6300,2025.07.12,27,0,1
215097422,중고나라,이사 정리,암막 블랙 뽁뽁이 1000*2.2M*4T 에어캡,"매장 정리하여, 재고 처분합니다.

완전 미사용/미개봉 새제품입니다.


재고 11개 있습니다.

2개 이상 구매하시면, 1개 외 배송비 빼드립니다.",2700,2025.07.12,25,0,0
215097210,중고나라,이사 정리,브레스우드 3.75L 목재전용,"매장 정리하여, 재고 처분합니다.

완전 미사용/미개봉 새제품입니다.


재고 4개 있습니다.

2개 이상 구매하시면, 1개 외 배송비 빼드립니다.",29600,2025.07.12,14,0,0
215096986,중고나라,이사 정리,제일 금속광택제 J-880 500ml,"매장 정리하여, 재고 처분합니다.

완전 미사용/미개봉 새제품입니다.


재고 2개 있습니다.

2개 이상 구매하시면, 1개 외 배송비 빼드립니다.",2200,2025.07.12,31,2,1
215096734,중고나라,이사 정리,락카 스프레이 흑색 420ml,"매장 정리하여, 재고 처분합니다.

완전 미사용/미개봉 새제품입니다.


재고 13개 있습니다.

2개 이상 구매하시면, 1개 외 배송비 빼드립니다.",1000,2025.07.12,77,0,5
215096513,중고나라,이사 정리,페인트캔 공캔 사이깡 4L 빈깡통,"매장 정리하여, 재고 처분합니다.

완전 미사용/미개봉 새제품입니다.


재고 546개 있습니다.

2개 이상 구매하시면, 1개 외 배송비 빼드립니다.


지름 약 16.5cm
높이 약 17cm",1200,2025.07.12,56,2,4
215096410,중고나라,이사 정리,페일통 본드통 16L 뚜껑 뚜껑만,"매장 정리하여, 재고 처분합니다.

완전 미사용/미개봉 새제품입니다.


재고 466개 있습니다.

2개 이상 구매하시면, 1개 외 배송비 빼드립니다.",1200,2025.07.12,27,0,0
206338759,중고나라,이사 정리,페일통/본드통 16L (뚜껑포함),"매장 정리하여, 재고 처분합니다.

완전 미사용/미개봉 새제품입니다.


재고 247개 있습니다.

2개 이상 구매하시면, 1개 외 배송비 빼드립니다.",3500,2025.07.12,100,3,4
215096095,중고나라,이사 정리,오로라 교반봉 (페인트 섞는 막대),"매장 정리하여, 재고 처분합니다.

완전 미사용/미개봉 새제품입니다.


재고 3개 있습니다.

2개 이상 구매하시면, 1개 외 배송비 빼드립니다.",1000,2025.07.12,19,0,0
215095978,중고나라,이사 정리,DUNN JES Homes 앵글붓 1in 25mm,"매장 정리하여, 재고 처분합니다.

완전 미사용/미개봉 새제품입니다.


2개 이상 구매하시면, 1개 외 배송비 빼드립니다.",2600,2025.07.12,15,0,0
215095719,중고나라,이사 정리,오로라 롱미니 단모 순모커버 150mm 5개입 페인트,"매장 정리하여, 재고 처분합니다.

완전 미사용/미개봉 새제품입니다.


재고 5개 있습니다.

2개 이상 구매하시면, 1개 외 배송비 빼드립니다.",9400,2025.07.12,20,0,0
214915735,중고나라,이사 정리,캘러웨이 에픽맥스 LS드라이버,,250000,2025.07.12,36,1,0
213478650,중고나라,이사 정리,더키 원2 키보드 판매합니다!,더키 원 키보드 너무나도 잘쓰다 기변으로 중고 내놓습니다~ 축은 갈축으로 알고 있고 타건감 좋고 구매가 14만원에 샀던걸로 기억해용~,60000,2025.07.12,133,1,0
215077816,중고나라,이사 정리,하이큐 뒤돌아봐요 (코치무이테) 가챠,"하이큐 가챠 중복나와서 판매합니다 안뜯은 새거입니다. 
카게야마 2
야마구치 3
히나타 2

히나타 한개는 캡슐만 없습니다 ㅠㅠ 그 이상으로는 개봉하지 않은 새제품이에요

원하시는거 하나랑 츠키 교환도 매우매우 가능합니다 ㅎㅎㅎㅎ",4500,2025.07.12,159,1,1
214930039,중고나라,이사 정리,신 초화박스 황색 중 플라스틱화분,"매장 정리하여, 재고 처분합니다.

완전 미사용/미개봉 새제품입니다.


재고 10개 있습니다.

2개 이상 구매하시면, 1개 외 배송비 빼드립니다.",4900,2025.07.10,28,1,0
214929927,중고나라,이사 정리,화분 바닥 망사 6입 깔망,"매장 정리하여, 재고 처분합니다.

완전 미사용/미개봉 새제품입니다.


재고 104개 있습니다.

2개 이상 구매하시면, 1개 외 배송비 빼드립니다.",600,2025.07.10,10,1,0
214929441,중고나라,이사 정리,은나노 애견 물티슈 80매,"매장 정리하여, 재고 처분합니다.

완전 미사용/미개봉 새제품입니다.


재고 16개 있습니다.

2개 이상 구매하시면, 1개 외 배송비 빼드립니다.",1600,2025.07.10,18,0,0
214929010,중고나라,이사 정리,마운티아 MT-64 270mm 안전화,"매장 정리하여, 재고 처분합니다.

완전 미사용/미개봉 새제품입니다.


재고 3개 있습니다.

2개 이상 구매하시면, 1개 외 배송비 빼드립니다.",40500,2025.07.10,14,0,0
214928978,중고나라,이사 정리,마운티아 MT-64 265mm 안전화,"매장 정리하여, 재고 처분합니다.

완전 미사용/미개봉 새제품입니다.


2개 이상 구매하시면, 1개 외 배송비 빼드립니다.",40500,2025.07.10,8,0,0
214928970,중고나라,이사 정리,갤럭시 탭 S9 풀박스 128GB WIFI,"• 상품명 : SM-X710

• 구성품 : 풀박스, 아라리 S펜 수납 4단 각도 거치대 케이스

• 설명 : 아주 깨끗하게 사용하였습니다.
갤럭시 쇼핑백도 있습니다. 같이 드립니다.

• 하자 여부 : 없습니다.",630000,2025.07.10,84,0,0
214928955,중고나라,이사 정리,마운티아 MT-64 260mm 안전화,"매장 정리하여, 재고 처분합니다.

완전 미사용/미개봉 새제품입니다.


재고 2개 있습니다.

2개 이상 구매하시면, 1개 외 배송비 빼드립니다.",40500,2025.07.10,9,0,0
214928917,중고나라,이사 정리,마운티아 MT-64 255mm 안전화,"매장 정리하여, 재고 처분합니다.

완전 미사용/미개봉 새제품입니다.


2개 이상 구매하시면, 1개 외 배송비 빼드립니다.",40500,2025.07.10,7,0,0
214928705,중고나라,이사 정리,마운티아 MT-64 250mm 안전화,"매장 정리하여, 재고 처분합니다.

완전 미사용/미개봉 새제품입니다.


재고 2개 있습니다.

2개 이상 구매하시면, 1개 외 배송비 빼드립니다.",40500,2025.07.10,10,0,0
214928639,중고나라,이사 정리,르까프 LS-643 260mm 안전화,"매장 정리하여, 재고 처분합니다.

완전 미사용/미개봉 새제품입니다.


2개 이상 구매하시면, 1개 외 배송비 빼드립니다.",45100,2025.07.10,7,0,0
214928614,중고나라,이사 정리,르까프 LS-643 255mm 안전화,"매장 정리하여, 재고 처분합니다.

완전 미사용/미개봉 새제품입니다.


2개 이상 구매하시면, 1개 외 배송비 빼드립니다.",45100,2025.07.10,7,0,0
214928511,중고나라,이사 정리,르까프 LS-643 250mm 안전화,"매장 정리하여, 재고 처분합니다.

완전 미사용/미개봉 새제품입니다.


재고 4개 있습니다.

2개 이상 구매하시면, 1개 외 배송비 빼드립니다.",45100,2025.07.10,5,0,0
214928460,중고나라,이사 정리,르까프 LS-600 270mm 안전화,"매장 정리하여, 재고 처분합니다.

완전 미사용/미개봉 새제품입니다.


2개 이상 구매하시면, 1개 외 배송비 빼드립니다.",26300,2025.07.10,13,0,1
214928430,중고나라,이사 정리,르까프 LS-600 265mm 안전화,"매장 정리하여, 재고 처분합니다.

완전 미사용/미개봉 새제품입니다.


2개 이상 구매하시면, 1개 외 배송비 빼드립니다.",26300,2025.07.10,8,1,0
214928272,중고나라,이사 정리,르까프 LS-600 260mm 안전화,"매장 정리하여, 재고 처분합니다.

완전 미사용/미개봉 새제품입니다.


재고 5개 있습니다.

2개 이상 구매하시면, 1개 외 배송비 빼드립니다.",26300,2025.07.10,13,0,0
214928256,중고나라,이사 정리,르까프 LS-600 255mm 안전화,"매장 정리하여, 재고 처분합니다.

완전 미사용/미개봉 새제품입니다.


재고 5개 있습니다.

2개 이상 구매하시면, 1개 외 배송비 빼드립니다.",26300,2025.07.10,9,0,0
214925695,중고나라,이사 정리,1:18 다이캐스트 판매,"📢 제목에 ""제조사/ 브랜드 명""과 ""상품명”를 넣어 작성하면, 보다 빠른 판매가 가능합니다! 
📢 게시글 작성 시 배송 방법에 “직거래”와 “내 위치” 설정할 경우, 보다 빠른 판매가 가능합니다! 








🚨회원님의 거래 게시글을 노린 중고나라 운영진 사칭 피싱 사이트를 주의하세요🚨 
 
 
 
 
 
📢 제목에 ""제조사/ 브랜드 명""과 ""상품명”를 넣어 작성하면, 보다 빠른 판매가 가능합니다! 
📢 게시글 작성 시 배송 방법에 “직거래”와 “내 위치” 설정할 경우, 보다 빠른 판매가 가능합니다! 




1:18 스케일의 풀오픈 다이캐스트 판매합니다. 
아끼면서 소장하던 제품들 중 이사준비로 중복되는 
제품들만 천천히 처분하려고 합니다. 

대전지역 남대전ic 인근 직거래 혹은 파손면책 동의 시 우체국 택배거래로 진행합니다. 택배거래 시 뽁뽁이로 최대한 짱짱하게 포장해드리며 보내기전 사진으로 포장상태 공유해 드립니다. 택배거래시 판매가에 + 5,000원 추가됩니다. 
거래이력 많습니다. 



오토아트 닛산 스카이라인 gtr r34 베이사이드블루 1:18 다이캐스트 > 13만
무하자 제품인데 박스는 동일모델동일컬러의 컴포짓모델 오토아트 박스에 담아서 보내드립니다. 
(제가 판매하는 모델은 풀오픈 다이캐스트 입니다.)
원하시면 사진의 r34 미니 메탈액자도 같이 드립니다. 이베이에 판매중인 동일모델 참고로 첨부합니다. 
구하기 어려운 레어모델 근본컬러로 jdm 모으시는 분들에게 추천드립니다. 













🚨회원님의 거래 게시글을 노린 중고나라 운영진 사칭 피싱 사이트를 주의하세요🚨",130000,2025.07.10,13,1,0
214912803,중고나라,이사 정리,영단어책,책 4권 방 만들었습니다!,37000,2025.07.10,17,0,1
213140488,중고나라,이사 정리,트래블러스 노트 패스포트 올리브,"트래블러스 노트 패스포트 올리브

구매후 보관만 했습니다
본품 고무줄은 가죽 손상 방지를 위해 빼두었으며
구성품 같이 보내드립니다
010-4삼육1-43이일 문자 또는 댓글 남겨주세요",29000,2025.07.10,139,0,1
214891981,중고나라,이사 정리,자동차 산소센서,자동차 산소센서 새제품 판매합니다,20000,2025.07.10,87,0,0
214861384,중고나라,이사 정리,아마추어모델언니의 옷정리합니다./박스가득 넣어드려요./옷 없으신분들 옷장만 하세요. 이사준비로 옷장정리합니다.-무...,"📢 제목에 ""제조사/ 브랜드 명""과 “상품명”을 넣어 작성하면, 보다 빠른 판매가 가능합니다! 
📢 게시글 작성 시 배송 방법에 “직거래”와 “내 위치” 설정할 경우, 보다 빠른 판매가 가능합니다! 



안녕하세요.^^

결혼 전 아마추어 출사모델을 취미 삶아 해서 옷이 많아요.
큰언니.작은언니.동생까지 있어서 
내가 평소에 잘 안입게 되는 옷들이랑 불편한옷들, 안어울리는 옷들,
작아진 옷들등등 옷이 너무 많아서 최대한 옷을 정리합니다.

본인 상의 하의 싸이즈
(예시 -상의44.55.66 하의 24. 25.26.27등등)
좋아하는 스타일과 싫어하는 스타일
그리고 나잇대와 신발싸이즈 알려주시면 옷고르는데 참고 사항이 될 듯합니다.^^
전체적으로 정리를 위한 것이라
한가지 스타일만 원하시거나 한계절옷만 원하시는 것도 어렵습니다.

위에 싸이즈와 참고할 만한 사항들을 잘 적어주시면 
옷 정리하는데 참고할 수 있으니 상세하게 잘 적어서 문자나 쳇부탁드려요
100프로 만족시켜드리지 못하오니 
예민하신분이나 까다로우신분은 신중거래부탁드려요.

대신 한두벌에 만원 이만원 NO~NO~
기본 10이상이 기본~
사과박스만한 곳에 가득가득 넣어드리는 가격이 택배포함

기본이 25.000원(배송비포함)부터 100.000가능하시고

25.000ㅡ10벌이상
30000ㅡ15벌이상
40.000ㅡ20벌이상
50.000ㅡ25벌이상
60.000ㅡ30벌이상
70.000ㅡ35벌이상
80.000ㅡ40벌이상
90.000ㅡ45벌이상
100.000ㅡ50벌이상
5천원씩도(2벌정도)추가 가능하세요

딱 한계절만 정해서 보내드릴수는 없고요. 
어느정도 계절반영해서
기본 44~77까지 가능 다양하게 봄.여름.가을.겨울옷으로 챙겨드려요
옷 많이 없으신 여성분들 옷장만 하기 좋은 기회입니다.

예민x
반품 교환 환불 x
010-2421-1공공6으로 연락주세요. 






🚨회원님의 거래 게시글을 노린 중고나라 운영진 사칭 피싱 사이트를 주의하세요🚨",25000,2025.07.10,14,0,0
214843914,중고나라,이사 정리,스트랑끈 200M 흑색,"매장 정리하여, 재고 처분합니다.

완전 미사용/미개봉 새제품입니다.


재고 2개 있습니다.

2개 이상 구매하시면, 1개 외 배송비 빼드립니다.",16000,2025.07.10,88,0,0
214842959,중고나라,이사 정리,비닐하우스 조리개 3.35 32*25 10개입,"매장 정리하여, 재고 처분합니다.

완전 미사용/미개봉 새제품입니다.


재고 3개 있습니다.

2개 이상 구매하시면, 1개 외 배송비 빼드립니다.",1400,2025.07.09,33,0,0
214842929,중고나라,이사 정리,비닐하우스 조리개 3.35 25*32 10개입,"매장 정리하여, 재고 처분합니다.

완전 미사용/미개봉 새제품입니다.


재고 13개 있습니다.

2개 이상 구매하시면, 1개 외 배송비 빼드립니다.",1400,2025.07.09,22,0,0
214842866,중고나라,이사 정리,비닐하우스 조리개 3.35 25*25 10개입,"매장 정리하여, 재고 처분합니다.

완전 미사용/미개봉 새제품입니다.


재고 14개 있습니다.

2개 이상 구매하시면, 1개 외 배송비 빼드립니다.",1100,2025.07.09,20,0,0
214842643,중고나라,이사 정리,농약 살포용 장갑 XL,"매장 정리하여, 재고 처분합니다.

완전 미사용/미개봉 새제품입니다.


재고 3개 있습니다.

2개 이상 구매하시면, 1개 외 배송비 빼드립니다.",3900,2025.07.09,13,0,0
214842540,중고나라,이사 정리,꽃삽 쇼벨 중 분삽,"매장 정리하여, 재고 처분합니다.

완전 미사용/미개봉 새제품입니다.


재고 36개 있습니다.

2개 이상 구매하시면, 1개 외 배송비 빼드립니다.",1800,2025.07.09,10,0,0
214842494,중고나라,이사 정리,꽃삽 쇼벨 대 분삽,"매장 정리하여, 재고 처분합니다.

완전 미사용/미개봉 새제품입니다.


2개 이상 구매하시면, 1개 외 배송비 빼드립니다.",2700,2025.07.09,8,0,0
214842335,중고나라,이사 정리,세발 갈고리 조경/갯벌용,"매장 정리하여, 재고 처분합니다.

완전 미사용/미개봉 새제품입니다.


재고 129개 있습니다.

2개 이상 구매하시면, 1개 외 배송비 빼드립니다.",1800,2025.07.09,21,1,1
214842226,중고나라,이사 정리,덕진 T 가마니갈퀴 60cm,"매장 정리하여, 재고 처분합니다.

완전 미사용/미개봉 새제품입니다.


재고 2개 있습니다.

2개 이상 구매하시면, 1개 외 배송비 빼드립니다.",4100,2025.07.09,15,1,0
214842026,중고나라,이사 정리,시금치낫,"매장 정리하여, 재고 처분합니다.

완전 미사용/미개봉 새제품입니다.


재고 245개 있습니다.

2개 이상 구매하시면, 1개 외 배송비 빼드립니다.",1800,2025.07.09,20,0,0
214841994,중고나라,이사 정리,단조낫,"매장 정리하여, 재고 처분합니다.

완전 미사용/미개봉 새제품입니다.


재고 85개 있습니다.

2개 이상 구매하시면, 1개 외 배송비 빼드립니다.",1600,2025.07.09,28,3,1
214841955,중고나라,이사 정리,영창 약초지팡이 손잡이전체고무 170*900mm,"매장 정리하여, 재고 처분합니다.

완전 미사용/미개봉 새제품입니다.


재고 9개 있습니다.

2개 이상 구매하시면, 1개 외 배송비 빼드립니다.",15700,2025.07.09,39,1,1
214841876,중고나라,이사 정리,덕진 약초 지팡이 82cm,"매장 정리하여, 재고 처분합니다.

완전 미사용/미개봉 새제품입니다.


2개 이상 구매하시면, 1개 외 배송비 빼드립니다.",5100,2025.07.09,17,1,0
214841740,중고나라,이사 정리,금호테크 괭이 대 삼각 125*16.5*7.5cm,"매장 정리하여, 재고 처분합니다.

완전 미사용/미개봉 새제품입니다.


재고 7개 있습니다.

2개 이상 구매하시면, 1개 외 배송비 빼드립니다.",7800,2025.07.09,29,0,0
214841602,중고나라,이사 정리,프리런 블랙웨빙 15mm X반도세트,"매장 정리하여, 재고 처분합니다.

완전 미사용/미개봉 새제품입니다.


재고 3개 있습니다.

2개 이상 구매하시면, 1개 외 배송비 빼드립니다.",5900,2025.07.09,25,0,0
214841543,중고나라,이사 정리,벨버드 멀티 하네스 오렌지 M,"매장 정리하여, 재고 처분합니다.

완전 미사용/미개봉 새제품입니다.


재고 8개 있습니다.

2개 이상 구매하시면, 1개 외 배송비 빼드립니다.",9600,2025.07.09,18,0,0
214841484,중고나라,이사 정리,개목줄 개줄 8번,"매장 정리하여, 재고 처분합니다.

완전 미사용/미개봉 새제품입니다.


재고 16개 있습니다.

2개 이상 구매하시면, 1개 외 배송비 빼드립니다.",2000,2025.07.09,24,0,0
214841393,중고나라,이사 정리,수확망 55*75cm,"매장 정리하여, 재고 처분합니다.

완전 미사용/미개봉 새제품입니다.


재고 36개 있습니다.

2개 이상 구매하시면, 1개 외 배송비 빼드립니다.",1300,2025.07.09,20,0,0
214841127,중고나라,이사 정리,원예용 비닐 투명 95cm*5M,"매장 정리하여, 재고 처분합니다.

완전 미사용/미개봉 새제품입니다.


재고 34개 있습니다.

2개 이상 구매하시면, 1개 외 배송비 빼드립니다.",2100,2025.07.09,12,0,0
214841086,중고나라,이사 정리,원예용 비닐 검정 95cm*5M,"매장 정리하여, 재고 처분합니다.

완전 미사용/미개봉 새제품입니다.


재고 32개 있습니다.

2개 이상 구매하시면, 1개 외 배송비 빼드립니다.",2100,2025.07.09,12,0,0
214840743,중고나라,이사 정리,가든네트 1.8*2.7M 망간격10cm,"매장 정리하여, 재고 처분합니다.

완전 미사용/미개봉 새제품입니다.


2개 이상 구매하시면, 1개 외 배송비 빼드립니다.",1800,2025.07.09,14,0,0
214840313,중고나라,이사 정리,가든네트 0.9*1.8M 망간격10cm,"매장 정리하여, 재고 처분합니다.

완전 미사용/미개봉 새제품입니다.


재고 8개 있습니다.

2개 이상 구매하시면, 1개 외 배송비 빼드립니다.",1200,2025.07.09,25,0,0
214839732,중고나라,이사 정리,쥐타운 사탕쥐약 100g,"매장 정리하여, 재고 처분합니다.

완전 미사용/미개봉 새제품입니다.


재고 5개 있습니다.

2개 이상 구매하시면, 1개 외 배송비 빼드립니다.",1500,2025.07.09,17,0,1
214839563,중고나라,이사 정리,마우스 올킬 쌀쥐약 50g,"매장 정리하여, 재고 처분합니다.

완전 미사용/미개봉 새제품입니다.


2개 이상 구매하시면, 1개 외 배송비 빼드립니다.",2300,2025.07.09,27,0,0
214839507,중고나라,이사 정리,태양광 LED 경광등 6구 원통형 경고음 야생동물퇴치,"매장 정리하여, 재고 처분합니다.

완전 미사용/미개봉 새제품입니다.


재고 3개 있습니다.

2개 이상 구매하시면, 1개 외 배송비 빼드립니다.",2400,2025.07.09,13,0,0
214839180,중고나라,이사 정리,클리어킬 파워 300ml 10배셈 2.3% 바퀴벌레용,"매장 정리하여, 재고 처분합니다.

완전 미사용/미개봉 새제품입니다.


2개 이상 구매하시면, 1개 외 배송비 빼드립니다.",6400,2025.07.09,27,0,0
214839106,중고나라,이사 정리,컴배트 파워플러스 큰바퀴용 6개입,"매장 정리하여, 재고 처분합니다.

완전 미사용/미개봉 새제품입니다.


재고 4개 있습니다.

2개 이상 구매하시면, 1개 외 배송비 빼드립니다.",3800,2025.07.09,15,0,1
214839051,중고나라,이사 정리,컴배트 파워플러스 작은바퀴용 12개입,"매장 정리하여, 재고 처분합니다.

완전 미사용/미개봉 새제품입니다.


재고 5개 있습니다.

2개 이상 구매하시면, 1개 외 배송비 빼드립니다.",7200,2025.07.09,13,0,0
214838563,중고나라,이사 정리,해밀턴 카키필드 팝니다.,"📢 제목에 ""제조사/ 브랜드 명""과 “상품명”을 넣어 작성하면, 보다 빠른 판매가 가능합니다! 
📢 게시글 작성 시 배송 방법에 “직거래”와 “내 위치” 설정할 경우, 보다 빠른 판매가 가능합니다! 








🚨회원님의 거래 게시글을 노린 중고나라 운영진 사칭 피싱 사이트를 주의하세요🚨 

제품명 : 해밀턴 카키필드
색상 : 브라운
가격 : 50
추가설명 : 구성품 모두 보유하고 있으며, 백화점 스탬프 
추가적인 사진이나 궁금한 사항은 연락부탁드릴게요.",500000,2025.07.09,97,0,1
213948767,중고나라,이사 정리,갤럭시 S25 울트라 1TB 자급제,"• 상품명:
Galaxy S25 Ultra 1TB

• 구성품:
풀박스, 맥세이프 케이스 1장, 젤리 케이스 1장, 충전기 케이블 같이 드립니다

• 설명:
자급제폰이므로 유심만 끼워 사용하시면 됩니다.
1TB(1024GB)로 용량이 충분합니다.
전면 디스플레이 상태 양호합니다.
업데이트를 일찍해서 ONE UI 8.0까지 했습니다
다른 사진 요청 가능합니다. 삼성 케어 플러스 미가입.

• 하자 여부:
전면 디스플레이에 보이는 기스는 필름에 난 것이므로 필름을 떼시면 깔끔합니다.
우측 하단에 아주 작게 깨져 있습니다. (그 외 하자나 기스는 전혀 없습니다).",1350000,2025.07.09,372,3,4
214833623,중고나라,이사 정리,화로테이블 & 보조테이블 가격다운,"📢 제목에 ""제조사/ 브랜드 명""과 “상품명(ex. 숄더 핸드백)”을 넣어 작성하면, 보다 빠른 판매가 가능합니다! 
📢 게시글 작성 시 배송 방법에 “직거래”와 “내 위치” 설정할 경우, 보다 빠른 판매가 가능합니다! 








🚨회원님의 거래 게시글을 노린 중고나라 운영진 사칭 피싱 사이트를 주의하세요🚨 

직접 만든 자작 제품입니다.
재료값만 24만 들었습니다.
아무래도 자작제품이다보니..
퀄리티는 기성품보다 못하지만
상태 괜찮습니다~
만들구서 사용은 6회사용..
가방까지 직접 싸이즈맞게 제작한겁니다
싸이즈는 90×90 안쪽네모 50×50
높이는 두가지로 조정가능합니다.
궁금하신거 있음 문의주세요^^

가격다운~
이제 안팔리면 걍 써야겠네요ㅠ.ㅠ",70000,2025.07.09,6,0,0
214812234,중고나라,이사 정리,국산 예초기날 100장 판매 전국 벌초작업하시는분들 환영,"긴말하지않겠습니다
국산예초기날 
회사는 대건금속 입니다
10개씩 저렇게 곽으로 되어있으면 큰 박스는 아래에 보이시죠?
100개씩 되어 있습니다
1박스에 17만원 택배비 만원(화물로 받으실분은 착불)도 가능합니다 대신화물출고됩니다
세금계산서 발급되시구요 부가세는 별도입니다
저희는 대전동구 낭월동에 위치하고 있습니다 연락주시면 친절하게 상담해드리겠습니다

 
 
 
 
 
📢 제목에 ""제조사/ 브랜드 명""과 ""기계명(ex. 전동 드라이버)”을 넣어 작성하면, 보다 빠른 판매가 가능합니다! 
📢 게시글 작성 시 배송 방법에 “직거래”와 “내 위치” 설정할 경우, 보다 빠른 판매가 가능합니다! 








🚨회원님의 거래 게시글을 노린 중고나라 운영진 사칭 피싱 사이트를 주의하세요🚨",170000,2025.07.09,36,0,0
213500167,중고나라,이사 정리,알덴 라쳇 동파이프 캇타 TC-103 외 6건,묶음 등록 요청 사항,35300,2025.07.09,35,0,1
214796322,중고나라,이사 정리,"공구통 (디월트, 보쉬, 아임삭, 계양, 밀워키)","전동공구용 빈 공구통 택포 판매합니다.

필요하신 모델명 있으시면 문의 주세요.


디월트는 임팩용, 드릴용만 남았습니다.",9000,2025.07.09,428,10,10
214787535,중고나라,이사 정리,"이사 정리 합니다. 새 제품 디지털 리모컨 에어 써큘레이터 선풍기 택포함 44,000원.","📢 제목에 ""제조사/ 브랜드 명""과 ""상품명(ex. 3000시리즈 전동 면도기)”을 넣어 작성하면, 보다 빠른 판매가 가능합니다! 
📢 게시글 작성 시 배송 방법에 “직거래”와 “내 위치” 설정할 경우, 보다 빠른 판매가 가능합니다! 
새 제품 상품 확인후 실사 사진만 찍고 바로 판매 합니다.
알프레미오 디지털 리모컨 에어 써큘레이터 입니다. 수납 공간이 있어 크기 조절 가능 합니다.
사용 설명서 보시고 잘 사용 하세요. 
24시간 아무때나 010 7673 5731로 문자 주세요. 입금 확인후 송장번호 문자로 보내 드려요. 
쿨 거래 합니다. ^^









🚨회원님의 거래 게시글을 노린 중고나라 운영진 사칭 피싱 사이트를 주의하세요🚨",44000,2025.07.09,6,0,0
214722417,중고나라,이사 정리,120만원!!!아이폰16프로 256gb 1월8일개통,"거의 새거라고 보시면 됩니다. 베터리 효율 100%이고 구성품 다 있습니다. 떨어트린적은 없고 왼쪽카메라 아래 생활기스 약간 있습니다. 데저트티타늄이고 엄청 상태 좋습니다. 가격도 싼데..연락이 없네요



말도안되는 가격 얘기하면 차단합니다.



010-7660-4936



 
 
 
 
 
📢 제목에 ""제조사/ 브랜드 명""과 “상품명(ex. 갤럭시 S11) ”을 넣어 작성하면, 보다 빠른 판매가 가능합니다! 
📢 게시글 작성 시 배송 방법에 “직거래”와 “내 위치” 설정할 경우, 보다 빠른 판매가 가능합니다! 








🚨회원님의 거래 게시글을 노린 중고나라 운영진 사칭 피싱 사이트를 주의하세요🚨",1200000,2025.07.09,22,0,0
214753414,중고나라,이사 정리,컴배트 젤 주사형 30g 바퀴벌레용,"매장 정리하여, 재고 처분합니다.

완전 미사용/미개봉 새제품입니다.


재고 7개 있습니다.

2개 이상 구매하시면, 1개 외 배송비 빼드립니다.",3900,2025.07.08,261,1,0
214753265,중고나라,이사 정리,바퀴싹 원터치 성광제약 200ml,"매장 정리하여, 재고 처분합니다.

완전 미사용/미개봉 새제품입니다.


2개 이상 구매하시면, 1개 외 배송비 빼드립니다.",2000,2025.07.08,26,0,0
214753151,중고나라,이사 정리,더존킬라 300ml 0.23% 바퀴벌레용 해충용품,"매장 정리하여, 재고 처분합니다.

완전 미사용/미개봉 새제품입니다.


재고 18개 있습니다.

2개 이상 구매하시면, 1개 외 배송비 빼드립니다.",4300,2025.07.08,22,0,0
214753051,중고나라,이사 정리,제트파워 울트라킬라 420ml 바퀴벌레용 해충용품,"매장 정리하여, 재고 처분합니다.

완전 미사용/미개봉 새제품입니다.


재고 15개 있습니다.

2개 이상 구매하시면, 1개 외 배송비 빼드립니다.",2300,2025.07.08,17,0,0
214752901,중고나라,이사 정리,제트파워 로취제로겔 35g 바퀴벌레용 해충용품,"매장 정리하여, 재고 처분합니다.

완전 미사용/미개봉 새제품입니다.


재고 63개 있습니다.

2개 이상 구매하시면, 1개 외 배송비 빼드립니다.",2600,2025.07.08,24,1,0
214752830,중고나라,이사 정리,컴배트 파워 개미용 6개입 해충용품,"매장 정리하여, 재고 처분합니다.

완전 미사용/미개봉 새제품입니다.


재고 15개 있습니다.

2개 이상 구매하시면, 1개 외 배송비 빼드립니다.",4200,2025.07.08,15,1,0
214752697,중고나라,이사 정리,제트파워 개미킬라 300ml 개미용 해충용품,"매장 정리하여, 재고 처분합니다.

완전 미사용/미개봉 새제품입니다.


재고 22개 있습니다.

2개 이상 구매하시면, 1개 외 배송비 빼드립니다.",2200,2025.07.08,16,0,1
214752617,중고나라,이사 정리,제트 앤트킬 개미용 해충용품,"매장 정리하여, 재고 처분합니다.

완전 미사용/미개봉 새제품입니다.


재고 6개 있습니다.

2개 이상 구매하시면, 1개 외 배송비 빼드립니다.",2400,2025.07.08,24,0,1
214752483,중고나라,이사 정리,국화지주대 120cm 그린 10개입,"매장 정리하여, 재고 처분합니다.

완전 미사용/미개봉 새제품입니다.


재고 8개 있습니다.

2개 이상 구매하시면, 1개 외 배송비 빼드립니다.",2700,2025.07.08,12,0,0
214752332,중고나라,이사 정리,페퍼민트 200립 허브씨앗,"매장 정리하여, 재고 처분합니다.

완전 미사용/미개봉 새제품입니다.


재고 5개 있습니다.

2개 이상 구매하시면, 1개 외 배송비 빼드립니다.",1700,2025.07.08,19,1,0
214752261,중고나라,이사 정리,바질 200립 허브씨앗,"매장 정리하여, 재고 처분합니다.

완전 미사용/미개봉 새제품입니다.


재고 5개 있습니다.

2개 이상 구매하시면, 1개 외 배송비 빼드립니다.",2000,2025.07.08,13,0,0
214752166,중고나라,이사 정리,로즈마리 100립 허브씨앗,"매장 정리하여, 재고 처분합니다.

완전 미사용/미개봉 새제품입니다.


재고 5개 있습니다.

2개 이상 구매하시면, 1개 외 배송비 빼드립니다.",1800,2025.07.08,17,1,0
214752067,중고나라,이사 정리,레몬밤 200립 허브씨앗,"매장 정리하여, 재고 처분합니다.

완전 미사용/미개봉 새제품입니다.


재고 9개 있습니다.

2개 이상 구매하시면, 1개 외 배송비 빼드립니다.",1400,2025.07.08,12,0,0
214751293,중고나라,이사 정리,피알노나다 고추 15립 채소씨앗,"매장 정리하여, 재고 처분합니다.

완전 미사용/미개봉 새제품입니다.


재고 4개 있습니다.

2개 이상 구매하시면, 1개 외 배송비 빼드립니다.",1700,2025.07.08,17,1,0
214751039,중고나라,이사 정리,카니발오렌지 파프리카 10립 채소씨앗,"매장 정리하여, 재고 처분합니다.

완전 미사용/미개봉 새제품입니다.


재고 5개 있습니다.

2개 이상 구매하시면, 1개 외 배송비 빼드립니다.",1700,2025.07.08,17,0,0
214725768,중고나라,이사 정리,캠프밸리 오패캐280 자동텐트 원터치,"📢 제목에 ""제조사/ 브랜드 명""과 “상품명(ex. 숄더 핸드백)”을 넣어 작성하면, 보다 빠른 판매가 가능합니다! 
📢 게시글 작성 시 배송 방법에 “직거래”와 “내 위치” 설정할 경우, 보다 빠른 판매가 가능합니다! 








🚨회원님의 거래 게시글을 노린 중고나라 운영진 사칭 피싱 사이트를 주의하세요🚨 

원터치라서 치고 접는데 5분이면됩니다.
오패캐280 본체만 2회사용.
풀플라이, 방수포 미사용.
루프플라이 카키 1회사용.
하자없고 상태는 너무 좋습니다. 먼지정도. 문의주세요^^
택배노리턴가능

예민하신분 사절.
교환,환불 X",270000,2025.07.08,8,0,0
214725495,중고나라,이사 정리,x폴대 미사용 (33파이),,65000,2025.07.08,7,0,0
214718527,중고나라,이사 정리,삼성 Bespoke AI 제트 280W 고온 세척/침구브러시 패키지 청소기 개인판매 합니다,"★제품명 : 삼성 Bespoke AI 제트 280W 고온 세척/침구브러시 패키지

★판매코드 : VS28C973ISE

★판매사유 : 혼자 거주하며 거의 사용할 일이 없어서 판매

★컨디션 : A급 / 사용량이 정말 적어요..

★구입시기 : 23년11월경

★구입처 : 삼성 공식디지털프라자/구입처,영수증 첨부가능

★판매가격 : 신품구매당시 약1,300,000 > 중고판매가 490,000원

★구성품 : 사진에 보이는 신품그대로..

★연락처 : 공일공-4513-이팔사구 / 제품보증은 제 중나아이디 활동이력이 증명합니다!
업자아니고 개인 판매에요..많은문의환영^^",490000,2025.07.08,65,0,0
214714196,중고나라,이사 정리,카니발옐로우 파프리카 10립 채소씨앗,"매장 정리하여, 재고 처분합니다.

완전 미사용/미개봉 새제품입니다.


재고 3개 있습니다.

2개 이상 구매하시면, 1개 외 배송비 빼드립니다.",1700,2025.07.08,26,0,0
214713869,중고나라,이사 정리,적작두콩 10립 채소씨앗,"매장 정리하여, 재고 처분합니다.

완전 미사용/미개봉 새제품입니다.


2개 이상 구매하시면, 1개 외 배송비 빼드립니다.",1700,2025.07.08,28,0,1
214713768,중고나라,이사 정리,비타민쌈배추 1000립,"매장 정리하여, 재고 처분합니다.

완전 미사용/미개봉 새제품입니다.


재고 5개 있습니다.

2개 이상 구매하시면, 1개 외 배송비 빼드립니다.",2700,2025.07.08,12,0,0
214713622,중고나라,이사 정리,멕시코감자 히카마 50립 채소씨앗,"매장 정리하여, 재고 처분합니다.

완전 미사용/미개봉 새제품입니다.


재고 4개 있습니다.

2개 이상 구매하시면, 1개 외 배송비 빼드립니다.",2200,2025.07.08,12,0,0
214713452,중고나라,이사 정리,땅콩호박 20g 채소씨앗,"매장 정리하여, 재고 처분합니다.

완전 미사용/미개봉 새제품입니다.


재고 8개 있습니다.

2개 이상 구매하시면, 1개 외 배송비 빼드립니다.",2700,2025.07.08,10,0,0
214713285,중고나라,이사 정리,골드뱅크양파 500립 채소씨앗,"매장 정리하여, 재고 처분합니다.

완전 미사용/미개봉 새제품입니다.


재고 2개 있습니다.

2개 이상 구매하시면, 1개 외 배송비 빼드립니다.",1700,2025.07.08,10,0,0
214713133,중고나라,이사 정리,백일홍 400립 꽃씨앗,"매장 정리하여, 재고 처분합니다.

완전 미사용/미개봉 새제품입니다.


재고 2개 있습니다.

2개 이상 구매하시면, 1개 외 배송비 빼드립니다.",1800,2025.07.08,11,0,0
214712383,중고나라,이사 정리,불이수박 50립 과일씨앗,"매장 정리하여, 재고 처분합니다.

완전 미사용/미개봉 새제품입니다.


재고 9개 있습니다.

2개 이상 구매하시면, 1개 외 배송비 빼드립니다.",2400,2025.07.08,17,0,0
214712235,중고나라,이사 정리,꿀맛은천참외 100립 과일씨앗,"매장 정리하여, 재고 처분합니다.

완전 미사용/미개봉 새제품입니다.


2개 이상 구매하시면, 1개 외 배송비 빼드립니다.",2200,2025.07.08,18,0,1
214712031,중고나라,이사 정리,금송아지 50립 과일씨앗,"매장 정리하여, 재고 처분합니다.

완전 미사용/미개봉 새제품입니다.


재고 7개 있습니다.

2개 이상 구매하시면, 1개 외 배송비 빼드립니다.",1700,2025.07.08,20,0,0
214711834,중고나라,이사 정리,한빛 HV-1121 포집 포충기 블랙/그린,"매장 정리하여, 재고 처분합니다.

완전 미사용/미개봉 새제품입니다.


재고 4개 있습니다.

2개 이상 구매하시면, 1개 외 배송비 빼드립니다.",57600,2025.07.08,36,3,2
214711213,중고나라,이사 정리,마우스올킬 물쥐약 60g,"매장 정리하여, 재고 처분합니다.

완전 미사용/미개봉 새제품입니다.


재고 8개 있습니다.

2개 이상 구매하시면, 1개 외 배송비 빼드립니다.",1800,2025.07.08,9,0,0
214711007,중고나라,이사 정리,덕진 족제비망 190*380*190mm,"매장 정리하여, 재고 처분합니다.

완전 미사용/미개봉 새제품입니다.


2개 이상 구매하시면, 1개 외 배송비 빼드립니다.",16800,2025.07.08,9,0,0
214710065,중고나라,이사 정리,노런 쥐하드보드 2입 끈끈이,"매장 정리하여, 재고 처분합니다.

완전 미사용/미개봉 새제품입니다.


재고 10개 있습니다.

2개 이상 구매하시면, 1개 외 배송비 빼드립니다.",1200,2025.07.08,15,0,0
214677656,중고나라,이사 정리,이사정리 눈으로 보는 통합교과 전권 39권,"이사 정리하면서 내놓습니다.
거의 신품급으로 상태 좋습니다!
어려워지는 교과 용어를 쉽게 접근하여 학년별 재미있게 통합교과를 배울 수 있어요!
여름방학에 쭉 읽히면 도움 많이 될거에요..

택배시 구매자부담, 반포동 직거래 가능
환불불가
 
 
 
 
 
📢 제목에 ""출판사+책 이름+저자”를 넣어 작성하면, 보다 빠른 판매가 가능합니다! 
📢 게시글 작성 시 배송 방법에 “직거래”와 “내 위치” 설정할 경우, 보다 빠른 판매가 가능합니다! 








🚨회원님의 거래 게시글을 노린 중고나라 운영진 사칭 피싱 사이트를 주의하세요🚨",19000,2025.07.08,16,0,0
214669483,중고나라,이사 정리,(새상품)보잉선글라스 자외선차단 하이퀄리티,"4번(새상품)보잉 선글라스 / 자외선차단 하이퀄리티 최신 uv 차단 베젤


사이즈 

가로 : 150mm 안경태 : 150mm

안경렌즈 가로 : 60mm 높이 55mm

색상 카키


원산지 : 중국 

편광KC인증 완료

베젤보잉 선글라스 



고급스러운 디자인 

세련되고 고급스런 디자인으로 누구나


잘어울리고 질리지 않는 디자인으로 데일리로 착용하기 좋아요



피부자극 없는 안경다리 피부에 자극없는 소재로 만들어져 장시간 착용시에도



부담이 없고 견고한 나사처리로 튼튼하고 쉽게 망가지지 않습니다


비닐포장 되있습니다",20000,2025.07.08,35,1,0
214669461,중고나라,이사 정리,(새상품)보잉선글라스 자외선차단 하이퀄리티,"3번 (새상품)보잉 선글라스 / 자외선차단 하이퀄리티 최신 uv 차단 베젤번

사이즈 
가로 : 150mm 안경태 : 150mm
안경렌즈 가로 : 60mm 높이 55mm

색상 연블랙

원산지 : 중국 


편광KC인증 완료
베젤보잉 선글라스 

고급스러운 디자인 
세련되고 고급스런 디자인으로 누구나

잘어울리고 질리지 않는 디자인으로 데일리로 착용하기 좋아요



피부자극 없는 안경다리 피부에 자극없는 소재로 만들어져 장시간 착용시에도

부담이 없고 견고한 나사처리로 튼튼하고 쉽게 망가지지 않습니다


비닐포장 되있습니다",20000,2025.07.08,23,0,0
214669455,중고나라,이사 정리,(새상품)보잉선글라스 자외선차단 하이퀄리티,"2번(새상품) 보잉 선글라스 / 자외선차단 하이퀄리티 최신 uv 차단 베젤


사이즈 

가로 : 150mm 안경태 : 150mm

안경렌즈 가로 : 60mm 높이 55mm

색상 블랙 

원산지 : 중국 



편광KC인증 완료

베젤보잉 선글라스 

고급스러운 디자인 

세련되고 고급스런 디자인으로 누구나


잘어울리고 질리지 않는 디자인으로 데일리로 착용하기 좋아요


피부자극 없는 안경다리 피부에 자극없는 소재로 만들어져 장시간 착용시에도


부담이 없고 견고한 나사처리로 튼튼하고 쉽게 망가지지 않습니다



비닐포장 되있습니다",20000,2025.07.08,24,0,0
214669438,중고나라,이사 정리,(새상품)남여 선글라스/uv400/미러선글라스,"1번(새상품) 보잉 선글라스 / 자외선차단 하이퀄리티 최신 uv 차단 베젤

사이즈 
가로 : 150mm 안경태 : 150mm
안경렌즈 가로 : 60mm 높이 55mm

색상 골드

원산지 : 중국 


편광KC인증 완료
베젤보잉 선글라스 

고급스러운 디자인 
세련되고 고급스런 디자인으로 누구나

잘어울리고 질리지 않는 디자인으로 데일리로 착용하기 좋아요



피부자극 없는 안경다리 피부에 자극없는 소재로 만들어져 장시간 착용시에도

부담이 없고 견고한 나사처리로 튼튼하고 쉽게 망가지지 않습니다 


비닐포장 되있습니다",20000,2025.07.08,24,0,0
214658860,중고나라,이사 정리,에프킬라 레이드 울트라킬 500ml,"매장 정리하여, 재고 처분합니다.

완전 미사용/미개봉 새제품입니다.


재고 6개 있습니다.

2개 이상 구매하시면, 1개 외 배송비 빼드립니다.",2400,2025.07.07,40,0,1
214658648,중고나라,이사 정리,노런 바퀴트랩 5개입 바퀴벌레용,"매장 정리하여, 재고 처분합니다.

완전 미사용/미개봉 새제품입니다.


재고 19개 있습니다.

2개 이상 구매하시면, 1개 외 배송비 빼드립니다.",1200,2025.07.07,24,0,0
214658546,중고나라,이사 정리,해피홈 제로 개미에어졸 500ml,"매장 정리하여, 재고 처분합니다.

완전 미사용/미개봉 새제품입니다.


재고 3개 있습니다.

2개 이상 구매하시면, 1개 외 배송비 빼드립니다.",2500,2025.07.07,11,0,0
214658383,중고나라,이사 정리,컴배트 개미용 수성 에어졸 450ml,"매장 정리하여, 재고 처분합니다.

완전 미사용/미개봉 새제품입니다.


재고 13개 있습니다.

2개 이상 구매하시면, 1개 외 배송비 빼드립니다.",6100,2025.07.07,10,1,0
214498037,중고나라,이사 정리,YAHATA 3.8*45 28개입 코드766 목재용피스,"매장 정리하여, 재고 처분합니다.

완전 미사용/미개봉 새제품입니다.


재고 2개 있습니다.

2개 이상 구매하시면, 1개 외 배송비 빼드립니다.",2500,2025.07.06,10,0,0
214497817,중고나라,이사 정리,YAHATA 3.8*35 34개입 코드742 목재용피스,"매장 정리하여, 재고 처분합니다.

완전 미사용/미개봉 새제품입니다.


재고 3개 있습니다.

2개 이상 구매하시면, 1개 외 배송비 빼드립니다.",2900,2025.07.06,12,0,0
214497779,중고나라,이사 정리,YAHATA 3.8*30 38개입 코드735 목재용피스,"매장 정리하여, 재고 처분합니다.

완전 미사용/미개봉 새제품입니다.


재고 4개 있습니다.

2개 이상 구매하시면, 1개 외 배송비 빼드립니다.",2500,2025.07.06,15,0,0
214497766,중고나라,이사 정리,YAHATA 3.8*25 44개입 코드728 목재용피스,"매장 정리하여, 재고 처분합니다.

완전 미사용/미개봉 새제품입니다.


재고 3개 있습니다.

2개 이상 구매하시면, 1개 외 배송비 빼드립니다.",2500,2025.07.06,11,0,0
214497617,중고나라,이사 정리,YAHATA 다용도 낱개 칼브럭 세트 4개입 코드561,"매장 정리하여, 재고 처분합니다.

완전 미사용/미개봉 새제품입니다.


2개 이상 구매하시면, 1개 외 배송비 빼드립니다.",2500,2025.07.06,11,0,0
214497540,중고나라,이사 정리,콘크리트못 90mm 200g,"매장 정리하여, 재고 처분합니다.

완전 미사용/미개봉 새제품입니다.


재고 36개 있습니다.

2개 이상 구매하시면, 1개 외 배송비 빼드립니다.",800,2025.07.06,17,0,0
214497502,중고나라,이사 정리,콘크리트못 75mm 200g,"매장 정리하여, 재고 처분합니다.

완전 미사용/미개봉 새제품입니다.


재고 65개 있습니다.

2개 이상 구매하시면, 1개 외 배송비 빼드립니다.",800,2025.07.06,9,0,0
214497486,중고나라,이사 정리,콘크리트못 63mm 200g,"매장 정리하여, 재고 처분합니다.

완전 미사용/미개봉 새제품입니다.


재고 47개 있습니다.

2개 이상 구매하시면, 1개 외 배송비 빼드립니다.",800,2025.07.06,9,0,0
214497441,중고나라,이사 정리,콘크리트못 50mm 200g,"매장 정리하여, 재고 처분합니다.

완전 미사용/미개봉 새제품입니다.


재고 82개 있습니다.

2개 이상 구매하시면, 1개 외 배송비 빼드립니다.",800,2025.07.06,19,0,0
214477490,중고나라,이사 정리,아마추어모델언니의 옷정리합니다./박스가득 넣어드려요./옷 없으신분들 옷장만 하세요. 이사준비로 옷장정리합니다.-무...,"📢 제목에 ""제조사/ 브랜드 명""과 “상품명”을 넣어 작성하면, 보다 빠른 판매가 가능합니다! 
📢 게시글 작성 시 배송 방법에 “직거래”와 “내 위치” 설정할 경우, 보다 빠른 판매가 가능합니다! 


안녕하세요.^^

결혼 전 아마추어 출사모델을 취미 삶아 해서 옷이 많아요.
큰언니.작은언니.동생까지 있어서 
내가 평소에 잘 안입게 되는 옷들이랑 불편한옷들, 안어울리는 옷들,
작아진 옷들등등 옷이 너무 많아서 최대한 옷을 정리합니다.

본인 상의 하의 싸이즈
(예시 -상의44.55.66 하의 24. 25.26.27등등)
좋아하는 스타일과 싫어하는 스타일
그리고 나잇대와 신발싸이즈 알려주시면 옷고르는데 참고 사항이 될 듯합니다.^^
전체적으로 정리를 위한 것이라
한가지 스타일만 원하시거나 한계절옷만 원하시는 것도 어렵습니다.

위에 싸이즈와 참고할 만한 사항들을 잘 적어주시면 
옷 정리하는데 참고할 수 있으니 상세하게 잘 적어서 문자나 쳇부탁드려요
100프로 만족시켜드리지 못하오니 
예민하신분이나 까다로우신분은 신중거래부탁드려요.

대신 한두벌에 만원 이만원 NO~NO~
기본 10이상이 기본~
사과박스만한 곳에 가득가득 넣어드리는 가격이 택배포함

기본이 25.000원(배송비포함)부터 100.000가능하시고

25.000ㅡ10벌이상
30000ㅡ15벌이상
40.000ㅡ20벌이상
50.000ㅡ25벌이상
60.000ㅡ30벌이상
70.000ㅡ35벌이상
80.000ㅡ40벌이상
90.000ㅡ45벌이상
100.000ㅡ50벌이상
5천원씩도(2벌정도)추가 가능하세요

딱 한계절만 정해서 보내드릴수는 없고요. 
어느정도 계절반영해서
기본 44~77까지 가능 다양하게 봄.여름.가을.겨울옷으로 챙겨드려요
옷 많이 없으신 여성분들 옷장만 하기 좋은 기회입니다.

예민x
반품 교환 환불 x
010-2421-1공공6으로 연락주세요. 






🚨회원님의 거래 게시글을 노린 중고나라 운영진 사칭 피싱 사이트를 주의하세요🚨",25000,2025.07.05,15,0,0
214431270,중고나라,이사 정리,스노우라인 캠핑 캐비넷 구합니다.,"안녕하세요. 스노우라인 캠핑 캐비넷 구합니다.
세종시 직거래면 좋겠습니다.",30000,2025.07.05,38,0,0
214419724,중고나라,이사 정리,뭉치 드라이빙 아이언(19도),"- 헤드각도 : 19도
- 샤프트. : 경량 스틸
- 아이언 정보는 네이버 검색하시면 될거 같습니다
- 구입한지 2개월도 안됐습니다

구입시 구성품 다 있습니다

문자주세요
010-구사이오-3880",170000,2025.07.05,102,0,0
214400243,중고나라,이사 정리,팰릿 Rtx3080 10gb 게이밍프로OC,"📢 제목에 ""제조사/ 브랜드 명""과 ""상품명(ex. 맥북 에어 13)”를 넣어 작성하면, 보다 빠른 판매가 가능합니다! 
📢 게시글 작성 시 배송 방법에 “직거래”와 “내 위치” 설정할 경우, 보다 빠른 판매가 가능합니다! 
이번주만 38에 팝니다.

써멀구리스 재도포 및 써멀패드 겔리드 써멀패드로 작업 완료
바로 사용하시면 됩니다.
팬소음 및 이상 없습니다.
AS 기간 종료입니다.

대전 동구 직거래 우대, 택배 시 파손면책 동의 하에 착불
네고, 교환, 반품 X
타 사이트 업로드 안함.

문자주세요.







🚨회원님의 거래 게시글을 노린 중고나라 운영진 사칭 피싱 사이트를 주의하세요🚨",380000,2025.07.04,36,0,0
214357834,중고나라,이사 정리,팰릿 Rtx3080 10gb 게이밍프로 OC,"📢 제목에 ""제조사/ 브랜드 명""과 ""상품명(ex. 맥북 에어 13)”를 넣어 작성하면, 보다 빠른 판매가 가능합니다! 
📢 게시글 작성 시 배송 방법에 “직거래”와 “내 위치” 설정할 경우, 보다 빠른 판매가 가능합니다! 

써멀구리스 재도포 및 써멀패드 겔리드 써멀패드로 작업 완료
바로 사용하시면 됩니다.
팬소음 및 이상 없습니다.
AS 기간 종료입니다.

직거래 대전 동구, 택배 시 파손면책 동의 하에 착불
네고, 교환, 반품 X
타 사이트 업로드 안함.
문자주세요.






🚨회원님의 거래 게시글을 노린 중고나라 운영진 사칭 피싱 사이트를 주의하세요🚨",430000,2025.07.04,9,0,0
214134524,중고나라,이사 정리,이화 코아비트 건식 75mm + DMB 코아 55 묶음,상품 묶음 등록 요청,39800,2025.07.04,22,0,1
214357144,중고나라,이사 정리,기아 리모콘,기아 리모콘 판매합니다,15000,2025.07.04,31,0,0
214354242,중고나라,이사 정리,"코텍스 콘크리트못 세트 25,38mm K-6287","매장 정리하여, 재고 처분합니다.

완전 미사용/미개봉 새제품입니다.


재고 10개 있습니다.

2개 이상 구매하시면, 1개 외 배송비 빼드립니다.",1200,2025.07.04,25,0,0
214354130,중고나라,이사 정리,일반철못 5 1kg,"매장 정리하여, 재고 처분합니다.

완전 미사용/미개봉 새제품입니다.


재고 7개 있습니다.

2개 이상 구매하시면, 1개 외 배송비 빼드립니다.",1000,2025.07.04,14,0,0
214354017,중고나라,이사 정리,일반철못 4 1kg,"매장 정리하여, 재고 처분합니다.

완전 미사용/미개봉 새제품입니다.


재고 7개 있습니다.

2개 이상 구매하시면, 1개 외 배송비 빼드립니다.",2900,2025.07.04,8,0,0
214353941,중고나라,이사 정리,일반철못 3 1kg,"매장 정리하여, 재고 처분합니다.

완전 미사용/미개봉 새제품입니다.


재고 3개 있습니다.

2개 이상 구매하시면, 1개 외 배송비 빼드립니다.",1000,2025.07.04,8,0,0
214353764,중고나라,이사 정리,일반철못 3 1/2 1kg,"매장 정리하여, 재고 처분합니다.

완전 미사용/미개봉 새제품입니다.


재고 8개 있습니다.

2개 이상 구매하시면, 1개 외 배송비 빼드립니다.",2800,2025.07.04,10,0,0
214353502,중고나라,이사 정리,일반철못 2 500g,"매장 정리하여, 재고 처분합니다.

완전 미사용/미개봉 새제품입니다.


재고 8개 있습니다.

2개 이상 구매하시면, 1개 외 배송비 빼드립니다.",600,2025.07.04,30,0,0
214353443,중고나라,이사 정리,일반철못 2 1/2 1kg,"매장 정리하여, 재고 처분합니다.

완전 미사용/미개봉 새제품입니다.


2개 이상 구매하시면, 1개 외 배송비 빼드립니다.",2800,2025.07.04,13,0,0
214353052,중고나라,이사 정리,판넬소켓세트 소 용접부자재,"매장 정리하여, 재고 처분합니다.

완전 미사용/미개봉 새제품입니다.


재고 2개 있습니다.

2개 이상 구매하시면, 1개 외 배송비 빼드립니다.",2900,2025.07.04,18,0,0
214352991,중고나라,이사 정리,위더스 어스클램프 300A 용접부자재,"매장 정리하여, 재고 처분합니다.

완전 미사용/미개봉 새제품입니다.


재고 2개 있습니다.

2개 이상 구매하시면, 1개 외 배송비 빼드립니다.",1600,2025.07.04,27,0,0
214352853,중고나라,이사 정리,어스집게 악어집게 특대 흑색 300A 용접부자재,"매장 정리하여, 재고 처분합니다.

완전 미사용/미개봉 새제품입니다.


2개 이상 구매하시면, 1개 외 배송비 빼드립니다.",1700,2025.07.04,23,1,0
214352784,중고나라,이사 정리,어스집게 악어집게 특대 적색 300A 용접부자재,"매장 정리하여, 재고 처분합니다.

완전 미사용/미개봉 새제품입니다.


재고 11개 있습니다.

2개 이상 구매하시면, 1개 외 배송비 빼드립니다.",1600,2025.07.04,24,0,0
214352552,중고나라,이사 정리,플라즈마용 프라지마 세라믹 쉴드캡 P40 용접부자재,"매장 정리하여, 재고 처분합니다.

완전 미사용/미개봉 새제품입니다.


재고 8개 있습니다.

2개 이상 구매하시면, 1개 외 배송비 빼드립니다.",400,2025.07.04,19,0,0
214352489,중고나라,이사 정리,플라즈마용 프라지마 세라믹 쉴드캡 P80 용접부자재,"매장 정리하여, 재고 처분합니다.

완전 미사용/미개봉 새제품입니다.


재고 2개 있습니다.

2개 이상 구매하시면, 1개 외 배송비 빼드립니다.",500,2025.07.04,14,0,0
214351960,중고나라,이사 정리,플라즈마용 프라지마 노즐 P80 1.3 2개입 용접자재,"매장 정리하여, 재고 처분합니다.

완전 미사용/미개봉 새제품입니다.


재고 8개 있습니다.

2개 이상 구매하시면, 1개 외 배송비 빼드립니다.",1700,2025.07.04,20,0,0
214351746,중고나라,이사 정리,플라즈마용 P80 프라지마 가이드링 2개입 용접부자재,"매장 정리하여, 재고 처분합니다.

완전 미사용/미개봉 새제품입니다.


재고 11개 있습니다.

2개 이상 구매하시면, 1개 외 배송비 빼드립니다.",1200,2025.07.04,15,0,0
214351664,중고나라,이사 정리,알곤/티그용 숏캡 350A 2개입 용접부자재,"매장 정리하여, 재고 처분합니다.

완전 미사용/미개봉 새제품입니다.


재고 2개 있습니다.

2개 이상 구매하시면, 1개 외 배송비 빼드립니다.",1100,2025.07.04,36,0,0
214351137,중고나라,이사 정리,알곤/티그용 롱캡 350A 100mm 2개입 용접부자재,"매장 정리하여, 재고 처분합니다.

완전 미사용/미개봉 새제품입니다.


재고 6개 있습니다.

2개 이상 구매하시면, 1개 외 배송비 빼드립니다.",800,2025.07.04,18,0,0
214350971,중고나라,이사 정리,알곤/티그용 콜렛트척 350A 2.4 2개입 용접부자재,"매장 정리하여, 재고 처분합니다.

완전 미사용/미개봉 새제품입니다.


재고 3개 있습니다.

2개 이상 구매하시면, 1개 외 배송비 빼드립니다.",600,2025.07.04,18,0,0
214350526,중고나라,이사 정리,알곤/티그용 콜렛트척 350A 1.6 2개입 용접부자재,"매장 정리하여, 재고 처분합니다.

완전 미사용/미개봉 새제품입니다.


재고 4개 있습니다.

2개 이상 구매하시면, 1개 외 배송비 빼드립니다.",500,2025.07.04,32,0,0
214349991,중고나라,이사 정리,알곤/티그용 콜렛트바디 350A 2.4 2개입 용접자재,"매장 정리하여, 재고 처분합니다.

완전 미사용/미개봉 새제품입니다.


재고 6개 있습니다.

2개 이상 구매하시면, 1개 외 배송비 빼드립니다.",1200,2025.07.04,19,0,0
214349892,중고나라,이사 정리,알곤/티그용 콜렛트바디 350A 2.0 2개입 용접자재,"매장 정리하여, 재고 처분합니다.

완전 미사용/미개봉 새제품입니다.


2개 이상 구매하시면, 1개 외 배송비 빼드립니다.",1200,2025.07.04,13,0,0
214349756,중고나라,이사 정리,알곤/티그용 공냉헤드 하드 350F 용접부자재,"매장 정리하여, 재고 처분합니다.

완전 미사용/미개봉 새제품입니다.


2개 이상 구매하시면, 1개 외 배송비 빼드립니다.",3800,2025.07.04,26,2,0
214349709,중고나라,이사 정리,알곤/티그용 공냉헤드 플렉스 350F 용접부자재,"매장 정리하여, 재고 처분합니다.

완전 미사용/미개봉 새제품입니다.


재고 2개 있습니다.

2개 이상 구매하시면, 1개 외 배송비 빼드립니다.",4800,2025.07.04,27,0,1
214349615,중고나라,이사 정리,알곤/티그용 세라믹노즐 350A 8호 2개입 용접자재,"매장 정리하여, 재고 처분합니다.

완전 미사용/미개봉 새제품입니다.


재고 3개 있습니다.

2개 이상 구매하시면, 1개 외 배송비 빼드립니다.",800,2025.07.04,27,0,0
214349538,중고나라,이사 정리,알곤/티그용 세라믹노즐 350A 7호 2개입 용접자재,"매장 정리하여, 재고 처분합니다.

완전 미사용/미개봉 새제품입니다.


재고 10개 있습니다.

2개 이상 구매하시면, 1개 외 배송비 빼드립니다.",600,2025.07.04,22,1,0
214349437,중고나라,이사 정리,알곤/티그용 세라믹노즐 350A 6호 2개입 용접자재,"매장 정리하여, 재고 처분합니다.

완전 미사용/미개봉 새제품입니다.


재고 5개 있습니다.

2개 이상 구매하시면, 1개 외 배송비 빼드립니다.",700,2025.07.04,15,0,0
214349300,중고나라,이사 정리,알곤/티그용 세라믹노즐 350A 10호 2개입 용접자재,"매장 정리하여, 재고 처분합니다.

완전 미사용/미개봉 새제품입니다.


재고 6개 있습니다.

2개 이상 구매하시면, 1개 외 배송비 빼드립니다.",1200,2025.07.04,23,0,0
214349166,중고나라,이사 정리,알곤/티그용 공냉파워니플 용접부자재,"매장 정리하여, 재고 처분합니다.

완전 미사용/미개봉 새제품입니다.


재고 10개 있습니다.

2개 이상 구매하시면, 1개 외 배송비 빼드립니다.",2100,2025.07.04,17,0,0
214338575,중고나라,이사 정리,문화상품권 1만원권 5장 일괄판매,,44000,2025.07.04,39,1,4
214337306,중고나라,이사 정리,아크테릭스 헬리아드 15 스톤 그린,"더기어샵 당첨되어 수령 예정입니다 !
급전이 필요해서 원래 너무 갖고싶엇는데 팔아요 ㅠ
쿨거시 택포해드립니다!",170000,2025.07.04,211,8,9
214330275,중고나라,이사 정리,xf 16-80 f4 R OIS WR 판매합니다,"후지논 XF 16-80 F4 R OIS WR 판매합니다
다른 바디에 있던 번들렌즈라서 흰색박스로 따로 있습니다.
UV 필터 씌어져 있고요 보증은 만료 되었습니다.
따로 먼지 곰팡이 전혀 없고 상태 좋습니다.

직거래는 대전, 천안, 세종 근처에서 가능합니다
택배거래는 노리턴 조건으로 뽁뽁이 꼼꼼히 싸서 보내드릴게요!
편하게 연락주세요!",520000,2025.07.04,62,1,0
214305455,중고나라,이사 정리,요시다 포터 탱커 숄더백 s 화이트,"요시다 포터 탱커 숄더백 스몰 사이즈 블랙 색상입니다!
현재 크림에서 50만원 이상에 판매 중인데
저는 구매한지는 좀 되어서 싸게 내놓아요
 착용은 10회 미만이예요!
손이 잘 안가고 급전이 필요하여 올림니다
쿨거시 택포해드려요! 찔러보기나 터무니없는 가격 제안하시면 차단합니다 사진 필요하시면 보내드려요 !",250000,2025.07.03,86,1,0
214300546,중고나라,이사 정리,구글기프트카드 5만원권 7개 팝니다,돈받으면 코드 보내드립니다,45000,2025.07.03,174,1,25
214240569,중고나라,이사 정리,울란지 CA25 쿨링팬 ulanzi ca25 카메라,울란지 CA25 쿨링팬 ulanzi ca25 카메라 쿨링팬,33500,2025.07.03,117,0,1
214283000,중고나라,이사 정리,아마추어모델언니의 옷정리합니다./박스가득 넣어드려요./옷 없으신분들 옷장만 하세요. 이사준비로 옷장정리합니다.-무...,"📢 제목에 ""제조사/ 브랜드 명""과 “상품명”을 넣어 작성하면, 보다 빠른 판매가 가능합니다! 
📢 게시글 작성 시 배송 방법에 “직거래”와 “내 위치” 설정할 경우, 보다 빠른 판매가 가능합니다! 


안녕하세요.^^

결혼 전 아마추어 출사모델을 취미 삶아 해서 옷이 많아요.
큰언니.작은언니.동생까지 있어서 
내가 평소에 잘 안입게 되는 옷들이랑 불편한옷들, 안어울리는 옷들,
작아진 옷들등등 옷이 너무 많아서 최대한 옷을 정리합니다.

본인 상의 하의 싸이즈
(예시 -상의44.55.66 하의 24. 25.26.27등등)
좋아하는 스타일과 싫어하는 스타일
그리고 나잇대와 신발싸이즈 알려주시면 옷고르는데 참고 사항이 될 듯합니다.^^
전체적으로 정리를 위한 것이라
한가지 스타일만 원하시거나 한계절옷만 원하시는 것도 어렵습니다.

위에 싸이즈와 참고할 만한 사항들을 잘 적어주시면 
옷 정리하는데 참고할 수 있으니 상세하게 잘 적어서 문자나 쳇부탁드려요
100프로 만족시켜드리지 못하오니 
예민하신분이나 까다로우신분은 신중거래부탁드려요.

대신 한두벌에 만원 이만원 NO~NO~
기본 10이상이 기본~
사과박스만한 곳에 가득가득 넣어드리는 가격이 택배포함

기본이 25.000원(배송비포함)부터 100.000가능하시고

25.000ㅡ10벌이상
30000ㅡ15벌이상
40.000ㅡ20벌이상
50.000ㅡ25벌이상
60.000ㅡ30벌이상
70.000ㅡ35벌이상
80.000ㅡ40벌이상
90.000ㅡ45벌이상
100.000ㅡ50벌이상
5천원씩도(2벌정도)추가 가능하세요

딱 한계절만 정해서 보내드릴수는 없고요. 
어느정도 계절반영해서
기본 44~77까지 가능 다양하게 봄.여름.가을.겨울옷으로 챙겨드려요
옷 많이 없으신 여성분들 옷장만 하기 좋은 기회입니다.

예민x
반품 교환 환불 x
010-2421-1공공6으로 연락주세요. 






🚨회원님의 거래 게시글을 노린 중고나라 운영진 사칭 피싱 사이트를 주의하세요🚨",25000,2025.07.03,20,0,0
213401021,중고나라,이사 정리,화폐공사 페이커 금메달 507개 한정 희소성,"세종 조치원에 살아요

 직거래 가능

인근지역은 오송. 청주. 근처에 잇으면 직거래 합시다

이번달까지만 팔아보고 안팔리면 묵혀 둘려고 합니다

넘버는 관심잇으시면 알려드릴께요",3750000,2025.07.03,88,1,1
213677982,중고나라,이사 정리,카티바 습식코팅제 압축분무기 세트,"카티바 4만2천원짜리 세트 3만5천에 올립니다~
압축분무기 세트이고 세차맡기기시작하면서 아예 안써요!

미개봉 새상품입니다

배송비포함입니다",35000,2025.07.03,76,0,1
214234255,중고나라,이사 정리,마끼다 원형 줄 D-67402 4.8*246mm,"매장 정리하여, 재고 처분합니다.

완전 미사용/미개봉 새제품입니다.


2개 이상 구매하시면, 1개 외 배송비 빼드립니다.",1500,2025.07.02,29,1,0
214234228,중고나라,이사 정리,마끼다 원형 줄 D-67365 4.0*246mm,"매장 정리하여, 재고 처분합니다.

완전 미사용/미개봉 새제품입니다.


재고 2개 있습니다.

2개 이상 구매하시면, 1개 외 배송비 빼드립니다.",1500,2025.07.02,17,0,0
214234141,중고나라,이사 정리,한도 체인톱날 14인치 91-26T 14인치,"매장 정리하여, 재고 처분합니다.

완전 미사용/미개봉 새제품입니다.


2개 이상 구매하시면, 1개 외 배송비 빼드립니다.",5900,2025.07.02,24,0,0
214233860,중고나라,이사 정리,미그팁홀더 #15,"매장 정리하여, 재고 처분합니다.

완전 미사용/미개봉 새제품입니다.


재고 7개 있습니다.

2개 이상 구매하시면, 1개 외 배송비 빼드립니다.",900,2025.07.02,16,0,0
214233774,중고나라,이사 정리,미그노즐 #15 15AK,"매장 정리하여, 재고 처분합니다.

완전 미사용/미개봉 새제품입니다.


재고 6개 있습니다.

2개 이상 구매하시면, 1개 외 배송비 빼드립니다.",1000,2025.07.02,21,0,0
214233718,중고나라,이사 정리,코리아나 미그절연노즐 #15 5개입,"매장 정리하여, 재고 처분합니다.

완전 미사용/미개봉 새제품입니다.


2개 이상 구매하시면, 1개 외 배송비 빼드립니다.",10600,2025.07.02,12,0,0
214233679,중고나라,이사 정리,용접두건 머리24cm 어깨49cm,"매장 정리하여, 재고 처분합니다.

완전 미사용/미개봉 새제품입니다.


2개 이상 구매하시면, 1개 외 배송비 빼드립니다.",2400,2025.07.02,62,1,2
214233501,중고나라,이사 정리,벨트페이퍼 6*48 #80,"매장 정리하여, 재고 처분합니다.

완전 미사용/미개봉 새제품입니다.


재고 32개 있습니다.

2개 이상 구매하시면, 1개 외 배송비 빼드립니다.",2500,2025.07.02,15,0,0
214233443,중고나라,이사 정리,벨트페이퍼 6*48 #36,"매장 정리하여, 재고 처분합니다.

완전 미사용/미개봉 새제품입니다.


재고 25개 있습니다.

2개 이상 구매하시면, 1개 외 배송비 빼드립니다.",2900,2025.07.02,9,0,0
214233319,중고나라,이사 정리,벨트페이퍼 6*48 #100,"매장 정리하여, 재고 처분합니다.

완전 미사용/미개봉 새제품입니다.


재고 38개 있습니다.

2개 이상 구매하시면, 1개 외 배송비 빼드립니다.",2500,2025.07.02,13,0,0
214233274,중고나라,이사 정리,벨트페이퍼 4*36 #60,"매장 정리하여, 재고 처분합니다.

완전 미사용/미개봉 새제품입니다.


재고 14개 있습니다.

2개 이상 구매하시면, 1개 외 배송비 빼드립니다.",1500,2025.07.02,10,0,0
214233222,중고나라,이사 정리,벨트페이퍼 4*36 #40,"매장 정리하여, 재고 처분합니다.

완전 미사용/미개봉 새제품입니다.


재고 11개 있습니다.

2개 이상 구매하시면, 1개 외 배송비 빼드립니다.",1300,2025.07.02,15,0,0
214233096,중고나라,이사 정리,벨트페이퍼 4*36 #220,"매장 정리하여, 재고 처분합니다.

완전 미사용/미개봉 새제품입니다.


재고 4개 있습니다.

2개 이상 구매하시면, 1개 외 배송비 빼드립니다.",1200,2025.07.02,13,0,0
214232975,중고나라,이사 정리,벨트페이퍼 4*36 #180,"매장 정리하여, 재고 처분합니다.

완전 미사용/미개봉 새제품입니다.


재고 19개 있습니다.

2개 이상 구매하시면, 1개 외 배송비 빼드립니다.",1300,2025.07.02,11,0,0
214232904,중고나라,이사 정리,벨트페이퍼 3*24 #800 58개,"매장 정리하여, 재고 처분합니다.

완전 미사용/미개봉 새제품입니다.


재고 58개 있습니다.

2개 이상 구매하시면, 1개 외 배송비 빼드립니다.",23200,2025.07.02,14,0,1
214232716,중고나라,이사 정리,탁상연마석 G80 6인치,"매장 정리하여, 재고 처분합니다.

완전 미사용/미개봉 새제품입니다.


재고 2개 있습니다.

2개 이상 구매하시면, 1개 외 배송비 빼드립니다.",17700,2025.07.02,15,2,0
214232671,중고나라,이사 정리,탁상연마석 G80 5인치,"매장 정리하여, 재고 처분합니다.

완전 미사용/미개봉 새제품입니다.


2개 이상 구매하시면, 1개 외 배송비 빼드립니다.",9100,2025.07.02,13,0,0
214232496,중고나라,이사 정리,탁상연마석 G80 8인치,"매장 정리하여, 재고 처분합니다.

완전 미사용/미개봉 새제품입니다.


2개 이상 구매하시면, 1개 외 배송비 빼드립니다.",20300,2025.07.02,19,0,0
214232313,중고나라,이사 정리,탁상연마석 A36 6인치,"매장 정리하여, 재고 처분합니다.

완전 미사용/미개봉 새제품입니다.


재고 3개 있습니다.

2개 이상 구매하시면, 1개 외 배송비 빼드립니다.",11700,2025.07.02,24,0,0
214232267,중고나라,이사 정리,탁상연마석 A36 5인치,"매장 정리하여, 재고 처분합니다.

완전 미사용/미개봉 새제품입니다.


재고 3개 있습니다.

2개 이상 구매하시면, 1개 외 배송비 빼드립니다.",5100,2025.07.02,18,0,0
214232226,중고나라,이사 정리,탁상연마석 A36 8인치,"매장 정리하여, 재고 처분합니다.

완전 미사용/미개봉 새제품입니다.


2개 이상 구매하시면, 1개 외 배송비 빼드립니다.",9700,2025.07.02,13,1,0
214231991,중고나라,이사 정리,나사드릴척 아답터 K 3/8 4개입,"매장 정리하여, 재고 처분합니다.

완전 미사용/미개봉 새제품입니다.


2개 이상 구매하시면, 1개 외 배송비 빼드립니다.",7800,2025.07.02,27,0,0
214231935,중고나라,이사 정리,나사드릴척 아답터 K 1/2 4개입,"매장 정리하여, 재고 처분합니다.

완전 미사용/미개봉 새제품입니다.


2개 이상 구매하시면, 1개 외 배송비 빼드립니다.",7800,2025.07.02,17,0,0
214231899,중고나라,이사 정리,SDS 드릴척 아답터 K 1/2,"매장 정리하여, 재고 처분합니다.

완전 미사용/미개봉 새제품입니다.


재고 3개 있습니다.

2개 이상 구매하시면, 1개 외 배송비 빼드립니다.",1700,2025.07.02,32,1,0
214231728,중고나라,이사 정리,"이엑스파워 드릴척핸들 16mm (13,16mm JT6)","매장 정리하여, 재고 처분합니다.

완전 미사용/미개봉 새제품입니다.


2개 이상 구매하시면, 1개 외 배송비 빼드립니다.",900,2025.07.02,32,2,1
214231647,중고나라,이사 정리,이엑스파워 ESA-12 1/2 SDS드릴척 아답터,"매장 정리하여, 재고 처분합니다.

완전 미사용/미개봉 새제품입니다.


재고 2개 있습니다.

2개 이상 구매하시면, 1개 외 배송비 빼드립니다.",1200,2025.07.02,37,0,0
214231246,중고나라,이사 정리,알덴 임팩비트아답타 퀵타입 3/8 IM635-2,"매장 정리하여, 재고 처분합니다.

완전 미사용/미개봉 새제품입니다.


2개 이상 구매하시면, 1개 외 배송비 빼드립니다.",8400,2025.07.02,46,0,0
214231153,중고나라,이사 정리,알덴 드릴척 SE HEX AL-H10 3/8,"매장 정리하여, 재고 처분합니다.

완전 미사용/미개봉 새제품입니다.


2개 이상 구매하시면, 1개 외 배송비 빼드립니다.",22800,2025.07.02,28,0,0
214231067,중고나라,이사 정리,아임삭 렌치어댑터 3/8 AWBA3845,"매장 정리하여, 재고 처분합니다.

완전 미사용/미개봉 새제품입니다.


재고 2개 있습니다.

2개 이상 구매하시면, 1개 외 배송비 빼드립니다.",6300,2025.07.02,96,1,1
214230843,중고나라,이사 정리,"RONM 드릴척핸들 1/2인치 10,13RE용","매장 정리하여, 재고 처분합니다.

완전 미사용/미개봉 새제품입니다.


2개 이상 구매하시면, 1개 외 배송비 빼드립니다.",1300,2025.07.02,35,2,0
210659973,중고나라,이사 정리,"TV 통합 리모콘삼성, LG, 모뉴엘, TCL, 하이얼","TV 통합 리모콘
삼성, LG, 모뉴엘, TCL, 하이얼 적용
편의점 알뜰택배, 반값택배 택배비 포함
일반택배 1500원 추가
세종시 조치원",10000,2025.07.02,65,0,0
175575192,중고나라,이사 정리,삼성 의류건조기 리모콘 리모컨,"삼성 의류건조기 리모콘 리모컨
미사용
세종시 조치원",30000,2025.07.02,311,5,0
185951307,중고나라,이사 정리,에어컨 배수펌프,"에어컨 배수펌프
얼마 안쓰고 보관만해서 깨끗합니다.
배수 호스 캡이 없어 케이블타이 같이 드립니다.
세종시 조치원",18000,2025.07.02,103,2,2
159737251,중고나라,이사 정리,(택포)Q Skills for Success,"Q Skills for Success: Level 5: Reading & Writing Split Student Book B with IQ Online

세종시 조치원
직거래 2.5
편의점 반값택배, 알뜰택배 택포
편의점 일반택배 1,000원 추가",29000,2025.07.02,81,0,0
210684997,중고나라,이사 정리,"탁상, 캠핑 무드 선풍기","탁상, 캠핑 무드 선풍기
풍속 2단
전원 A타입 충전케이블 또는 AA건전지 3개
충전식 아닙니다.
캠핑용으로도 좋아요.
손잡이도 있어요.
보조 밧데리, 케이블 추가로 같이 드려요~",5000,2025.07.02,23,0,0
214204305,중고나라,이사 정리,갤럭시s25 아이스블루512 s급(대구),"아이스블루 512기가
올수리 s급 정상해지 공기계 입니다.
풀박스입니다.
25.02.04개통
25.06.21해지
해지증명서 보유
삼성케어플러스 가입중(양도가능)
실사용하실분만 연락주세요.
당일거래가능한분 우선입니다
예약잡고 노쇼방지 선수금 3만 받습니다",830000,2025.07.02,25,1,0
214198018,중고나라,이사 정리,[PBfit 피비핏] 로스티드 피넛 버터 파우더,"피비핏 피넛 버터 파우더 오리지널 850g 
새상품 판매합니다 

유통기한 2026/05/02",13000,2025.07.02,40,0,1
214156235,중고나라,이사 정리,네고O)1월8일개통 아이폰16프로 256gb SS급,"거의 새거라고 보시면 됩니다. 베터리 효율 100%이고 구성품 다 있습니다. 떨어트린적이 없어서 당연 기스도 없지요. 네고가능 하오니 연락주세요.

010-7660-4936
 
 
 
 
 
📢 제목에 ""제조사/ 브랜드 명""과 “상품명(ex. 갤럭시 S11) ”을 넣어 작성하면, 보다 빠른 판매가 가능합니다! 
📢 게시글 작성 시 배송 방법에 “직거래”와 “내 위치” 설정할 경우, 보다 빠른 판매가 가능합니다! 








🚨회원님의 거래 게시글을 노린 중고나라 운영진 사칭 피싱 사이트를 주의하세요🚨",1300000,2025.07.02,20,0,0
214153851,중고나라,이사 정리,"이사 정리 합니다. 새 제품 매직 핸즈 인덕션 프라이팬 4종 입니다. 택포함 34,000원.","📢 제목에 ""제조사/ 브랜드 명""과 “상품명(ex. 4단 책장선반)”을 넣어 작성하면, 보다 빠른 판매가 가능합니다! 
📢 게시글 작성 시 배송 방법에 “직거래”와 “내 위치” 설정할 경우, 보다 빠른 판매가 가능합니다! 
새 제품 상품 확인후 실사 사진만 찍고 바로 판매 합니다.
알프레미오 마카롱 매직 핸즈 프라이팬 4종 입니다. 모든 열기구에 사용 가능 하다고 합니다.
설명서와 구성품 사진 참조 하세요. 
24시간 아무때나 010 7673 5731로 문자 주세요. 입금 확인후 송장번호 문자로 보내 드려요. 
쿨 거래 합니다. ^^








🚨회원님의 거래 게시글을 노린 중고나라 운영진 사칭 피싱 사이트를 주의하세요🚨",34000,2025.07.02,4,0,0
214136875,중고나라,이사 정리,Anex 키레스척 AKL-180 0.8~10mm,"매장 정리하여, 재고 처분합니다.

완전 미사용/미개봉 새제품입니다.


2개 이상 구매하시면, 1개 외 배송비 빼드립니다.",22500,2025.07.01,54,0,0
214136811,중고나라,이사 정리,Anex 드릴척 AKL-250 1.5~10mm,"매장 정리하여, 재고 처분합니다.

완전 미사용/미개봉 새제품입니다.


2개 이상 구매하시면, 1개 외 배송비 빼드립니다.",22700,2025.07.01,36,0,0
214134756,중고나라,이사 정리,페미 NG160 밴드쏘날1735*13*0.9 8/12T,"매장 정리하여, 재고 처분합니다.

완전 미사용/미개봉 새제품입니다.


재고 2개 있습니다.

2개 이상 구매하시면, 1개 외 배송비 빼드립니다.

고운날",12400,2025.07.01,35,0,0
214134069,중고나라,이사 정리,이화 코아비트 건식 32mm,"매장 정리하여, 재고 처분합니다.

완전 미사용/미개봉 새제품입니다.


2개 이상 구매하시면, 1개 외 배송비 빼드립니다.",14700,2025.07.01,61,4,0
214133897,중고나라,이사 정리,이화 코아비트 건식 25mm,"매장 정리하여, 재고 처분합니다.

완전 미사용/미개봉 새제품입니다.


재고 3개 있습니다.

2개 이상 구매하시면, 1개 외 배송비 빼드립니다.",12400,2025.07.01,33,3,0
214133817,중고나라,이사 정리,이화 코아비트 건식 158mm,"매장 정리하여, 재고 처분합니다.

완전 미사용/미개봉 새제품입니다.


2개 이상 구매하시면, 1개 외 배송비 빼드립니다.",42400,2025.07.01,34,1,1
214133532,중고나라,이사 정리,이화 코아비트 건식 125mm,"매장 정리하여, 재고 처분합니다.

완전 미사용/미개봉 새제품입니다.


2개 이상 구매하시면, 1개 외 배송비 빼드립니다.",36800,2025.07.01,22,0,2
214133451,중고나라,이사 정리,DMB 코아비트 건식 55mm,"매장 정리하여, 재고 처분합니다.

완전 미사용/미개봉 새제품입니다.


재고 3개 있습니다.

2개 이상 구매하시면, 1개 외 배송비 빼드립니다.",16800,2025.07.01,80,2,2
214124802,중고나라,이사 정리,케이바 6인치 롱노즈 고급세선형 HEC-D05,"매장 정리하여, 재고 처분합니다.

완전 미사용/미개봉 새제품입니다.


재고 2개 있습니다.

2개 이상 구매하시면, 1개 외 배송비 빼드립니다.",14100,2025.07.01,29,0,0
214080969,중고나라,이사 정리,싼타페TM 튜익스 정품 사이드스탭 부속품,"교체용 구입하신 분들은 이게 있어야 고정이 됩니다.
신차 때 출고 하신분들은 그데로 사용이 가능하지만
나중에 달으시려는 분들은 이게 있어야 작업이 됩니다.
색상별로 있으니 재고 확인 후 구입해 주세요.
공일공 4443-7330 입니다. 직거래는 대전요.",60000,2025.07.01,70,1,0
214068780,중고나라,이사 정리,LG 프라엘 클렌징 브러쉬,"LG 프라엘 클렌징 브러쉬 내놓습니다.
부드러운 실리콘 브러쉬로 딥 클렌징, 각질 제거, 마사지까지 한 번에 할 수 있어요.
생활 방수 기능 있어서 샤워하면서도 사용 가능하고요 충전식입니다.

- 쿨거래: 55,000원",65000,2025.07.01,19,1,0
214061431,중고나라,이사 정리,팰릿 Rtx3080 게이밍프로 OC 10GB,"📢 제목에 ""제조사/ 브랜드 명""과 ""상품명(ex. 맥북 에어 13)”를 넣어 작성하면, 보다 빠른 판매가 가능합니다! 
📢 게시글 작성 시 배송 방법에 “직거래”와 “내 위치” 설정할 경우, 보다 빠른 판매가 가능합니다! 
써멀구리스 재도포 및 써멀패드 겔리드 써멀패드로 작업 완료
바로 사용하시면 됩니다.
팬소음 및 이상 없습니다.
AS 기간 종료입니다.

직거래 대전 동구, 택배 시 파손면책 동의 하에 착불
네고, 교환, 반품 X
타 사이트 업로드 안함.
문자주세요.











🚨회원님의 거래 게시글을 노린 중고나라 운영진 사칭 피싱 사이트를 주의하세요🚨",430000,2025.07.01,16,0,0
214054859,중고나라,이사 정리,"ps5 위처3 위쳐3 컴플리트 에디션,gta5 미개봉 새제품 팝니다~~~~~","📢 제목에 ""제조사/ 브랜드 명""과 ""상품명(ex. 동물의 숲2) ”를 넣어 작성하면, 보다 빠른 판매가 가능합니다! 
📢 게시글 작성 시 배송 방법에 “직거래”와 “내 위치” 설정할 경우, 보다 빠른 판매가 가능합니다! 

1. 위처3(위쳐3) 컴플리트 에디션. 미개봉

2. gta5 미개봉.

일괄판매만 합니다.
가격 90,000원. 택배 4,000원추가. gs25반값택배 2,400원추가.
직거래 대전 산내동에서만 가능합니다.
공일공 88공삼 천사
문자주세요~~~~~









🚨회원님의 거래 게시글을 노린 중고나라 운영진 사칭 피싱 사이트를 주의하세요🚨",90000,2025.07.01,15,0,0
214047711,중고나라,이사 정리,DMB 습식코어 커플링 8인치,"매장 정리하여, 재고 처분합니다.

완전 미사용/미개봉 새제품입니다.


2개 이상 구매하시면, 1개 외 배송비 빼드립니다.",28000,2025.07.01,58,0,0
214047593,중고나라,이사 정리,DMB 습식코어 커플링 7인치,"매장 정리하여, 재고 처분합니다.

완전 미사용/미개봉 새제품입니다.


2개 이상 구매하시면, 1개 외 배송비 빼드립니다.",19700,2025.07.01,7,0,0
214047529,중고나라,이사 정리,DMB 습식코어 커플링 6인치,"매장 정리하여, 재고 처분합니다.

완전 미사용/미개봉 새제품입니다.


재고 2개 있습니다.

2개 이상 구매하시면, 1개 외 배송비 빼드립니다.",14600,2025.07.01,13,0,0
214046158,중고나라,이사 정리,DMB 습식코어 커플링 5인치,"매장 정리하여, 재고 처분합니다.

완전 미사용/미개봉 새제품입니다.


2개 이상 구매하시면, 1개 외 배송비 빼드립니다.",11700,2025.06.30,16,0,0
214046073,중고나라,이사 정리,DMB 습식코어 커플링 4인치,"매장 정리하여, 재고 처분합니다.

완전 미사용/미개봉 새제품입니다.


재고 3개 있습니다.

2개 이상 구매하시면, 1개 외 배송비 빼드립니다.",9600,2025.06.30,26,0,0
214046026,중고나라,이사 정리,DMB 습식코어 커플링 3.5인치,"매장 정리하여, 재고 처분합니다.

완전 미사용/미개봉 새제품입니다.


2개 이상 구매하시면, 1개 외 배송비 빼드립니다.",8100,2025.06.30,13,0,0
214045929,중고나라,이사 정리,DMB 습식코어 커플링 3인치,"매장 정리하여, 재고 처분합니다.

완전 미사용/미개봉 새제품입니다.


2개 이상 구매하시면, 1개 외 배송비 빼드립니다.",6900,2025.06.30,16,0,0
214045879,중고나라,이사 정리,DMB 습식코어 커플링 2.5인치,"매장 정리하여, 재고 처분합니다.

완전 미사용/미개봉 새제품입니다.


재고 2개 있습니다.

2개 이상 구매하시면, 1개 외 배송비 빼드립니다.",5900,2025.06.30,15,0,0
214045824,중고나라,이사 정리,DMB 습식코어 커플링 12인치,"매장 정리하여, 재고 처분합니다.

완전 미사용/미개봉 새제품입니다.


2개 이상 구매하시면, 1개 외 배송비 빼드립니다.",55000,2025.06.30,13,0,0
214045776,중고나라,이사 정리,DMB 습식코어 커플링 10인치,"매장 정리하여, 재고 처분합니다.

완전 미사용/미개봉 새제품입니다.


재고 2개 있습니다.

2개 이상 구매하시면, 1개 외 배송비 빼드립니다.",37200,2025.06.30,12,0,0
214045704,중고나라,이사 정리,DMB 습식코어 커플링 1.5인치,"매장 정리하여, 재고 처분합니다.

완전 미사용/미개봉 새제품입니다.


재고 2개 있습니다.

2개 이상 구매하시면, 1개 외 배송비 빼드립니다.",5100,2025.06.30,12,1,0
214045663,중고나라,이사 정리,DMB 습식코어 연결대100,"매장 정리하여, 재고 처분합니다.

완전 미사용/미개봉 새제품입니다.


재고 2개 있습니다.

2개 이상 구매하시면, 1개 외 배송비 빼드립니다.",8100,2025.06.30,10,0,0
214045553,중고나라,이사 정리,DMB SDS타입 건식연결대 300mm,"매장 정리하여, 재고 처분합니다.

완전 미사용/미개봉 새제품입니다.


2개 이상 구매하시면, 1개 외 배송비 빼드립니다.",7200,2025.06.30,16,0,1
214045443,중고나라,이사 정리,응애노 응애/잔딧물/가루이/달팽이 퇴치 80ml,"매장 정리하여, 재고 처분합니다.

완전 미사용/미개봉 새제품입니다.


재고 27개 있습니다.

2개 이상 구매하시면, 1개 외 배송비 빼드립니다.",9200,2025.06.30,16,0,0
214045286,중고나라,이사 정리,텃밭비료 2kg,"매장 정리하여, 재고 처분합니다.

완전 미사용/미개봉 새제품입니다.


2개 이상 구매하시면, 1개 외 배송비 빼드립니다.",3000,2025.06.30,10,0,0
214045104,중고나라,이사 정리,초록스타 하이드로볼 300g 화분거름,"매장 정리하여, 재고 처분합니다.

완전 미사용/미개봉 새제품입니다.


재고 8개 있습니다.

2개 이상 구매하시면, 1개 외 배송비 빼드립니다.",1400,2025.06.30,13,0,0
214045050,중고나라,이사 정리,요소 고농도 질소비료 2kg,"매장 정리하여, 재고 처분합니다.

완전 미사용/미개봉 새제품입니다.


재고 4개 있습니다.

2개 이상 구매하시면, 1개 외 배송비 빼드립니다.",6300,2025.06.30,28,1,0
214044995,중고나라,이사 정리,싱싱 그린코트 280g 완효성 피복비료,"매장 정리하여, 재고 처분합니다.

완전 미사용/미개봉 새제품입니다.


재고 3개 있습니다.

2개 이상 구매하시면, 1개 외 배송비 빼드립니다.",900,2025.06.30,14,0,0
214044560,중고나라,이사 정리,배추 상추 전용 비료 1kg,"매장 정리하여, 재고 처분합니다.

완전 미사용/미개봉 새제품입니다.


2개 이상 구매하시면, 1개 외 배송비 빼드립니다.",4200,2025.06.30,12,0,0
214044381,중고나라,이사 정리,멀티그린 1kg 잔디비료,"매장 정리하여, 재고 처분합니다.

완전 미사용/미개봉 새제품입니다.


재고 5개 있습니다.

2개 이상 구매하시면, 1개 외 배송비 빼드립니다.",13800,2025.06.30,12,0,0
214044263,중고나라,이사 정리,고추 전용 비료 1kg,,5400,2025.06.30,14,0,0
214044210,중고나라,이사 정리,엄지 샤워 노즐 50,"매장 정리하여, 재고 처분합니다.

완전 미사용/미개봉 새제품입니다.


2개 이상 구매하시면, 1개 외 배송비 빼드립니다.",14400,2025.06.30,11,0,0
214044080,중고나라,이사 정리,타카기 QG136FJ 롱노즐 워터건 744mm,"매장 정리하여, 재고 처분합니다.

완전 미사용/미개봉 새제품입니다.


재고 2개 있습니다.

2개 이상 구매하시면, 1개 외 배송비 빼드립니다.",16200,2025.06.30,23,1,0
214043992,중고나라,이사 정리,아폴로 분사분무기 4호,"매장 정리하여, 재고 처분합니다.

완전 미사용/미개봉 새제품입니다.


2개 이상 구매하시면, 1개 외 배송비 빼드립니다.",2800,2025.06.30,15,0,0
214043901,중고나라,이사 정리,베스토 원예분사분무기 4기능분사분무 B-SG4,"매장 정리하여, 재고 처분합니다.

완전 미사용/미개봉 새제품입니다.


재고 3개 있습니다.

2개 이상 구매하시면, 1개 외 배송비 빼드립니다.",4900,2025.06.30,14,0,0
214043189,중고나라,이사 정리,아폴로 분무기 950 블루/핑크,"매장 정리하여, 재고 처분합니다.

완전 미사용/미개봉 새제품입니다.


재고 2개 있습니다.

2개 이상 구매하시면, 1개 외 배송비 빼드립니다.",1300,2025.06.30,18,0,0
214043120,중고나라,이사 정리,그린라이프 SJC-02 수도연결커넥터,"매장 정리하여, 재고 처분합니다.

완전 미사용/미개봉 새제품입니다.


2개 이상 구매하시면, 1개 외 배송비 빼드립니다.",17400,2025.06.30,9,1,1
214043007,중고나라,이사 정리,그린라이프 SJC-01 샤워부착 수도꼭지 연결구,"매장 정리하여, 재고 처분합니다.

완전 미사용/미개봉 새제품입니다.


2개 이상 구매하시면, 1개 외 배송비 빼드립니다.",11700,2025.06.30,15,1,0
214042609,중고나라,이사 정리,타카기 G125FJ 스톱 호스커넥터 L,"매장 정리하여, 재고 처분합니다.

완전 미사용/미개봉 새제품입니다.


재고 5개 있습니다.

2개 이상 구매하시면, 1개 외 배송비 빼드립니다.",11100,2025.06.30,11,0,0
214042508,중고나라,이사 정리,코텍스 원터치 급수캡 W-6327,"매장 정리하여, 재고 처분합니다.

완전 미사용/미개봉 새제품입니다.


2개 이상 구매하시면, 1개 외 배송비 빼드립니다.",1800,2025.06.30,15,0,0
214038633,중고나라,이사 정리,자동차 클럭스프링,자동차 클럭스프링 새제품 판매합니다,10000,2025.06.30,40,0,0
214038570,중고나라,이사 정리,자동차 윈도우스위치,,10000,2025.06.30,20,0,2
214035907,중고나라,이사 정리,크86-03-250 외 4건,,176500,2025.06.30,69,0,1
214035899,중고나라,이사 정리,캠프밸리 오패캐280 폴리.탄 (원터치),,298000,2025.06.30,14,0,0
214035619,중고나라,이사 정리,스탠리 조합렌치 32mm STMT80245-8,"매장 정리하여, 재고 처분합니다.

완전 미사용/미개봉 새제품입니다.


재고 3개 있습니다.

2개 이상 구매하시면, 1개 외 배송비 빼드립니다.",8000,2025.06.30,25,0,0
211587655,중고나라,이사 정리,윙캐디 레이저측정기+aim W10 워치형측정기 세트판매,"윙캐디 레이저 골프거리측정기 Z-800 입니다

- 6배율 광학
- 최대 측정 거리 800m
- 졸트 기능, 핀 시크 기능
- IPX4 방수
- 전용 케이스 포함

골프버디 aim W10 시계입니다
1. 인/아웃 코스 뷰 이미지와 듀얼 아크 거리 정보그린 앞/중앙/뒤 3가지 거리 정보 
2. 해저드, 벙커, 나무 등 모든 장애물 표현과 거리 제공블루투스를 통한 코스 업데이트
3. 그린 높낮이까지 표현된 다이나믹 그린 언듈레이션 뷰직선거리와 경사 높이 확인할 수 있는 오토 슬로프 기능
4. 그린 핀 위치 조정 기능직관적이고 편리한 입력 방식의 스코어카드

가격제안 가능",150000,2025.06.30,33,1,1
214004316,중고나라,이사 정리,"학점은행제(학은제), 대학원과제, 방통대, 대학리포트 과제 레포트 토론 대행합니다 (보고서, 글쓰기 컨설팅, 과제 ...","안녕하세요! 학점은행제 레포트 대행 서비스 ""라이언 레포트""입니다.
2019년부터 현재까지, 6년간의 노하우로 최고의 퀄리티를 보장하는 레포트 대행을 진행하고 있습니다.
수많은 고객님들의 신뢰를 바탕으로, 재요청률 90%를 기록하며 꾸준히 사랑받고 있습니다.

✔ 바쁜 직장 생활로 인해 과제할 시간이 부족한 분
✔ 논문 형식, 보고서, 토론 과제 등이 어려운 분
✔ 높은 점수를 받을 수 있는 퀄리티 높은 레포트가 필요한 분
✔ 당일 작성 레포트가 필요한 분

🔒 안심하고 맡기세요 – 익명성 & 보안 철저
오직 오픈채팅을 통해 의사소통

이름/전화번호/카톡ID 일절 요구하지 않음

모든 정보는 철저히 비공개, 익명 보장 100%

라이언레포트는 3가지를 약속드립니다.
1. A이상 점수 보장
2. 모사율 10% 미만
3. 컴플레인 0%

네이버에 라이언레포트를 검색하시거나 1:1 채팅을 부탁드립니다!!

더 많은 후기를 보고싶으시면👇👇
https://blog.naver.com/lionreport/223866811956",5000,2025.06.30,19,0,1
213991540,중고나라,이사 정리,팰릿 Rtx3080 게이밍프로 OC 10GB,"📢 제목에 ""제조사/ 브랜드 명""과 ""상품명(ex. 맥북 에어 13)”를 넣어 작성하면, 보다 빠른 판매가 가능합니다! 
📢 게시글 작성 시 배송 방법에 “직거래”와 “내 위치” 설정할 경우, 보다 빠른 판매가 가능합니다! 
써멀구리스 재도포 및 써멀패드 겔리드 써멀패드로 작업 완료
바로 사용하시면 됩니다.
팬소음 및 이상 없습니다.
AS 기간 종료입니다.

직거래 대전 동구, 택배 시 파손면책 동의 하에 착불
네고, 교환, 반품 X
타 사이트 업로드 안함.
문자주세요.











🚨회원님의 거래 게시글을 노린 중고나라 운영진 사칭 피싱 사이트를 주의하세요🚨",430000,2025.06.30,14,0,0
213974339,중고나라,이사 정리,아마추어모델언니의 옷정리합니다./박스가득 넣어드려요./옷 없으신분들 옷장만 하세요. 이사준비로 옷장정리합니다.-무...,"📢 제목에 ""제조사/ 브랜드 명""과 “상품명”을 넣어 작성하면, 보다 빠른 판매가 가능합니다! 
📢 게시글 작성 시 배송 방법에 “직거래”와 “내 위치” 설정할 경우, 보다 빠른 판매가 가능합니다! 


안녕하세요.^^

결혼 전 아마추어 출사모델을 취미 삶아 해서 옷이 많아요.
큰언니.작은언니.동생까지 있어서 
내가 평소에 잘 안입게 되는 옷들이랑 불편한옷들, 안어울리는 옷들,
작아진 옷들등등 옷이 너무 많아서 최대한 옷을 정리합니다.

본인 상의 하의 싸이즈
(예시 -상의44.55.66 하의 24. 25.26.27등등)
좋아하는 스타일과 싫어하는 스타일
그리고 나잇대와 신발싸이즈 알려주시면 옷고르는데 참고 사항이 될 듯합니다.^^
전체적으로 정리를 위한 것이라
한가지 스타일만 원하시거나 한계절옷만 원하시는 것도 어렵습니다.

위에 싸이즈와 참고할 만한 사항들을 잘 적어주시면 
옷 정리하는데 참고할 수 있으니 상세하게 잘 적어서 문자나 쳇부탁드려요
100프로 만족시켜드리지 못하오니 
예민하신분이나 까다로우신분은 신중거래부탁드려요.

대신 한두벌에 만원 이만원 NO~NO~
기본 10이상이 기본~
사과박스만한 곳에 가득가득 넣어드리는 가격이 택배포함

기본이 25.000원(배송비포함)부터 100.000가능하시고

25.000ㅡ10벌이상
30000ㅡ15벌이상
40.000ㅡ20벌이상
50.000ㅡ25벌이상
60.000ㅡ30벌이상
70.000ㅡ35벌이상
80.000ㅡ40벌이상
90.000ㅡ45벌이상
100.000ㅡ50벌이상
5천원씩도(2벌정도)추가 가능하세요

딱 한계절만 정해서 보내드릴수는 없고요. 
어느정도 계절반영해서
기본 44~77까지 가능 다양하게 봄.여름.가을.겨울옷으로 챙겨드려요
옷 많이 없으신 여성분들 옷장만 하기 좋은 기회입니다.

예민x
반품 교환 환불 x
010-2421-1공공6으로 연락주세요. 






🚨회원님의 거래 게시글을 노린 중고나라 운영진 사칭 피싱 사이트를 주의하세요🚨",25000,2025.06.30,9,0,0
213961987,중고나라,이사 정리,식탁 벤치형 의자,"무료 드림
직접 수거 가능 하신분

대전 동구



 
 
 
 
 
📢 제목에 ""제조사/ 브랜드 명""과 “상품명(ex. 4단 책장선반)”을 넣어 작성하면, 보다 빠른 판매가 가능합니다! 
📢 게시글 작성 시 배송 방법에 “직거래”와 “내 위치” 설정할 경우, 보다 빠른 판매가 가능합니다! 








🚨회원님의 거래 게시글을 노린 중고나라 운영진 사칭 피싱 사이트를 주의하세요🚨",2000,2025.06.30,48,1,0
213875190,중고나라,이사 정리,백마 접톱 180*408mm*4.0TP TH-8-180,"매장 정리하여, 재고 처분합니다.

완전 미사용/미개봉 새제품입니다.


재고 4개 있습니다.

2개 이상 구매하시면, 1개 외 배송비 빼드립니다.",8100,2025.06.29,23,0,1
213875005,중고나라,이사 정리,백마 접톱 150*344mm*4.0TP TH-8-150,"매장 정리하여, 재고 처분합니다.

완전 미사용/미개봉 새제품입니다.


재고 4개 있습니다.

2개 이상 구매하시면, 1개 외 배송비 빼드립니다.",8000,2025.06.29,9,0,0
213874949,중고나라,이사 정리,화신 P-330 원예가위,"매장 정리하여, 재고 처분합니다.

완전 미사용/미개봉 새제품입니다.


재고 92개 있습니다.

2개 이상 구매하시면, 1개 외 배송비 빼드립니다.",2500,2025.06.29,22,0,1
213874905,중고나라,이사 정리,백화 가위 205mm FL-7 다용도 원예가위,"매장 정리하여, 재고 처분합니다.

완전 미사용/미개봉 새제품입니다.


재고 7개 있습니다.

2개 이상 구매하시면, 1개 외 배송비 빼드립니다.",3200,2025.06.29,11,0,0
213491149,중고나라,이사 정리,알로카시아 산데리아나 푸세이도 핑크,"첫장 무늬 잘 나왔고, 두번째장은 콧물 묻은 고스트(안 녹는 고스트입니다) 세번째장은 지금 나오고 있는데 무늬 확인됩니다.
고스트 뽑길래 그늘에 두었는데도 무늬가 나오니, 빛 잘 주시면 더 예뻐질 거예요.

엄마는 리셋되어버렸고,
다른 형제들은 모두 분양 갔고 마지막 사진이 제가 키우는 참고용 형제묘입니다.
형제들 중 무지로 빠진 개체는 한 개체도 없었습니다.

트리펀+세라미스+산야초에 식재
코니도, 마감프k, 아그로믹파워, 총진싹 뿌려져 있습니다.
6월 15일 여름맞이 예방 방제(뿌리파리+응애 농약) 마쳤습니다.

얼마전 5cm 플분으로 옮겨심어 화분상 뿌리는 많이 보이지 않으나, 잎이 정상적으로 나오고 있는 것을 보면 뿌리도 건강한 듯싶습니다.

쿨거 시 약간 네고 가능합니다.",300000,2025.06.29,233,2,1
209654670,중고나라,이사 정리,캠핑툴 타프 + Lua 타프 스크린,"📢 제목에 ""제조사/ 브랜드 명""과 “상품명(ex. 숄더 핸드백)”을 넣어 작성하면, 보다 빠른 판매가 가능합니다! 
📢 게시글 작성 시 배송 방법에 “직거래”와 “내 위치” 설정할 경우, 보다 빠른 판매가 가능합니다! 








🚨회원님의 거래 게시글을 노린 중고나라 운영진 사칭 피싱 사이트를 주의하세요🚨 
당시에 가격도 꽤 나갔도 지금도 거래가 꾸준히 되는 제품입니다. 구성품으로 폴대, 팩 모두 정상적으로 존재하며 상태 괜찮습니다.

타프스크린까지 일괄 판매합니다!",100000,2025.06.29,103,0,2
213905475,중고나라,이사 정리,팰릿 Rtx3080 게이밍프로 OC 10GB,,430000,2025.06.29,7,0,0
213894318,중고나라,이사 정리,1:18 다이캐스트 판매,"📢 제목에 ""제조사/ 브랜드 명""과 ""상품명”를 넣어 작성하면, 보다 빠른 판매가 가능합니다! 
📢 게시글 작성 시 배송 방법에 “직거래”와 “내 위치” 설정할 경우, 보다 빠른 판매가 가능합니다! 








🚨회원님의 거래 게시글을 노린 중고나라 운영진 사칭 피싱 사이트를 주의하세요🚨 
 
 
 
 
 
📢 제목에 ""제조사/ 브랜드 명""과 ""상품명”를 넣어 작성하면, 보다 빠른 판매가 가능합니다! 
📢 게시글 작성 시 배송 방법에 “직거래”와 “내 위치” 설정할 경우, 보다 빠른 판매가 가능합니다! 




1:18 스케일의 풀오픈 다이캐스트 판매합니다. 
아끼면서 소장하던 제품들 중 이사준비로 중복되는 
제품들만 천천히 처분하려고 합니다. 

대전지역 남대전ic 인근 직거래 혹은 파손면책 동의 시 우체국 택배거래로 진행합니다. 택배거래 시 뽁뽁이로 최대한 짱짱하게 포장해드리며 보내기전 사진으로 포장상태 공유해 드립니다. 택배거래시 판매가에 + 5,000원 추가됩니다. 
거래이력 많습니다. 



1. 오토아트 닛산 스카이라인 gtr r34 베이사이드블루 1:18 다이캐스트 > 14만
무하자 제품인데 박스는 동일모델동일컬러의 컴포짓모델 오토아트 박스에 담아서 보내드립니다. 
(제가 판매하는 모델은 풀 다이캐스트 입니다.)
원하시면 사진의 r34 미니 메탈액자도 같이 드립니다. 이베이에 판매중인 동일모델 참고로 첨부합니다. 



2. 노레브 벤츠 마이바흐 투톤 1:18 다이캐스트 > 10만 
무하자 유박스 드라마 눈물의 여왕에서 김지원이 타던 차량이라 예뻐서 구매했었습니다. 
신형 마이바흐는 이 블랙+다이아몬드화이트가 진리인것 같습니다. 눈물의 여왕 장면 첨부합니다.

3. 길로이 c112 벤츠 컨셉카 1:18 다이캐스트 > 8만
매우 레어한 제품입니다. 
벤츠 기술력이 최고조로 올라오던 시절에 만든 컨셉카로 리어윙은 추후에 slr과 sls에 적용되었던 전설의 컨셉카입니다. 무하자 풀박스이며 비닐조차 제거되지 않았던, 입수가 어려운 새제품입니다. 
현재 이베이에 판매중인제품 참고로 올립니다. 



4. CM모델 쉐보레 블레이져 무하자 풀박스 1:18 다이캐스트 > 5만 
cm모델 중 최고의 가성비를 자랑하는 모델 중 하나이지 않나싶습니다. 프로포션도 우수하고 주유구 기믹까지 공들여 만든 티가 납니다. 










🚨회원님의 거래 게시글을 노린 중고나라 운영진 사칭 피싱 사이트를 주의하세요🚨",10000,2025.06.29,19,0,0
212217928,중고나라,이사 정리,조폐공사 페이커 금메달,"직거래 는

지역은 세종 입니다

청주나 오송 인근은 직거래 가능합니다

넘버 궁금하시면 알려드릴께요",3750000,2025.06.29,231,0,0
213885569,중고나라,이사 정리,엔스프레이 살충/수분증산억제 500ml,"매장 정리하여, 재고 처분합니다.

완전 미사용/미개봉 새제품입니다.


재고 2개 있습니다.

2개 이상 구매하시면, 1개 외 배송비 빼드립니다.",11100,2025.06.29,18,0,0
213884945,중고나라,이사 정리,루팅파워 이식용 발근촉진제 500ml 영양제,"매장 정리하여, 재고 처분합니다.

완전 미사용/미개봉 새제품입니다.


재고 2개 있습니다.

2개 이상 구매하시면, 1개 외 배송비 빼드립니다.",15500,2025.06.29,19,0,1
213884464,중고나라,이사 정리,팽이싹 50g 달팽이 유인 퇴치제 위생해충 구제,"매장 정리하여, 재고 처분합니다.

완전 미사용/미개봉 새제품입니다.


재고 4개 있습니다.

2개 이상 구매하시면, 1개 외 배송비 빼드립니다.",600,2025.06.29,14,0,0
213884256,중고나라,이사 정리,핑고 잎광택제 700ml,"매장 정리하여, 재고 처분합니다.

완전 미사용/미개봉 새제품입니다.


재고 6개 있습니다.

2개 이상 구매하시면, 1개 외 배송비 빼드립니다.",4600,2025.06.29,7,0,0
213883806,중고나라,이사 정리,기요날 식물상처도포제 100g,"매장 정리하여, 재고 처분합니다.

완전 미사용/미개봉 새제품입니다.


재고 7개 있습니다.

2개 이상 구매하시면, 1개 외 배송비 빼드립니다.",6600,2025.06.29,10,0,0
213882187,중고나라,이사 정리,엄지 파워 노즐 분사분무기,"매장 정리하여, 재고 처분합니다.

완전 미사용/미개봉 새제품입니다.


재고 11개 있습니다.

2개 이상 구매하시면, 1개 외 배송비 빼드립니다.",9500,2025.06.29,31,0,1
213880764,중고나라,이사 정리,엄지 다기능 노즐 분사분무기,"매장 정리하여, 재고 처분합니다.

완전 미사용/미개봉 새제품입니다.


재고 4개 있습니다.

2개 이상 구매하시면, 1개 외 배송비 빼드립니다.",11100,2025.06.29,11,0,0
213880500,중고나라,이사 정리,세차건 신주 일자형 분사분무기,"매장 정리하여, 재고 처분합니다.

완전 미사용/미개봉 새제품입니다.


재고 13개 있습니다.

2개 이상 구매하시면, 1개 외 배송비 빼드립니다.",4200,2025.06.29,41,1,1
213880383,중고나라,이사 정리,타카기 QG139FJ 물뿌리개노즐 565mm,"매장 정리하여, 재고 처분합니다.

완전 미사용/미개봉 새제품입니다.


2개 이상 구매하시면, 1개 외 배송비 빼드립니다.",16200,2025.06.29,111,2,2
213879959,중고나라,이사 정리,아폴로 분무기 260,"매장 정리하여, 재고 처분합니다.

완전 미사용/미개봉 새제품입니다.


재고 9개 있습니다.

2개 이상 구매하시면, 1개 외 배송비 빼드립니다.",1800,2025.06.29,9,0,0
213879866,중고나라,이사 정리,분무기 스프레이 3530 500ml 오일/물 겸용,"매장 정리하여, 재고 처분합니다.

완전 미사용/미개봉 새제품입니다.


재고 4개 있습니다.

2개 이상 구매하시면, 1개 외 배송비 빼드립니다.",17100,2025.06.29,20,0,1
213879396,중고나라,이사 정리,암나사 수도 아답터 26mm,"매장 정리하여, 재고 처분합니다.

완전 미사용/미개봉 새제품입니다.


재고 3개 있습니다.

2개 이상 구매하시면, 1개 외 배송비 빼드립니다.",400,2025.06.29,15,0,0
213879223,중고나라,이사 정리,수도꼭지 카플러 (호스내경 12~16mm),"매장 정리하여, 재고 처분합니다.

완전 미사용/미개봉 새제품입니다.


재고 2개 있습니다.

2개 이상 구매하시면, 1개 외 배송비 빼드립니다.",500,2025.06.29,15,0,0
213879020,중고나라,이사 정리,타카기 GWF11 3방향 수도꼭지니플,"매장 정리하여, 재고 처분합니다.

완전 미사용/미개봉 새제품입니다.


재고 2개 있습니다.

2개 이상 구매하시면, 1개 외 배송비 빼드립니다.",38600,2025.06.29,13,0,0
213877839,중고나라,이사 정리,코이어 테이프 20cm*10M Coir Tape,"매장 정리하여, 재고 처분합니다.

완전 미사용/미개봉 새제품입니다.


재고 2개 있습니다.

2개 이상 구매하시면, 1개 외 배송비 빼드립니다.",9900,2025.06.29,18,0,0
213877791,중고나라,이사 정리,코이어 테이프 15cm*10M Coir Tape,"매장 정리하여, 재고 처분합니다.

완전 미사용/미개봉 새제품입니다.


재고 5개 있습니다.

2개 이상 구매하시면, 1개 외 배송비 빼드립니다.",9800,2025.06.29,12,0,0
213876093,중고나라,이사 정리,토요카네 전정톱 210mm 나무케이스,"매장 정리하여, 재고 처분합니다.

완전 미사용/미개봉 새제품입니다.


2개 이상 구매하시면, 1개 외 배송비 빼드립니다.",12900,2025.06.29,23,0,0
213876075,중고나라,이사 정리,백마 거두전정톱 PVC자루 460*650*6.0TP,"매장 정리하여, 재고 처분합니다.

완전 미사용/미개봉 새제품입니다.


재고 2개 있습니다.

2개 이상 구매하시면, 1개 외 배송비 빼드립니다.",16200,2025.06.29,15,0,0
213876060,중고나라,이사 정리,가쿠리 대나무톱 210mm 41142,"매장 정리하여, 재고 처분합니다.

완전 미사용/미개봉 새제품입니다.


재고 4개 있습니다.

2개 이상 구매하시면, 1개 외 배송비 빼드립니다.",11800,2025.06.29,19,0,0
213876000,중고나라,이사 정리,샤크쏘 접톱날(다목적)0.7*210mmSS-105760,"매장 정리하여, 재고 처분합니다.

완전 미사용/미개봉 새제품입니다.


2개 이상 구매하시면, 1개 외 배송비 빼드립니다.",6800,2025.06.29,34,0,1
213875802,중고나라,이사 정리,샤크쏘 접톱 0.8*240mm SS-105970,"매장 정리하여, 재고 처분합니다.

완전 미사용/미개봉 새제품입니다.


2개 이상 구매하시면, 1개 외 배송비 빼드립니다.",10900,2025.06.29,31,0,1
213875683,중고나라,이사 정리,샤크쏘 미니접톱 0.8*125mm SS-107210,"매장 정리하여, 재고 처분합니다.

완전 미사용/미개봉 새제품입니다.


2개 이상 구매하시면, 1개 외 배송비 빼드립니다.",8400,2025.06.29,34,0,1
213875486,중고나라,이사 정리,백마 접톱날 180*4.0TP TH-8-180B,"매장 정리하여, 재고 처분합니다.

완전 미사용/미개봉 새제품입니다.


재고 2개 있습니다.

2개 이상 구매하시면, 1개 외 배송비 빼드립니다.",7400,2025.06.29,22,0,0
213875447,중고나라,이사 정리,백마 접톱 270*580mm*4.0TP TH-9-270,"매장 정리하여, 재고 처분합니다.

완전 미사용/미개봉 새제품입니다.


재고 5개 있습니다.

2개 이상 구매하시면, 1개 외 배송비 빼드립니다.",13500,2025.06.29,21,0,0
213875271,중고나라,이사 정리,백마 접톱 210*468mm*4.0TP TH-8-210,"매장 정리하여, 재고 처분합니다.

완전 미사용/미개봉 새제품입니다.


재고 2개 있습니다.

2개 이상 구매하시면, 1개 외 배송비 빼드립니다.",8500,2025.06.29,21,0,0
213830661,중고나라,이사 정리,,"작년 12월24일 개통했는 갤럭시S24팝니다. 떨어트리거나 그런적도 없어서 기스나 찍힘 또한 없습니다. 빠른연락 주세요. SSS급 풀박스 입니다.
010 7660 4936",500000,2025.06.28,46,0,0
213842401,중고나라,이사 정리,타카기 G1079 이지락 호스커넥터,"매장 정리하여, 재고 처분합니다.

완전 미사용/미개봉 새제품입니다.


재고 8개 있습니다.

2개 이상 구매하시면, 1개 외 배송비 빼드립니다.",7400,2025.06.28,14,0,0
213840976,중고나라,이사 정리,타카기 G079 호스커넥터,"매장 정리하여, 재고 처분합니다.

완전 미사용/미개봉 새제품입니다.


재고 3개 있습니다.

2개 이상 구매하시면, 1개 외 배송비 빼드립니다.",4300,2025.06.28,16,0,0
213840680,중고나라,이사 정리,물호스릴 230B 20~30M용,"매장 정리하여, 재고 처분합니다.

완전 미사용/미개봉 새제품입니다.


재고 2개 있습니다.

2개 이상 구매하시면, 1개 외 배송비 빼드립니다.",18000,2025.06.28,39,1,0
213839252,중고나라,이사 정리,주트로프 8mm*160M,"매장 정리하여, 재고 처분합니다.

완전 미사용/미개봉 새제품입니다.


재고 4개 있습니다.

2개 이상 구매하시면, 1개 외 배송비 빼드립니다.",5400,2025.06.28,15,0,0
213838404,중고나라,이사 정리,녹화마대 60cm*20M 쥬트 테이프,"매장 정리하여, 재고 처분합니다.

완전 미사용/미개봉 새제품입니다.


재고 5개 있습니다.

2개 이상 구매하시면, 1개 외 배송비 빼드립니다.",7500,2025.06.28,24,0,0
213838328,중고나라,이사 정리,녹화마대 40cm*20M 쥬트 테이프,"매장 정리하여, 재고 처분합니다.

완전 미사용/미개봉 새제품입니다.


재고 2개 있습니다.

2개 이상 구매하시면, 1개 외 배송비 빼드립니다.",5100,2025.06.28,18,0,0
213838263,중고나라,이사 정리,녹화마대 20cm*20M 쥬트 테이프,"매장 정리하여, 재고 처분합니다.

완전 미사용/미개봉 새제품입니다.


재고 4개 있습니다.

2개 이상 구매하시면, 1개 외 배송비 빼드립니다.",1800,2025.06.28,31,0,1
213837089,중고나라,이사 정리,쥬브바 대 4.5cm*6M 조경용,"매장 정리하여, 재고 처분합니다.

완전 미사용/미개봉 새제품입니다.


재고 14개 있습니다.

2개 이상 구매하시면, 1개 외 배송비 빼드립니다.",5700,2025.06.28,23,0,0
213836858,중고나라,이사 정리,분재 철사 5mm 1kg 갈색 연질 2개,"매장 정리하여, 재고 처분합니다.

완전 미사용/미개봉 새제품입니다.


재고 2개 있습니다.

2개 이상 구매하시면, 1개 외 배송비 빼드립니다.",24500,2025.06.28,24,0,1
213834912,중고나라,이사 정리,사보텐 1280 원예가위SP 170mm,"매장 정리하여, 재고 처분합니다.

완전 미사용/미개봉 새제품입니다.


재고 2개 있습니다.

2개 이상 구매하시면, 1개 외 배송비 빼드립니다.",13400,2025.06.28,44,0,1
213833989,중고나라,이사 정리,큐델릭스 5K DAC/AMP,"큐델릭스 5K DAC/AMP 판매합니다.
박스는 없습니다.
보증기간은 25년 10월 23일까지 남아있습니다.


케이스사용으로 상태 깨끗합니다.
btr7 구매로 판매합니다.

- ES9219 SABRE 칩 사용
- 2.5mm 밸런스드, 3.5mm 언밸런스드 출력 지원
- USB DAC 기능
- LDAC/aptX HD/AAC 코덱 지원
- 전용 앱으로 설정 가능
- 배터리 최대 10시간 재생

직거래나 택배거래 모두 가능합니다.
연락주세요.",65000,2025.06.28,48,0,1
213833267,중고나라,이사 정리,사보텐 1030-T 회전 잔디깎이 전용가위,"매장 정리하여, 재고 처분합니다.

완전 미사용/미개봉 새제품입니다.


재고 3개 있습니다.

2개 이상 구매하시면, 1개 외 배송비 빼드립니다.",37300,2025.06.28,47,1,2
213831665,중고나라,이사 정리,코텍스 꼭지가위 K-1861 전정가위,"매장 정리하여, 재고 처분합니다.

완전 미사용/미개봉 새제품입니다.


재고 6개 있습니다.

2개 이상 구매하시면, 1개 외 배송비 빼드립니다.",1000,2025.06.28,43,1,0
213830679,중고나라,이사 정리,코메론 PE-210B 톱날 직선전정톱,"매장 정리하여, 재고 처분합니다.

완전 미사용/미개봉 새제품입니다.


재고 2개 있습니다.

2개 이상 구매하시면, 1개 외 배송비 빼드립니다.",8100,2025.06.28,22,0,0
213829778,중고나라,이사 정리,대건 포켓접톱 DG-901 130mm,"매장 정리하여, 재고 처분합니다.

완전 미사용/미개봉 새제품입니다.


2개 이상 구매하시면, 1개 외 배송비 빼드립니다.",7600,2025.06.28,23,0,0
213821661,중고나라,이사 정리,울란지 CA25 쿨링팬 ulanzi ca25 카메라,울란지 CA25 쿨링팬 ulanzi ca25 카메라 쿨링팬,33500,2025.06.28,33,0,1
213814337,중고나라,이사 정리,던파 마우스패드 및 컷신 판매합니다,7.10에 쿠폰 받으면 판매하는식으로 합니다.,25000,2025.06.28,153,3,0
213805299,중고나라,이사 정리,레이 안드로이드 올인원,"레이 차량용 안드로이드 올인원
11년식~17년식까지 장착 가능
안드로이드 11
CPU 4코어
RAM 2GB / ROM 32GB
카플레이, 안드로이드 오토 유선 + 무선 지원
블루투스 4.0
1280*720 HD스크린
자체 쿨링팬
고장 없음 상태 깔끔 이상 없음
구매하면 반품안합니다",90000,2025.06.28,106,3,2
213795818,중고나라,이사 정리,이오시카 IPL 제모기 SIPL-2000B,"이오시카 IPL 제모기 SIPL-2000B 모델입니다
집에서 간편하게 사용하기 좋아요

- 5단계 강도 조절 가능
- 피부톤 센서 내장
- 자동/수동 모드 지원
- 작년 8월에 구매해서 5번 정도 사용했습니다.

박스 + 선글라스도 같이 드립니다!",60000,2025.06.28,81,3,2
213782260,중고나라,이사 정리,접목테이프 폭30mm*100M,"매장 정리하여, 재고 처분합니다.

완전 미사용/미개봉 새제품입니다.


재고 14개 있습니다.

2개 이상 구매하시면, 1개 외 배송비 빼드립니다.",2300,2025.06.27,29,0,0
213781919,중고나라,이사 정리,문화 언더라인S 5색,"매장 정리하여, 재고 처분합니다.

완전 미사용/미개봉 새제품입니다.",800,2025.06.27,15,0,0
213781890,중고나라,이사 정리,문화 언더라인S 3색,"매장 정리하여, 재고 처분합니다.

완전 미사용/미개봉 새제품입니다.


2개 이상 구매하시면, 1개 외 배송비 빼드립니다.",500,2025.06.27,10,0,0
213781856,중고나라,이사 정리,조은펜시 에펠필통 핑크,"매장 정리하여, 재고 처분합니다.

완전 미사용/미개봉 새제품입니다.


재고 2개 있습니다.

2개 이상 구매하시면, 1개 외 배송비 빼드립니다.",2900,2025.06.27,48,0,0
213781838,중고나라,이사 정리,조은펜시 에펠필통 민트,"매장 정리하여, 재고 처분합니다.

완전 미사용/미개봉 새제품입니다.",2900,2025.06.27,13,0,0
213781801,중고나라,이사 정리,플러스펜 청 3000수성 12개입,"매장 정리하여, 재고 처분합니다.

완전 미사용/미개봉 새제품입니다.


2개 이상 구매하시면, 1개 외 배송비 빼드립니다.",1200,2025.06.27,16,0,0
213781768,중고나라,이사 정리,플러스펜 적 3000수성 12개입,"매장 정리하여, 재고 처분합니다.

완전 미사용/미개봉 새제품입니다.


2개 이상 구매하시면, 1개 외 배송비 빼드립니다.",1200,2025.06.27,19,0,0
213781728,중고나라,이사 정리,문화오일매직 2P 흑/적,"매장 정리하여, 재고 처분합니다.

완전 미사용/미개봉 새제품입니다.


재고 2개 있습니다.

2개 이상 구매하시면, 1개 외 배송비 빼드립니다.",1200,2025.06.27,14,0,0
213781697,중고나라,이사 정리,700 블랙 아인 지우개,"매장 정리하여, 재고 처분합니다.

완전 미사용/미개봉 새제품입니다.


재고 14개 있습니다.

2개 이상 구매하시면, 1개 외 배송비 빼드립니다.",400,2025.06.27,30,2,1
213781669,중고나라,이사 정리,500 톰보 지우개,"매장 정리하여, 재고 처분합니다.

완전 미사용/미개봉 새제품입니다.


재고 36개 있습니다.

2개 이상 구매하시면, 1개 외 배송비 빼드립니다.",300,2025.06.27,21,3,0
213781639,중고나라,이사 정리,스테들러 1홀 연필깎기,"매장 정리하여, 재고 처분합니다.

완전 미사용/미개봉 새제품입니다.


재고 2개 있습니다.

2개 이상 구매하시면, 1개 외 배송비 빼드립니다.",1500,2025.06.27,37,1,1
213781612,중고나라,이사 정리,400 더존 문화연필 1타 12개입 B,"매장 정리하여, 재고 처분합니다.

완전 미사용/미개봉 새제품입니다.


재고 3개 있습니다.

2개 이상 구매하시면, 1개 외 배송비 빼드립니다.",4000,2025.06.27,17,0,0
213781589,중고나라,이사 정리,문화 네임첸 2P 청/적,"매장 정리하여, 재고 처분합니다.

완전 미사용/미개봉 새제품입니다.


2개 이상 구매하시면, 1개 외 배송비 빼드립니다.",1000,2025.06.27,12,1,0
213781564,중고나라,이사 정리,모나미 네임펜 6색 세트,"매장 정리하여, 재고 처분합니다.

완전 미사용/미개봉 새제품입니다.


재고 2개 있습니다.

2개 이상 구매하시면, 1개 외 배송비 빼드립니다.",1500,2025.06.27,14,1,0
213781515,중고나라,이사 정리,트윈네임펜 1000 흑색 12개입,"매장 정리하여, 재고 처분합니다.

완전 미사용/미개봉 새제품입니다.",4500,2025.06.27,20,0,0
213781467,중고나라,이사 정리,색연필 12색 5000 문화고급색연필 틴케이스,"매장 정리하여, 재고 처분합니다.

완전 미사용/미개봉 새제품입니다.


재고 3개 있습니다.

2개 이상 구매하시면, 1개 외 배송비 빼드립니다.",5400,2025.06.27,14,0,0
213781322,중고나라,이사 정리,모나미 153 청색 12개입,"매장 정리하여, 재고 처분합니다.

완전 미사용/미개봉 새제품입니다.


2개 이상 구매하시면, 1개 외 배송비 빼드립니다.",1700,2025.06.27,19,0,0
213781302,중고나라,이사 정리,모나미 153 적색 12개입,"매장 정리하여, 재고 처분합니다.

완전 미사용/미개봉 새제품입니다.",2700,2025.06.27,51,0,0
213781220,중고나라,이사 정리,문화연필 1500 하양마카펜 M,"매장 정리하여, 재고 처분합니다.

완전 미사용/미개봉 새제품입니다.


2개 이상 구매하시면, 1개 외 배송비 빼드립니다.",600,2025.06.27,9,0,0
213781166,중고나라,이사 정리,이화 최고급 경조 이중 봉투 10매,"매장 정리하여, 재고 처분합니다.

완전 미사용/미개봉 새제품입니다.


재고 3개 있습니다.

2개 이상 구매하시면, 1개 외 배송비 빼드립니다.",900,2025.06.27,11,0,0
213780912,중고나라,이사 정리,이화 최고급 경조 부의 봉투 10매,"매장 정리하여, 재고 처분합니다.

완전 미사용/미개봉 새제품입니다.


재고 5개 있습니다.

2개 이상 구매하시면, 1개 외 배송비 빼드립니다.",800,2025.06.27,26,0,0
213780842,중고나라,이사 정리,4000 스마트 파일 30매,"매장 정리하여, 재고 처분합니다.

완전 미사용/미개봉 새제품입니다.


재고 2개 있습니다.

2개 이상 구매하시면, 1개 외 배송비 빼드립니다.",2400,2025.06.27,13,0,0
213780801,중고나라,이사 정리,문화 리니어 클리어화일 A4 20매,"매장 정리하여, 재고 처분합니다.

완전 미사용/미개봉 새제품입니다.


재고 13개 있습니다.

2개 이상 구매하시면, 1개 외 배송비 빼드립니다.",1100,2025.06.27,23,1,0
213780493,중고나라,이사 정리,문화 8분류 도큐멘트화일 F583-73,"매장 정리하여, 재고 처분합니다.

완전 미사용/미개봉 새제품입니다.


2개 이상 구매하시면, 1개 외 배송비 빼드립니다.",2400,2025.06.27,9,0,0
213780440,중고나라,이사 정리,아모스 딱풀 35g,"매장 정리하여, 재고 처분합니다.

완전 미사용/미개봉 새제품입니다.


2개 이상 구매하시면, 1개 외 배송비 빼드립니다.",400,2025.06.27,34,1,0
213780400,중고나라,이사 정리,아모스 딱풀 15g,"매장 정리하여, 재고 처분합니다.

완전 미사용/미개봉 새제품입니다.


재고 10개 있습니다.

2개 이상 구매하시면, 1개 외 배송비 빼드립니다.",200,2025.06.27,16,0,0
213780272,중고나라,이사 정리,화신 421 2공 이동 펀치,"매장 정리하여, 재고 처분합니다.

완전 미사용/미개봉 새제품입니다.


2개 이상 구매하시면, 1개 외 배송비 빼드립니다.",6900,2025.06.27,13,0,0
213780216,중고나라,이사 정리,화신 1공 펀치,"매장 정리하여, 재고 처분합니다.

완전 미사용/미개봉 새제품입니다.


2개 이상 구매하시면, 1개 외 배송비 빼드립니다.",1000,2025.06.27,14,0,0
213780172,중고나라,이사 정리,워크프로 사무용가위 문구가위,"매장 정리하여, 재고 처분합니다.

완전 미사용/미개봉 새제품입니다.


2개 이상 구매하시면, 1개 외 배송비 빼드립니다.",1700,2025.06.27,13,0,0
213779685,중고나라,이사 정리,아이폰16rpo 256G 판매합니다,"아이폰16pro판매합니다
구매후 바로 보호필름 및 케이스 착용 후 사용했습니다
구매하시면 사진에 보이는 것과 같이 투명케이스3개 보호필름까지
드립니다

제가 다리 수술해서 밖에 나갈 수 없어 저희집까지 와주시면 
네고 해드리겠습니다 많은 연락부탁드립니다",1150000,2025.06.27,10,0,0
213779454,중고나라,이사 정리,팰릿 Rtx3080 게이밍프로 OC,"📢 제목에 ""제조사/ 브랜드 명""과 ""상품명(ex. 맥북 에어 13)”를 넣어 작성하면, 보다 빠른 판매가 가능합니다! 
📢 게시글 작성 시 배송 방법에 “직거래”와 “내 위치” 설정할 경우, 보다 빠른 판매가 가능합니다! 
써멀구리스 재도포 및 써멀패드 겔리드 써멀패드로 작업 완료
바로 사용하시면 됩니다.
팬소음 및 이상 없습니다.
AS 기간 종료입니다.

직거래 대전 동구, 택배 시 파손면책 동의 하에 착불
네고, 교환, 반품 X
타 사이트 업로드 안함.
문자주세요.











🚨회원님의 거래 게시글을 노린 중고나라 운영진 사칭 피싱 사이트를 주의하세요🚨",430000,2025.06.27,12,0,0
213778655,중고나라,이사 정리,x폴대 미사용 (33파이),"📢 제목에 ""제조사/ 브랜드 명""과 “상품명(ex. 숄더 핸드백)”을 넣어 작성하면, 보다 빠른 판매가 가능합니다! 
📢 게시글 작성 시 배송 방법에 “직거래”와 “내 위치” 설정할 경우, 보다 빠른 판매가 가능합니다! 








🚨회원님의 거래 게시글을 노린 중고나라 운영진 사칭 피싱 사이트를 주의하세요🚨 

x폴대로도 쓰고 그냥 폴대로도 쓸려고
연장 추가구매했습니다.
상단부분 x , 일반 2가지입니다
x폴대로 사용시 700x6=4200 
6개 결합해서 사용하시면 됩니다.
사진 잘 확인하시고 구매하세요.
택배는 노리턴가능.
직거래가능.
문의주세요^^",70000,2025.06.27,7,0,0
209768992,중고나라,이사 정리,스폰지밥 여권케이스 두찜,"사진 참고

일택 ㅡ 3600
반택 ㅡ 1800",10000,2025.06.26,67,2,1
213649811,중고나라,이사 정리,아마추어모델언니의 옷정리합니다./박스가득 넣어드려요./옷 없으신분들 옷장만 하세요. 이사준비로 옷장정리합니다.-무...,"📢 제목에 ""제조사/ 브랜드 명""과 “상품명”을 넣어 작성하면, 보다 빠른 판매가 가능합니다! 
📢 게시글 작성 시 배송 방법에 “직거래”와 “내 위치” 설정할 경우, 보다 빠른 판매가 가능합니다! 


안녕하세요.^^

결혼 전 아마추어 출사모델을 취미 삶아 해서 옷이 많아요.
큰언니.작은언니.동생까지 있어서 
내가 평소에 잘 안입게 되는 옷들이랑 불편한옷들, 안어울리는 옷들,
작아진 옷들등등 옷이 너무 많아서 최대한 옷을 정리합니다.

본인 상의 하의 싸이즈
(예시 -상의44.55.66 하의 24. 25.26.27등등)
좋아하는 스타일과 싫어하는 스타일
그리고 나잇대와 신발싸이즈 알려주시면 옷고르는데 참고 사항이 될 듯합니다.^^
전체적으로 정리를 위한 것이라
한가지 스타일만 원하시거나 한계절옷만 원하시는 것도 어렵습니다.

위에 싸이즈와 참고할 만한 사항들을 잘 적어주시면 
옷 정리하는데 참고할 수 있으니 상세하게 잘 적어서 문자나 쳇부탁드려요
100프로 만족시켜드리지 못하오니 
예민하신분이나 까다로우신분은 신중거래부탁드려요.

대신 한두벌에 만원 이만원 NO~NO~
기본 10이상이 기본~
사과박스만한 곳에 가득가득 넣어드리는 가격이 택배포함

기본이 25.000원(배송비포함)부터 100.000가능하시고

25.000ㅡ10벌이상
30000ㅡ15벌이상
40.000ㅡ20벌이상
50.000ㅡ25벌이상
60.000ㅡ30벌이상
70.000ㅡ35벌이상
80.000ㅡ40벌이상
90.000ㅡ45벌이상
100.000ㅡ50벌이상
5천원씩도(2벌정도)추가 가능하세요

딱 한계절만 정해서 보내드릴수는 없고요. 
어느정도 계절반영해서
기본 44~77까지 가능 다양하게 봄.여름.가을.겨울옷으로 챙겨드려요
옷 많이 없으신 여성분들 옷장만 하기 좋은 기회입니다.

예민x
반품 교환 환불 x
010-2421-1공공6으로 연락주세요. 






🚨회원님의 거래 게시글을 노린 중고나라 운영진 사칭 피싱 사이트를 주의하세요🚨",25000,2025.06.26,30,0,0
213635504,중고나라,이사 정리,그린세이프 액체훈증기 기계+리필45일,"매장 정리하여, 재고 처분합니다.

완전 미사용/미개봉 새제품입니다.


2개 이상 구매하시면, 1개 외 배송비 빼드립니다.",6100,2025.06.26,26,0,0
213616024,중고나라,이사 정리,보스 QC 울트라 미개봉 새제품,"보스 QC 울트라 미개봉 새제품 
화이트 스모크 색상 
택포 33만원 =>325000원
인증 원하실 경우 ** 상품 날짜 시간 전화번호**사진 찍어서 보내 드립니다.
타사이트 등록 구매한다는 연락 차단합니다
010 5327 1975
직거래 세종시 조치원읍/기타지역은 택배거래 합니다.",325000,2025.06.26,11,0,0
213606791,중고나라,이사 정리,아이폰 16 pro max 256GB 미개봉 새상품,"택배 박스도 아예 개봉안한 새상품입니다


스마트기기 운영체제 iOS
5G 지원여부 5G 지원
저장용량 256GB
화면 해상도 2868 x 1320
패널종류 OLED
프로세서 A18 Pro
화면크기 17.4cm
기본정보
제조사(브랜드) Apple
색상 블랙 티타늄
사이즈 163 x 77.6 x 8.25 mm
모델명/품번 MYWV3KH/A",1500000,2025.06.26,74,0,2
213597622,중고나라,이사 정리,세븐스타 골프형 쪽철 털제거용 족집게 핀셋,"매장 정리하여, 재고 처분합니다.

완전 미사용/미개봉 새제품입니다.


재고 4개 있습니다.

2개 이상 구매하시면, 1개 외 배송비 빼드립니다.",1100,2025.06.25,42,0,0
213597549,중고나라,이사 정리,세븐스타 7-770 캡깎기 손톱깎이,"매장 정리하여, 재고 처분합니다.

완전 미사용/미개봉 새제품입니다.


재고 7개 있습니다.

2개 이상 구매하시면, 1개 외 배송비 빼드립니다.",2400,2025.06.25,21,1,0
213597379,중고나라,이사 정리,질레트 퓨전 5+1,"매장 정리하여, 재고 처분합니다.

완전 미사용/미개봉 새제품입니다.


재고 3개 있습니다.

2개 이상 구매하시면, 1개 외 배송비 빼드립니다.",19700,2025.06.25,51,2,0
213597331,중고나라,이사 정리,질레트 마하 3날 4입 2개,"매장 정리하여, 재고 처분합니다.

완전 미사용/미개봉 새제품입니다.


재고 2개 있습니다.

2개 이상 구매하시면, 1개 외 배송비 빼드립니다.",7700,2025.06.25,9,0,1
213597291,중고나라,이사 정리,질레트 마하3 1UP,"매장 정리하여, 재고 처분합니다.

완전 미사용/미개봉 새제품입니다.


2개 이상 구매하시면, 1개 외 배송비 빼드립니다.",3800,2025.06.25,70,2,4
213597239,중고나라,이사 정리,도루코 TD706 10개입 52개,"매장 정리하여, 재고 처분합니다.

완전 미사용/미개봉 새제품입니다.


재고 52개 있습니다.

2개 이상 구매하시면, 1개 외 배송비 빼드립니다.",46000,2025.06.25,19,0,1
213596236,중고나라,이사 정리,일회용마스크 백색 50매 국산,"매장 정리하여, 재고 처분합니다.

완전 미사용/미개봉 새제품입니다.


재고 8개 있습니다.

2개 이상 구매하시면, 1개 외 배송비 빼드립니다.",1500,2025.06.25,39,1,1
213596188,중고나라,이사 정리,HD 누비마스크 검정 방한대,"매장 정리하여, 재고 처분합니다.

완전 미사용/미개봉 새제품입니다.


재고 28개 있습니다.

2개 이상 구매하시면, 1개 외 배송비 빼드립니다.",500,2025.06.25,7,0,0
213596125,중고나라,이사 정리,디월트 마스크 스트랩,"매장 정리하여, 재고 처분합니다.

완전 미사용/미개봉 새제품입니다.


재고 62개 있습니다.

2개 이상 구매하시면, 1개 외 배송비 빼드립니다.",1000,2025.06.25,65,4,1
213596040,중고나라,이사 정리,여행용 어댑터 USB 1구용,"매장 정리하여, 재고 처분합니다.

완전 미사용/미개봉 새제품입니다.


재고 6개 있습니다.

2개 이상 구매하시면, 1개 외 배송비 빼드립니다.",2500,2025.06.25,11,0,0
213595981,중고나라,이사 정리,어댑터 12V 2.5A CCTV용 5개,"매장 정리하여, 재고 처분합니다.

완전 미사용/미개봉 새제품입니다.


재고 54개 있습니다.

2개 이상 구매하시면, 1개 외 배송비 빼드립니다.


개당 판매가 4000원",24500,2025.06.25,33,1,2
213595373,중고나라,이사 정리,DMB 4인치 우레탄/에폭시전용컵 그라인더용 도끼컵,"매장 정리하여, 재고 처분합니다.

완전 미사용/미개봉 새제품입니다.


재고 6개 있습니다.",53000,2025.06.25,29,1,0
213570647,중고나라,이사 정리,SD카드 클래식4 32GB,"매장 정리하여, 재고 처분합니다.

완전 미사용/미개봉 새제품입니다.


2개 이상 구매하시면, 1개 외 배송비 빼드립니다.",4100,2025.06.25,177,3,9
213570560,중고나라,이사 정리,펜피아3000 싸바리노트,"매장 정리하여, 재고 처분합니다.

완전 미사용/미개봉 새제품입니다.


2개 이상 구매하시면, 1개 외 배송비 빼드립니다.",1500,2025.06.25,11,0,0
213570432,중고나라,이사 정리,"이사 정리 합니다. 새 제품 보이는 투명 에어프라이어 5리터 택포함 44,000원.","📢 제목에 ""제조사/ 브랜드 명""과 “상품명(ex. 4단 책장선반)”을 넣어 작성하면, 보다 빠른 판매가 가능합니다! 
📢 게시글 작성 시 배송 방법에 “직거래”와 “내 위치” 설정할 경우, 보다 빠른 판매가 가능합니다! 
새 제품 상품 확인후 실사 사진만 찍고 바로 판매 합니다.
로얄 슈미츠 프리미엄 보이는 에어프라이어 5리터 입니다.
설명서와 사용법 보시고 잘 사용 하세요. 보니까 사용 하기 편한 돌리는 방식 입니다.
24시간 아무때나 010 7673 5731로 문자 주세요. 입금 확인후 송장번호 문자로 보내 
드려요. 쿨 거래 합니다. ^^








🚨회원님의 거래 게시글을 노린 중고나라 운영진 사칭 피싱 사이트를 주의하세요🚨",44000,2025.06.25,6,0,0
213570356,중고나라,이사 정리,테마칼라 SP노트 16절 좌철,"매장 정리하여, 재고 처분합니다.

완전 미사용/미개봉 새제품입니다.",1400,2025.06.25,10,0,0
213570304,중고나라,이사 정리,2900 포스트잇 플래그 683-9KN,"매장 정리하여, 재고 처분합니다.

완전 미사용/미개봉 새제품입니다.


재고 4개 있습니다.

2개 이상 구매하시면, 1개 외 배송비 빼드립니다.",1400,2025.06.25,14,3,0
213570238,중고나라,이사 정리,견출지 87*34mm 적색 10-201R,"매장 정리하여, 재고 처분합니다.

완전 미사용/미개봉 새제품입니다.


재고 2개 있습니다.

2개 이상 구매하시면, 1개 외 배송비 빼드립니다.",500,2025.06.25,9,0,0
213570250,중고나라,이사 정리,"이사 정리 합니다. 새 제품 인덕션 전기레인지와 양수 냄비 세트 택포함 34,000원.","📢 제목에 ""제조사/ 브랜드 명""과 “상품명(ex. 4단 책장선반)”을 넣어 작성하면, 보다 빠른 판매가 가능합니다! 
📢 게시글 작성 시 배송 방법에 “직거래”와 “내 위치” 설정할 경우, 보다 빠른 판매가 가능합니다! 
새 제품 상품 확인후 실사 사진만 찍고 바로 판매 합니다.
로얄슈미츠 인덕션 전기레인지와 펠러스 양수 20cm 냄비 세트 입니다.
냄새 걱정 없이 안전하게 그리고 냄비 바닥에 달라 붙지 않아 사용하기 
좋을듯 합니다. 설명서 보시고 잘 사용 하세요. 

24시간 아무때나 010 7673 5731로 문자 주세요. 입금 확인후 송장번호 문자로 보내 드려요.
쿨 거래 합니다.^^








🚨회원님의 거래 게시글을 노린 중고나라 운영진 사칭 피싱 사이트를 주의하세요🚨",34000,2025.06.25,7,0,0
213570178,중고나라,이사 정리,견출지 43*140mm 청색 10-204B,"매장 정리하여, 재고 처분합니다.

완전 미사용/미개봉 새제품입니다.


재고 2개 있습니다.

2개 이상 구매하시면, 1개 외 배송비 빼드립니다.",500,2025.06.25,9,0,0
213569484,중고나라,이사 정리,견출지 37*65mm 적색 10-209R,"매장 정리하여, 재고 처분합니다.

완전 미사용/미개봉 새제품입니다.


재고 11개 있습니다.

2개 이상 구매하시면, 1개 외 배송비 빼드립니다.",500,2025.06.25,12,0,0
213569349,중고나라,이사 정리,3M 포스트잇 660-50 노랑,"매장 정리하여, 재고 처분합니다.

완전 미사용/미개봉 새제품입니다.


2개 이상 구매하시면, 1개 외 배송비 빼드립니다.",1300,2025.06.25,20,0,0
213569171,중고나라,이사 정리,3M 2000 포스트잇 100매 654 크림블루,"매장 정리하여, 재고 처분합니다.

완전 미사용/미개봉 새제품입니다.


재고 5개 있습니다.

2개 이상 구매하시면, 1개 외 배송비 빼드립니다.",1100,2025.06.25,23,1,0
213569133,중고나라,이사 정리,3M 2000 포스트잇 100매 654 노랑,"매장 정리하여, 재고 처분합니다.

완전 미사용/미개봉 새제품입니다.


2개 이상 구매하시면, 1개 외 배송비 빼드립니다.",1500,2025.06.25,24,0,0
213569038,중고나라,이사 정리,3M 포스트잇 100매 654 러블리핑크,"매장 정리하여, 재고 처분합니다.

완전 미사용/미개봉 새제품입니다.


재고 7개 있습니다.

2개 이상 구매하시면, 1개 외 배송비 빼드립니다.",1000,2025.06.25,13,1,0
213568422,중고나라,이사 정리,옻칠 구두주걱 중,"매장 정리하여, 재고 처분합니다.

완전 미사용/미개봉 새제품입니다.


재고 6개 있습니다.

2개 이상 구매하시면, 1개 외 배송비 빼드립니다.",1800,2025.06.25,26,0,0
213568209,중고나라,이사 정리,옻칠 구두주걱 소,"매장 정리하여, 재고 처분합니다.

완전 미사용/미개봉 새제품입니다.


재고 6개 있습니다.

2개 이상 구매하시면, 1개 외 배송비 빼드립니다.",1500,2025.06.25,19,0,0
213567864,중고나라,이사 정리,준 경첩조기대 일체형 785-L 대형,"매장 정리하여, 재고 처분합니다.

진열용으로 꺼내두었지만,
완전 미사용 새제품입니다.

원래 케이스 및 부속 모두 있습니다.


재고 2개 있습니다.",73000,2025.06.25,162,4,9
212953694,중고나라,이사 정리,페이커 장패드,"페이커 장패드 한정판 입니다!
페이커 선수 팬이면 소장가치가 충분할거라 생각하여 판매합니다",50000,2025.06.25,138,4,1
211308764,중고나라,이사 정리,구찌모자 M(58) 정품입니다,"구찌모자 판매합니다.
구찌 매장에서 구매한 정품입니다.

첫 직장에서 첫 월급으로 구매한 모자인데
사용하지 않아서 판매합니다. 이 가격 없을거에요
합리적인 네고 제시해주세요

문고리 거래합니다",130000,2025.06.25,132,2,1
213530422,중고나라,이사 정리,화로대테이블 & 보조테이블 가격다운!!,"📢 제목에 ""제조사/ 브랜드 명""과 “상품명(ex. 숄더 핸드백)”을 넣어 작성하면, 보다 빠른 판매가 가능합니다! 
📢 게시글 작성 시 배송 방법에 “직거래”와 “내 위치” 설정할 경우, 보다 빠른 판매가 가능합니다! 








🚨회원님의 거래 게시글을 노린 중고나라 운영진 사칭 피싱 사이트를 주의하세요🚨 

직접 만든 자작 제품입니다.
재료값만 24만 들었습니다.
아무래도 자작제품이다보니..
퀄리티는 뛰어나지않지만.. 쓸만합니다
볼트구멍 몇개있구요
만들구서 사용은 6회사용..
상태는 아직 좋습니다. 괜찬아요^^
솜씨 있는분들은 나중에 나무만 교체하셔서 쓰셔도되구요
가방까지 직접 싸이즈맞게 제작한겁니다
싸이즈는 90×90 안쪽네모 50×50
높이는 두가지로 조정가능합니다.
궁금하신거 있음 문의주세요^^",85000,2025.06.25,12,0,0
213530383,중고나라,이사 정리,캠프밸리 오패캐280 폴리.탄 (원터치),"📢 제목에 ""제조사/ 브랜드 명""과 “상품명(ex. 숄더 핸드백)”을 넣어 작성하면, 보다 빠른 판매가 가능합니다! 
📢 게시글 작성 시 배송 방법에 “직거래”와 “내 위치” 설정할 경우, 보다 빠른 판매가 가능합니다! 








🚨회원님의 거래 게시글을 노린 중고나라 운영진 사칭 피싱 사이트를 주의하세요🚨 


원터치라서 치고 접는데 5분이면 끝!!
본체만 2회사용.
풀플라이.방수포 미사용.
루프플라이 카키 1회사용.
하자없고 상태 너무 좋습니다 먼지정도..
택배는 노리턴가능~
문의주세요^^",298000,2025.06.25,10,0,0
213525855,중고나라,이사 정리,[이사정리]삼성 공기청정기 판매합니다.,"📢 제목에 ""제조사/ 브랜드 명""과 ""상품명(ex. 3000시리즈 전동 면도기)”을 넣어 작성하면, 보다 빠른 판매가 가능합니다! 
📢 게시글 작성 시 배송 방법에 “직거래”와 “내 위치” 설정할 경우, 보다 빠른 판매가 가능합니다! 

-상품명 : 삼성전자 블루스카이 공기청정기 AX033B310GBD
-구입시기 : 2023.12
-사용기간 : 18개월 
-하자여부 : 없음
( 흡연 안하고, 필터 교체하고 사용하시면 될 것 같습니다. )

구매문의: 010-9930-9762 

배송은 구매자 부담입니다.
구매 후 연락부탁드립니다. 

단순 거주 지역을 옮겨야해서 판매를 하게 되었습니다. 
혹여 생각이 있으시다면 연락부탁드립니다.







🚨회원님의 거래 게시글을 노린 중고나라 운영진 사칭 피싱 사이트를 주의하세요🚨",90000,2025.06.25,53,0,0
213525704,중고나라,이사 정리,[이사정리]삼성 TV 55인치(138cm) 판매합니다,"📢 제목에 ""제조사/ 브랜드 명""과 ""상품명(ex. 3000시리즈 전동 면도기)”을 넣어 작성하면, 보다 빠른 판매가 가능합니다! 
📢 게시글 작성 시 배송 방법에 “직거래”와 “내 위치” 설정할 경우, 보다 빠른 판매가 가능합니다! 

-상품명 : 삼성전자 Crystal UHD KU55UC7070FXKR (스탠드)
-구입시기 : 2023.12
-사용기간 : 18개월 
-하자여부 : 없음 


구매문의: 010-9930-9762 

제품 수거는 구매자분이 해주셔야합니다.
이사하는 집이라 화면 부분에 대한 포장이 어렵습니다.

단순 거주 지역을 옮겨야해서 판매를 하게 되었습니다. 
혹여 생각이 있으시다면 연락부탁드립니다.

※ 네고/협의 연락은 안주셨으면 좋겠네요


🚨회원님의 거래 게시글을 노린 중고나라 운영진 사칭 피싱 사이트를 주의하세요🚨",450000,2025.06.25,12,0,0
213525551,중고나라,이사 정리,[이사정리]삼성 드럼세탁기(24kg)&건조기(17kg) 판매합니다.,"📢 제목에 ""제조사/ 브랜드 명""과 ""상품명(ex. 3000시리즈 전동 면도기)”을 넣어 작성하면, 보다 빠른 판매가 가능합니다! 
📢 게시글 작성 시 배송 방법에 “직거래”와 “내 위치” 설정할 경우, 보다 빠른 판매가 가능합니다! 
-상품명 : 삼성전자 그랑데 드럼세탁기 + 건조기 
-모델명 : 세탁기 : WF24T8000KV / 건조기 DV17T8520BV 
-구입시기 : 2023.12.26 
-사용기간 : 18개월 
-하자여부 : 없음 

구매문의: 010-9930-9762 

삼성 이전설치 비용은 구매자 부담입니다. 
구매 후 연락부탁드립니다. 

제품은 기스나 이런 부분에서도 없다고 자부하며, 별도의 다른 내용물을 넣어 사용한적도 없습니다. 
단순 거주 지역을 옮겨야해서 판매를 하게 되었습니다. 
혹여 생각이 있으시다면 연락부탁드립니다.

+ 사진에 비치는 빨래를 넣어두는 통도 필요하시면 가져가세요
어쩌피 나눔할 제품입니다

※ 네고/협의 연락은 안주셨으면 좋겠네요


🚨회원님의 거래 게시글을 노린 중고나라 운영진 사칭 피싱 사이트를 주의하세요🚨",900000,2025.06.25,36,0,1
213524033,중고나라,이사 정리,차량용위치추적기 새것 같은 중고 팝니다,"✅ 차량용 GPS 위치추적기 팝니다

실시간 위치 확인 가능한 차량용 GPS 위치추적기 판매합니다.

🚗 부부문제, 차량 도난 방지, 영업차량 관리, 가족 차량 위치 확인에 적합해요.
✔ 자석 부착형이라 설치 간편
✔ 실시간 위치 추적 가능 (앱 연동)
✔ 시동 ON/OFF 알림 기능
✔ 이동경로 확인
✔ 배터리 오래감 (완충후 약15일)

📦 구성품: 본체 + 충전케이블 + 설명서
📦 상태: 새제품/미사용
💳 판매가: 170,000원 
📍 택배 or 직거래 가능 (택배비 무료)
문의는 댓글 or 톡 주세요~
📱 010-3779-6532 (문자, 톡 가능)


 
 
 
 
 
📢 제목에 ""제조사/ 브랜드 명""과 ""기계명(ex. 전동 드라이버)”을 넣어 작성하면, 보다 빠른 판매가 가능합니다! 
📢 게시글 작성 시 배송 방법에 “직거래”와 “내 위치” 설정할 경우, 보다 빠른 판매가 가능합니다! 








🚨회원님의 거래 게시글을 노린 중고나라 운영진 사칭 피싱 사이트를 주의하세요🚨",170000,2025.06.25,55,0,1
213510890,중고나라,이사 정리,팰릿 Rtx3080 게이밍프로 OC 10GB,"📢 제목에 ""제조사/ 브랜드 명""과 ""상품명(ex. 맥북 에어 13)”를 넣어 작성하면, 보다 빠른 판매가 가능합니다! 
📢 게시글 작성 시 배송 방법에 “직거래”와 “내 위치” 설정할 경우, 보다 빠른 판매가 가능합니다! 

써멀구리스 재도포 및 써멀패드 겔리드 써멀패드로 작업 완료

바로 사용하시면 됩니다.

팬소음 및 이상 없습니다.

AS 기간 종료입니다.



직거래 대전 동구, 택배 시 파손면책 동의 하에 착불

네고, 교환, 반품 X

타 사이트 업로드 안함.










🚨회원님의 거래 게시글을 노린 중고나라 운영진 사칭 피싱 사이트를 주의하세요🚨",470000,2025.06.25,11,0,0
213503715,중고나라,이사 정리,영남 원목 돈모 구두솔 YN,"매장 정리하여, 재고 처분합니다.

완전 미사용/미개봉 새제품입니다.


재고 2개 있습니다.

2개 이상 구매하시면, 1개 외 배송비 빼드립니다.",600,2025.06.24,24,0,0
213503669,중고나라,이사 정리,말표 액체구두약 블랙 75ml,"매장 정리하여, 재고 처분합니다.

완전 미사용/미개봉 새제품입니다.


재고 7개 있습니다.

2개 이상 구매하시면, 1개 외 배송비 빼드립니다.",2000,2025.06.24,42,0,1
213503577,중고나라,이사 정리,해바라기 마루 고무줄 흑,"매장 정리하여, 재고 처분합니다.

완전 미사용/미개봉 새제품입니다.


재고 7개 있습니다.

2개 이상 구매하시면, 1개 외 배송비 빼드립니다.",500,2025.06.24,12,0,0
213503401,중고나라,이사 정리,EVA 쿠션왕 통삼선 슬리퍼 검정 270mm,"매장 정리하여, 재고 처분합니다.

완전 미사용/미개봉 새제품입니다.


재고 2개 있습니다.

2개 이상 구매하시면, 1개 외 배송비 빼드립니다.",2200,2025.06.24,32,0,0
213503296,중고나라,이사 정리,플라스틱통 청통 운반수 110L,"매장 정리하여, 재고 처분합니다.

완전 미사용/미개봉 새제품입니다.


2개 이상 구매하시면, 1개 외 배송비 빼드립니다.",24400,2025.06.24,26,1,0
213503174,중고나라,이사 정리,칼라 자루채 소,"매장 정리하여, 재고 처분합니다.

완전 미사용/미개봉 새제품입니다.


재고 41개 있습니다.

2개 이상 구매하시면, 1개 외 배송비 빼드립니다.",1700,2025.06.24,8,0,0
213502999,중고나라,이사 정리,다용도 깔대기 여과기 소,"매장 정리하여, 재고 처분합니다.

완전 미사용/미개봉 새제품입니다.


재고 9개 있습니다.

2개 이상 구매하시면, 1개 외 배송비 빼드립니다.",2100,2025.06.24,11,0,0
213502877,중고나라,이사 정리,깔대기 칼라 소,"매장 정리하여, 재고 처분합니다.

완전 미사용/미개봉 새제품입니다.


재고 158개 있습니다.

2개 이상 구매하시면, 1개 외 배송비 빼드립니다.",1400,2025.06.24,18,0,0
213502786,중고나라,이사 정리,KENDO 가정용 공구세트 86129 13PCS,"매장 정리하여, 재고 처분합니다.

완전 미사용/미개봉 새제품입니다.


2개 이상 구매하시면, 1개 외 배송비 빼드립니다.",16200,2025.06.24,26,1,0
213502637,중고나라,이사 정리,원창산업 자바라오일펌프 소 JP-25 오일샷시,"매장 정리하여, 재고 처분합니다.

완전 미사용/미개봉 새제품입니다.


재고 4개 있습니다.

2개 이상 구매하시면, 1개 외 배송비 빼드립니다.",6300,2025.06.24,32,0,0
213502523,중고나라,이사 정리,원창산업 자바라오일펌프 대 JP-65 오일샷시,"매장 정리하여, 재고 처분합니다.

완전 미사용/미개봉 새제품입니다.


재고 7개 있습니다.

2개 이상 구매하시면, 1개 외 배송비 빼드립니다.",8300,2025.06.24,21,1,2
213502382,중고나라,이사 정리,삼흥 로타리펌프 25*1000mm SHR333,"매장 정리하여, 재고 처분합니다.

완전 미사용/미개봉 새제품입니다.


2개 이상 구매하시면, 1개 외 배송비 빼드립니다.",27400,2025.06.24,21,0,0
213502235,중고나라,이사 정리,누리 오일병 반투명 100ml,"매장 정리하여, 재고 처분합니다.

완전 미사용/미개봉 새제품입니다.


재고 13개 있습니다.

2개 이상 구매하시면, 1개 외 배송비 빼드립니다.",400,2025.06.24,11,0,0
213502199,중고나라,이사 정리,금창 오일병 150CC K88-1,"매장 정리하여, 재고 처분합니다.

완전 미사용/미개봉 새제품입니다.


재고 186개 있습니다.

2개 이상 구매하시면, 1개 외 배송비 빼드립니다.",500,2025.06.24,17,0,0
213501955,중고나라,이사 정리,편한손 벨트렌치 KS-012,"매장 정리하여, 재고 처분합니다.

완전 미사용/미개봉 새제품입니다.


재고 2개 있습니다.

2개 이상 구매하시면, 1개 외 배송비 빼드립니다.",4400,2025.06.24,21,0,0
213501497,중고나라,이사 정리,알덴 세면대렌치 신형 10~32mm 소 RR-30A,"매장 정리하여, 재고 처분합니다.

완전 미사용/미개봉 새제품입니다.


2개 이상 구매하시면, 1개 외 배송비 빼드립니다.",13600,2025.06.24,38,1,0
213501352,중고나라,이사 정리,베스토 파이프렌치 450mm B-PW18,"매장 정리하여, 재고 처분합니다.

완전 미사용/미개봉 새제품입니다.


2개 이상 구매하시면, 1개 외 배송비 빼드립니다.",9600,2025.06.24,61,1,1
213501307,중고나라,이사 정리,화남 파이프캇타 50mm PC50,"매장 정리하여, 재고 처분합니다.

완전 미사용/미개봉 새제품입니다.


2개 이상 구매하시면, 1개 외 배송비 빼드립니다.",42500,2025.06.24,13,0,0
213501180,중고나라,이사 정리,화남 파이프캇타 32mm PC40,"매장 정리하여, 재고 처분합니다.

완전 미사용/미개봉 새제품입니다.


재고 2개 있습니다.

2개 이상 구매하시면, 1개 외 배송비 빼드립니다.",28800,2025.06.24,54,0,0
213501102,중고나라,이사 정리,샤비브 디버링툴 SET-E100L 155-00181,"매장 정리하여, 재고 처분합니다.

완전 미사용/미개봉 새제품입니다.


2개 이상 구매하시면, 1개 외 배송비 빼드립니다.

오른쪽 롱타입 입니다.",22700,2025.06.24,29,1,0
213501011,중고나라,이사 정리,킹토니 동파이프커터 7915A-28 3~28mm,"매장 정리하여, 재고 처분합니다.

완전 미사용/미개봉 새제품입니다.


2개 이상 구매하시면, 1개 외 배송비 빼드립니다.",9500,2025.06.24,31,1,1
213500660,중고나라,이사 정리,"워크프로 동파이프 밴더 3in1 6, 8, 10mm","매장 정리하여, 재고 처분합니다.

완전 미사용/미개봉 새제품입니다.


2개 이상 구매하시면, 1개 외 배송비 빼드립니다.",8500,2025.06.24,34,1,1
213500492,중고나라,이사 정리,"워크프로 동파이프 밴더 2in1 15,22mm","매장 정리하여, 재고 처분합니다.

완전 미사용/미개봉 새제품입니다.


재고 2개 있습니다.

2개 이상 구매하시면, 1개 외 배송비 빼드립니다.",36600,2025.06.24,22,1,0
213499501,중고나라,이사 정리,삼흥 발펌프집게 자전거주입구 자전거타이어,"매장 정리하여, 재고 처분합니다.

완전 미사용/미개봉 새제품입니다.


2개 이상 구매하시면, 1개 외 배송비 빼드립니다.",800,2025.06.24,21,1,0
213499347,중고나라,이사 정리,디스트로 자전거 반장갑 회색M 311,"매장 정리하여, 재고 처분합니다.

완전 미사용/미개봉 새제품입니다.


재고 4개 있습니다.

2개 이상 구매하시면, 1개 외 배송비 빼드립니다.",6600,2025.06.24,31,1,0
213499257,중고나라,이사 정리,디스트로 자전거 반장갑 회색L 311,"매장 정리하여, 재고 처분합니다.

완전 미사용/미개봉 새제품입니다.


2개 이상 구매하시면, 1개 외 배송비 빼드립니다.",6600,2025.06.24,15,0,0
213498951,중고나라,이사 정리,디스트로 자전거 긴장갑 회색XL 312,"매장 정리하여, 재고 처분합니다.

완전 미사용/미개봉 새제품입니다.


재고 2개 있습니다.

2개 이상 구매하시면, 1개 외 배송비 빼드립니다.",6800,2025.06.24,18,0,0
213498795,중고나라,이사 정리,디스트로 자전거 긴장갑 회색M 312,"매장 정리하여, 재고 처분합니다.

완전 미사용/미개봉 새제품입니다.


재고 7개 있습니다.

2개 이상 구매하시면, 1개 외 배송비 빼드립니다.",6800,2025.06.24,17,0,0
213498732,중고나라,이사 정리,디스트로 자전거 긴장갑 회색L 312,"매장 정리하여, 재고 처분합니다.

완전 미사용/미개봉 새제품입니다.


재고 2개 있습니다.

2개 이상 구매하시면, 1개 외 배송비 빼드립니다.",6800,2025.06.24,14,0,0
213479506,중고나라,이사 정리,I7-10700 팝니다,"📢 제목에 ""제조사/ 브랜드 명""과 ""상품명(ex. 맥북 에어 13)”를 넣어 작성하면, 보다 빠른 판매가 가능합니다! 
📢 게시글 작성 시 배송 방법에 “직거래”와 “내 위치” 설정할 경우, 보다 빠른 판매가 가능합니다! 

I7-10700 팝니다
업글로 빼나서 부품만 있습니다
구동 문제 없습니다
세종시 조치원읍 직거래이고
태배는 착불 입니다






🚨회원님의 거래 게시글을 노린 중고나라 운영진 사칭 피싱 사이트를 주의하세요🚨",200000,2025.06.24,15,0,1
211083741,중고나라,이사 정리,농협 한삼인 홍삼진앰플 포장상품 쇼핑백포함,"새상품)
한삼인 홍삼진앰플 20ml 30개입입니다 
정품몰에서 구매

- 미개봉 포장된제품
- 홍삼농축액 20ml x 30병 (총 600ml)
- 1일 1회 섭취, 진세노사이드 Rg1, Rb1 및 Rg3 합 8mg 함유
- 정가는 81,000
- 택배거래가능

선물용으로도 좋아요~",30000,2025.06.24,83,0,0
213423971,중고나라,이사 정리,MG 마라사이 유니콘 팝니다.,"MG 마라사이 유니콘 팝니다.
가격은 51,000원(택배비 4,000원 별도) 입니다. 택배비 포함으로는 55,000원 입니다.
네고 안받습니다. 네고요청시 차단 합니다.
구매 후 환불 불가능합니다. 신중하게 거래요청해주세요
직거래는 군위군 시외버스터미널 앞에서 합니다.


 
 
 
 
 
📢 제목에 ""제조사/ 브랜드 명""과 ""상품명”를 넣어 작성하면, 보다 빠른 판매가 가능합니다! 
📢 게시글 작성 시 배송 방법에 “직거래”와 “내 위치” 설정할 경우, 보다 빠른 판매가 가능합니다! 








🚨회원님의 거래 게시글을 노린 중고나라 운영진 사칭 피싱 사이트를 주의하세요🚨",51000,2025.06.24,10,0,0
213419962,중고나라,이사 정리,캔메이크 플럼푸크 섀도우 01번,"택배비 포함 10000원에 판매 합니다.
(뽁뽁이에 싸서 보내드립니다.)
애교살에 이뻐요!

-실 사용: 4번정도 사용했습니다.",10000,2025.06.24,47,0,0
213415925,중고나라,이사 정리,팰릿 Rtx3080 게이밍프로 OC 10GB,"📢 제목에 ""제조사/ 브랜드 명""과 ""상품명(ex. 맥북 에어 13)”를 넣어 작성하면, 보다 빠른 판매가 가능합니다! 
📢 게시글 작성 시 배송 방법에 “직거래”와 “내 위치” 설정할 경우, 보다 빠른 판매가 가능합니다! 

써멀구리스 재도포 및 써멀패드 겔리드 써멀패드로 작업 완료

바로 사용하시면 됩니다.

팬소음 및 이상 없습니다.

AS 기간 종료입니다.



직거래 대전 동구, 택배 시 파손면책 동의 하에 착불

네고, 교환, 반품 X

타 사이트 업로드 안함.










🚨회원님의 거래 게시글을 노린 중고나라 운영진 사칭 피싱 사이트를 주의하세요🚨",470000,2025.06.24,7,0,0
213401166,중고나라,이사 정리,공부책상,"충전되는 멀티탭있고요(사진참고해주세용)
수납장 가로 160 세로 205
책상 가로 170 세로 70입니다
직거래는 조치원읍 자이아파트 정문이고
택배거래는 가구크기가 커서 안될것같고
화물택배는 가능할거같습니다",500000,2025.06.23,40,0,1
213367048,중고나라,이사 정리,자커 자전거 번호자물쇠 12*900 No.90,"매장 정리하여, 재고 처분합니다.

완전 미사용/미개봉 새제품입니다.


2개 이상 구매하시면, 1개 외 배송비 빼드립니다.",4100,2025.06.23,48,0,0
213366786,중고나라,이사 정리,베스토 케이블락 라이트기능 B-CL1212,"매장 정리하여, 재고 처분합니다.

완전 미사용/미개봉 새제품입니다.


2개 이상 구매하시면, 1개 외 배송비 빼드립니다.",4200,2025.06.23,19,0,0
213366621,중고나라,이사 정리,실리콘 후미등 158번,"매장 정리하여, 재고 처분합니다.

완전 미사용/미개봉 새제품입니다.


재고 17개 있습니다.

2개 이상 구매하시면, 1개 외 배송비 빼드립니다.",1500,2025.06.23,18,0,0
213366494,중고나라,이사 정리,DH-154 실리콘 후미등,"매장 정리하여, 재고 처분합니다.

완전 미사용/미개봉 새제품입니다.


재고 4개 있습니다.

2개 이상 구매하시면, 1개 외 배송비 빼드립니다.",2100,2025.06.23,16,0,0
213366123,중고나라,이사 정리,플록스 전립선 젤안장 819번,"매장 정리하여, 재고 처분합니다.

완전 미사용/미개봉 새제품입니다.


재고 7개 있습니다.

2개 이상 구매하시면, 1개 외 배송비 빼드립니다.",9900,2025.06.23,46,0,0
213365877,중고나라,이사 정리,디스트로 청동벨 310번,"매장 정리하여, 재고 처분합니다.

완전 미사용/미개봉 새제품입니다.


재고 4개 있습니다.

2개 이상 구매하시면, 1개 외 배송비 빼드립니다.",1900,2025.06.23,18,0,0
213365655,중고나라,이사 정리,디스트로 핸드폰케이스 탑튜브용 226번,"매장 정리하여, 재고 처분합니다.

완전 미사용/미개봉 새제품입니다.


2개 이상 구매하시면, 1개 외 배송비 빼드립니다.",3900,2025.06.23,21,0,0
213365485,중고나라,이사 정리,4점식 실리콘 핸드폰거치대,"매장 정리하여, 재고 처분합니다.

완전 미사용/미개봉 새제품입니다.


재고 15개 있습니다.

2개 이상 구매하시면, 1개 외 배송비 빼드립니다.",2300,2025.06.23,25,1,0
213365338,중고나라,이사 정리,DH-471 핸드폰케이스 프레임백 탑튜브가방,"매장 정리하여, 재고 처분합니다.

완전 미사용/미개봉 새제품입니다.


재고 3개 있습니다.

2개 이상 구매하시면, 1개 외 배송비 빼드립니다.",5500,2025.06.23,18,0,0
213363612,중고나라,이사 정리,DH-407 디스트로 물통거치대 6061 알루미늄,"매장 정리하여, 재고 처분합니다.

완전 미사용/미개봉 새제품입니다.


재고 2개 있습니다.

2개 이상 구매하시면, 1개 외 배송비 빼드립니다.",6600,2025.06.23,33,0,0
213363227,중고나라,이사 정리,자전거 거울 JY-6,"매장 정리하여, 재고 처분합니다.

완전 미사용/미개봉 새제품입니다.


재고 2개 있습니다.

2개 이상 구매하시면, 1개 외 배송비 빼드립니다.",6400,2025.06.23,19,0,0
213363064,중고나라,이사 정리,필록스 자전거 이중가방,"매장 정리하여, 재고 처분합니다.

완전 미사용/미개봉 새제품입니다.


재고 2개 있습니다.

2개 이상 구매하시면, 1개 외 배송비 빼드립니다.",7500,2025.06.23,32,1,0
213362617,중고나라,이사 정리,휴대용 펌프 133번,"매장 정리하여, 재고 처분합니다.

완전 미사용/미개봉 새제품입니다.


2개 이상 구매하시면, 1개 외 배송비 빼드립니다.",4600,2025.06.23,19,0,0
213362299,중고나라,이사 정리,동성 타이어게이지 집게형 고급,"매장 정리하여, 재고 처분합니다.

완전 미사용/미개봉 새제품입니다.


2개 이상 구매하시면, 1개 외 배송비 빼드립니다.

오토바이, 자전거용 (집게형 주입구)",13800,2025.06.23,25,0,1
213362105,중고나라,이사 정리,동성 타이어게이지 굿지형 DS고급,"매장 정리하여, 재고 처분합니다.

완전 미사용/미개봉 새제품입니다.


2개 이상 구매하시면, 1개 외 배송비 빼드립니다.

각종 차량 타이어 (양면 에어 주입구)
승용차용 (대형차 불가)",13800,2025.06.23,35,1,1
213361846,중고나라,이사 정리,지오 플로어펌프 이중게이지 철 31번,"매장 정리하여, 재고 처분합니다.

완전 미사용/미개봉 새제품입니다.


재고 7개 있습니다.

2개 이상 구매하시면, 1개 외 배송비 빼드립니다.",21000,2025.06.23,25,0,0
213360889,중고나라,이사 정리,자전거 오토바이 방수커버,"매장 정리하여, 재고 처분합니다.

완전 미사용/미개봉 새제품입니다.


재고 6개 있습니다.

2개 이상 구매하시면, 1개 외 배송비 빼드립니다.",1200,2025.06.23,80,3,4
213360456,중고나라,이사 정리,칵투스 케이블 커터 CC-325,"매장 정리하여, 재고 처분합니다.

완전 미사용/미개봉 새제품입니다.


2개 이상 구매하시면, 1개 외 배송비 빼드립니다.",61800,2025.06.23,92,0,3
213360369,중고나라,이사 정리,알덴 와이어캇타 17인치 SCC-18,"매장 정리하여, 재고 처분합니다.

완전 미사용/미개봉 새제품입니다.


2개 이상 구매하시면, 1개 외 배송비 빼드립니다.",42000,2025.06.23,22,0,0
213360247,중고나라,이사 정리,OPT 핸드 케이블 커터 LK-38A,"매장 정리하여, 재고 처분합니다.

완전 미사용/미개봉 새제품입니다.


재고 2개 있습니다.

2개 이상 구매하시면, 1개 외 배송비 빼드립니다.",8300,2025.06.23,21,0,0
213360161,중고나라,이사 정리,썬키 압착기 SCT-38,"매장 정리하여, 재고 처분합니다.

완전 미사용/미개봉 새제품입니다.


2개 이상 구매하시면, 1개 외 배송비 빼드립니다.",30900,2025.06.23,84,1,3
213358325,중고나라,이사 정리,아마추어모델언니의 옷정리합니다./박스가득 넣어드려요./옷 없으신분들 옷장만 하세요. 이사준비로 옷장정리합니다.-무...,"📢 제목에 ""제조사/ 브랜드 명""과 “상품명”을 넣어 작성하면, 보다 빠른 판매가 가능합니다! 
📢 게시글 작성 시 배송 방법에 “직거래”와 “내 위치” 설정할 경우, 보다 빠른 판매가 가능합니다! 


안녕하세요.^^

결혼 전 아마추어 출사모델을 취미 삶아 해서 옷이 많아요.
큰언니.작은언니.동생까지 있어서 
내가 평소에 잘 안입게 되는 옷들이랑 불편한옷들, 안어울리는 옷들,
작아진 옷들등등 옷이 너무 많아서 최대한 옷을 정리합니다.

본인 상의 하의 싸이즈
(예시 -상의44.55.66 하의 24. 25.26.27등등)
좋아하는 스타일과 싫어하는 스타일
그리고 나잇대와 신발싸이즈 알려주시면 옷고르는데 참고 사항이 될 듯합니다.^^
전체적으로 정리를 위한 것이라
한가지 스타일만 원하시거나 한계절옷만 원하시는 것도 어렵습니다.

위에 싸이즈와 참고할 만한 사항들을 잘 적어주시면 
옷 정리하는데 참고할 수 있으니 상세하게 잘 적어서 문자나 쳇부탁드려요
100프로 만족시켜드리지 못하오니 
예민하신분이나 까다로우신분은 신중거래부탁드려요.

대신 한두벌에 만원 이만원 NO~NO~
기본 10이상이 기본~
사과박스만한 곳에 가득가득 넣어드리는 가격이 택배포함

기본이 25.000원(배송비포함)부터 100.000가능하시고

25.000ㅡ10벌이상
30000ㅡ15벌이상
40.000ㅡ20벌이상
50.000ㅡ25벌이상
60.000ㅡ30벌이상
70.000ㅡ35벌이상
80.000ㅡ40벌이상
90.000ㅡ45벌이상
100.000ㅡ50벌이상
5천원씩도(2벌정도)추가 가능하세요

딱 한계절만 정해서 보내드릴수는 없고요. 
어느정도 계절반영해서
기본 44~77까지 가능 다양하게 봄.여름.가을.겨울옷으로 챙겨드려요
옷 많이 없으신 여성분들 옷장만 하기 좋은 기회입니다.

예민x
반품 교환 환불 x
010-2421-1공공6으로 연락주세요. 






🚨회원님의 거래 게시글을 노린 중고나라 운영진 사칭 피싱 사이트를 주의하세요🚨",25000,2025.06.23,9,1,0
213355568,중고나라,이사 정리,OPT 터미널 압착기 KH-22,"매장 정리하여, 재고 처분합니다.

완전 미사용/미개봉 새제품입니다.


재고 2개 있습니다.

2개 이상 구매하시면, 1개 외 배송비 빼드립니다.

JIS 5.5, 8, 14, 22
DIN 6, 10, 16, 25",29100,2025.06.23,101,3,2
213355270,중고나라,이사 정리,OPT 터미널 압착기 KH-19,"매장 정리하여, 재고 처분합니다.

완전 미사용/미개봉 새제품입니다.


2개 이상 구매하시면, 1개 외 배송비 빼드립니다.

JIS 1-2, 5.5, 8, 14
DIN 1-2, 6, 10, 16",16100,2025.06.23,52,1,1
213337705,중고나라,이사 정리,타프쉘 타프스크린 그늘막 텐트,"📢 제목에 ""제조사/ 브랜드 명""과 “상품명(ex. 숄더 핸드백)”을 넣어 작성하면, 보다 빠른 판매가 가능합니다! 
📢 게시글 작성 시 배송 방법에 “직거래”와 “내 위치” 설정할 경우, 보다 빠른 판매가 가능합니다! 








🚨회원님의 거래 게시글을 노린 중고나라 운영진 사칭 피싱 사이트를 주의하세요🚨 

그늘막 텐트 판매합니다 
구입후 4~5회정도 사용
네이버에서 구매리스트 사진첨부 
여유분으로 폴대 더 있습니다
개인화로도 드립니다

궁금하신사항은 연락주세요
010~9866~0253
대전 직거래",150000,2025.06.23,56,0,0
213320358,중고나라,이사 정리,마벨 압착기 MH-6iD,"매장 정리하여, 재고 처분합니다.

완전 미사용/미개봉 새제품입니다.


2개 이상 구매하시면, 1개 외 배송비 빼드립니다.",63200,2025.06.23,221,1,2
213320333,중고나라,이사 정리,마벨 압착기 MH-128,"매장 정리하여, 재고 처분합니다.

완전 미사용/미개봉 새제품입니다.


재고 3개 있습니다.

2개 이상 구매하시면, 1개 외 배송비 빼드립니다.",95500,2025.06.23,109,0,0
213320318,중고나라,이사 정리,마벨 압착기 MH-032,"매장 정리하여, 재고 처분합니다.

완전 미사용/미개봉 새제품입니다.


재고 2개 있습니다.

2개 이상 구매하시면, 1개 외 배송비 빼드립니다.",46200,2025.06.23,146,4,5
213320298,중고나라,이사 정리,KYP 유럽형 압착기 KY-8165A,"매장 정리하여, 재고 처분합니다.

완전 미사용/미개봉 새제품입니다.


재고 3개 있습니다.

2개 이상 구매하시면, 1개 외 배송비 빼드립니다.",26900,2025.06.23,26,0,0
213320262,중고나라,이사 정리,KTF 압착기 KF HT-106E,"매장 정리하여, 재고 처분합니다.

완전 미사용/미개봉 새제품입니다.


재고 3개 있습니다.

2개 이상 구매하시면, 1개 외 배송비 빼드립니다.",10200,2025.06.23,25,0,0
213320104,중고나라,이사 정리,카팀스 허리 패드 KL-7021 공구벨트용 쿠션,"매장 정리하여, 재고 처분합니다.

완전 미사용/미개봉 새제품입니다.

원래 태그 있습니다.


재고 6개 있습니다.",7500,2025.06.23,24,0,1
213316144,중고나라,이사 정리,워크프로 다목적 와이어스트리퍼 0.75~6 291001,"매장 정리하여, 재고 처분합니다.

완전 미사용/미개봉 새제품입니다.


2개 이상 구매하시면, 1개 외 배송비 빼드립니다.",6700,2025.06.23,57,0,0
213316037,중고나라,이사 정리,마벨 자동 스트리퍼 MES-A,"매장 정리하여, 재고 처분합니다.

완전 미사용/미개봉 새제품입니다.


2개 이상 구매하시면, 1개 외 배송비 빼드립니다.",41800,2025.06.22,65,0,0
213315986,중고나라,이사 정리,마벨 권총식 스트리퍼 MC-180,"매장 정리하여, 재고 처분합니다.

완전 미사용/미개봉 새제품입니다.


2개 이상 구매하시면, 1개 외 배송비 빼드립니다.",28800,2025.06.22,84,2,0
213315949,중고나라,이사 정리,VESSEL 자동스트리퍼 0.9~5.5 3000C,"매장 정리하여, 재고 처분합니다.

완전 미사용/미개봉 새제품입니다.


재고 2개 있습니다.

2개 이상 구매하시면, 1개 외 배송비 빼드립니다.",29900,2025.06.22,82,1,0
213315918,중고나라,이사 정리,OTP 동축 케이블 탈피기 LY-332,"매장 정리하여, 재고 처분합니다.

완전 미사용/미개봉 새제품입니다.


재고 4개 있습니다.

2개 이상 구매하시면, 1개 외 배송비 빼드립니다.",8500,2025.06.22,29,1,0
213315867,중고나라,이사 정리,KYP 래피드 스트리퍼 KY-737,"매장 정리하여, 재고 처분합니다.

완전 미사용/미개봉 새제품입니다.


재고 6개 있습니다.

2개 이상 구매하시면, 1개 외 배송비 빼드립니다.",13800,2025.06.22,32,0,0
213315834,중고나라,이사 정리,Goldblatt 전공롱노우즈 8인치 G08003,"매장 정리하여, 재고 처분합니다.

완전 미사용/미개봉 새제품입니다.


2개 이상 구매하시면, 1개 외 배송비 빼드립니다.",18600,2025.06.22,36,2,1
213315774,중고나라,이사 정리,토요카네 전공가위 8인치 A-8,"매장 정리하여, 재고 처분합니다.

완전 미사용/미개봉 새제품입니다.


재고 21개 있습니다.

2개 이상 구매하시면, 1개 외 배송비 빼드립니다.",9800,2025.06.22,27,0,0
213315743,중고나라,이사 정리,토요카네 멀티캇타가위 10인치 TO-99,"매장 정리하여, 재고 처분합니다.

완전 미사용/미개봉 새제품입니다.


재고 2개 있습니다.

2개 이상 구매하시면, 1개 외 배송비 빼드립니다.",9800,2025.06.22,15,0,0
213315698,중고나라,이사 정리,워크프로 다목적 전공가위 WP294003,"매장 정리하여, 재고 처분합니다.

완전 미사용/미개봉 새제품입니다.


2개 이상 구매하시면, 1개 외 배송비 빼드립니다.",8600,2025.06.22,11,0,1
213315652,중고나라,이사 정리,마벨 가위 몰딩 직선컷팅 JHC-64,"매장 정리하여, 재고 처분합니다.

완전 미사용/미개봉 새제품입니다.


2개 이상 구매하시면, 1개 외 배송비 빼드립니다.",19100,2025.06.22,38,0,0
213315591,중고나라,이사 정리,마벨 가위 몰딩 각도조절 JMC-450,"매장 정리하여, 재고 처분합니다.

완전 미사용/미개봉 새제품입니다.


2개 이상 구매하시면, 1개 외 배송비 빼드립니다.",32400,2025.06.22,30,0,0
213315537,중고나라,이사 정리,대륙 부탄가스 낱개 1개 220g,"매장 정리하여, 재고 처분합니다.

완전 미사용/미개봉 새제품입니다.


재고 14개 있습니다.

2개 이상 구매하시면, 1개 외 배송비 빼드립니다.",900,2025.06.22,14,0,0
213314688,중고나라,이사 정리,썬 프린스가스 230g 캠핑용,"매장 정리하여, 재고 처분합니다.

완전 미사용/미개봉 새제품입니다.


재고 4개 있습니다.

2개 이상 구매하시면, 1개 외 배송비 빼드립니다.",1800,2025.06.22,32,0,0
213314653,중고나라,이사 정리,지와트 전열히터 3KW 700mm 자동온도조절,"매장 정리하여, 재고 처분합니다.

완전 미사용/미개봉 새제품입니다.


재고 2개 있습니다.

2개 이상 구매하시면, 1개 외 배송비 빼드립니다.",32900,2025.06.22,17,0,0
213314607,중고나라,이사 정리,KDY 인두기킵 칼팁 KSIT-5IㅣK,"매장 정리하여, 재고 처분합니다.

완전 미사용/미개봉 새제품입니다.


2개 이상 구매하시면, 1개 외 배송비 빼드립니다.",4800,2025.06.22,20,0,0
213314575,중고나라,이사 정리,KDY 인두기킵 비스듬팁 KSIT-5D,"매장 정리하여, 재고 처분합니다.

완전 미사용/미개봉 새제품입니다.


2개 이상 구매하시면, 1개 외 배송비 빼드립니다.",4800,2025.06.22,18,0,0
213314544,중고나라,이사 정리,KDY 인두기킵 기본팁 KSIT-5I,"매장 정리하여, 재고 처분합니다.

완전 미사용/미개봉 새제품입니다.


2개 이상 구매하시면, 1개 외 배송비 빼드립니다.",4800,2025.06.22,24,0,0
213314510,중고나라,이사 정리,EXSO 나무인두 80W JY-21004,"매장 정리하여, 재고 처분합니다.

완전 미사용/미개봉 새제품입니다.


재고 7개 있습니다.

2개 이상 구매하시면, 1개 외 배송비 빼드립니다.",12000,2025.06.22,23,0,0
213314461,중고나라,이사 정리,EXSO 나무인두 40W JY-21002,"매장 정리하여, 재고 처분합니다.

완전 미사용/미개봉 새제품입니다.


재고 12개 있습니다.

2개 이상 구매하시면, 1개 외 배송비 빼드립니다.",8900,2025.06.22,12,0,0
213314397,중고나라,이사 정리,EXSO GH-60BN 권총형 세라믹 인두 20/120,"매장 정리하여, 재고 처분합니다.

완전 미사용/미개봉 새제품입니다.


2개 이상 구매하시면, 1개 외 배송비 빼드립니다.",20700,2025.06.22,29,0,0
213314308,중고나라,이사 정리,알덴 가스토치램프 부탄/이소겸용 파워토치 BIG500,"매장 정리하여, 재고 처분합니다.

완전 미사용/미개봉 새제품입니다.


2개 이상 구매하시면, 1개 외 배송비 빼드립니다.",23400,2025.06.22,23,0,0
213314192,중고나라,이사 정리,HOTERY 가스토치 HT-8911,"매장 정리하여, 재고 처분합니다.

완전 미사용/미개봉 새제품입니다.


2개 이상 구매하시면, 1개 외 배송비 빼드립니다.",11500,2025.06.22,48,0,0
213314149,중고나라,이사 정리,3X 미니가스토치 충전식 자동 XXX3000S,"매장 정리하여, 재고 처분합니다.

완전 미사용/미개봉 새제품입니다.


2개 이상 구매하시면, 1개 외 배송비 빼드립니다.",9500,2025.06.22,18,0,0
213314097,중고나라,이사 정리,이레 LPG토치 불대 소 토치길이 400mm,"매장 정리하여, 재고 처분합니다.

완전 미사용/미개봉 새제품입니다.


재고 5개 있습니다.

2개 이상 구매하시면, 1개 외 배송비 빼드립니다.",14600,2025.06.22,35,1,1
213313732,중고나라,이사 정리,저르지오 아르마니 래스팅실크 UV 파운데이션,"조르지오 아르마니 래스팅 실크 UV 파운데이션 4호입니다

- SPF20
- 용량은 30ml예요
- 소비기한: 2026년 4월까지
- 실 사용량: 2번

택배거래 시 뽁뽁이로 꼼꼼히 포장해서 보내드립니담
쿨거래 시 50,000원 입니다.

실크처럼 가볍고 편안하게 발리고, 자연스러운 윤기가 나서 좋아요~",53000,2025.06.22,48,0,1
213309508,중고나라,이사 정리,캠프밸리 오패캐280 폴리.탄 (원터치),"📢 제목에 ""제조사/ 브랜드 명""과 “상품명(ex. 숄더 핸드백)”을 넣어 작성하면, 보다 빠른 판매가 가능합니다! 
📢 게시글 작성 시 배송 방법에 “직거래”와 “내 위치” 설정할 경우, 보다 빠른 판매가 가능합니다! 








🚨회원님의 거래 게시글을 노린 중고나라 운영진 사칭 피싱 사이트를 주의하세요🚨 


원터치라서 치고 접는데 5분이면 끝!!
본체만 2회사용.
풀플라이.방수포 미사용.
루프플라이 카키 1회사용.
하자없고 상태 너무 좋습니다 먼지정도..
택배는 노리턴가능~
문의주세요^^",310000,2025.06.22,12,0,0
213309489,중고나라,이사 정리,화로대테이블 & 보조테이블,"📢 제목에 ""제조사/ 브랜드 명""과 “상품명(ex. 숄더 핸드백)”을 넣어 작성하면, 보다 빠른 판매가 가능합니다! 
📢 게시글 작성 시 배송 방법에 “직거래”와 “내 위치” 설정할 경우, 보다 빠른 판매가 가능합니다! 








🚨회원님의 거래 게시글을 노린 중고나라 운영진 사칭 피싱 사이트를 주의하세요🚨 

직접 만든 자작 제품입니다.
재료값만 24만 들었습니다.
아무래도 자작제품이다보니..
퀄리티는 뛰어나지않지만.. 쓸만합니다
볼트구멍 몇개있구요
만들구서 사용은 6회사용..
상태는 아직 좋습니다. 괜찬아요^^
솜씨 있는분들은 나중에 나무만 교체하셔서 쓰셔도되구요
가방까지 직접 싸이즈맞게 제작한겁니다
싸이즈는 90×90 안쪽네모 50×50
높이는 두가지로 조정가능합니다.
궁금하신거 있음 문의주세요^^",99000,2025.06.22,12,0,0
213309324,중고나라,이사 정리,SK하이닉스 P41 M.2 1TB SSD 팝니다.,"(국내정품)
SK하이닉스 P41 M.2 1TB SSD 팝니다. ( 2개 보유중 )
미개봉, 새제품 - 2개 한번에 구매시 개당 110,000원 입니다. 파손면책 동의후 택배거래 가능합니다.
포장은 아주 꼼꼼히 해서 보내드립니다

택배거래, 직거래 모두 가능 합니다.

직거래는 세종시에서 가능합니다.

안심번호로 연락주세용~!",220000,2025.06.22,45,0,1
213296973,중고나라,이사 정리,Apple 2025 아이패드에어 13 M3 256미개봉,"Apple 2025 아이패드 에어 13 M3 256GB 미개봉 새제품 팝니다.
직거래는 대전 가능합니다 택배로도 가능합니다",1000000,2025.06.22,72,0,1
213294390,중고나라,이사 정리,인스타 360 go2 64GB,"잘 쓸일이 없어서 판매합니다.

상태 좋고 용량64GB입니다. 

요청시 영상도 보내드릴수있습니다!

구성품 전부 있습니다!

ㅇ10 팔4팔구 91칠둘 문자 부탁드립니다!!",200000,2025.06.22,543,18,15
213279429,중고나라,이사 정리,구글기프트카드 10만원 팝니다,코드받으면 돈보내드립니다,90000,2025.06.22,22,0,1
213276842,중고나라,이사 정리,세이코 sne573,"📢 제목에 ""제조사/ 브랜드 명""과 “상품명”을 넣어 작성하면, 보다 빠른 판매가 가능합니다! 
📢 게시글 작성 시 배송 방법에 “직거래”와 “내 위치” 설정할 경우, 보다 빠른 판매가 가능합니다! 

세이코 다이버 시계 SNE573 모델입니다

시계 본체 외에 다양한 스트랩 같이 드려요
엉클 브레이슬릿도 함께 판매합니다.

약간의 사용감은 있지만 스크래치나 찍힘 없습니다.
사진으로 상태 확인해주세요







🚨회원님의 거래 게시글을 노린 중고나라 운영진 사칭 피싱 사이트를 주의하세요🚨",480000,2025.06.22,70,0,0
213276758,중고나라,이사 정리,융한스 막스빌 오토매틱,"📢 제목에 ""제조사/ 브랜드 명""과 “상품명”을 넣어 작성하면, 보다 빠른 판매가 가능합니다! 
📢 게시글 작성 시 배송 방법에 “직거래”와 “내 위치” 설정할 경우, 보다 빠른 판매가 가능합니다! 

융한스 막스빌 오토매틱 시계 판매합니다

- 독일 시계, Bauhaus 디자인이 특징입니다
- 스테인리스 스틸 케이스, 사파이어 크리스탈 글래스
- 오토매틱 무브먼트
- 가죽 스트랩 포함입니다

상태는 사진 참고해주세요
(유리와 뒷판에 스크래치 있음)







🚨회원님의 거래 게시글을 노린 중고나라 운영진 사칭 피싱 사이트를 주의하세요🚨",580000,2025.06.22,68,1,0
206686485,중고나라,이사 정리,헌터x헌터 헌터라이센스 카드케이스,"헌터x헌터 
헌터라이센스 그림으로된 카드 케이스 입니다
카드는 2장정도 들어감니다

크기 10 x 6.5 쌘치

재질ㅡpvc

궁금사항 잇으면 톡주십시오

일택 + 3600
반택 + 1800",4500,2025.06.22,161,1,2
213236048,중고나라,이사 정리,팰릿 Rtx3080 게이밍프로 Oc 10GB,"📢 제목에 ""제조사/ 브랜드 명""과 ""상품명(ex. 맥북 에어 13)”를 넣어 작성하면, 보다 빠른 판매가 가능합니다! 
📢 게시글 작성 시 배송 방법에 “직거래”와 “내 위치” 설정할 경우, 보다 빠른 판매가 가능합니다! 
써멀구리스 재도포 및 써멀패드 겔리드 써멀패드로 작업 완료
바로 사용하시면 됩니다.
팬소음 및 이상 없습니다.
AS 기간 종료입니다.

직거래 대전 동구, 택배 시 파손면책 동의 하에 착불
네고, 교환, 반품 X
타 사이트 업로드 안함.








🚨회원님의 거래 게시글을 노린 중고나라 운영진 사칭 피싱 사이트를 주의하세요🚨",470000,2025.06.22,10,0,0
213236046,중고나라,이사 정리,팰릿 Rtx3080 게이밍프로 OC 10GB,"📢 제목에 ""제조사/ 브랜드 명""과 ""상품명(ex. 맥북 에어 13)”를 넣어 작성하면, 보다 빠른 판매가 가능합니다! 
📢 게시글 작성 시 배송 방법에 “직거래”와 “내 위치” 설정할 경우, 보다 빠른 판매가 가능합니다! 

써멀구리스 재도포 및 써멀패드 겔리드 써멀패드로 작업 완료

바로 사용하시면 됩니다.

팬소음 및 이상 없습니다.

AS 기간 종료입니다.



직거래 대전 동구, 택배 시 파손면책 동의 하에 착불

네고, 교환, 반품 X

타 사이트 업로드 안함.










🚨회원님의 거래 게시글을 노린 중고나라 운영진 사칭 피싱 사이트를 주의하세요🚨",470000,2025.06.22,27,0,0
213229013,중고나라,이사 정리,평매지고대,"매장 정리하여, 재고 처분합니다.

완전 미사용/미개봉 새제품입니다.


2개 이상 구매하시면, 1개 외 배송비 빼드립니다.",1800,2025.06.22,36,0,0
213228903,중고나라,이사 정리,양고대 자루만 서서고대 볼트형,"매장 정리하여, 재고 처분합니다.

완전 미사용/미개봉 새제품입니다.


재고 5개 있습니다.

2개 이상 구매하시면, 1개 외 배송비 빼드립니다.",20900,2025.06.21,29,0,0
213228868,중고나라,이사 정리,랭가고대 고무 스텐 반달 소,"매장 정리하여, 재고 처분합니다.

완전 미사용/미개봉 새제품입니다.


재고 4개 있습니다.

2개 이상 구매하시면, 1개 외 배송비 빼드립니다.",8400,2025.06.21,22,1,0
213228821,중고나라,이사 정리,랭가고대 고무 스텐 대각 중,"매장 정리하여, 재고 처분합니다.

완전 미사용/미개봉 새제품입니다.


재고 3개 있습니다.

2개 이상 구매하시면, 1개 외 배송비 빼드립니다.",8400,2025.06.21,18,0,0
213228772,중고나라,이사 정리,랭가고대 고무 스텐 대각 대,"매장 정리하여, 재고 처분합니다.

완전 미사용/미개봉 새제품입니다.


2개 이상 구매하시면, 1개 외 배송비 빼드립니다.",8400,2025.06.21,19,0,0
213228734,중고나라,이사 정리,견출 흙손 철 0.4*270,"매장 정리하여, 재고 처분합니다.

완전 미사용/미개봉 새제품입니다.


2개 이상 구매하시면, 1개 외 배송비 빼드립니다.",7800,2025.06.21,15,0,0
213228694,중고나라,이사 정리,덕진 양고대 300mm,"매장 정리하여, 재고 처분합니다.

완전 미사용/미개봉 새제품입니다.


재고 3개 있습니다.

2개 이상 구매하시면, 1개 외 배송비 빼드립니다.",8400,2025.06.21,35,0,2
213228666,중고나라,이사 정리,레벨5 코너작업세트 봉2개+헤드2개 제주/대형,"매장 정리하여, 재고 처분합니다.

완전 미사용/미개봉 새제품입니다.


2개 이상 구매하시면, 1개 외 배송비 빼드립니다.",227000,2025.06.21,28,0,1
213228497,중고나라,이사 정리,Goldblatt 바닥헤라 스크래퍼 150mm(6인치),"매장 정리하여, 재고 처분합니다.

완전 미사용/미개봉 새제품입니다.


2개 이상 구매하시면, 1개 외 배송비 빼드립니다.",21600,2025.06.21,24,1,0
213228348,중고나라,이사 정리,미장솔 미래 목8 8개,,8000,2025.06.21,18,0,1
213228306,중고나라,이사 정리,노랑 방수비 미장솔,"매장 정리하여, 재고 처분합니다.

완전 미사용/미개봉 새제품입니다.


재고 2개 있습니다.

2개 이상 구매하시면, 1개 외 배송비 빼드립니다.",1800,2025.06.21,14,1,0
213228276,중고나라,이사 정리,오리발 미장발,,19200,2025.06.21,19,0,1
213228234,중고나라,이사 정리,P까치발 미장발,,15300,2025.06.21,16,0,1
213228186,중고나라,이사 정리,타일실 백색 100M,"매장 정리하여, 재고 처분합니다.

완전 미사용/미개봉 새제품입니다.


재고 40개 있습니다.

2개 이상 구매하시면, 1개 외 배송비 빼드립니다.",7400,2025.06.21,14,0,0
213228094,중고나라,이사 정리,타일 실통,"매장 정리하여, 재고 처분합니다.

완전 미사용/미개봉 새제품입니다.


재고 6개 있습니다.

2개 이상 구매하시면, 1개 외 배송비 빼드립니다.",2300,2025.06.21,14,0,0
213228045,중고나라,이사 정리,백업지 심패드 3mm 200개입 구사비,"매장 정리하여, 재고 처분합니다.

완전 미사용/미개봉 새제품입니다.


재고 13개 있습니다.

2개 이상 구매하시면, 1개 외 배송비 빼드립니다.",5500,2025.06.21,32,2,1
213228013,중고나라,이사 정리,백업지 심패드 2mm 200개입 구사비,"매장 정리하여, 재고 처분합니다.

완전 미사용/미개봉 새제품입니다.


재고 12개 있습니다.

2개 이상 구매하시면, 1개 외 배송비 빼드립니다.",4500,2025.06.21,28,1,0
213227973,중고나라,이사 정리,신용 평탄클립 쐐기 88*22*15mm 100개입,"매장 정리하여, 재고 처분합니다.

완전 미사용/미개봉 새제품입니다.


재고 14개 있습니다.

2개 이상 구매하시면, 1개 외 배송비 빼드립니다.",4500,2025.06.21,44,0,1
213227909,중고나라,이사 정리,신용 평탄클립 대형 1.5/5~10mm 100개입,"매장 정리하여, 재고 처분합니다.

완전 미사용/미개봉 새제품입니다.


재고 2개 있습니다.

2개 이상 구매하시면, 1개 외 배송비 빼드립니다.",4500,2025.06.21,20,0,0
213227847,중고나라,이사 정리,신용 스페이스 일자 300개입 황색,"매장 정리하여, 재고 처분합니다.

완전 미사용/미개봉 새제품입니다.


재고 43개 있습니다.

2개 이상 구매하시면, 1개 외 배송비 빼드립니다.",1800,2025.06.21,23,1,0
213227803,중고나라,이사 정리,신용 스페이스 십자 2.0 300개입 백색,"매장 정리하여, 재고 처분합니다.

완전 미사용/미개봉 새제품입니다.


2개 이상 구매하시면, 1개 외 배송비 빼드립니다.",1800,2025.06.21,22,2,0
213227781,중고나라,이사 정리,신용 스페이스 십자 1.5 300개입 백색,"매장 정리하여, 재고 처분합니다.

완전 미사용/미개봉 새제품입니다.


재고 76개 있습니다.

2개 이상 구매하시면, 1개 외 배송비 빼드립니다.",1800,2025.06.21,21,1,0
213227742,중고나라,이사 정리,신용 스페이스 십자 1.2 300개입 백색,"매장 정리하여, 재고 처분합니다.

완전 미사용/미개봉 새제품입니다.


재고 20개 있습니다.

2개 이상 구매하시면, 1개 외 배송비 빼드립니다.",1800,2025.06.21,25,1,0
213227678,중고나라,이사 정리,신용 스페이스 T자 1.5 300개입 백색,"매장 정리하여, 재고 처분합니다.

완전 미사용/미개봉 새제품입니다.


재고 23개 있습니다.

2개 이상 구매하시면, 1개 외 배송비 빼드립니다.",1800,2025.06.21,15,0,0
213227641,중고나라,이사 정리,신용 스페이스 T자 1.2 300개입 백색,"매장 정리하여, 재고 처분합니다.

완전 미사용/미개봉 새제품입니다.


재고 29개 있습니다.

2개 이상 구매하시면, 1개 외 배송비 빼드립니다.",1800,2025.06.21,14,0,1
213227575,중고나라,이사 정리,기광 타일 평탄클립 100개 1.5/3~12mm 흰색A,"매장 정리하여, 재고 처분합니다.

완전 미사용/미개봉 새제품입니다.


재고 25개 있습니다.

2개 이상 구매하시면, 1개 외 배송비 빼드립니다.",5500,2025.06.21,23,0,0
213227474,중고나라,이사 정리,기광 타일 평탄클립 100개 1.0/3~12mm 흰색B,"매장 정리하여, 재고 처분합니다.

완전 미사용/미개봉 새제품입니다.


재고 17개 있습니다.

2개 이상 구매하시면, 1개 외 배송비 빼드립니다.",2700,2025.06.21,21,0,0
213227406,중고나라,이사 정리,기광 석재용 구사비 3T 1봉=200개,"매장 정리하여, 재고 처분합니다.

완전 미사용/미개봉 새제품입니다.


재고 2개 있습니다.

2개 이상 구매하시면, 1개 외 배송비 빼드립니다.",8900,2025.06.21,30,1,0
213227362,중고나라,이사 정리,미래 평탄클립 적색 1.0/3~12mm 50개입,"매장 정리하여, 재고 처분합니다.

완전 미사용/미개봉 새제품입니다.


재고 4개 있습니다.

2개 이상 구매하시면, 1개 외 배송비 빼드립니다.",5700,2025.06.21,44,1,0
212808510,중고나라,이사 정리,언더아머 야구화 265 사이즈,"약 10회 착용한 언더아머 야구화입니다!
세척을 하지 않아 일부 외부에 사용감이 있지만

세척하면 없어질 부분들이구요
기능이나 착용감은 전혀 이상 없습니다!

언제든 연락주세요",30000,2025.06.21,55,0,1
213205637,중고나라,이사 정리,메가박스 예매권 팝니다,직접 예매하시면 됩니다,7500,2025.06.21,39,0,0
212684677,중고나라,이사 정리,울란지 CA25 쿨링팬 ulanzi ca25 카메라,"울란지 CA25 쿨링팬 ulanzi ca25 카메라 쿨링팬 

위 사진들은 제가 사용하려고 개봉한것을 촬영한 것이고
구매시 
미사용 미개봉 상품으로 보내드려요!",33500,2025.06.21,72,0,1
213176708,중고나라,이사 정리,융한스 막스빌 오토매틱,"📢 제목에 ""제조사/ 브랜드 명""과 “상품명”을 넣어 작성하면, 보다 빠른 판매가 가능합니다! 
📢 게시글 작성 시 배송 방법에 “직거래”와 “내 위치” 설정할 경우, 보다 빠른 판매가 가능합니다! 

융한스 막스빌 오토매틱 시계 판매합니다

- 독일 시계, Bauhaus 디자인이 특징입니다
- 스테인리스 스틸 케이스, 사파이어 크리스탈 글래스
- 오토매틱 무브먼트
- 가죽 스트랩 포함입니다

상태는 사진 참고해주세요
(유리와 뒷판에 스크래치 있음)







🚨회원님의 거래 게시글을 노린 중고나라 운영진 사칭 피싱 사이트를 주의하세요🚨",580000,2025.06.21,54,0,0
213176682,중고나라,이사 정리,세이코 sne573,"📢 제목에 ""제조사/ 브랜드 명""과 “상품명”을 넣어 작성하면, 보다 빠른 판매가 가능합니다! 
📢 게시글 작성 시 배송 방법에 “직거래”와 “내 위치” 설정할 경우, 보다 빠른 판매가 가능합니다! 

세이코 다이버 시계 SNE573 모델입니다

시계 본체 외에 다양한 스트랩 같이 드려요
엉클 브레이슬릿도 함께 판매합니다.

약간의 사용감은 있지만 스크래치나 찍힘 없습니다.
사진으로 상태 확인해주세요







🚨회원님의 거래 게시글을 노린 중고나라 운영진 사칭 피싱 사이트를 주의하세요🚨",480000,2025.06.21,42,0,0
213167003,중고나라,이사 정리,노런 플라이다운 10입 파리 끈끈이,"매장 정리하여, 재고 처분합니다.

완전 미사용/미개봉 새제품입니다.


재고 46개 있습니다.

2개 이상 구매하시면, 1개 외 배송비 빼드립니다.",1000,2025.06.21,37,0,1
213156746,중고나라,이사 정리,팰릿 Rtx3080 게이밍프로 OC 10GB,"📢 제목에 ""제조사/ 브랜드 명""과 ""상품명(ex. 맥북 에어 13)”를 넣어 작성하면, 보다 빠른 판매가 가능합니다! 
📢 게시글 작성 시 배송 방법에 “직거래”와 “내 위치” 설정할 경우, 보다 빠른 판매가 가능합니다! 

써멀구리스 재도포 및 써멀패드 겔리드 써멀패드로 작업 완료

바로 사용하시면 됩니다.

팬소음 및 이상 없습니다.

AS 기간 종료입니다.



직거래 대전 동구, 택배 시 파손면책 동의 하에 착불

네고, 교환, 반품 X

타 사이트 업로드 안함.










🚨회원님의 거래 게시글을 노린 중고나라 운영진 사칭 피싱 사이트를 주의하세요🚨",470000,2025.06.21,15,0,0
213114084,중고나라,이사 정리,아마추어모델언니의 옷정리합니다./박스가득 넣어드려요./옷 없으신분들 옷장만 하세요. 이사준비로 옷장정리합니다.-무...,"📢 제목에 ""제조사/ 브랜드 명""과 “상품명”을 넣어 작성하면, 보다 빠른 판매가 가능합니다! 
📢 게시글 작성 시 배송 방법에 “직거래”와 “내 위치” 설정할 경우, 보다 빠른 판매가 가능합니다! 


안녕하세요.^^

결혼 전 아마추어 출사모델을 취미 삶아 해서 옷이 많아요.
큰언니.작은언니.동생까지 있어서 
내가 평소에 잘 안입게 되는 옷들이랑 불편한옷들, 안어울리는 옷들,
작아진 옷들등등 옷이 너무 많아서 최대한 옷을 정리합니다.

본인 상의 하의 싸이즈
(예시 -상의44.55.66 하의 24. 25.26.27등등)
좋아하는 스타일과 싫어하는 스타일
그리고 나잇대와 신발싸이즈 알려주시면 옷고르는데 참고 사항이 될 듯합니다.^^
전체적으로 정리를 위한 것이라
한가지 스타일만 원하시거나 한계절옷만 원하시는 것도 어렵습니다.

위에 싸이즈와 참고할 만한 사항들을 잘 적어주시면 
옷 정리하는데 참고할 수 있으니 상세하게 잘 적어서 문자나 쳇부탁드려요
100프로 만족시켜드리지 못하오니 
예민하신분이나 까다로우신분은 신중거래부탁드려요.

대신 한두벌에 만원 이만원 NO~NO~
기본 10이상이 기본~
사과박스만한 곳에 가득가득 넣어드리는 가격이 택배포함

기본이 25.000원(배송비포함)부터 100.000가능하시고

25.000ㅡ10벌이상
30000ㅡ15벌이상
40.000ㅡ20벌이상
50.000ㅡ25벌이상
60.000ㅡ30벌이상
70.000ㅡ35벌이상
80.000ㅡ40벌이상
90.000ㅡ45벌이상
100.000ㅡ50벌이상
5천원씩도(2벌정도)추가 가능하세요

딱 한계절만 정해서 보내드릴수는 없고요. 
어느정도 계절반영해서
기본 44~77까지 가능 다양하게 봄.여름.가을.겨울옷으로 챙겨드려요
옷 많이 없으신 여성분들 옷장만 하기 좋은 기회입니다.

예민x
반품 교환 환불 x
010-2421-1공공6으로 연락주세요. 






🚨회원님의 거래 게시글을 노린 중고나라 운영진 사칭 피싱 사이트를 주의하세요🚨",25000,2025.06.20,23,0,0
213111715,중고나라,이사 정리,노런 왕파리 끈끈이 5입,"매장 정리하여, 재고 처분합니다.

완전 미사용/미개봉 새제품입니다.


재고 54개 있습니다.

2개 이상 구매하시면, 1개 외 배송비 빼드립니다.",400,2025.06.20,15,0,0
213111302,중고나라,이사 정리,11-1 햇살가득 파리채,"매장 정리하여, 재고 처분합니다.

완전 미사용/미개봉 새제품입니다.


재고 48개 있습니다.

2개 이상 구매하시면, 1개 외 배송비 빼드립니다.",500,2025.06.20,13,1,0
213111115,중고나라,이사 정리,킬라에프 초파리 트랩,"매장 정리하여, 재고 처분합니다.

완전 미사용/미개봉 새제품입니다.


재고 11개 있습니다.

2개 이상 구매하시면, 1개 외 배송비 빼드립니다.",1300,2025.06.20,26,1,0
213110656,중고나라,이사 정리,그린세이프 킬라에프 리머닌 400ml,"매장 정리하여, 재고 처분합니다.

완전 미사용/미개봉 새제품입니다.


재고 2개 있습니다.

2개 이상 구매하시면, 1개 외 배송비 빼드립니다.",1200,2025.06.20,12,0,0
213110507,중고나라,이사 정리,디펜스존 모기 기피제 180ml,"매장 정리하여, 재고 처분합니다.

완전 미사용/미개봉 새제품입니다.


재고 25개 있습니다.

2개 이상 구매하시면, 1개 외 배송비 빼드립니다.",1300,2025.06.20,25,0,0
213110117,중고나라,이사 정리,그린세이프 액체전자모기향 리필90일,"매장 정리하여, 재고 처분합니다.

완전 미사용/미개봉 새제품입니다.


재고 3개 있습니다.

2개 이상 구매하시면, 1개 외 배송비 빼드립니다.",1400,2025.06.20,26,0,0
213109912,중고나라,이사 정리,그린세이프 모기향 10개입,"매장 정리하여, 재고 처분합니다.

완전 미사용/미개봉 새제품입니다.


재고 3개 있습니다.

2개 이상 구매하시면, 1개 외 배송비 빼드립니다.",400,2025.06.20,11,0,0
213109666,중고나라,이사 정리,그린세이프 매트훈증기 기계,"매장 정리하여, 재고 처분합니다.

완전 미사용/미개봉 새제품입니다.


재고 10개 있습니다.

2개 이상 구매하시면, 1개 외 배송비 빼드립니다.",2800,2025.06.20,21,1,0
213109517,중고나라,이사 정리,한일 이중안전 전기모기채,"매장 정리하여, 재고 처분합니다.

완전 미사용/미개봉 새제품입니다.


재고 15개 있습니다.

2개 이상 구매하시면, 1개 외 배송비 빼드립니다.",9000,2025.06.20,22,0,0
213108325,중고나라,이사 정리,제이테크 정밀드라이버 세트 PE-M,"매장 정리하여, 재고 처분합니다.

완전 미사용/미개봉 새제품입니다.


2개 이상 구매하시면, 1개 외 배송비 빼드립니다.",5300,2025.06.20,26,1,0
213108251,중고나라,이사 정리,스탠리 정밀드라이버 STHT66039-8-KR,"매장 정리하여, 재고 처분합니다.

완전 미사용/미개봉 새제품입니다.


재고 35개 있습니다.

2개 이상 구매하시면, 1개 외 배송비 빼드립니다.",1500,2025.06.20,45,0,0
213108169,중고나라,이사 정리,SUNFLAG 정밀 드라이버세트 NO PR-810,"매장 정리하여, 재고 처분합니다.

완전 미사용/미개봉 새제품입니다.


재고 4개 있습니다.

2개 이상 구매하시면, 1개 외 배송비 빼드립니다.",7800,2025.06.20,20,0,0
213108079,중고나라,이사 정리,Anex DRIVER 드라이버 3450 3*150,"매장 정리하여, 재고 처분합니다.

완전 미사용/미개봉 새제품입니다.


2개 이상 구매하시면, 1개 외 배송비 빼드립니다.",2400,2025.06.20,35,2,0
213108005,중고나라,이사 정리,Anex DRIVER 드라이버 3450 0*100,"매장 정리하여, 재고 처분합니다.

완전 미사용/미개봉 새제품입니다.


2개 이상 구매하시면, 1개 외 배송비 빼드립니다.",2200,2025.06.20,32,1,0
213107895,중고나라,이사 정리,스탠리 STMT 68107 4in1 비트 드라이버,"매장 정리하여, 재고 처분합니다.

완전 미사용/미개봉 새제품입니다.


2개 이상 구매하시면, 1개 외 배송비 빼드립니다.",1900,2025.06.20,58,0,0
213107807,중고나라,이사 정리,스탠리 STHT60083-8 6 IN 1 스크류드라이버,"매장 정리하여, 재고 처분합니다.

완전 미사용/미개봉 새제품입니다.


2개 이상 구매하시면, 1개 외 배송비 빼드립니다.",2100,2025.06.20,39,0,0
213105908,중고나라,이사 정리,디월트 DWHT65101 터프시리즈 스크류드라이버 4P,"매장 정리하여, 재고 처분합니다.

완전 미사용/미개봉 새제품입니다.


2개 이상 구매하시면, 1개 외 배송비 빼드립니다.",7200,2025.06.20,109,7,4
213105786,중고나라,이사 정리,SUNFLAG 절연드라이버 NO6750 -5.0*100,"매장 정리하여, 재고 처분합니다.

완전 미사용/미개봉 새제품입니다.


재고 4개 있습니다.

2개 이상 구매하시면, 1개 외 배송비 빼드립니다.",9900,2025.06.20,21,1,0
213105668,중고나라,이사 정리,SUNFLAG 스크류 드라이버 NO666-C +0*75,"매장 정리하여, 재고 처분합니다.

완전 미사용/미개봉 새제품입니다.


2개 이상 구매하시면, 1개 외 배송비 빼드립니다.",3000,2025.06.20,19,0,0
213104303,중고나라,이사 정리,Anex 양면 미니 드라이버 NO.62,"매장 정리하여, 재고 처분합니다.

완전 미사용/미개봉 새제품입니다.


2개 이상 구매하시면, 1개 외 배송비 빼드립니다.",6600,2025.06.20,27,2,0
213104225,중고나라,이사 정리,Anex DRIVER 드라이버 3700 - 6*200,"매장 정리하여, 재고 처분합니다.

완전 미사용/미개봉 새제품입니다.


2개 이상 구매하시면, 1개 외 배송비 빼드립니다.",6000,2025.06.20,23,0,0
213104152,중고나라,이사 정리,워크프로 비트형 드라이버 6in1 WP221046,"매장 정리하여, 재고 처분합니다.

완전 미사용/미개봉 새제품입니다.


2개 이상 구매하시면, 1개 외 배송비 빼드립니다.",3600,2025.06.20,32,0,0
213104058,중고나라,이사 정리,SUNFLAG L자 양용드라이버 NO7 2*6.0,"매장 정리하여, 재고 처분합니다.

완전 미사용/미개봉 새제품입니다.


재고 3개 있습니다.

2개 이상 구매하시면, 1개 외 배송비 빼드립니다.",1900,2025.06.20,19,1,0
213103772,중고나라,이사 정리,SUNFLAG 후크픽 NO H611,"매장 정리하여, 재고 처분합니다.

완전 미사용/미개봉 새제품입니다.


재고 4개 있습니다.

2개 이상 구매하시면, 1개 외 배송비 빼드립니다.",13900,2025.06.20,17,1,0
213103722,중고나라,이사 정리,SUNFLAG 송곳 NO395,"매장 정리하여, 재고 처분합니다.

완전 미사용/미개봉 새제품입니다.


재고 3개 있습니다.

2개 이상 구매하시면, 1개 외 배송비 빼드립니다.",9600,2025.06.20,25,1,0
213101546,중고나라,이사 정리,킹토니 너트드라이버 9mm 1450-09D1,"매장 정리하여, 재고 처분합니다.

완전 미사용/미개봉 새제품입니다.


2개 이상 구매하시면, 1개 외 배송비 빼드립니다.",6300,2025.06.20,14,0,0
213101465,중고나라,이사 정리,킹토니 너트드라이버 7mm 1450-07D1,"매장 정리하여, 재고 처분합니다.

완전 미사용/미개봉 새제품입니다.


재고 2개 있습니다.

2개 이상 구매하시면, 1개 외 배송비 빼드립니다.",8300,2025.06.20,11,0,0
213101302,중고나라,이사 정리,킹토니 너트드라이버 6mm 1450-06D1,"매장 정리하여, 재고 처분합니다.

완전 미사용/미개봉 새제품입니다.


재고 8개 있습니다.

2개 이상 구매하시면, 1개 외 배송비 빼드립니다.",8500,2025.06.20,12,0,0
213090493,중고나라,이사 정리,팰릿 Rtx3080 게이밍프로 Oc 10GB,"📢 제목에 ""제조사/ 브랜드 명""과 ""상품명(ex. 맥북 에어 13)”를 넣어 작성하면, 보다 빠른 판매가 가능합니다! 
📢 게시글 작성 시 배송 방법에 “직거래”와 “내 위치” 설정할 경우, 보다 빠른 판매가 가능합니다! 
써멀구리스 재도포 및 써멀패드 겔리드 써멀패드로 작업 완료
바로 사용하시면 됩니다.
팬소음 및 이상 없습니다.
AS 기간 종료입니다.

직거래 대전 동구, 택배 시 파손면책 동의 하에 착불
네고, 교환, 반품 X
타 사이트 업로드 안함.








🚨회원님의 거래 게시글을 노린 중고나라 운영진 사칭 피싱 사이트를 주의하세요🚨",470000,2025.06.20,5,0,0
213076729,중고나라,이사 정리,오메가 드빌 빈티지 / 여성용 수동(80s),"📢 제목에 ""제조사/ 브랜드 명""과 “상품명(ex. 숄더 핸드백)”을 넣어 작성하면, 보다 빠른 판매가 가능합니다! 
📢 게시글 작성 시 배송 방법에 “직거래”와 “내 위치” 설정할 경우, 보다 빠른 판매가 가능합니다! 

 
 
 
📢 제목에 ""제조사/ 브랜드 명""과 “상품명(ex. 숄더 핸드백)”을 넣어 작성하면, 보다 빠른 판매가 가능합니다! 
📢 게시글 작성 시 배송 방법에 “직거래”와 “내 위치” 설정할 경우, 보다 빠른 판매가 가능합니다! 



어머니께 물려받은 오메가 드빌 수동시계 판매합니다.
80년대 초반 모델로 알고있습니다.

사이즈는 
가로 약 20mm
세로 약 24mm
러그사이즈 12mm

24년 10월, 오버홀 및 점검/폴리싱 완료",300000,2025.06.20,27,1,0
213076684,중고나라,이사 정리,융한스 막스빌 오토매틱,"📢 제목에 ""제조사/ 브랜드 명""과 “상품명”을 넣어 작성하면, 보다 빠른 판매가 가능합니다! 
📢 게시글 작성 시 배송 방법에 “직거래”와 “내 위치” 설정할 경우, 보다 빠른 판매가 가능합니다! 

융한스 막스빌 오토매틱 시계 판매합니다

- 독일 시계, Bauhaus 디자인이 특징입니다
- 스테인리스 스틸 케이스, 사파이어 크리스탈 글래스
- 오토매틱 무브먼트
- 가죽 스트랩 포함입니다

상태는 사진 참고해주세요
(유리와 뒷판에 스크래치 있음)







🚨회원님의 거래 게시글을 노린 중고나라 운영진 사칭 피싱 사이트를 주의하세요🚨",580000,2025.06.20,21,0,0
213076670,중고나라,이사 정리,세이코 sne573,"📢 제목에 ""제조사/ 브랜드 명""과 “상품명”을 넣어 작성하면, 보다 빠른 판매가 가능합니다! 
📢 게시글 작성 시 배송 방법에 “직거래”와 “내 위치” 설정할 경우, 보다 빠른 판매가 가능합니다! 

세이코 다이버 시계 SNE573 모델입니다

시계 본체 외에 다양한 스트랩 같이 드려요
엉클 브레이슬릿도 함께 판매합니다.

약간의 사용감은 있지만 스크래치나 찍힘 없습니다.
사진으로 상태 확인해주세요







🚨회원님의 거래 게시글을 노린 중고나라 운영진 사칭 피싱 사이트를 주의하세요🚨",480000,2025.06.20,51,0,0
213062149,중고나라,이사 정리,라라소닉 초음파,"라라소닉 초음파입니다
선물받았지만 의료기사라 쓸일이없어 판매합니다
실사용 2회
구매시 사용방법 세세히 알려드려요",505000,2025.06.20,55,4,2
213039411,중고나라,이사 정리,오메가 드빌 빈티지 / 여성용 수동(80s),"📢 제목에 ""제조사/ 브랜드 명""과 “상품명(ex. 숄더 핸드백)”을 넣어 작성하면, 보다 빠른 판매가 가능합니다! 
📢 게시글 작성 시 배송 방법에 “직거래”와 “내 위치” 설정할 경우, 보다 빠른 판매가 가능합니다! 

 
 
 
📢 제목에 ""제조사/ 브랜드 명""과 “상품명(ex. 숄더 핸드백)”을 넣어 작성하면, 보다 빠른 판매가 가능합니다! 
📢 게시글 작성 시 배송 방법에 “직거래”와 “내 위치” 설정할 경우, 보다 빠른 판매가 가능합니다! 



어머니께 물려받은 오메가 드빌 수동시계 판매합니다.
80년대 초반 모델로 알고있습니다.

사이즈는 
가로 약 20mm
세로 약 24mm
러그사이즈 12mm

24년 10월, 오버홀 및 점검/폴리싱 완료",1100000,2025.06.19,13,0,0
213029613,중고나라,이사 정리,캠프밸리 오패캐280 폴리.탄 (원터치),"📢 제목에 ""제조사/ 브랜드 명""과 “상품명(ex. 숄더 핸드백)”을 넣어 작성하면, 보다 빠른 판매가 가능합니다! 
📢 게시글 작성 시 배송 방법에 “직거래”와 “내 위치” 설정할 경우, 보다 빠른 판매가 가능합니다! 








🚨회원님의 거래 게시글을 노린 중고나라 운영진 사칭 피싱 사이트를 주의하세요🚨 


원터치라서 치고 접는데 5분이면 끝!!
본체만 2회사용.
풀플라이.방수포 미사용.
루프플라이 카키 1회사용.
하자없고 상태 너무 좋습니다 먼지정도..

문의주세요^^",310000,2025.06.19,13,0,0
213029371,중고나라,이사 정리,메가박스 예매권 1장팝니다,"내일까지 입니다 연락주세요.

직접 예매하시면 됩니다",6000,2025.06.19,22,0,1
208523880,중고나라,이사 정리,삼성 싱크마스터 19인치 모니터 팔아요,"삼성 SyncMaster CX903B 모니터입니다

- 19인치 LCD 모니터
- 해상도 1280x1024
- 응답속도 8ms
가격은 18000원입니다
택배가능합니다 택배비포함해서 나중에 거래할때 계산할게요
사진에서 보이는 것처럼 사용감은 좀 있지만, 작동은 잘 됩니다!
케이블 전부다 드려요
쿨거시 네고",17000,2025.06.19,277,4,3
213023604,중고나라,이사 정리,킹토니 너트드라이버 13mm 1450-13D1,"매장 정리하여, 재고 처분합니다.

완전 미사용/미개봉 새제품입니다.


재고 7개 있습니다.

2개 이상 구매하시면, 1개 외 배송비 빼드립니다.",9000,2025.06.19,23,0,0
213023565,중고나라,이사 정리,킹토니 너트드라이버 12mm 1450-12D1,"매장 정리하여, 재고 처분합니다.

완전 미사용/미개봉 새제품입니다.


재고 9개 있습니다.

2개 이상 구매하시면, 1개 외 배송비 빼드립니다.",9000,2025.06.19,14,0,0
213023500,중고나라,이사 정리,킹토니 너트드라이버 11mm 1450-11D1,"매장 정리하여, 재고 처분합니다.

완전 미사용/미개봉 새제품입니다.


재고 3개 있습니다.

2개 이상 구매하시면, 1개 외 배송비 빼드립니다.",7900,2025.06.19,20,0,0
213023286,중고나라,이사 정리,킹토니 너트드라이버 10mm 1450-10D1,"매장 정리하여, 재고 처분합니다.

완전 미사용/미개봉 새제품입니다.


2개 이상 구매하시면, 1개 외 배송비 빼드립니다.",8300,2025.06.19,11,0,0
213023142,중고나라,이사 정리,Anex 못뽑기 9103,"매장 정리하여, 재고 처분합니다.

완전 미사용/미개봉 새제품입니다.


2개 이상 구매하시면, 1개 외 배송비 빼드립니다.",6600,2025.06.19,17,1,0
213023001,중고나라,이사 정리,스탠리 68-010 10WAY 라쳇드라이버 십자일자 별,"매장 정리하여, 재고 처분합니다.

완전 미사용/미개봉 새제품입니다.


재고 4개 있습니다.

2개 이상 구매하시면, 1개 외 배송비 빼드립니다.",7100,2025.06.19,61,4,1
213021495,중고나라,이사 정리,디월트 DWHT68005 7in1 멀티비트라쳇드라이버,"매장 정리하여, 재고 처분합니다.

완전 미사용/미개봉 새제품입니다.


2개 이상 구매하시면, 1개 외 배송비 빼드립니다.",5700,2025.06.19,34,0,1
213021431,중고나라,이사 정리,디월트 DWHT68002 11in1 멀티비트라쳇드라이버,"매장 정리하여, 재고 처분합니다.

완전 미사용/미개봉 새제품입니다.


2개 이상 구매하시면, 1개 외 배송비 빼드립니다.",9300,2025.06.19,53,2,1
213021230,중고나라,이사 정리,SUNFLAG 정밀라쳇드라이버 NO1000,"매장 정리하여, 재고 처분합니다.

완전 미사용/미개봉 새제품입니다.


2개 이상 구매하시면, 1개 외 배송비 빼드립니다.",19500,2025.06.19,44,1,0
213021129,중고나라,이사 정리,SUNFLAG 울트라미니드라이버 NO99-B 2*6.0,"매장 정리하여, 재고 처분합니다.

완전 미사용/미개봉 새제품입니다.


2개 이상 구매하시면, 1개 외 배송비 빼드립니다.",6300,2025.06.19,20,1,0
213020854,중고나라,이사 정리,숫돌 받침대 JCM530 50mm,"매장 정리하여, 재고 처분합니다.

완전 미사용/미개봉 새제품입니다.


2개 이상 구매하시면, 1개 외 배송비 빼드립니다.",6300,2025.06.19,31,2,0
213020608,중고나라,이사 정리,편한손 줄자루 손잡이 야스리 줄,"매장 정리하여, 재고 처분합니다.

완전 미사용/미개봉 새제품입니다.


재고 12개 있습니다.

2개 이상 구매하시면, 1개 외 배송비 빼드립니다.",300,2025.06.19,25,0,0
213020556,중고나라,이사 정리,삼익 다이아몬드줄 원형 F-D180-R,"매장 정리하여, 재고 처분합니다.

완전 미사용/미개봉 새제품입니다.


재고 4개 있습니다.

2개 이상 구매하시면, 1개 외 배송비 빼드립니다.",5000,2025.06.19,11,0,0
213020481,중고나라,이사 정리,삼익 다이아몬드줄 삼각 F-D180-T,"매장 정리하여, 재고 처분합니다.

완전 미사용/미개봉 새제품입니다.


재고 4개 있습니다.

2개 이상 구매하시면, 1개 외 배송비 빼드립니다.",6600,2025.06.19,9,0,0
213020322,중고나라,이사 정리,삼익 다이아몬드줄 사각 F-D180-S,"매장 정리하여, 재고 처분합니다.

완전 미사용/미개봉 새제품입니다.


재고 4개 있습니다.

2개 이상 구매하시면, 1개 외 배송비 빼드립니다.",6600,2025.06.19,10,0,0
213020238,중고나라,이사 정리,삼익 다이아몬드줄 반원 F-D180-H,"매장 정리하여, 재고 처분합니다.

완전 미사용/미개봉 새제품입니다.


재고 3개 있습니다.

2개 이상 구매하시면, 1개 외 배송비 빼드립니다.",5000,2025.06.19,10,0,0
213020109,중고나라,이사 정리,워크프로 스텐헤라 유연 40mm 함마형 WP321009,"매장 정리하여, 재고 처분합니다.

완전 미사용/미개봉 새제품입니다.


2개 이상 구매하시면, 1개 외 배송비 빼드립니다.",2400,2025.06.19,39,1,1
213019863,중고나라,이사 정리,워크프로 스크래퍼 182*89*25mm WP219002,"매장 정리하여, 재고 처분합니다.

완전 미사용/미개봉 새제품입니다.


재고 5개 있습니다.

2개 이상 구매하시면, 1개 외 배송비 빼드립니다.",2400,2025.06.19,27,1,0
213019237,중고나라,이사 정리,워크프로 스크래퍼 WP219004 + 219002,묶음 등록 요청 사항,9900,2025.06.19,37,1,1
213018902,중고나라,이사 정리,워크프로 스크래퍼 152*35*23mm WP219003,"매장 정리하여, 재고 처분합니다.

완전 미사용/미개봉 새제품입니다.


2개 이상 구매하시면, 1개 외 배송비 빼드립니다.",2200,2025.06.19,19,1,0
213018260,중고나라,이사 정리,대건 만능톱 헤라,"매장 정리하여, 재고 처분합니다.

완전 미사용/미개봉 새제품입니다.


재고 14개 있습니다.

2개 이상 구매하시면, 1개 외 배송비 빼드립니다.",2400,2025.06.19,15,0,0
213018028,중고나라,이사 정리,NICE 스크래퍼 HRC46C 1000*90*5mm,"매장 정리하여, 재고 처분합니다.

완전 미사용/미개봉 새제품입니다.


2개 이상 구매하시면, 1개 외 배송비 빼드립니다.",23900,2025.06.19,13,1,0
213017582,중고나라,이사 정리,화이바테이프 폴 샌더,"매장 정리하여, 재고 처분합니다.

완전 미사용/미개봉 새제품입니다.


재고 12개 있습니다.

2개 이상 구매하시면, 1개 외 배송비 빼드립니다.",11400,2025.06.19,19,0,0
213017465,중고나라,이사 정리,천사포 600방 230*280mm 5개입,"매장 정리하여, 재고 처분합니다.

완전 미사용/미개봉 새제품입니다.


재고 2개 있습니다.

2개 이상 구매하시면, 1개 외 배송비 빼드립니다.",3000,2025.06.19,10,0,0
213017188,중고나라,이사 정리,천사포 320방 230*280mm 5개입,"매장 정리하여, 재고 처분합니다.

완전 미사용/미개봉 새제품입니다.


2개 이상 구매하시면, 1개 외 배송비 빼드립니다.",3000,2025.06.19,18,0,0
213017092,중고나라,이사 정리,천사포 220방 230*280mm 5개입,"매장 정리하여, 재고 처분합니다.

완전 미사용/미개봉 새제품입니다.


재고 13개 있습니다.

2개 이상 구매하시면, 1개 외 배송비 빼드립니다.",3000,2025.06.19,15,0,0
213017005,중고나라,이사 정리,종이사포 600방 230*280mm 5개입,"매장 정리하여, 재고 처분합니다.

완전 미사용/미개봉 새제품입니다.


재고 6개 있습니다.

2개 이상 구매하시면, 1개 외 배송비 빼드립니다.",1500,2025.06.19,25,2,0
212995786,중고나라,이사 정리,종이사포 400방 230*280mm 5개입,"매장 정리하여, 재고 처분합니다.

완전 미사용/미개봉 새제품입니다.


재고 9개 있습니다.

2개 이상 구매하시면, 1개 외 배송비 빼드립니다.",1500,2025.06.19,31,0,0
212995658,중고나라,이사 정리,OLFA 스크래퍼 XSR-200,"매장 정리하여, 재고 처분합니다.

완전 미사용/미개봉 새제품입니다.


2개 이상 구매하시면, 1개 외 배송비 빼드립니다.",13600,2025.06.19,55,2,4
212994865,중고나라,이사 정리,삼광 스텐 헤라,"매장 정리하여, 재고 처분합니다.

완전 미사용/미개봉 새제품입니다.


2개 이상 구매하시면, 1개 외 배송비 빼드립니다.",2700,2025.06.19,18,0,0
212988158,중고나라,이사 정리,융한스 막스빌 오토매틱,"📢 제목에 ""제조사/ 브랜드 명""과 “상품명”을 넣어 작성하면, 보다 빠른 판매가 가능합니다! 
📢 게시글 작성 시 배송 방법에 “직거래”와 “내 위치” 설정할 경우, 보다 빠른 판매가 가능합니다! 

융한스 막스빌 오토매틱 시계 판매합니다

- 독일 시계, Bauhaus 디자인이 특징입니다
- 스테인리스 스틸 케이스, 사파이어 크리스탈 글래스
- 오토매틱 무브먼트
- 가죽 스트랩 포함입니다

상태는 사진 참고해주세요
(유리와 뒷판에 스크래치 있음)







🚨회원님의 거래 게시글을 노린 중고나라 운영진 사칭 피싱 사이트를 주의하세요🚨",700000,2025.06.19,61,1,0
212987960,중고나라,이사 정리,세이코 sne573,"📢 제목에 ""제조사/ 브랜드 명""과 “상품명”을 넣어 작성하면, 보다 빠른 판매가 가능합니다! 
📢 게시글 작성 시 배송 방법에 “직거래”와 “내 위치” 설정할 경우, 보다 빠른 판매가 가능합니다! 

세이코 다이버 시계 SNE573 모델입니다

시계 본체 외에 다양한 스트랩 같이 드려요
엉클 브레이슬릿도 함께 판매합니다.

약간의 사용감은 있지만 스크래치나 찍힘 없습니다.
사진으로 상태 확인해주세요







🚨회원님의 거래 게시글을 노린 중고나라 운영진 사칭 피싱 사이트를 주의하세요🚨",550000,2025.06.19,40,0,0
211406361,중고나라,이사 정리,화폐공사 페이커 금메달 507개 한정 희소성,"세종 조치원에 살아요

 왠만하면 직거래 하고 싶어요

인근지역은 오송. 청주. 근처에 잇으면 직거래 합시다",3750000,2025.06.19,100,0,3
212968766,중고나라,이사 정리,ps5 듀얼센스 충전거치대(충전기) +타이틀 꽂이(보관함) 팝니다~~~~~,,25000,2025.06.19,26,0,0
212967903,중고나라,이사 정리,팰릿 Rtx3080 게이밍프로 Oc 10GB,"📢 제목에 ""제조사/ 브랜드 명""과 ""상품명(ex. 맥북 에어 13)”를 넣어 작성하면, 보다 빠른 판매가 가능합니다! 
📢 게시글 작성 시 배송 방법에 “직거래”와 “내 위치” 설정할 경우, 보다 빠른 판매가 가능합니다! 
써멀구리스 재도포 및 써멀패드 겔리드 써멀패드로 작업 완료
바로 사용하시면 됩니다.
팬소음 및 이상 없습니다.
AS 기간 종료입니다.

직거래 대전 동구, 택배 시 파손면책 동의 하에 착불
네고, 교환, 반품 X
타 사이트 업로드 안함.








🚨회원님의 거래 게시글을 노린 중고나라 운영진 사칭 피싱 사이트를 주의하세요🚨",470000,2025.06.19,5,0,0
211959926,중고나라,이사 정리,업소용 포장기계 실링기,"포장기계 실링기 팔아요.

용기 500개도 드립니다(큰거 200개 작은거 300개)",150000,2025.06.19,146,2,2
212935456,중고나라,이사 정리,종이사포 2000방 230*280mm 5개입,"매장 정리하여, 재고 처분합니다.

완전 미사용/미개봉 새제품입니다.


재고 6개 있습니다.

2개 이상 구매하시면, 1개 외 배송비 빼드립니다.",1500,2025.06.18,32,2,0
212935386,중고나라,이사 정리,종이사포 120방 230*280mm 5개입,"매장 정리하여, 재고 처분합니다.

완전 미사용/미개봉 새제품입니다.


재고 6개 있습니다.

2개 이상 구매하시면, 1개 외 배송비 빼드립니다.",1500,2025.06.18,19,1,0
212935287,중고나라,이사 정리,사카즈메 그립식 핸드샌더 6101,"매장 정리하여, 재고 처분합니다.

완전 미사용/미개봉 새제품입니다.


재고 12개 있습니다.

2개 이상 구매하시면, 1개 외 배송비 빼드립니다.",25700,2025.06.18,19,1,0
212935160,중고나라,이사 정리,3M 공업용 수세미 녹제거 헤어라인,"매장 정리하여, 재고 처분합니다.

완전 미사용/미개봉 새제품입니다.


재고 47개 있습니다.

2개 이상 구매하시면, 1개 외 배송비 빼드립니다.",2300,2025.06.18,22,2,0
212934373,중고나라,이사 정리,여름 냉장고 쿨토시,"매장 정리하여, 재고 처분합니다.

완전 미사용/미개봉 새제품입니다.


2개 이상 구매하시면, 1개 외 배송비 빼드립니다.",800,2025.06.18,32,0,0
212934161,중고나라,이사 정리,여름 군모자,"매장 정리하여, 재고 처분합니다.

완전 미사용/미개봉 새제품입니다.


재고 3개 있습니다.

2개 이상 구매하시면, 1개 외 배송비 빼드립니다.",5000,2025.06.18,24,1,0
212934071,중고나라,이사 정리,여름 아토코리아 패션쿨스카프 곤색 CS-1,"매장 정리하여, 재고 처분합니다.

완전 미사용/미개봉 새제품입니다.


재고 4개 있습니다.

2개 이상 구매하시면, 1개 외 배송비 빼드립니다.",5000,2025.06.18,18,0,0
212933539,중고나라,이사 정리,여름 아토코리아 쿨헤어밴드 카모갈색 CH-4,"매장 정리하여, 재고 처분합니다.

완전 미사용/미개봉 새제품입니다.


재고 4개 있습니다.

2개 이상 구매하시면, 1개 외 배송비 빼드립니다.",2200,2025.06.18,28,0,0
212933308,중고나라,이사 정리,여름 아토코리아 쿨바라클라바 곤색 CB-1,"매장 정리하여, 재고 처분합니다.

완전 미사용/미개봉 새제품입니다.


재고 7개 있습니다.

2개 이상 구매하시면, 1개 외 배송비 빼드립니다.",6500,2025.06.18,22,0,0
212932782,중고나라,이사 정리,"ps5 라스트 오브 어스 1,2 (라오어1,2) S급 팝니다~~~~~","📢 제목에 ""제조사/ 브랜드 명""과 ""상품명(ex. 동물의 숲2) ”를 넣어 작성하면, 보다 빠른 판매가 가능합니다! 
📢 게시글 작성 시 배송 방법에 “직거래”와 “내 위치” 설정할 경우, 보다 빠른 판매가 가능합니다! 

새상품 구매후 개봉만 해서 시디구경만 해보고…
방치만해서 팝니다.
상태: 개봉만한 새상품.
가격 65,000원.(네고X,반품X).
반값택배 2,000원추가. 택배 4,000원추가.
직거래: 대전 산내동에서만 가능합니다.
공일공 88공삼 천사
문자주세요~~~~~












🚨회원님의 거래 게시글을 노린 중고나라 운영진 사칭 피싱 사이트를 주의하세요🚨",65000,2025.06.18,35,0,1
212932109,중고나라,이사 정리,여름 아토코리아 쿨멀티두건 곤색 CM-1,"매장 정리하여, 재고 처분합니다.

완전 미사용/미개봉 새제품입니다.


2개 이상 구매하시면, 1개 외 배송비 빼드립니다.",2300,2025.06.18,11,0,0
212931805,중고나라,이사 정리,여름 다기능 멀티 스카프,"매장 정리하여, 재고 처분합니다.

완전 미사용/미개봉 새제품입니다.


재고 41개 있습니다.

2개 이상 구매하시면, 1개 외 배송비 빼드립니다.",400,2025.06.18,13,0,0
212923801,중고나라,이사 정리,58리터 팬더 아이스박스 DO-60,,55200,2025.06.18,17,0,0
212923553,중고나라,이사 정리,30리터 다소니 아이스박스,"매장 정리하여, 재고 처분합니다.

완전 미사용/미개봉 새제품입니다.


2개 이상 구매하시면, 1개 외 배송비 빼드립니다.",29000,2025.06.18,32,1,1
212921269,중고나라,이사 정리,29리터 스티로폼 6호 소 아이스박스,"매장 정리하여, 재고 처분합니다.

완전 미사용/미개봉 새제품입니다.


재고 3개 있습니다.

2개 이상 구매하시면, 1개 외 배송비 빼드립니다.",35100,2025.06.18,23,0,0
212920332,중고나라,이사 정리,7리터 하이쿨 수통 DO-661,"매장 정리하여, 재고 처분합니다.

완전 미사용/미개봉 새제품입니다.",25500,2025.06.18,16,0,0
212901927,중고나라,이사 정리,에어컨 플라이트 피스형 AF060_1 600mm,"매장 정리하여, 재고 처분합니다.

완전 미사용/미개봉 새제품입니다.


재고 6개 있습니다.

2개 이상 구매하시면, 1개 외 배송비 빼드립니다.",6000,2025.06.18,27,0,0
212901508,중고나라,이사 정리,에어컨 캡 70~75,"매장 정리하여, 재고 처분합니다.

완전 미사용/미개봉 새제품입니다.


재고 59개 있습니다.

2개 이상 구매하시면, 1개 외 배송비 빼드립니다.",800,2025.06.18,12,0,0
212901036,중고나라,이사 정리,에어컨 캡 50 (2개입),"매장 정리하여, 재고 처분합니다.

완전 미사용/미개봉 새제품입니다.


재고 6개 있습니다.

2개 이상 구매하시면, 1개 외 배송비 빼드립니다.",1700,2025.06.18,14,0,0
212900730,중고나라,이사 정리,에어컨 배수호스 16mm*30M 1롤,"매장 정리하여, 재고 처분합니다.

완전 미사용/미개봉 새제품입니다.


2개 이상 구매하시면, 1개 외 배송비 빼드립니다.",6800,2025.06.18,27,0,0
212900519,중고나라,이사 정리,실외기 바람막이 소/중,"매장 정리하여, 재고 처분합니다.

완전 미사용/미개봉 새제품입니다.


소 재고 4개 있습니다. (13000원)

중 재고 2개 있습니다. (16700원)

2개 이상 구매하시면, 1개 외 배송비 빼드립니다.",13000,2025.06.18,36,0,0
212899881,중고나라,이사 정리,냉동테이프 회색 0.17T*75mm*30M 에어컨동관용,"매장 정리하여, 재고 처분합니다.

완전 미사용/미개봉 새제품입니다.


재고 2개 있습니다.

2개 이상 구매하시면, 1개 외 배송비 빼드립니다.",500,2025.06.18,22,0,1
212898479,중고나라,이사 정리,[이사정리] 케이컴퍼니 장롱세트 판매합니다.,"📢 제목에 ""제조사/ 브랜드 명""과 “상품명(ex. 4단 책장선반)”을 넣어 작성하면, 보다 빠른 판매가 가능합니다! 
📢 게시글 작성 시 배송 방법에 “직거래”와 “내 위치” 설정할 경우, 보다 빠른 판매가 가능합니다! 
 
 
 
 
 
📢 제목에 ""제조사/ 브랜드 명""과 “상품명(ex. 4단 책장선반)”을 넣어 작성하면, 보다 빠른 판매가 가능합니다! 
📢 게시글 작성 시 배송 방법에 “직거래”와 “내 위치” 설정할 경우, 보다 빠른 판매가 가능합니다! 
-상품명 : 케이컴퍼니 이음2800 장롱세트 
-모델명 : DCMD 장롱세트 화이트 
-구입시기 : 2023.12.15
-사용기간 : 18개월 
-하자여부 : 없음 

구매문의: 010-9930-9762 

용달 비용은 구매자 부담입니다. 
구매 후 연락부탁드립니다. 

단순 거주 지역을 옮겨야해서 판매를 하게 되었습니다. 
혹여 생각이 있으시다면 연락부탁드립니다.



🚨회원님의 거래 게시글을 노린 중고나라 운영진 사칭 피싱 사이트를 주의하세요🚨",150000,2025.06.18,48,1,0
212898333,중고나라,이사 정리,[이사정리]삼성 공기청정기 판매합니다.,"📢 제목에 ""제조사/ 브랜드 명""과 ""상품명(ex. 3000시리즈 전동 면도기)”을 넣어 작성하면, 보다 빠른 판매가 가능합니다! 
📢 게시글 작성 시 배송 방법에 “직거래”와 “내 위치” 설정할 경우, 보다 빠른 판매가 가능합니다! 

-상품명 : 삼성전자 블루스카이 공기청정기 AX033B310GBD
-구입시기 : 2023.12
-사용기간 : 18개월 
-하자여부 : 없음
( 흡연 안하고, 필터 교체하고 사용하시면 될 것 같습니다. )

구매문의: 010-9930-9762 

배송은 구매자 부담입니다.
구매 후 연락부탁드립니다. 

단순 거주 지역을 옮겨야해서 판매를 하게 되었습니다. 
혹여 생각이 있으시다면 연락부탁드립니다.







🚨회원님의 거래 게시글을 노린 중고나라 운영진 사칭 피싱 사이트를 주의하세요🚨",90000,2025.06.18,26,0,0
212897711,중고나라,이사 정리,5K 반사판 히터 HY505A,"매장 정리하여, 재고 처분합니다.

완전 미사용/미개봉 새제품입니다.


재고 7개 있습니다.

2개 이상 구매하시면, 1개 외 배송비 빼드립니다.",75000,2025.06.18,22,0,0
212897442,중고나라,이사 정리,원통형 카본 히터 HYS-3000,"매장 정리하여, 재고 처분합니다.

완전 미사용/미개봉 새제품입니다.


재고 8개 있습니다.

2개 이상 구매하시면, 1개 외 배송비 빼드립니다.",59900,2025.06.18,21,0,0
212897027,중고나라,이사 정리,16인치 벽걸이 세라믹히터 HY-W160,"매장 정리하여, 재고 처분합니다.

완전 미사용/미개봉 새제품입니다.


재고 8개 있습니다.

2개 이상 구매하시면, 1개 외 배송비 빼드립니다.",22800,2025.06.18,34,1,0
212896553,중고나라,이사 정리,SK하이닉스 P41 M.2 2TB SSD 팝니다 2개,"SK하이닉스 P41 M.2 2TB SSD 팝니다

개당 200,000원 이고 2개 400,000원 입니다 

택배비 포함입니다.

뽁뽁이로 잘싸서 파손안되게 보내드릴거지만 혹시모를 파손면책 동의 하에 택배거래 가능하고. 직거래는 세종특별시 가능합니다",400000,2025.06.18,23,0,1
212890674,중고나라,이사 정리,알덴 펜스 플라이어 11인치 275mm AL275,"매장 정리하여, 재고 처분합니다.

완전 미사용/미개봉 새제품입니다.


2개 이상 구매하시면, 1개 외 배송비 빼드립니다.",8200,2025.06.18,22,2,0
212890610,중고나라,이사 정리,모쿠바 미니데코 D-19*600,"매장 정리하여, 재고 처분합니다.

완전 미사용/미개봉 새제품입니다.


2개 이상 구매하시면, 1개 외 배송비 빼드립니다.",22200,2025.06.18,17,0,1
212890547,중고나라,이사 정리,DMB 4인치 PCD 에폭시전용 그라인더용 도끼컵,"매장 정리하여, 재고 처분합니다.

완전 미사용/미개봉 새제품입니다.


2개 이상 구매하시면, 1개 외 배송비 빼드립니다.",49800,2025.06.18,10,0,1
212890473,중고나라,이사 정리,DMB 7인치 우레탄/에폭시전용컵 그라인더용 도끼컵,"매장 정리하여, 재고 처분합니다.

완전 미사용/미개봉 새제품입니다.


재고 8개 있습니다.",76100,2025.06.18,30,0,0
212889894,중고나라,이사 정리,KING 강화유리문 플로어힌지 K8300N 논스톱,"매장 정리하여, 재고 처분합니다.

완전 미사용/미개봉 새제품입니다.",68440,2025.06.18,55,0,1
212889624,중고나라,이사 정리,케이바 8인치 뺀치 FC-108,"매장 정리하여, 재고 처분합니다.

완전 미사용/미개봉 새제품입니다.


재고 4개 있습니다.

2개 이상 구매하시면, 1개 외 배송비 빼드립니다.",24700,2025.06.18,30,0,0
212872990,중고나라,이사 정리,팰릿 Rtx3080 게이밍프로 Oc 10GB,"📢 제목에 ""제조사/ 브랜드 명""과 ""상품명(ex. 맥북 에어 13)”를 넣어 작성하면, 보다 빠른 판매가 가능합니다! 
📢 게시글 작성 시 배송 방법에 “직거래”와 “내 위치” 설정할 경우, 보다 빠른 판매가 가능합니다! 
써멀작업 완료
바로 사용하시면 됩니다.
팬소음 및 이상 없습니다.
AS 기간 종료입니다.

직거래 대전 동구, 택배 시 파손면책 동의 하에 착불
네고, 교환, 반품 X
타 사이트 업로드 안함.








🚨회원님의 거래 게시글을 노린 중고나라 운영진 사칭 피싱 사이트를 주의하세요🚨",500000,2025.06.18,11,0,0
