검색어,채널,제목,링크,요약설명,게시글날짜/언론사
소용량 건기식,blog,"괜찮아! 편의점·다이소 '소용량 건기식' 열풍, 그 이유는?",https://blog.naver.com/livenews101/224025828295,다이소에서도 '소용량'이 대세! 인기 건기식 1~3위 석권 다이소에서도 소용량 건기식의 인기는 뜨겁습니다. 다이소에서 판매되는 건기식 상품 중 1~3위가 모두 30일분 이하의 소용량 패키지 제품이 차지하고... ,20250929
소용량 건기식,blog,"건기식 관련주, '소용량·가성비' 소비 트렌드에 판매 채널 늘린다",https://blog.naver.com/goldmap7/224289199832,"고물가 환경 속에서 '소용량·가성비' 소비 트렌드가 이어지는 한 성장 여지가 충분할 것으로 보입니다. 건기식, 특허출원 증가 케이푸드(K-Food) 열풍이 식품분야 특허출원 증가로도 입증되고 있는데요. 최근... ",20260518
소용량 건기식,blog,"소용량 건기식, 편의점·다이소에서 ‘불티’",https://blog.naver.com/gon791213/224025766180,건강기능식품(건기식) 시장에서 ‘소용량 패키지’ 열풍이 불고 있습니다. 과거: 약국·전문점에서 3~6개월 대용량 중심 현재: 편의점·다이소 같은 생활밀착형 채널에서 7일·10일·30일 소포장 제품 인기... ,20250929
소용량 건기식,blog,5천원 건기식·3천원 화장품…편의점 '소용량·가성비' 경쟁... ,https://blog.naver.com/inspectionengineer/223975252409,"브이티 투자 전략 업데이트 (편의점 채널 확장편) 1️⃣ 배경 2025년 8월, CU·GS25·세븐일레븐 등 편의점 3사가 화장품·건기식 소용량 상품 라인업을 확대. 브이티는 CU와 제휴 → 컬러 리들샷 미니 사이즈... ",20250819
소용량 건기식,blog,소용량 패키지 건기식 매출 19배 폭발! CU·다이소 가성비 추천... ,https://blog.naver.com/creta22/224025519643,"소용량 패키지 건기식 트렌드가 뜨겁다! CU 편의점 매출 19배 증가, 다이소·정관장·hy의 저가 소포장 제품으로 MZ세대·1인 가구가 부담 없이 건강 챙기기. 소용량 패키지로 건기식, 이제 누구나 쉽게! 매출... ",20250929
소용량 건기식,blog,소용량 가성비 건기식이 불티나게 팔린다,https://blog.naver.com/kyd318/224025549472,단위 소용량 예: 애경 ‘어성초 칼라민 진정콕 스팟’ 10ml 완판 사례 또한 아래는 건기식 브랜드 ‘hy / 브이푸드’ 입니다: 소용량 건기식-V. Food 칼슘 3. 이 전략이 성공할 수 있었던 이유 및 유의점 성공 요인... ,20250929
소용량 건기식,blog,다이소 건기식 판매 / 무신사... GS25 소용량 뷰티 / 당근 알바... ,https://blog.naver.com/lyn2857/223766168300,"다이소에서 이젠 ‘건기식’도 판다… 올리브영과 경쟁 격화 조선비즈 다이소가 24일부터 200개점을... 3000원대 ‘소용량·고품질’ 화장품 출시…가성비 뷰티 시장 공략 이코노미스트 GS25가 소용량, 고품질의... ",20250219
소용량 건기식,blog,"&lt;화장품&gt; 건기식(이너뷰티), 또하나의 K뷰티가 될 수 있을까?",https://blog.naver.com/forsword/224236682116,"GS25는 2025년 8월부터 소용량 건기식 판매를 본격화한 후 현재 5,000여개 매장에서 30여종 제품을 판매 중이다. CU의 지난 2월 건기식 매출은 2025년 8월 대비 132% 증가했으며, 10여종에서 25종까지 증가했다. 국내... ",20260401
소용량 건기식,blog,"원’으로 시작하는 건강관리, 다이소가 불 붙인 ‘건기식 전쟁’",https://blog.naver.com/mkresearch/224056137865,"‘저가·소용량’ 건기식 구매 경험률 높은 편 - 77.2%, “다이소에서 더 다양한 건기식 판매했으면…” - 10명 중 8명, “’건강관리’도 하나의 스펙” - ‘건강기능식품’ 일상적인 ‘루틴’으로... ",20251028
소용량 건기식,blog,"소비자단체협, 다이소 건기식 판매 제약사 보이콧에... ",https://blog.naver.com/gunbo-blog/223788800357,소비자단체협의회는 성명을 통해 “소비자들은 이들 제약사의 소용량 건기식을 싼 가격에 구매할 수 있어 높은 관심을 보였다. 그러자 약사단체가 다이소의 건기식 판매를 반대하며 제약사에 대한 보이콧을... ,20250308
소용량 건기식,blog,K뷰티 (+건기식) 섹터에 대한 짧은 생각,https://blog.naver.com/summer-nights/224234519113,"다이소: 25년 2월 3개 브랜드·30개 SKU → 26년 2월 14개 브랜드·100개 SKU GS25: 25년 8월부터 소용량 건기식 판매 본격화한 후 현재 5,000여개 매장에서 30여종 제품 판매 중 CU: 26년 2월 건기식 매출은 25년 8월... ",20260330
소용량 건기식,blog,"네이처가든, 창고형 대형 약국까지… 가성비 건기식 채널 확장",https://blog.naver.com/horong_s/224190401074,이 과정에서 건기식 판매 방식도 채널별로 역할이 갈립니다. 다이소·편의점은 소용량·저가로... 대용량건기식 #소용량건기식 #묶음판매 #일상건강관리 #비타민 #유산균 #홍삼 #한방건기식 #정원삼 #가희담... ,20260221
소용량 건기식,blog,"다이소에서 시작된 ‘저가 건기식 열풍’, 편의점까지 확대됐다",https://blog.naver.com/suzy_me/224087659714,한동안 역성장 흐름을 보였던 시장이 다이소와 편의점의 저가·소용량 전략을 중심으로 확실한 반등... #건기식추천 #소용량건기식 #다이소영양제 편의점도 가세… GS25·CU·세븐일레븐의 ‘저가 건기식... ,20251125
소용량 건기식,blog,GS25 일본 직구 젤리 건기식 출시 UHA 미카쿠토 구미서플리... ,https://blog.naver.com/d2_c1/224160216419,"GS25는 출시를 기념해 2월 말까지 4900원에 할인 판매하는 프로모션을 진행하여, 건기식 섭취가 낯선 신규 고객들도 부담 없이 구매할 수 있는 환경을 조성했습니다. &quot;소용량 건기식 카테고리의 진화... ",20260126
소용량 건기식,blog,올영 이너뷰티부터 다이소 편의점 가성비 영양제 건기식까지,https://blog.naver.com/protouristella/224087729207,‘운동’보다 ‘건기식 쇼핑’을 더 즐기고 있어요 특히 다이소 편의점 올리브영 모두 건기식... 모두 소용량 건기식 라인을 도입했어요 전국 5000개 이상의 점포에서 비타민 다이어트 보조제 에너지젤을... ,20251125
소용량 건기식,blog,요즘 MZ들 사이서 난리라는 편의점 건기식 열풍!,https://blog.naver.com/sn98142/224046979238,"특히 이 제품들의 특징은 “5,000원 이하”, “소용량 패키지”, 그리고 “바로 구매 가능한 편의성”을 갖췄다는 점입니다. GS25 측은 “5000원 이하 소용량 건기식이 ‘건기식 입문자’들의 구매를 이끌고... ",20251020
소용량 건기식,blog,"편의점 CU, 5000원 건기식으로 헬스케어 시장 진출! 다이소와... ",https://blog.naver.com/insightbank/223949783267,대상 소용량 건기식 트렌드의 배경 왜 소용량일까? 기존 건기식의 문제점들: 30일~90일치 대용량으로 인한 높은 초기 비용 효과를 모르는 상태에서의 부담스러운 구매 복용 중단 시 남는 제품에 대한 아쉬움... ,20250728
소용량 건기식,blog,[코이페 트렌드] 건기식 업계의... 소포장 건기식이 보여주는... ,https://blog.naver.com/utis_expo/224044598841,"왜 이들은 '소포장, 소용량' 건기식에 열광하는지 궁금하지 않나요? 1. 3개월 만에 19배 성장! '미니... &lt;KEY POINT&gt; MZ세대와 1인 가구를 중심으로 5,000원 이하의 소용량 건기식이 편의점과 다이소 등 생활 밀착형... ",20251017
소용량 건기식,blog,MZ세대는 이렇게 먹는다! ‘다이소 건기식’ 열풍 이유 총정리,https://blog.naver.com/forsuloving/224069841625,"20대 26.5%, 30대 28.5%가 여러 건기식을 병행 복용 중장년층보다 다각도 건강관리 욕구가 높다는 분석입니다.  저가·소용량 건기식의 확산 저가·소용량 제품은 단순한 유행이 아니라 시장 구조 변화를... ",20251111
소용량 건기식,blog,&quot;다이소 가면 이건 무조건 사야 돼&quot;…저가 건기식 열풍... ,https://blog.naver.com/ymr000128/224088550482,"건기식 시장에 뛰어들면서 경쟁이 한층 치열해졌습니다. GS25는 8월부터 5000원 이하 소용량 건기식을... 앞으로 합리적 소비, 소용량 제품, 편의점 판매가 건기식 시장의 핵심 트렌드로 자리 잡을 것으로... ",20251126
소용량 건기식,blog,"건기식(이너뷰티), 또하나의 K뷰티가 될 수 있을까?_종대형님..... ",https://blog.naver.com/tama2020/224236701597,"GS25는 2025년 8월부터 소용량 건기식 판매를 본격화한 후 현재 5,000여개 매장에서 30여종 제품을 판매 중이다. CU의 지난 2 월 건기식 매출은 2025년 8월 대비 132% 증가했으며, 10여종에서 25종까지 증가했다. 이... ",20260401
소용량 건기식,blog,"편의점 다이소 건기식 19배 폭등, 관련주 투자 기회",https://blog.naver.com/money-study-/224025351867,"CU의 건기식 판매 품목에 제품이 포함되어 있으며, 소용량 시장 확대로 매출 증가 기대. 단기적으로는... 동화약품 주요 제약사로 언급되었으며, 소용량 건기식 시장 확대에 따른 간접적인 수혜가 예상됩니다.... ",20250929
소용량 건기식,blog,&quot;보이는 대로 쓸어 담자&quot; 다이소가 촉발한 '초저가 건기식' 혁명!... ,https://blog.naver.com/clean127/224088375784,균일가 건기식 출시 후 폭발적인 반응을 얻었습니다. 전략: 소용량·소포장 구성으로 부담을 낮춰... 저가/소용량 건기식 모델을 도입했습니다. GS25: 5000원 이하 소용량 제품을 전국 5000여 개 매장에 배치... ,20251126
소용량 건기식,blog,"건기식 관련주, 다이소·편의점 입점에 이어 해외 수요까지... ",https://blog.naver.com/goldmap7/224098143180,GS25는 최근 건기식 30여종 누적 판매량이 100만개를 돌파했고요. 5000원 이하 소용량 건기식 상품 판매를 시작한지 약 석 달 만입니다. 프리미엄 선물로도 주목받고 있는데요. 롯데백화점 본점과 잠실점의... ,20251209
소용량 건기식,blog,"건강기능식품 소용량 패키지, 편의점에서 매출 19배 뛴 이유",https://blog.naver.com/picksomeplus/224025275698,여러분은 대용량과 소용량 건기식 중 어떤 쪽을 더 선호하시나요? 댓글로 의견을 남겨주시면 재미있을 것 같네요! #건강기능식품 #소용량패키지 #편의점건기식 #다이소건강식품 #정관장에브리타임... ,20250929
소용량 건기식,blog,편의점의 건강 혁명! CU와 GS25의 건기식 전쟁,https://blog.naver.com/breelysea/223926853471,"이들은 오는 8월부터 3000여 개 점포에서 건기식 판매를 시작할 예정인데, 가격이 5000~6000원으로 다이소와 비슷하다고 하니 일명 ‘소용량 건기식’ 열풍이 다시 불 것 같아요. 건기식을 처음으로 도입한... ",20250709
소용량 건기식,blog,"“CU 전국 6,000곳서 건기식 판매 개시…‘1+1에 60% 할인’... ",https://blog.naver.com/zidan_e/223949551902,협업해 소용량·고품질 제품 라인업을 확대할 계획이라고 밝혔습니다. --- 2. 사실 확인 및 해석 판매... --- #CU건강기능식품 #CU건기식 #BGF리테일 #종근당 #동화약품 #편의점건기식 #소용량건기식 #소비쿠폰활용... ,20250728
소용량 건기식,blog,다이소건기식 내돈내산 분석 엘지생활건강 신제품 영양제 추천,https://blog.naver.com/dog4495/223952280867,다이소는 가성비 중심으로 소용량의 건기식을 판매하고 있는데요! 요즘은 편의점에도 건기식을 본격적으로 판매하면서 전국 단위의 편의점에서 다양한 제품들을 24시간 언제든지 구매하고 섭취할 수 있게... ,20250730
소용량 건기식,blog,"다이소 건기식 인기 이유, 요즘 2030이 5천원 영양제를 찾는... ",https://blog.naver.com/4bani/224288939126,다이소 건기식이 인기인 이유는 단순히 저렴해서만은 아닌 것 같아요. 일단 접근성이 정말 좋아요. 퇴근길에 잠깐 들러서 필요한 영양제를 부담 없이 볼 수 있다는 게 생각보다 크더라고요. 그리고 소용량... ,20260518
소용량 건기식,blog,5000원 건기식 돌풍에…편의점도 '결단,https://blog.naver.com/carpediem0731/223950704910,"한국의 편의점 CU가 7조 원 규모의 건강기능식품(건기식) 시장에 진출하며, 2025년 7월 28일부터 전국 6,000개 점포에서 5,000원 이하 소용량 건기식 11종을 판매한다. 종근당, 동화약품과 협업해 눈 건강, 간... ",20250729
소용량 건기식,blog,"다이소 건기식 판매중단 위기에...소비자단체협의회, 약사회 질타",https://blog.naver.com/foodtoday1/223787455227,"그러면서 &quot;이는 성분, 함량, 원산지에 차이를 뒀으며 기존 건기식 제품이 36개월 분량인 것과 달리, 1개월분 단위로 판매함에 따라 가격 부담을 줄였다. 이에 따라 소용량 건기식을 싼 가격에 구매할 수 있어... ",20250307
소용량 건기식,blog,경제와 삶/ “다이소·편의점서 간식처럼”…건기식 ‘소용량... ,https://blog.naver.com/jchs07/223993935725,,20250903
소용량 건기식,blog,다이소·편의점 ‘건기식 대전’,https://blog.naver.com/seeyusoon/223947054672,#건강기능식품 #다이소건기식 #편의점건기식 #GS25건강식품 #CU건기식 #가성비건기식 #소용량건강식품 #제약사협업 #건강트렌드 #생활밀착건기식 #편의점비타민 #다이소영양제 #이너뷰티 #피로회복영양제... ,20250725
소용량 건기식,blog,유한양행 100주년 ‘삐콤씨’ 출시…건기식 시장 지금 사도... ,https://blog.naver.com/diehard20811/224270230192,3️⃣ 건기식 시장 변화  요즘 트렌드 ✔ 소용량 ✔ 간편 섭취 ✔ 구미 형태 대표 사례  종근당  ‘데일리와이즈’  핵심  약 → 간식 형태로 변화 출처 : https://n.news.naver.com/mnews/hotissue... ,20260501
소용량 건기식,blog,"건강을 챙기다: 다이소 대신 CU, 5000원 건기식 열풍!",https://blog.naver.com/sunhoo272/223990072407,편의점에서 우연히 소용량·저가격 건기식을 보고 구매를 시도하는 MZ세대가 많다는 점을 강조했습니다. 이러한 소비 패턴은 즉각적인 편의성과 합리적인 가격을 중시하는 MZ세대의 특징을 잘 보여줍니다.... ,20250831
소용량 건기식,blog,다이소건기식 종근당영양제 종류 6종 다 먹어본 솔직후기,https://blog.naver.com/akdnsxlds/224247670982,않을까 소용량 구성 덕분에 여러 제품을 부담 없이 테스트해볼 수 있다는 것이 가장 큰 장점이라고 본다 가성비 건기식을 찾는 2030세대 직장인이라면 특히 추천한다. 4. 필수체크 ★ 6종을 한꺼번에 챙기려면... ,20260410
소용량 건기식,blog,편의점 건기식시대,https://blog.naver.com/gaundae/223990183169,"“약국이 닫힌 늦은 밤이나 출근길에 피곤할 때, 편의점에서 피로회복제나 밀크씨슬을 자주 사요.” 다이소 대신 편의점으로 사실 소용량·저가격 건기식은 다이소 같은 생활용품점에서도 판매되고... ",20250831
소용량 건기식,blog,2026.4.23.(목) 시장 정리 : 삼성전자 상승에 코스피 사상... ,https://blog.naver.com/woonerhyung/224262818842,특히 편의점은 30~40대 여성 고객을 타깃으로 다이어트 등 맞춤형 소용량 건기식 라인업을 크게 늘리고 있음 ㅇ 중국 시장에서는 규제를 피해 해외 유명 건기식 브랜드를 온라인 해외직구로 구매하는... ,20260423
소용량 건기식,blog,"올리브영 vs 다이소 vs 편의점(화장품,건기식 유통시장 삼파전)",https://blog.naver.com/yariara/223870404363,"협업) 소용량 화장품·건기식 위협 요소 D2C·다이소 가격 경쟁 약사협회 규제 리스크 점포 포화·마진 압박 2. 다이소의 초저가 전략: 건기식 시장 판도를 뒤흔들다 가격 충격과 시장 변화 5,000원... ",20250519
소용량 건기식,blog,다이소 건기식에 이어 미니가전 돌풍 예고,https://blog.naver.com/kindness89/223993257186,"■소용량 패키지의 장점 대용량 건기식은 유통기한을 다 못 쓰고 버리는 경우가 많았는데, 소용량은 필요할 때만 구입해서 챙길 수 있어 합리적입니다. 특히 1인 가구나 MZ세대에게 딱 맞는 소비 방식입니다.... ",20250903
소용량 건기식,blog,MZ세대는 편의점에서 '이것' 산다? 5000원 건기식 트렌드 분석!,https://blog.naver.com/wiselife000/223994767566,"특히 **소용량, 저가격**의 건기식을 찾는 MZ세대 소비자가 폭발적으로 늘고 있다고 하는데요. '헬시플레저' 트렌드를 이끄는 MZ세대의 새로운 소비 방식을 자세히 살펴볼까요?  편의점 건기식 시장... ",20250904
소용량 건기식,blog,데일리와이즈 다이소영양제 다이소건기식 | 종근당... ,https://blog.naver.com/myeong_s/224248205288,다이소건기식으로 종근당 데일리와이즈 제품을 직접 확인해봤어요. 이번에 만나본 건 리스펙타... 종근당에서 나온 데일리와이즈 건강기능식품은 일상에서 부담 없이 챙길 수 있도록 소용량 + 가성비 중심으로... ,20260410
소용량 건기식,blog,"[뉴스읽기] 편의점 CU, 이달 건기식 판매 본격 추진…전국... ",https://blog.naver.com/willitmoney/223917624713,"편의점에서 소용량, 저가로 건기식을 판매하면 국내 소비가 증가하는 효과와 출시되는 제품수가 증가하는 효과가 있을거다. 화장품 시장처럼 건기식 브랜드사는 경쟁이 치열해지고 비용도 증가하겠지만... ",20250701
소용량 건기식,blog,Qoo10 매출 60% 성장: 일본 소비자가 한국 건기식에 주목하는... ,https://blog.naver.com/g-futures/224219385853,"(이하 건기식)에 대한 관심이 높은 것이 하나의 요인입니다. 출처 : H&amp;I global research 또한 최근 MZ 세대의... 출처 : 로컬세계 ➡️ 방한 일본인 타겟 ‘체험 설계’ 전략 팝업만이 아니라, 체험용 소용량... ",20260317
소용량 건기식,blog,"다이소 건기식, 한 달에 3000원? 가격과 종류, 논란 총정리",https://blog.naver.com/hit7kim/223774972373,"우선 다이소 건기식은 1개월분 소용량으로 구성되었습니다. 약국에서 판매되는 제품들은 보통 2개월, 3개월 또는 6개월분 용량 등으로 구성되어 있어있는 거죠. 한 번 구매할 때 금액이 더 크게 느껴지는 경우가... ",20250226
소용량 건기식,blog,다이소 영양제 매장 건강기능식품 건기식 파는곳 올해부터 바뀐... ,https://blog.naver.com/realityfis/224260732040,https://storyarenakr.com/다이소-영양제-매장-건강기능식품-건기식-파는곳-제/ 가장 먼저 알아야 할 것... 초보자라면 소용량을 먼저 구매하고 반응을 관찰하세요. 또한 제품을 바꾸면 일주일 정도 반응을 체크하세요.... ,20260422
소용량 건기식,blog,국내 편의점 업계의 건강기능식품(건기식) 시장 진출 흐름을... ,https://blog.naver.com/ez010/223919724177,"최근 2~3년간 CJ올리브영과 다이소가 빠르게 선점한 건강·웰니스 시장에 대응하며, CU와 GS25가 PB 중심 소용량·이중제형 건기식 판매에 속도를 내고 있습니다.  CU: 6000여 점포 자발적 참여로 조기 런칭 항목... ",20250702
소용량 건기식,blog,다이소 건기식 3천원 영양제 믿고 먹어도 될까?,https://blog.naver.com/yms7136/223776244231,"비타민, 루테인, 오메가3 같은 건강기능식품(건기식)이 전국 200여 개 다이소 매장에서 판매되고... 소포장 전략 보통 건강기능식품은 3~6개월 단위로 판매되지만, 다이소에서는 한 달 치 소용량으로 구성했어요.... ",20250227
소용량 건기식,blog,상봉 다이소 건기식 종류 추천 성분 파는 곳,https://blog.naver.com/odh8164/223975250675,"다이소 건기식 가격대 &amp; 브랜드 가격은 역시 다이소답게 착하게 구성되어 있어요 대부분 3,000원~5... 제품들이 소용량 패키지로 입점해 있는 구조예요! “싼 게 비지떡 아냐?” 싶을 수도 있지만 소분 패키지라서... ",20250819
소용량 건기식,blog,"다이소 넘어 약국까지 가성비 건기식, 이젠 '여기'서 사세요!",https://blog.naver.com/jenny_tech/224190517749,다이소나 편의점 같은 우리 주변에서 흔히 볼 수 있는 곳에서도 다양한 건기식을 만나볼 수 있게 되었어요. 이런 채널들이 성공할 수 있었던 비결은 바로 '소용량'과 '저가' 전략 덕분이죠. 부담 없이 한번 사서... ,20260221
소용량 건기식,blog,소용량 건강기능식품 인기 상승 이유와 소비 패턴 변천,https://blog.naver.com/sonzt2qf/224223634615,"대용량 제품은 비용이 상당했지만, 소용량은 5,000원 이하로 구매할 수 있어요. 1인 가구나 MZ세대가 쉽게 선택할 수 있는 이유가 바로 이 가격이에요. 처음 건기식을 접하는 사람에게는 “효과가 있을까?”라는... ",20260326
소용량 건기식,blog,2026 건강기능식품 시장 6조원 시대! 셀프케어 트렌드와 유통... ,https://blog.naver.com/iamthkim/224218542356,"유통업계 공략 전략: ‘소용량·저가·체험형’으로 승부 다이소: 균일가(3,000~5,000원) 건기식 대표... 편의점건기식 #올리브영웰니스 #소용량건기식 #저가건기식 #건강기능식품전망 #웰니스트렌드",20260316
소용량 건기식,blog,"다이소 영양제 가격, 건기식 판매, 약국과의 차이점 비교 추천",https://blog.naver.com/dkebsptm357/223775241648,"판매 가격 대부분 제품이 5,000원, 일부 제품은 3,000원이라는 초저가 판매 (기존 약국 건기식보다 최대 5배 이상 저렴) ※ 이처럼 다이소에서는 한 달 분량의 소용량 제품을 저렴한 가격에 판매하면서, 소비자들의... ",20250226
소용량 건기식,blog,'25.8.20(수) F&amp;B 뉴스 클리핑,https://blog.naver.com/9797hyun/223976679098,커피 배달에 1+1 건기식까지… 불황 극복 나선 CU 편의점 CU가 배달 플랫폼과 손잡고 편의점 커피 배달... 아울러 소용량 건기식과 뷰티제품도 강화하여 경쟁력을 높여갈 계획. -. “핫플에서 공실지대로”... ,20250820
소용량 건기식,blog,커지는 '건기식'시장..이제는... 이후'대중적'건기식 판매... ,https://blog.naver.com/marsool/223874372299,"GS25 올해 8월 이후 '대중적' 건기식 판매 비타민, 유산균 같은 대중적인 건기식 상품을 중심으로 편의 점 소비 형태에 맞춰 소용량 형태로 출시할 예정이랍니다. 가격이 중요하겠죠. 가격은 평균 5천원에서 6천원... ",20250522
소용량 건기식,blog,"(ToThink) 250701_ CU 건기식 특화매장, 수입식품 증가, SSG... ",https://blog.naver.com/auntie_jeomo/223917661812,"division=NAVER CU는 전국 6천개 점포를 건강기능식품(건기식) 특화 매장으로 지정 CU는 유명 제약사와 손잡고 편의점 고객층에 맞춘 소용량, 고품질, 합리적 가격의 건기식을 지속 선보일... ",20250701
소용량 건기식,blog,[3월 1주 차 E-Pick] 건기식 광고 / 캐릭터 마케팅 / 소분... ,https://blog.naver.com/e-ruda_marketing/223783474363,오늘은 건기식 광고 / 캐릭터 마케팅 / 소분 마케팅 / 네이버 카카오 이용시간 / 국내 OTT 소식을... 소비자들의 소용량 식품 구매 경험률이 74%로 높은 비율을 차지하고 있어 소분 마케팅을 계속 유지될... ,20250304
소용량 건기식,blog,“3000원·5000원 건기식 통했다”…다이소·편의점발 시장... ,https://blog.naver.com/hnthealthcare/224095756549,저가·소용량 경쟁과 합리 소비 확산 다이소·편의점을 중심으로 한 오프라인 판매가 늘어 건기식 시장 2년 만에 반등 국내 건강기능식품 시장이 다이소와 편의점을 중심으로 한 저가·소용량 경쟁에 힘입어... ,20251202
소용량 건기식,blog,"편의점, 다이소 가성비 건기식 구매 전 필독 가이드",https://blog.naver.com/skc3131/223970279969,보통 10일 치 내외의 소용량으로 포장되어 있어 부담 없이 '한번 먹어볼까?' 시도해 보기에도 딱 좋아요. 덕분에 중장년층의 전유물로 여겨졌던 건기식이 이제는 젊은 층에게도 훨씬 친숙하게 다가오고... ,20250814
소용량 건기식,blog,[프랜솔 뉴스래터] 중간은 사라졌다.│2월 2주차 프랜차이즈... ,https://blog.naver.com/wesop_co/224189714319,"올영·편의점에 배민까지… ‘소용량 건기식’ 경쟁 치열 3. 한국 소비자 잡아라…글로벌 외식 브랜드, 줄줄이 상륙 중 4. 고가 카페 프랜차이즈, 커피 아닌 ‘취향’을 판다 5. &quot;가성비 한끼 옛말&quot;…햄버거... ",20260220
소용량 건기식,blog,건기식 공장들이 미쳐 날뛰는 이유는 다이소 3000원 비타민... ,https://blog.naver.com/caesar967/224087629301,"이거 되네?” 하고 전쟁에 뛰어들었어요 GS25 : 5000원 이하 건기식 전국 5000개 매장 배치 CU : 6000개 매장 판매 시작, 매출이 월마다 폭증 세븐일레븐 : 12종 늦게 출시했지만 3500원 소용량 전략 이제 편의점... ",20251125
소용량 건기식,blog,GS25단독출시 UHA미카쿠토구미서플리 3종 소식,https://blog.naver.com/dreampori/224164982361,"실제로 GS25는 ✔ 지난해 8월부터 5,000원 이하 소용량 건기식을 중심으로 건강 카테고리를 꾸준히 확장 중이에요. 현재는 전국 5,000여 개 매장이 건기식 인허가를 취득 30여 종의 관련 상품을 운영하고... ",20260130
소용량 건기식,blog,한가인 영양제 건기식 건강기능식품 드시모네 유산균... ,https://blog.naver.com/smilek17/223659645036,한가인 건기식 안살 수가 없더라고요 진짜 샀답니다ㅋㅋㅋ 시술받고 병원가는 것보다 그래도... 비건인증 소용량이라서 기내반입도 가능 한가인보다 저는 저렴한 가격으로 겟했네요 가격변동은 있을 수... ,20241114
소용량 건기식,blog,유통가 '저가 경쟁'에 불 붙은 건강기능식품 시장! 다이소... ,https://blog.naver.com/dydtjsdl0924/224086671566,"편의점 3사, 소용량·저가 건기식으로 '대격돌' 다이소발(發) 저가 경쟁은 편의점 업계로 빠르게 확산되었습니다. GS25, CU, 세븐일레븐 등 주요 편의점 3사는 올 하반기부터 5000원 이하의 소용량 건기식 상품을... ",20251124
소용량 건기식,blog,&quot;다이소 가면 이건 꼭 사야&quot; 초대박 났다는 &quot;이것&quot;,https://blog.naver.com/dlaxotjd2845_/224087893796,"GS25는 지난 8월부터 5000원 이하 소용량 건기식 상품군을 전국 5000여 개 매장에 배치했으며, 비타민, 다이어트 제품 등 주력 상품을 1주~1개월 단위 소용량 패키지로 출시하고 있는데요..올해 건기식 누적... ",20251126
소용량 건기식,blog,3900원짜리 화장품이 백화점에? 다이소 무신사 올리브영... ,https://blog.naver.com/ecosketch21/224177968694,"3만 원짜리 세럼 하나 사는 대신, 3000원짜리 소용량 제품을 여러 개 써보고 자기 피부에 맞는 걸... 이하 소용량 건기식을 본격 판매하기 시작해서 지금은 전국 5000여 개 매장을 건기식 특화 매장으로... ",20260211
소용량 건기식,blog,“편의점에서 건기식이?!” 전연령대가 찾는 건강기능식품의... ,https://blog.naver.com/khun0828/224047101016,"본론 3 — 다이소·편의점의 차별 전략 균일가 생활용품점 다이소에서는 약 2천원대의 미니 건기식을, 편의점에서는 프리미엄 소용량 제품을 중심으로 선보이고 있습니다. 다이소: 가성비 중심, “처음 먹어보는... ",20251020
소용량 건기식,blog,"건강기능식품 시성비 시대, 바쁜 직장인이 1분 만에 건강... ",https://blog.naver.com/moonpark2024/224180586870,"편의점 CU는 종근당건강, 동화약품 등 6개 제약사와 손잡고 소용량 건기식 10여 종을 6,000개 이상 매장에서 판매하기 시작했어요. 올리브 영에서는 젤, 샷, 스틱 형태의 간편 섭취 건기식 검색량이 크게 늘었고... ",20260211
소용량 건기식,blog,"2025. 09. 02 주요 신문 기사 정리 : 몸집 커진 뷰티페스타, 그... ",https://blog.naver.com/ffwangu85/223996276004,"다이소 &amp; 편의점서 간식처럼, 건기식 소용량 &amp; 저가 승부수 6. 관광객 씀씀이까지 줄어, 곡소리 더 커진 면세점 7. 고물가에 짠물소비, 2분기 가구 먹거리 지출 9년 만에 가장 적었다. 2025. 09. 02",20250905
소용량 건기식,blog,약국의 위기와 건기식 유통 전쟁,https://blog.naver.com/sineaho/223972083682,"유통 채널 매장 수 건기식 전략 다이소 100개 균일가 3,000~5,000원, 소량 판매 GS25 55,000개 5,000원대 소용량, 2025년 8월 확대 예정 CU 55,000개 5,000원대 건기식 확대 중 편의점과 다이소의 가격 경쟁력은 약국이... ",20250823
소용량 건기식,blog,"26년 올리브영 상반기 채용대비 주요이슈, 웰니스 전략",https://blog.naver.com/ffwangu85/224179905202,엔트리 카테고리의 성공 3) 잘 채우기(영양제)의 보완 필요 건기식 소용량 구매 가능한 점은 고무적입니다. &lt;발췌 : lazybutfastmag&gt; 전술드렸듯이 매출 규모도 크고 기대감도 높은 영양제... ,20260211
소용량 건기식,blog,다이소 영양제 건기식 총정리!,https://blog.naver.com/matter_0094/223915495016,"다이소 영양제 건기식의 장단점 비교 장점 가격이 매우 저렴해 부담 없이 구매 가능 간편하게 시도해볼 수 있는 소용량 패키지 전국 어디서나 구입 가능, 접근성 뛰어남 단점 성분 함량이 낮은 경우가 있음 일부... ",20250629
소용량 건기식,blog,"편의점 건기식 5천원 (다이소, GS25·CU도 뛰어든다!... ",https://blog.naver.com/alex831214/223957712756,#건강기능식품 #편의점건기식 #GS25비타민 #CU건강식품 #다이소건기식 #가성비비타민 #비타민오메가3 #유산균편의점 #루테인 #건강소포장 #소용량건강식품 #직장인영양제 #1인가구건강관리 #가성비영양제... ,20250805
소용량 건기식,blog,"3,000원대 건기식에 흔들린 약국…유한·동아·일동과 꺼낸... ",https://blog.naver.com/foodtoday1/224106205944,"뉴스 3,000원대 건기식에 흔들린 약국…유한·동아·일동과 꺼낸 반격 카드 푸드투데이 황인선 기자 001... CU와 세븐일레븐 역시 3,000원대 소용량 제품을 전국 수천 개 매장에서 즉시 공급하며 경쟁에 가세했다.... ",20251211
소용량 건기식,blog,12월 5주차 건기식 뉴스 브리핑,https://blog.naver.com/novarex_marketing/224126928683,"이색 식문화에 대한 개방성이 높아진 소비자들과 독특한 풍미와 간편함, 가격 경쟁력을 가진 아시아권 식품이 소용량 패키지와 성공적인 현지화로 아시아 시장의 글로벌 점유율이 더욱 확대될 것으로... ",20251229
소용량 건기식,blog,"3,000원 건강기능식품의 반란, 다이소가 편의점까지 바꿨다",https://blog.naver.com/life_balance119/224088551872,"편의점 주요 전략 성과 GS25 8월부터 5,000원 이하 소용량 건기식 출시 누적 판매량 100만 개 돌파 CU 7월... 다이어트·미용 건기식에 집중. 1~10월 매출이 전년 동기 대비 41% 급증. 업계 전망: 소용량·저가 제품... ",20251126
소용량 건기식,blog,"건기식 관련주, 건강기능식품 시장이 커진다!",https://blog.naver.com/goldmap7/223986675521,"유통업계에 따르면 국내 편의점들은 매장에서 건기식 판매에 돌입했음. 제약사와 협업해 소용량 패키지로 구성했고, 가격은 5000원 균일가로 책정했는데요. BGF리테일(CU) : 지난달 28일부터 전국 6000여 점포... ",20250828
소용량 건기식,blog,"건강기능식품(건기식) 전쟁에 편의점, 리테일기업도 가세(ft.... ",https://blog.naver.com/jksuccess25/223919021453,"CU는 자체 테스트 결과를 바탕으로 “소용량, 고기능성 제품 위주로 10여 종을 먼저 출시한 후, 판매 반응에 따라 제품군을 늘릴 계획”이라고 밝혔습니다. 실제로 지난해 11월 CU 명동역점에서 건기식... ",20250704
소용량 건기식,blog,"건기식 관련주, 건강기능식품 시장의 성장과 주목할 만한... ",https://blog.naver.com/haessje/223990921950,"특히 편의점들은 제약사와 협력해 5,000원대의 소용량 패키지를 출시하며 젊은 층을 중심으로 신규 고객을 확보하고 있습니다. 건기식이 더 이상 특별한 목적을 가진 소수만이 아닌, 누구나 일상에서 쉽게... ",20250906
소용량 건기식,blog,다이소 건강기능식품 건기식 영양제,https://blog.naver.com/newsilver11/223774570415,이번에는 건강기능식품*이하 건기식*까지 판매한다고 하는데요. 자세히 알아보겠습니다. 다이소... 가성비를 앞세운 가격 경쟁력 https://www.news1.kr/bio/pharmaceutical-bio/5698927 다이소는 소용량 포장과 저렴한... ,20250226
소용량 건기식,blog,&quot;4050세대가 푹 빠진 건기식! 약국 말고 다이소에서? 건기식... ,https://blog.naver.com/sansamhouse9/223930812111,"가격민감층 소용량, 접근성 편의점 편의성 중저가 전 연령층 24시간 접근 가능  유통업계가 건기식에 주목하는 이유 1. 높은 수익성: 건기식은 마진율이 높은 편이에요 2. 성장성: 지속적으로 성장하는 시장... ",20250712
소용량 건기식,blog,코스트코 7월 4주차 건기식 영양제 할인 및 신제품,https://blog.naver.com/bbangsuni82/223942993809,음료 -소용량 병으로 언제든 간편하게 마실 수 있음 -냉장 보관 후 시원하게 꺼내 먹기 좋음 구론산... 구성이랍니다 #코스트코7월할인 #코스트코7월4주차할인 #코스트코7월넷째주할인 #코스트코건기식... ,20250722
소용량 건기식,blog,&quot;다이소 가면 이건 무조건 사야 돼&quot; 난리나더니…,https://blog.naver.com/pangpang4294/224088362816,건기식 판매가 본격화되면서 경쟁이 가열되고 있다. GS25는 8월부터 5000원 이하 소용량 건기식 제품을... 건기식 시장에 적극 뛰어들며 치열한 경쟁을 벌이고 있다. GS25는 8월부터 5000원 이하 소용량 제품을... ,20251126
소용량 건기식,blog,"편의점 CU, 5000원 건기식 판매 시작 [종근당 &amp; 동화약품, 총... ",https://blog.naver.com/quando_quando_/223949856724,"편의점 CU, 전국 6000여 점포에 건강기능식품(건기식) 판매 인허가 취득 완료. 전체 점포의 32%. 종근당... 10일치 단위의 소용량, 소포장 패키지. 동화약품 : 글루콘산 마그네슘이 함유된 액상 형태의 ‘ 마그랩... ",20250728
소용량 건기식,blog,"사상 첫 역성장과 줄폐업! 휘청이는 한국 편의점 산업, 위기의... ",https://blog.naver.com/solarplane/224062108743,"'건기식 및 뷰티' 전문 매대 확대 식품 매출이 이커머스에 밀리는 상황에서, 접근성이라는 편의점의 장점을 살려 다이소나 올리브영처럼 헬스&amp;뷰티(H&amp;B) 카테고리를 강화합니다. 소용량 건기식: GS25와 CU는 1주... ",20251103
소용량 건기식,blog,어버이날 선물세트 추천 부모님 솔직 후기,https://blog.naver.com/banidad/224269556410,아무리 괜찮은 원료를 지닌 건기식이라도 매번 번거롭게 휴대하고 다니면서 정해진 시간을 맞춰 챙기는... 슬림한 스틱형 액상 파우치 1개에 10ml 소용량으로 알맞게 내용물이 채워져 있습니다. 성인 기준 하루에... ,20260430
소용량 건기식,blog,프라임오피스 직장인 소비 보고서: 건기식/뷰티·패션/ B2B·공공,https://blog.naver.com/spaceadd_blog/223982934004,가격 경쟁력 있는 소용량 제품이 꾸준히 늘어난다면 이 비율은 더 커질 것으로 보입니다. 건기식 업계 절대 공식? 굳건한 메인 타깃 국내 제약사와 유통업체들이 여성 맞춤형 건기식 시장을 더욱 강화하고... ,20250825
소용량 건기식,blog,2026년 꼭 챙겨야 할 '이것'의 정체&quot; (건기식 시장 보고서(25.... ,https://blog.naver.com/twinbooks/224152952929,"소셜 커머스와 포털(구입률 공동 1위 채널)에 최적화된 소용량, 저가형 스타터 팩이나 구미/액상... 컨셉보드: 2026 시장 선점을 위한 제품 제안 항목 (예시 1) 제과회사 모델 (예시 2) 건기식 회사 모델... ",20260120
소용량 건기식,blog,"고물가 시대, 유통가 초저가 시장 공략 총력전!",https://blog.naver.com/daily_dino/223969191312,"- 4000억 원 규모 세종 허브센터 건설 등 물류망 확충.(2027목표) CU, 5000원 이하 소용량 건기식 진출!... - 전국 6000개 점포에서 건기식 11종 판매 시작. - 10일분 소용량 패키지, 전 제품 5000원 이하. - 제약사와... ",20250813
소용량 건기식,blog,"GS25·CU, '건기식'으로 도전장 내밀다",https://blog.naver.com/melovems/223962303035,"소포장·소용량 제품: 편의점을 자주 찾는 1인 가구, MZ세대는 건기식을 한 번에 대량 구매하기보다 소량씩 구매하는 것을 선호합니다. 편의점은 이러한 트렌드에 맞춰 하루치 분량이나 소포장 제품을... ",20250807
소용량 건기식,blog,[유통트렌드] 250929,https://blog.naver.com/s2sj0828/224025352355,"com/mnews/article/011/0004538561 소용량 건기식 인기 증가 &gt; 저렴한 가격, 소용량 패키지... com/mnews/article/015/0005191194 中 2030 대상 건기식(홍삼, 비타민 등) 수출 급증 &gt; 전자상거래 참여... ",20250929
소용량 건기식,blog,"'없는게 없소' 다이소의 고공행진 | 다이소, 건기식 시장 진출",https://blog.naver.com/chorea7991/223774632455,가격과 소용량 포장은 건강기능식품을 처음 접하는 소비자들에게 긍정적인 구매 경험을 제공할 것으로 예상합니다. 건강기능식품 시장의 새로운 소비자층 확보에 기여할 수 있겠죠? 그러나 다이소 건기식이... ,20250226
소용량 건기식,blog,내일배움캠프-디지털 마케터 2기 12.02 TIL,https://blog.naver.com/hmhm7797/224095889790,넘어섬 &lt;건기식&gt; 젊은 세대를 중심으로 선제적인 건강관리에 대한 중요성이 확산되고 있음 저가-소용량 건기식의 2030세대 구매 경험률이 다른 연령에 비해 높게 나타남 &lt;음주X&gt; 습관적 음주보다는 술을 마셔야... ,20251202
소용량 건기식,blog,세상뉴스260504,https://blog.naver.com/skyoksk/224273930516,kr/article/12060641 약국 밖으로 나온 제약사들…소용량 건기식 확대 - https://www.ajunews.... idxno=10904 [브랜드빌더] 화장품·건기식 창업의 역설_브랜드는 왜 ‘제품’이 아닌... ,20260504
소용량 건기식,blog,"당일배송 시대, 편의점의 반격: 배달·체험·AI... ",https://blog.naver.com/bloom-010/224070229826,"건기식·뷰티까지 파는 편의점 요즘 편의점에 가보면 예전엔 없던 건강기능식품과 화장품 코너가... 등을 소용량으로 판매하고, CU 역시 제약사와 협업해 소용량 건기식 라인을 강화하고 있습니다. 심지어... ",20251109
소용량 건기식,blog,"전국 약 6,000여 점포에서 건강기능식품(건기식) 일제 판매 시작",https://blog.naver.com/ai1009/223949570328,"10여종의 건기식 상품을 첫 선보이게 되었다 제약사들과의 협업을 통해 소용량, 고품질, 합리적 가격 제품으로 구성하여 기존 편의점 상품 구조와 차별화한다는 전략이다 이처럼 CU가 건기식 시장에 전격... ",20250728
소용량 건기식,blog,2월 넷째주 세번째 광고업계 동향,https://blog.naver.com/with_advertisement/224195026730,"5,000원대 초저가 건기식 등장: 다이소 등 저가 채널이 5,000원 이하의 소용량·저가형 건강기능식품을... 대신 '다이소표 소용량 건기식'을 선택함에 따라, 제조사들은 '가성비 라인'과 '고기능성 프리미엄 라인... ",20260225
소용량 건기식,blog,"출시, 빙그레 K아이스크림 수출주도, CU건기식 판매시작",https://blog.naver.com/dimind_00/223950476258,"com/distribution/channel/2025/07/28/HBVBBHXBLBE6VIF5XHIELXBBYM/ CU 건강관리 루틴화, 소용량 소비, 근거리 구매 트렌드가 결합되며 편의점이 건기식 유통 채널로 급부상 대형 유통보다 빠른 도입과 기동성... ",20250728
소용량 건기식,blog,라이프“다이소 잡겠다” 건기식 경쟁 뛰어든 ‘이곳’... ,https://blog.naver.com/c1c1b1b1/223949736043,종의 건기식을 선보일 계획이다. 인지도 높은 브랜드의 주력 상품을 1주~1개월 단위 소용량 패키지로 구성해 5000원대 가격으로 출시할 예정이다. GS25는 건강기능식품 운영 특화점에 전용 진열대와... ,20250728
소용량 건기식,blog,[트렌드] 건기식 시장 현황(23년 1월),https://blog.naver.com/nutrifactory/222999649740,Unsplash 건기식 원료 순위 ㆍ 조사 기관: 한국건강기능식품협회 ㆍ 대상: 전국 5000가구 ㆍ... 함께 소용량의 낮은 가격대나 입맛을 겨냥한 제품들 새롭게 출시 - 개별 기능성 시장도 확대될... ,20230131
소포장 건기식,blog,"04. 28 주요 신문 기사 정리 : 소포장 건기식, 유통 채널 확산",https://blog.naver.com/ffwangu85/224275869660,"소포장 건기식, 유통 채널 확산 3. 소비자 '가성비 약 선호.... 다이소가 판 키워 4. 040' 전략으로 불황 넘는 다이소 올리브영 5. 홈플러스 정상화, 메리츠금융 손에 달렸다 6. &quot;물만 넣으면 식사 끝&quot;... ",20260505
소포장 건기식,blog,[코이페 트렌드] 건기식 업계의... 소포장 건기식이 보여주는... ,https://blog.naver.com/utis_expo/224044598841,"KOEFA 트렌드 | 건기식 업계의 변신! '특별템'에서 '일상템'으로? 소포장 건기식이 보여주는 '작고... 왜 이들은 '소포장, 소용량' 건기식에 열광하는지 궁금하지 않나요? 1. 3개월 만에 19배 성장! '미니 건기식... ",20251017
소포장 건기식,blog,"건기식 관련주, 자기관리 문화 속 K-건강식·소포장 트렌드... ",https://blog.naver.com/goldmap7/224036760566,약국 판매 제품과 성분은 동일하지만 소포장으로 묶어 합리적 가격을 내세운 겁니다. 편의점... #건강기능식품관련주 #건기식관련주 #소포장건기식 #건기식수출 #현대약품 #CMG제약 #보령 #압타바이오... ,20251011
소포장 건기식,blog,소포장 건기식,https://blog.naver.com/g-vine/224024835871,https://m.sedaily.com/NewsView/2GY2TF3822?OutLink=telegram &gt; 다이소는 확인해봤는데 편의점이나 올영도 가봐야 할 듯. 서흥 주가는 계속내리고 있어서 조금씩 더 사는 중. https://naver.... ,20250928
소포장 건기식,blog,"편의점 다이소 건기식 19배 폭등, 관련주 투자 기회",https://blog.naver.com/money-study-/224025351867,"소포장이라는 두 마리 토끼를 잡은 건기식 시장은 지금, 새로운 소비 지평을 열어가고 있습니다. 이 흐름이 여러분의 지갑과 건강, 그리고 우리 경제에 어떤 영향을 미치게 될까요? 다이소의 소포장 건기식... ",20250929
소포장 건기식,blog,"다이소영양제 데일리와이즈, 다이소건기식으로 가볍게 시작한... ",https://blog.naver.com/hw725_/224248261696,"써봤는데, 소포장으로 구성돼 있어서 부담 없이 “체험해보는 느낌”으로 시작할 수 있다는 점이... #다이소영양제 #다이소건기식 #데일리와이즈 #건강기능식품 #소포장건기식 #영양제추천 #직장인영양제",20260410
소포장 건기식,blog,“피곤하면 약국 말고 편의점?” MZ세대가 건기식 쓸어담는 이유,https://blog.naver.com/hr_dong/223990571607,"건기식 판매를 시작했는데, 단 한 달 만에 10만 개가 팔렸습니다. 인기 비결은 뭘까요? -소포장 (10알... 우연히 소포장 건기식을 보고 ‘가볍게 시도’하는 패턴이 늘어날 것이라고 설명했습니다.... ",20250901
소포장 건기식,blog,"건기식 ODM 관련주, 노바렉스·코스맥스엔비티... ",https://blog.naver.com/sangmok2000/223926955196,"올리브영 : 건강(웰니스) 제품 진열 확대, 전년 대비 매출 30% 증가 다이소 : 가성비 좋은 건기식 상품 강화 편의점 : 전국 매장에서 소포장 건기식 판매 확대 즉, 수출과 내수 모두 살아나는 시점, 그... ",20250709
소포장 건기식,blog,&quot;한 푼이라도 싸야 산다&quot; 건기식·뷰티 시장 '가격 전쟁' 심층 분석,https://blog.naver.com/health_func_food/224089006869,"&quot;한 푼이라도 싸야 산다&quot; 건기식·뷰티 시장 '가격 전쟁' 심층 분석 안녕하세요! 건강에 대해 탐구하는... 소포장 혁신 세븐일레븐과 제약사 협업을 통해 1~2주 분량의 소포장 건기식이 1,000원~3,000원대로... ",20251130
소포장 건기식,blog,가정의달 부모님 건기식 홍삼종류 추천템,https://blog.naver.com/aldudcldud/223846439402,"주원료 홍삼의 5대 기능성을 만나볼 수 있다니 가정의 달 부모님 건기식으로 괜찮죠. 소포장 한 박스에는 70mL 5포가 들어있어요. 소포장으로 되어 있어서 보관이 편리해요. 집 안 여기저기 두고, 사무실에 갖다... ",20250427
소포장 건기식,blog,소용량 가성비 건기식이 불티나게 팔린다,https://blog.naver.com/kyd318/224025549472,"단위 소포장 제품이 주목받고 있다고 보도되었습니다. CU의 경우, 6월 대비 이달 매출이 1800% 증가하며 석 달 만에 매출 19배 상승을 기록했다고 합니다. 더 나아가, 건기식 사업을 처음 시작한 작년 12월과... ",20250929
소포장 건기식,blog,"다이소 건기식, 밀크씨슬 말고 또 뭐 먹을까?다이소... ",https://blog.naver.com/huyasj/223865791016,1~2주분 소포장 제품 위주로 구성돼 있어 입문용으로도 괜찮습니다. 제품별 간단 정리: 이런 분들께... 칼슘마그네슘 #소포장건기식 #다이소리뷰 #다이소쇼핑 #밀크씨슬 #가성비건기식 #다이소비타민 #건기식비교... ,20250515
소포장 건기식,blog,"건강을 챙기다: 다이소 대신 CU, 5000원 건기식 열풍!",https://blog.naver.com/sunhoo272/223990072407,"편의점 건기식, 5000원 이하 소포장으로 MZ세대 공략 CU는 소비자의 신뢰를 얻기 위해 종근당, 동화약품... 편의점은 이러한 니즈를 충족시키는 최적의 장소이며, 합리적인 가격의 소포장 건기식을 통해 건강... ",20250831
소포장 건기식,blog,편의점 건기식시대,https://blog.naver.com/gaundae/223990183169,집 앞 편의점에서 피로회복제를 ‘간단히’ 구매 약국 대신 CU에서 마그네슘·밀크씨슬 소포장으로... 편의점에서 우연히 소포장 건기식을 보고 시도하는 경우가 많을 겁니다.” 커지는 국내 건기식 시장... ,20250831
소포장 건기식,blog,"편의점 건기식 5천원 (다이소, GS25·CU도 뛰어든다!... ",https://blog.naver.com/alex831214/223957712756,건기식 전쟁 돌입! 이러한 흐름의 시작점은 바로 다이소였는데요. 지난 2월부터 소포장 건기식을 3천... 다이소건기식 #가성비비타민 #비타민오메가3 #유산균편의점 #루테인 #건강소포장 #소용량건강식품... ,20250805
소포장 건기식,blog,다이소에서 건강기능식품(건기식) 영양제 판매에 대한 소비자... ,https://blog.naver.com/juinjungsin/223776186747,출퇴근길이나 쇼핑할 때 간편하게 구입할 수 있어 정말 편리하죠 3️⃣ 소포장으로 부담 적게! 건기식은 한 번 사면 한두 달씩 먹어야 해서 망설여지는 경우가 많아요. 하지만 다이소는 소포장 형태로... ,20250227
소포장 건기식,blog,다이소영양제 다이소건기식 종근당 데일리와이즈 리스펙타,https://blog.naver.com/kae2569/224240747307,리스펙타는 6일치고 나머지 5종은 12일치 소포장이라서 평소 궁금했던 건기식을 미리 먹어볼 수 있어요. 특히 리스펙타는 식약처에서 질건강 기능성을 인정받은 제품이라 더 믿고 먹어도 돼요. ①... ,20260404
소포장 건기식,blog,석달새 매출 19배…'소포장 건기식' 잘 나가네,https://blog.naver.com/karameleon/224028737709,https://m.sedaily.com/NewsView/2GY2TF3822 &gt;,20251001
소포장 건기식,blog,"괜찮아! 편의점·다이소 '소용량 건기식' 열풍, 그 이유는?",https://blog.naver.com/livenews101/224025828295,"말하며, 소포장 전략이 건기식 시장의 대중화를 이끄는 핵심 요인임을 강조했습니다. CU, 5000원 이하 소용량 건기식으로 MZ세대 공략 CU는 이러한 트렌드를 반영하여 7월 말 전국적으로 건기식 판매 점포를... ",20250929
소포장 건기식,blog,다이소 건강기능식품 논란 | 건기식 가성비보다 중요한 기준?... ,https://blog.naver.com/yj30770/224138503199,소포장과 균일가 구조는 건기식 구매 진입 장벽을 확실히 낮췄다는 평가를 받습니다. 섭취 기준 함량 논란의 핵심 문제는 가격이 아니라 기준입니다. 약사와 전문가들에 따르면 일부 다이소 건기식은 1정 또는... ,20260108
소포장 건기식,blog,다이소영양제 종근당 건기식 데일리와이즈 6종 소개!,https://blog.naver.com/ssopiya/224248219149,리스펙타는 6일치 분량이고 나머지는 12일치 소포장으로 되어 있어서 평소에 종근당 건기식이 궁금하셨다면 일단 다이소에서 먼저 만나보시고 본품 구매하기에도 넘 좋을것 같더라구요. 데일리와이즈... ,20260410
소포장 건기식,blog,영양제 : 다이소 추천꿀템 VS 편의점 건기식,https://blog.naver.com/becks0809/223990374946,"소포장 덕분에 시간·장소 제약이 적고, 제품군이 다양해 그때그때 필요한 타입을 골라 먹기 좋습니다. 실제로 저는 다이소추천 제품으로 평일 루틴을 깔고, 야근·운동·출장 같은 변수가 생기면 편의점 건기식... ",20250901
소포장 건기식,blog,"다이소 건기식의 뜻과 장점, 가격까지 한눈에!",https://blog.naver.com/cocory3855/223776067571,"다이소 건기식은 또한 소포장으로 제공되기 때문에 한 번에 많은 양을 구매하지 않아도 된다는 장점이 있습니다. 기존 건강기능식품 브랜드들은 대용량 제품을 중심으로 판매하지만, 다이소는 부담 없이... ",20250227
소포장 건기식,blog,"다이소 건기식 vs 약국 제품, 진짜 차이점은 뭘까?건강기능식품... ",https://blog.naver.com/huyasj/223865791856,"다이소 건기식은 소포장·체험형 제품 중심, 약국은 본격 복용용 · 건강기능식품 인증 마크 여부가... 가성비건기식 #건기식추천 #건기식차이 #건기식정보 #소포장건기식 #건강보조식품 #건기식성분... ",20250515
소포장 건기식,blog,다이소 건기식 영양제 종류와 다이소 건식 매장 리스트,https://blog.naver.com/dog4495/223869304370,"저가, 소포장, 다채널의 트렌드 및 가성비 건기식의 인기를 보여 주는 것 같아요. 18일 기준으로... 하반기부터는 다이소에 이어 편의점에서도 저가, 소포장 건기식 상품을 도입한다고 하더라고요. GS25는... ",20250518
소포장 건기식,blog,닥터스피어 로즈인핏 이너뷰티 건기식 후기,https://blog.naver.com/seungheemaseng/224162951530,"로즈인핏 이너뷰티 건기식 서울은 한파가 계속되고 있는 요즘 ,, 모태 알레르기+아토피+트러블성... 파우치로 소포장 되어 있어 바쁠 때 가방에 쏙 - 챙기기도 참 편하다 (ღˇᴗˇ) 내용물은 분홍빛의 고운... ",20260128
소포장 건기식,blog,건기식 뜻 다이소 건기식 판매?,https://blog.naver.com/limbaedal/223776175770,"일반 건기식의 경우 3~6개월분 단위로 판매 되었는데 다이소 건기식은 1개월분 소포장 형태로 판매가 되고 있습니다. 가격은 3,000~5,000원으로 기존 건기식의 1개월분 가격이 20,000~30,000원 이였던걸 생각하면 굉장히... ",20250227
소포장 건기식,blog,"GS25·CU, '건기식'으로 도전장 내밀다",https://blog.naver.com/melovems/223962303035,편의점은 이러한 트렌드에 맞춰 하루치 분량이나 소포장 제품을 중심으로 건기식 라인업을 강화하고 있습니다. 접근성: 동네마다 쉽게 찾아볼 수 있는 편의점의 접근성은 건기식의 접근성을 높여줍니다.... ,20250807
소포장 건기식,blog,다이소 건강기능 식품 일명 다이소 건기식,https://blog.naver.com/1st_rt/223925225381,"다이소 건기식 오랜만에 다이소에 다녀왔는데 최근 이슈였던 건강기능 식품 코너가 생겼더라구요!... 전 제품 일반 건강기능식품으로 대부분 30정~60정 소포장 가격도 3,000~5,000원대의 저렴한 구성으로... ",20250707
소포장 건기식,blog,다이소 영양제 건기식 총정리!,https://blog.naver.com/matter_0094/223915495016,"비타민, 루테인, 오메가3 등 다양 국내 건기식 제조업체가 OEM 생산 일주일~한 달 단위 소포장으로 제공 처음 건강기능식품을 접해보는 사람들에게 좋은 입문용 제품으로 꼽힙니다. ✅ 2. 다이소 영양제 건기식... ",20250629
소포장 건기식,blog,3천원 다이소 영양제 건기식 뜻 가격 종류,https://blog.naver.com/julyseven707/223776113571,"기존 건기식이 보통 3~6개월 분량이었던 반면 다이소 영양제는 1개월 분량으로 소포장하여 판매합니다. 모두 30일 단위로 판매하여 가격은 3,000원, 5,000원 균일가로 판매하고 있습니다. 다이소에서는 가성비... ",20250227
소포장 건기식,blog,9월 1주차 건기식 뉴스 브리핑,https://blog.naver.com/novarex_marketing/223990628165,"– 건기식 전문가가 선정한, 꼭 알아야 할 건강기능식품 이슈 정리 – 9월 첫째 주, 건강기능식품... 소포장 패키지로 판매되는 것이라 테스트 구매용으로도 활용 가능 • SK스토아는 홉쇼핑 업계 최초로... ",20250901
소포장 건기식,blog,"뉴스] 네이버 AI 쇼핑 앱, 홈플러스 회생절차, 건기식 시장 확대",https://blog.naver.com/binn43/223784615127,"허가된 건기식으로 확장 예정 다이소는 *저가·소포장 전략(3천~5천 원)*을 내세워 시장 진입 다이소 판매에 약사들의 반발이 있지만, 대웅제약·종근당건강 등 추가 입점 논의 진행 중  온라인MD의 한마디... ",20250305
소포장 건기식,blog,3천 원에 건강 보장? 다이소 건기식 믿을 수 있나요?,https://blog.naver.com/gamsa0903/223777065782,다이소 건기식 믿을 수 있나요? 오늘은 다이소에서 건강기능식품을 판매하기 시작했다는 소식에 대해... 소포장: 한 달 단위의 소포장으로 판매하여 포장 비용을 절감했습니다. 마케팅 비용 절감: 별도의 홍보... ,20250227
소포장 건기식,blog,"다이소 건기식 판매, 약사들 뿔났다.",https://blog.naver.com/jksuccess25/223774797201,"다이소가 최근 건강기능식품(건기식) 판매를 시작했습니다. 루테인, 오메가3, 멀티비타민 등 다양한... 가격이 저렴한 이유는 소포장과 마케팅 비용 절감 덕분입니다. 다이소는 1개월분 소포장 형태로 판매하며... ",20250227
소포장 건기식,blog,"다이소 건강기능식품, 뭐가 제일 잘 팔릴까?다이소 건기식 TOP5... ",https://blog.naver.com/huyasj/223865791582,등 소포장 제품 강세 · 다이소 건기식은 가볍게 시작하기 좋은 1~2주 체험형 구성 · 가격은 저렴하지만... 가성비건기식 #건기식비교 #소포장건기식 #1주일건기식 #건강보조식품 #다이소리뷰 #다이소실사용기... ,20250515
소포장 건기식,blog,"소비쿠폰, 건강을 채우는 기회: 홍삼부터 건기식까지, 놓치면... ",https://blog.naver.com/sunhoo272/223950694927,"CU는 종근당, 동화약품 등과 협력하여 5,000원 이하의 소포장 건기식 11종을 출시하고, 1+1 행사 및 번들... 정관장과 CU를 비롯한 다양한 브랜드에서 소비쿠폰 혜택을 제공하며, 소비자들은 홍삼, 건기식 등 다양한... ",20250729
소포장 건기식,blog,다이소영양제 다이소건기식 찾는다면 종근당 데일리와이즈... ,https://blog.naver.com/rkdmsrjdwn/224248244310,데일리와이즈처럼 소포장 구성의 다이소건기식을 찾는 분들이요. 전체적으로 보면 이번 종근당 데일리와이즈는 “다이소에서 이렇게 다양하게 볼 수 있구나” 싶었던 건강기능식품 라인업이었어요. 부담... ,20260410
소포장 건기식,blog,다이소 건기식 논쟁... 챗지피티에 진단 물어보니..,https://blog.naver.com/mtopinfo/223775438051,"✅ 저렴한 가격과 접근성 향상 다이소에서 3,000~5,000원대의 소포장 건기식을 판매하는 것은 부담 없이 구매할 수 있는 환경을 조성합니다. 기존 건기식 시장은 홈쇼핑·온라인 중심으로 대량 판매되었고... ",20250226
소포장 건기식,blog,"올리브영 vs 다이소 vs 편의점(화장품,건기식 유통시장 삼파전)",https://blog.naver.com/yariara/223870404363,"화장품·건기식 매출 성장률 144% 편의점: CU·GS25 화장품 매출 연평균 30%↑, 건강식품 매출 137... 가구용 소포장 건기식 론칭 (5일 분량 비타민) GS25 &quot;에버콜라겐&quot;: 3일 분량 젤리 타입 출시 목표... ",20250519
소포장 건기식,blog,"&lt;화장품&gt; 건기식(이너뷰티), 또하나의 K뷰티가 될 수 있을까?",https://blog.naver.com/forsword/224236682116,"별도 매대를 두거나 일반적으로 계산대 앞에 소포장 형태로 올려져 있다. 다이어트 관련 건기식 판매가 증가하고 있는데, 30대 여성이 주요 소비층으로 부상하고 있다. 편의점 입장에서는 30~40대 남자를 주... ",20260401
소포장 건기식,blog,"베스트 6: 약사도 놀란 3,000원의 행복, 가성비 건기식 총정리",https://blog.naver.com/100vs100328/224252629766,다이소 건기식 구매 전 필독 주의사항 유통기한 확인: 저렴하게 대량 유통되므로 구매 전 유통기한을 꼭 확인하세요. 보관 방법: 다이소 제품은 소포장(지퍼백 형태)이 많습니다. 습기에 약할 수 있으니 서늘한... ,20260415
소포장 건기식,blog,다이소 건기식 유산균과 함께 먹는 유한양행 프리바이오틱스... ,https://blog.naver.com/kwp2002/224282849411,그래서 웬만한 신상은 다 꿰고 있는데 이번에 건기식 코너에서 신상템을 발견하게 되었어요. 평소... 10일 단위 소포장이라 회사 책상에 두고 먹기도 편하고 가족들 챙겨주기에도 구성이 아주 깔끔해요. 망설임... ,20260513
소포장 건기식,blog,"&quot;소비자는 환영, 약국은 강력 반발&quot;…'다이소 3000원 건기식... ",https://blog.naver.com/naverlaw/223785876215,저가 제품을 주로 판매하는 다이소에서 선보인 건강기능식품(건기식)이 그 주인공인데요. 최근... 다이소 영양제는 단일 기능성 제품을 1개월분씩 소포장해 가격 경쟁력을 크게 높인 반면 약국은 고함량... ,20250313
소포장 건기식,blog,트렌디한 건기식 사진 촬영을 잘하는곳은 없을까? 저요!,https://blog.naver.com/gpcitizen/223916354205,요즘엔 건강기능식품(건기식)도 많이 트렌디화 되어가고 있답니다. 아무래도 고객층이 다양해지고... 그리고 소포장컷 소포장컷은 매일매일 가볍게 하나씩 먹을수 있다라는 느낌으로 작업을 진행했어요.... ,20250630
소포장 건기식,blog,데일리와이즈 다이소영양제 다이소건기식 | 종근당... ,https://blog.naver.com/myeong_s/224248205288,"다이소건기식으로 종근당 데일리와이즈 제품을 직접 확인해봤어요. 이번에 만나본 건 리스펙타... 있고, 소포장 형태라 휴대하면서 활용하기에도 편했어요.  식단 관리 시작하면서 함께 챙겨보고 싶은 분들... ",20260410
소포장 건기식,blog,진짜 효능 있을까? 다이소 건기식 성분표 직접 확인해 봤습니다,https://blog.naver.com/toktokland/224275455167,"14~30정 소포장, 약국은 60~90정 대용량. 가격만 보고 비교하면 오판하기 딱 좋은 구조임. 정확한 비교는 반드시 &quot;하루 1정 기준 1일 단가&quot;로 계산해야 함. 이것만 알아도 절반은 성공임. ## 50대가 다이소 건기식... ",20260505
소포장 건기식,blog,다이소 영양제 매장 찾기 건강기능식품 루테인 오메가 건기식... ,https://blog.naver.com/miha1023/223776448838,"다이소 영양제 매장 찾기 건강기능식품 루테인 오메가 건기식 파는곳 지점 종류 판매점 재고조회... 이 모든 제품은 다이소 전용 소포장 형태로 30일분이 3,000원에서 5,000원 사이에 책정되어 있습니다. 포장... ",20250227
소포장 건기식,blog,영양제 등 건강식품(이하 건기식)'모든 것을 알려 달라고 했더니,https://blog.naver.com/dalinadro/223919589550,유통 구조 및 업계 반응 다이소의 건기식 종류별 소포장 판매는 기존의 약국 중심 유통 구조에 새로운 흐름을 만들어내고 있습니다. 소비자 중심의 접근성과 가격 경쟁력을 내세운 다이소 유통 방식은 생활... ,20250702
소포장 건기식,blog,라이프“다이소 잡겠다” 건기식 경쟁 뛰어든 ‘이곳’... ,https://blog.naver.com/c1c1b1b1/223949736043,"건기식은 대개 3~6개월 단위로 판매되는데, 다이소는 1개월분 소포장 형태로 건기식을 내놓으면서 가성비를 추구하는 소비자들을 겨냥하고 나섰다. 다이소는 동국제약, 안국약품, 엘지(LG)생활건강 등과... ",20250728
소포장 건기식,blog,다이소영양제 추천 종근당 데일리와이즈 다이소건기식 6종 후기,https://blog.naver.com/cofls525w/224242081284,"평소 건기식 여러 개 한 번에 사기 부담스러웠는데, 이렇게 소포장으로 나와서 가볍게 시작하기 딱이더라고요 구성은 총 6종! 리스펙타 / 멀티비타민미네랄 / 밀크씨슬 / 오메가3 / 코엔자임Q10... ",20260406
소포장 건기식,blog,건기식 차전자피환 비닷 나나동 먹고 숙변제거 해보기,https://blog.naver.com/sanghui6/223991201596,"차전자피환 비닷나나동은 한포씩 소포장 되어 있고 양이 딱 정해져있어서 소분할 필요도 없어 좋았고... 그리고 차전자피환 비닷나나동은 어린 아이부터 어른, 남녀노소 상관없이 누구나 먹을 수 있는 건기식이... ",20250901
소포장 건기식,blog,"다이소영양제 종근당 데일리와이즈, 다이소건기식 2천원으로... ",https://blog.naver.com/park_an1107/224244341808,포인트는 “소포장 테스트형 구조” 리스펙타 → 6일치 나머지 제품 → 12일치  부담 없이 시작 가능 다이소에서 2천원으로 시작하는 건기식 이 제품이 주목받는 이유는 명확합니다. 전국 다이소 매장에서... ,20260407
소포장 건기식,blog,다이소 건기식 3천원 영양제 믿고 먹어도 될까?,https://blog.naver.com/yms7136/223776244231,"비타민, 루테인, 오메가3 같은 건강기능식품(건기식)이 전국 200여 개 다이소 매장에서 판매되고... 소포장 전략 보통 건강기능식품은 3~6개월 단위로 판매되지만, 다이소에서는 한 달 치 소용량으로 구성했어요.... ",20250227
소포장 건기식,blog,다이소 영양제 약사 말대로 반쪽짜리 건기식? 건강기능식품... ,https://blog.naver.com/bomod/223777533807,집중한 소포장”이라며 의도된 선택이라고 하더라고요. 그러니까 약사들이 과장해서 표현하는 측면도 없지 않다는 생각이 들었습니다. 사실 약국에서도 브랜드마다 용량 차이는 원래 있었던 거잖아요. 건기식은... ,20250228
소포장 건기식,blog,5천원 건기식·3천원 화장품…편의점 '소용량·가성비' 경쟁... ,https://blog.naver.com/inspectionengineer/223975252409,"건강기능식품(건기식)과 뷰티 제품 모두 5천 원 이하/소포장 전략을 앞세움. 주요 편의점 전략 CU 6천여 점포에서 5천 원 이하 건기식 판매 개시. 화장품 브랜드 엔젤루카와 협업 → 수분크림 등 3종, 3천... ",20250819
소포장 건기식,blog,다이소영양제 종근당 데일리와이즈 건강기능식품 6종 솔직... ,https://blog.naver.com/xoruba/224246837700,패키지: 소포장 개별 구성으로 휴대 간편 ✔ 가격: 2천원 (리스펙타 - 5천원) 요즘 다이소가 정말... 가성비건기식 #소포장건기식 #건강루틴 #하루한알 #간편건강관리 #직장인건강템 #자취생필수템 #건강습관... ,20260409
소포장 건기식,blog,다이소 건기식 품질은 괜찮은 걸까? 주의사항 알아보기,https://blog.naver.com/sswan85/223776378769,이를 위해 입점 제약사들은 소포장과 단일 성분 전략을 선택하였다. 기존 건기식 제품들은 3~6개월 분량으로 포장되어 있는 게 보통이지만 다이소 제품은 1개월 분량으로 판매하고 있다. 이와 더불어 대웅제약... ,20250227
소포장 건기식,blog,다이소 건기식 신제품 영양제 추천 배도라지 홍삼 혈당유산균... ,https://blog.naver.com/dog4495/224012086169,"다이소 외에도 CU와 GS25에서 전국 점포에 건기식 진열을 본격화하고 있는데요!! 소포장, 저가형 전략으로 구매에 대한 부담을 낮추고! 약국 없는 영양제의 시대가 진입했다고 해도 과언이 아닌 것 같습니다!... ",20250917
소포장 건기식,blog,포장 박스디자인 잘하는곳 ㅣ식품 건기식 간식 패키지 컨셉,https://blog.naver.com/sjdesign7/224041745689,"포장 박스디자인 잘하는곳 ㅣ 식품 건기식 간식 패키지 컨셉 포장 박스디자인은 제품의 첫인상, 가격... 구성 : 대박스 (선물형) + 20g 소포장 스틱 파우치 동시 설계. 타이포 / 정보설계 : 100% 국산 완료, 함유랑... ",20251015
소포장 건기식,blog,차세대 디톡스 유산균 추천 프리미엄 명품 건기식... ,https://blog.naver.com/semins77/223242708028,대웅바이오 Only One 프리미엄 명품건기식 출시 이 제품은 연 매출 5천억원 이상을 달성하고 있는... 뚜껑을 오픈하니 멋스러운 디자인의 소포장 60캡슐 패키지가 그 모습을 드러냅니다. 잇츠뺄타임은 하루에 한... ,20231021
소포장 건기식,blog,[약국 매매/경영] 약국의 '성장 가능성'을 판단하는 눈: 처방전... ,https://blog.naver.com/ljr8760/224288779927,"만약 그렇다면 내가 인수하여 밝은 인테리어로 바꾸고, 오픈 매대를 도입하며, 트렌디한 건기식 소포장 세트 판매 같은 상담 매약 전략을 펼쳤을 때 일매를 즉각 끌어올릴 수 있는 최고의 기회가 됩니다. 또한... ",20260518
소포장 건기식,blog,종근당 X CU 건기식 콜라보 소식!,https://blog.naver.com/wkfkr0945/224034364395,"각각 10일치 소포장으로 구성돼 있어 가볍게 트라이얼 해보고 내 몸에 맞는 건기식을 찾을 수 있죠. 눈 건강부터 장 건강, 뼈 건강, 체지방 관리까지, 내 컨디션에 맞춰 골라 담는 재미가 쏠쏠합니다. “이거... ",20251007
소포장 건기식,blog,"다이소 3천원 건기식, 약국의 위협일까? 소비자가 알아야 할 진실",https://blog.naver.com/yms_investment/223775110258,"다이소 건기식, 왜 이렇게 싸지? ① 소포장 전략과 균일가 정책 다이소는 1개월분 소포장 형태로 판매하면서 가격을 낮췄어요. 약국에서는 3~6개월 단위로 판매하는 경우가 많아 소비자가 한 번에 큰돈을 써야... ",20250226
소포장 건기식,blog,올영 이너뷰티부터 다이소 편의점 가성비 영양제 건기식까지,https://blog.naver.com/protouristella/224087729207,올리브영 건기식 영양제는 구원이에요 3천 원대 비타민 5천 원대 마그네슘 그리고 소포장 프로틴까지 다이소와 편의점이 만든 ‘근거리 건강 플랫폼’은 말 그대로 헬시플레저의 민주화예요 편의점에 들러... ,20251125
소포장 건기식,blog,소용량 패키지 건기식 매출 19배 폭발! CU·다이소 가성비 추천... ,https://blog.naver.com/creta22/224025519643,"7일 단위 소포장입니다. Q5: 소용량 패키지 건기식 구매 팁? A: 식약처 인증 확인하고, 개인 니즈에 맞춰 시작하세요. 재구매로 효과 극대화. 마무리: 소용량 패키지로 건강 루틴 시작하세요 소용량 패키지... ",20250929
소포장 건기식,blog,다이소에서? 다이소 건기식 확대 이유와 추천 리스트 총정리!,https://blog.naver.com/cha_cha_25/224182710065,"다이소 건기식, 현명하게 구매하는 팁 소포장 제품 활용 대용량 구매가 부담스러울 때, 내 몸에 맞는지 확인용으로 소량 패키지를 먼저 구매해 보세요. 성분표 확인 가격이 저렴한 만큼 함량을 꼼꼼히 따져보고... ",20260213
소포장 건기식,blog,"소용량 건기식, 편의점·다이소에서 ‘불티’",https://blog.naver.com/gon791213/224025766180,건강기능식품(건기식) 시장에서 ‘소용량 패키지’ 열풍이 불고 있습니다. 과거: 약국·전문점에서 3~6개월 대용량 중심 현재: 편의점·다이소 같은 생활밀착형 채널에서 7일·10일·30일 소포장 제품 인기... ,20250929
소포장 건기식,blog,"다이소의 영양제, 건기식 종류는? (가격 3000원 5000원, 약국... ",https://blog.naver.com/kingsnoww/223774384500,"- 온라인 쇼핑몰, 인플루언서를 통한 건기식 판매가 이미 활성화된 상황 - 다이소에서 파는 제품은 저렴한 소포장 형태로, 장기적인 소비자는 결국 약국이나 온라인몰을 찾을 가능성 - 현재 반발이 크지만... ",20250226
소포장 건기식,blog,"다이소 영양제 후기, 입문자에게 좋은 가성비 건기식 직접... ",https://blog.naver.com/callar23/223918618725,"다이소 영양제 후기, 입문자에게 좋은 가성비 건기식 직접 사봤어요 혹시 다이소에서 영양제를... 가격은 3,000~5,000원대로, 대부분 1개월 분량의 소포장 제품이었어요. 저는 이번에 마그네슘과 씹어 먹는... ",20250702
소포장 건기식,blog,종근당 건강기능식품 이제 CU 편의점에서 만나 ft 9900원,https://blog.naver.com/chlthddl1006/224065614942,10일치 소포장 되어있어 평소 궁금했던 건기식을 섭취 후 선택하는데 도움을 줍니다. 그럼 어떻게... 10일치 소포장 건기식 그럼 각각의 제품을 자세히 살펴볼게요. 먼저 프로바이오틱스 제품이에요.... ,20251105
소포장 건기식,blog,"건강기능식품 시성비 시대, 바쁜 직장인이 1분 만에 건강... ",https://blog.naver.com/moonpark2024/224180586870,"소포장 건기식, 왜 직장인들이 열광할까 DMC 리포트 조사에 따르면 최근 건기식 구매자의 절반 이상인 50.4%가 낱개 및 소포장 제품을 선호하는 것으로 나타났어요. 이유는 단순해요. 보관이 편하고, 휴대가 쉽고... ",20260211
소포장 건기식,blog,MZ세대는 편의점에서 '이것' 산다? 5000원 건기식 트렌드 분석!,https://blog.naver.com/wiselife000/223994767566,✔️접근성 &amp; 편의성:늦은 시간이나 주말에도 가까운 편의점에서 쉽게 건기식을 구매할 수 있다는 점이 MZ세대의 바쁜 라이프스타일과 맞아떨어졌습니다. ✔️가성비 &amp; 소포장:모든 제품이 10알 단위의... ,20250904
소포장 건기식,blog,약국 건기식 활성화 위한 업무협약 체결,https://missing-piece.tistory.com/entry/%EC%95%BD%EA%B5%AD-%EA%B1%B4%EA%B8%B0%EC%8B%9D-%ED%99%9C%EC%84%B1%ED%99%94-%EC%9C%84%ED%95%9C-%EC%97%85%EB%AC%B4%ED%98%91%EC%95%BD-%EC%B2%B4%EA%B2%B0,약국 건기식 활성화 위한 업무협약 체결 16개시도약사회장협의회-건강기능식품 업체... 단계에서부터 소포장으로 제품을 생산하여 약국에 공급하기로 결정하였다. 김대업 회장은 “이번 협약식을 통해 소비자가... ,20210812
소포장 건기식,blog,"다이소 건기식 논란, 정말 문제일까? 소비자가 직접... ",https://blog.naver.com/kth4828/223780557010,"반면, 다이소에서 판매되는 건기식은 3,000원~5,000원대로 훨씬 저렴하죠.  왜 이렇게 가격 차이가 날까요? ✔ 유통구조 차이 ✔ 소포장 판매 (대량 구매 유도 X) ✔ 박리다매(많이 팔아서 이윤 확보) ✔ 약국과의 유통... ",20250302
소포장 건기식,blog,다이소 건기식에 이어 미니가전 돌풍 예고,https://blog.naver.com/kindness89/223993257186,"건기식도 대용량을 한 번에 사기 전, 소포장으로 먼저 경험해보고 맞으면 정품을 구매하는 방식이죠. 3)라이프스타일 변화 1인 가구, 미니멀 라이프, 자취 문화 확산이 크고 작은 변화를 일으킵니다. 집에 큰... ",20250903
소포장 건기식,blog,요즘 MZ들 사이서 난리라는 편의점 건기식 열풍!,https://blog.naver.com/sn98142/224046979238,"특히 5,000원 이하의 소용량 건강기능식품(건기식)이 편의점 건기식 시장을 단숨에 바꾸고 있다는... 이에 맞춰 제약사와 유통사는 1주~1개월 단위 소포장, 저가격 제품을 편의점 채널에 내놓기 시작했습니다.... ",20251020
소포장 건기식,blog,건기식 연출촬영 패키지,https://blog.naver.com/dicapoto/223102314802,"다른 대부분의 제품도 마찬가지이지만 특히 건기식 제품의 연출촬영은 다양한 컷들이 유용하게 쓰이게 됩니다. 박스 패키지 위주의 연출컷과 그 안의 소박스 중심, 또 그 안의 소포장(스틱 등) 위주의 컷들... ",20230515
소포장 건기식,blog,건기식 제품 '작아지고 더 젊어진다',https://blog.naver.com/sklover77/60202067123,"건기식 구매가 늘면서 휴대가 간편한 소포장건기식이 등장하는 등 유통채널에도 변화를 보이고 있다. 대상웰라이프는 최근 비타민과 미네랄, 오메가3와 같은 건강기능식품 19종을 휴대가 간편한 소포장... ",20131021
소포장 건기식,blog,다이소 3000원 건기식 싼 영양제 무엇이 문제인가?,https://blog.naver.com/han7o/223799862278,이러한 파격적인 가격은 다이소가 소포장을 채택하고 성분 함량 및 부가 성분을 조정한 방식으로 실현되었습니다. 소비자 입장에서는 저렴한 가격으로 건기식을 구매할 수 있는 절호의 기회처럼 보였지만... ,20250317
소포장 건기식,blog,다이소 건기식 매장 파는곳 종류와 성분 가격이 저렴한 이유,https://blog.naver.com/kunkang1004/223778194130,"소포장 판매 ( 한 달 치 소량 구성) 다이소 건기식은 보통 30일분(한달 분량)으로 소포장되어있어요. 일반 건기식은 3~6개월 치 대용량이 많은데, 소량으로 판매하니까 가격이 자연스럽게 저렴한 거죠 2. 유통 구조... ",20250228
소포장 건기식,blog,"리튠이 만든 다이소 전용 건기식, 믿고 먹어도 될까?",https://blog.naver.com/yeoniii2/223910938797,"이전에도 다이소에서 건기식을 판다고 했다가 철수되었던 적이 있어서, 아직 낯설 수 있지만, 요즘 다이소는 정말 못 파는 게 없어요!  이너뷰 제품은 하루 1정의 기준으로 소포장 형태로 판매되고, 주로 3일분... ",20250625
소포장 건기식,blog,"수 있는 종근당영양제! CU x 종근당 콜라보 건기식 6종이 9,900원",https://blog.naver.com/pyo6414/224064160044,"이름하여 건강프로젝트 365 Lite✨ 종근당의 건기식이 파란 상자에 포장되어 있어서 선물용으로도... 10일분 소포장으로 구성되어 있어요! 정가는 5,000원, 현재는 1+1 행사 중이니까 2개에 5,000원이라는 말도 안... ",20251104
소포장 건기식,blog,"다이소가 쏘아올린 건기식, 건강기능식품 대웅제약 3대장 추천!",https://blog.naver.com/gobdaniee/223860072400,고가의 영양제 시장에 파격적 가격과 소포장이라는 강력한 무기를 앞세워 다이소 건기식은 약사들의 극렬한 반대에도 불구하고 소비자의 열화와 같은 지지를 등에 업고 날로 매출을 늘려가고 있죠. 오늘은... ,20250509
소포장 건기식,blog,“편의점에서 건기식이?!” 전연령대가 찾는 건강기능식품의... ,https://blog.naver.com/khun0828/224047101016,"서론 — 나도 모르게 건기식 진열대 앞에 서 있다 퇴근길에 들른 편의점, 익숙한 라면 진열대 옆에서... 소용량으로 시작 편의점 제품은 대부분 1주~1개월분 소포장으로 구성되어 있으니, 체질에 맞는지... ",20251020
소포장 건기식,blog,"3,000원대 건기식에 흔들린 약국…유한·동아·일동과 꺼낸... ",https://blog.naver.com/foodtoday1/224106205944,"뉴스 3,000원대 건기식에 흔들린 약국…유한·동아·일동과 꺼낸 반격 카드 푸드투데이 황인선 기자 001... GS25는 5,000원 이하 소포장 제품을 전국 매장에 배치해 누적 판매 100만 개를 돌파하며 존재감을 키웠다.... ",20251211
소포장 건기식,blog,다이소 rTG오메가3 _ 이제 건기식도 거품 빠질때가 되었지,https://blog.naver.com/gdta_/223954148844,"다이소의 건기식 도입은 이런 필자에게 참 반가운 소식이다!! 대웅제약에서 제조한 (정확히는 유통사임 한국코스모 제조) 함량도 850mg으로 매우 준수함!! 10개씩 소포장 1일 1개 30일분 5,000원 상당히 합리적인... ",20250731
소포장 건기식,blog,다이소건강기능식품/ 다이소건기식 / 영양제추천 / 다이소핫템... ,https://blog.naver.com/pssb_design/223811934348,대부분 소포장 형태로 출시되어 있어 1개월 분량 정도로 부담 없이 복용할 수 있답니다! 특정 영양소만... 영양제정보 #가성비템 #소확행쇼핑 #비타민섭취 #일상건강 #다이소건기식 #건기식 #생활건강 #건강정보공유,20250327
소포장 건기식,blog,"코스트코 7월 5주차 건기식,영양제 할인 및 신제품 소개정보",https://blog.naver.com/bbangsuni82/223951417387,음료임 -100ml 소포장으로 간편하게 마시기 좋은 구성임 -아침에 한 병씩 챙겨 마시면 활력 있는... 도움 #코스트코7월할인 #코스트코7월5주차할인 #코스트코7월다섯번째주할인 #코스트코건기식... ,20250729
소포장 건기식,blog,&quot;보이는 대로 쓸어 담자&quot; 다이소가 촉발한 '초저가 건기식' 혁명!... ,https://blog.naver.com/clean127/224088375784,다이소 발(發) '저가 경쟁' 확산 다이소의 성공: 지난 3월 3000원/5000원 균일가 건기식 출시 후 폭발적인 반응을 얻었습니다. 전략: 소용량·소포장 구성으로 부담을 낮춰 '입문형 소비자'와 '테스트 구매... ,20251126
소포장 건기식,blog,"“CU 전국 6,000곳서 건기식 판매 개시…‘1+1에 60% 할인’... ",https://blog.naver.com/zidan_e/223949551902,"매장에서 건기식 판매 가능하도록 절차가 완료된 상태입니다. 이로써 매장 접근성이 크게 확대되었다는 점이 핵심입니다. 제품 구성 특징: 소용량(10일치) 패키지와 소포장 구성으로, 소비자 부담은 줄이되... ",20250728
소포장 건기식,blog,약국의6분의 1가격 다이소 건기식판매! 약사들 불매운동 반발,https://blog.naver.com/hot7269/223775037236,다이소에서 건기식을 저렴하게 판매하는 이유는 소포장 및 마케팅 비용 절감을 꼽는데요 다이소 화장품이 성공할수있었던 이유와 일맥상통하는거 같습니다. 기존 건기식은 3~6개월분 단위로 판매하지만... ,20250226
소포장 건기식,blog,"코스맥스NBT, 식감 살린 초소형 크런치 제형 건기식 개발",https://blog.naver.com/jh9610434/223578188586,"한 포에 1.5g 이하 소포장이 가능하다. 아울러 다양한 맛을 구현할 수 있어 건기식을 간식을 먹듯 맛있게 섭취할 수 있다. 아담 미니 제형은 최근 고객사를 통해 사과발표식초(애플사이다비니거), 인삼... ",20240909
소포장 건기식,blog,"편의점 CU, 5000원 건기식 판매 시작 [종근당 &amp; 동화약품, 총... ",https://blog.naver.com/quando_quando_/223949856724,"편의점 CU, 전국 6000여 점포에 건강기능식품(건기식) 판매 인허가 취득 완료. 전체 점포의 32%. 종근당... 10일치 단위의 소용량, 소포장 패키지. 동화약품 : 글루콘산 마그네슘이 함유된 액상 형태의 ‘ 마그랩... ",20250728
소포장 건기식,blog,다이소가 건기식도 판다고? 가격은 싸지만 믿을 수 있을까?,https://blog.naver.com/meridian6/223779198079,"3) 전문가들의 우려 약사와 건강 전문가들은 다이소 건기식에 대해 다소 회의적인 반응을 보이고 있습니다. 이유는 소포장 판매로 인해 성분이 충분한 양이 들어 있지 않을 가능성이 높고, 장기적인 복용에... ",20250301
소포장 건기식,blog,"다이소, 건기식 판매 강화…'제약사 속속 입점' 안국약품... ",https://blog.naver.com/nbnnews1/223864368173,"한국건강기능식품협회에 따르면 국내 건기식 시장은 작년 6조 원을 넘기며 20년 새 5배 성장했다. 유통업계는 뷰티 제품 ‘브이티 리들샷’처럼, 다이소의 소포장 전략이 다양한 소비층을 확보하는... ",20250513
소포장 건기식,blog,은행잎추출물 셀루라인프리미엄 건기식,https://blog.naver.com/yumis2_/223203232876,"들어간 건기식으로 그외에도 호박추출물, 옥수수수염분말, 팥분말등 꼼꼼하게 엄선한 8가지 추가 부원료도 함께 있어 우리집 건강에 도움을 줄 수 있을거 같아요 10알씩 소포장으로 6개입이 들어있어요 딱... ",20230905
소포장 건기식,blog,(내돈내산)다이소 건기식? 다이소 영양제 리뷰,https://blog.naver.com/goodlife36530/223775255047,"다이소 영양제(건기식)제품 코엔자임 Q10,MSM,콘드로이친,블랙마카, 바나나잎추출물 총 비용은 28... 2정 소포장 제품은 코엔자임과 바나나잎추출물이었습니다. 다이소 건강기능식품 코엔자임 다이소... ",20250226
소포장 건기식,blog,돌풍…영양제 비타민등 다이소 건기식 리스트 총정리!,https://blog.naver.com/guess18/223858101246,가성비영양제 #종근당건강 #대웅제약 #동국제약 #안국약품 #서울건강기능식품 #부산영양제추천 #대구비타민 #건강기능식품추천 #건기식리뷰 #다이소인기제품 #다이소5000원영양제 #소포장영양제 #다이소가성비,20250507
소포장 건기식,blog,개인맞춤형 건강기능식품 전문가 과정 수료 (+ 건기식소분사업),https://blog.naver.com/wilbi_seung/223273790555,(이하 개인건기식 실증특례사업 ) 약국에서도 건강기능식품을 ATC 기계로 소포장해서 판매가능하게 된다는... 이미 정부에서 규제 샌드박스를 통해 여러 약국과 업체(ex. 참약국 핏타민 무려 더현대 팝업으로... ,20231124
소포장 영양제,blog,"아이들 수족구, 구내염, 피부염에 추천하는 소포장 영양제... ",https://blog.naver.com/gittpharm/224126447962,"아이들 수족구, 구내염에 추천하는 소포장 영양제 / 챔큐 비타시럽 vs 엘레멘에프시럽 #수족구영양제... 5mL 만 8세 이상 1회 9mL 모두 각 용량별로 1일 2회 복용 5 ml씩 소포장 * 10개입 50ml 병포장 만 3개월부터... ",20251229
소포장 영양제,blog,"깔끔한 소포장! 탈모 영양제 추천, 나라모",https://blog.naver.com/yonikiki272/223803978413,"그래서 본격적으로 탈모 예방을 위한 영양제를 섭취해야겠다 결심했어요. 오늘 소개할 건 바로 그런 분들을 위한 ‘나라모’ 탈모 영양제입니다. 관심은 있었는데 어떤 기준으로 골라야 할지, 정말 효과가 있는... ",20250320
소포장 영양제,blog,"야매 약국 오픈 (영양제 소포장하기 / 약포지, 실링기 리뷰)",https://blog.naver.com/summer_hare/223578002576,"영양제를 먹긴 해야 하는데 매일 시간 맞춰 챙겨 먹기가 너무 어렵다. 직장 다닐 때는 회사에 전부 가져다 두고 먹었는데, 퇴사하고 집, 사무실 왔다 갔다 하니 한곳에 두고 먹기가 어려웠다. 그래서 영양제... ",20240909
소포장 영양제,blog,페이스리프트 소포장으로 변경! 어린이 키성장 영양제의... ,https://blog.naver.com/wonipharmacy/223829815834,성장속도가 느린 아이 #키크는약 #키가쑥쑥 #HT042 #황기추출물 #가시오가피추출물 #키크는영양제 #어린이영양제 #초등학생영양제 #초등학교저학년영양제 #키크는법 #키크는 #키쑥쑥 #판교약국 #원이약국,20250415
소포장 영양제,blog,[강아지유산균영양제][강아지... 개선 | 소포장 간편 급여가능... ,https://blog.naver.com/sisi908/223619740430,있는 영양제 [페노비스 벳 강아지 유산균]을 소개해드릴게요~ 강아지유산균영양제 #유해균성장억제 를... 따로 계량할 필요없이 권장 급여량인 2g씩 소포장 되어있기 때문에 가루형으로 한포씩 빠르고... ,20241015
소포장 영양제,blog,헬세 키즈 유아 어린이 오메가3 스푼형 소포장 성장기영양제,https://blog.naver.com/kcm1865/223276923227,어린이 영양제로 레몬맛의 액상형으로 거부감 없이 쉽게 섭취하고 성장기에 필요한 영양성분을 도움받을 수 있어요 소포장이라 산패 걱정도 없고 외출 시 놓치게 되었을 때에도 가방이나 주머니에 쏙... ,20231128
소포장 영양제,blog,다이소영양제로 괜찮은 신제품 아르기닌5000 여행필수템,https://blog.naver.com/jiyea_junjin/224283250901,"다이소영양제, 소포장된 익스트림 아르기닌5000! 이런 분들 꼭 챙기세요! 요즘 출산을 앞두고 신랑이랑 여기저기 국내여행 및 가까운 곳 여행투어를 다니고 있답니다 :) 매주 휴일에는 조금 피곤해도 바닷가... ",20260513
소포장 영양제,blog,다이소 영양제 성분 분석해 보니 의외의 대박인 이유 (TOP 5... ,https://blog.naver.com/100vs100328/224272005746,"다이소의 소포장 영양제는 휴대성이 좋아 여행용이나 사무실 비치용으로 정말 딱입니다! 4. 구매 전... 추천: 가성비를 중시하는 학생/자취생, 영양제를 처음 시작하는 입문자, 여행용 소포장이 필요한 분... ",20260502
소포장 영양제,blog,강아지눈물! 파파메디 강아지눈영양제(#간편하게#소포장),https://blog.naver.com/dbsrud7321/222779951273,"파파메디 눈영양제 구성품 소포장된 영양제와 후원증서 와펜, 파파메디 설명서 등이 들어있어요. 파파메디는 영양제 판매금의 일부를 유기동물을 위해 후원하고 있다고해요:) 와펜은 파파메디 영양제를... ",20220619
소포장 영양제,blog,Hy x 닥터나우에서 만든 월간영양제 추천! 소포장된 닥터잇츠,https://blog.naver.com/p_heart30/223296516935,Hy X 닥터나우 = 닥터잇츠 월간영양제 추천! 소포장으로 편리한 타입 다들 영양제 잘 챙겨드시고계신가요?! 매일매일 사무실로 출근하신 분들이라면 사무실에 두고 챙겨먹는것도 방법인데요. 오늘 소개할 제품은... ,20231218
소포장 영양제,blog,키즈 오메가3 헬세 7세 어린이 영양제 추천 위생적인 소포장,https://blog.naver.com/whitewon48/223272629899,영양제 많아도 챙겨먹이는게 일이었는데 한번에 해결할수 있으니 일석이조!! 소포장된 스푼 사이즈는 7세 아이가 한입에 넣고 먹을만한정도에요. 약 10미리정도가 들어있는데요. 한입에 쏙 들어가는 양이라... ,20231123
소포장 영양제,blog,칼디케이 분말 리뷰 아이들이 좋아하는 칼슘영양제 추천 새콤달콤,https://blog.naver.com/h102311/224174539284,오늘은 아이들이 좋아하는 칼슘영양제 추천 제품을 소개할게요! 소포장 위생적이고 휴대하기 좋아요!... 가족영양제 #칼슘분말 #영양제추천 #육아꿀템 #엄마표건강 #아이건강 #새콤달콤영양제 #소포장영양제,20260206
소포장 영양제,blog,임신준비영양제 랄츠비 퍼틸 액티브 우먼,https://blog.naver.com/gkdmso3o/224099772979,"30개의 소포장 영양제가 들어가 있구, 하루에 하나씩 가볍게 꺼내서 섭취하면 되더라구요 :) 포장이... 임신준비영양제구 오메가3는 특히 산패되지 않는 게 중요한데 이렇게 낱개로 소포장되어 있어 만족 한포씩... ",20251208
소포장 영양제,blog,초등학생 눈 건강 위해 데이라이프 아이 영양제 1개월 써보니,https://blog.naver.com/shrew28917/224258918476,"아이 영양제를 알게 됐어요. 특히 베타카로틴 함유라서 눈 건강에 좋다길래 관심이 갔고, 한 달 정도... 이런 소포장 영양제라면 꾸준히 챙기기 좋겠다는 생각 들었네요. 실제로 한 달 먹인 후 변화 솔직히 처음엔... ",20260421
소포장 영양제,blog,헬세 키즈 어린이 오메가3 스푼 소포장으로 유아 영양제로 추천해,https://blog.naver.com/vlclxn1/222175982819,"헬세키즈 어린이 오메가3 스푼 소포장으로 유아 영양제로 추천해 요즘은 아기 건강, 성장이 가장 중요하잖아요? 우연히 유아 영양제를 검색해보다 유아 오메가3 헬세키즈 오메가3 제품을 알게 됫어요. 원래... ",20201216
소포장 영양제,blog,트랜디한 영양제 소포장 '미니서플리',https://blog.naver.com/motang2u/60204671467,트랜디 한 영양제 소포장 '미니서플리' 아주 앙증맞고 깜찍한 영양제를 만났어요. cj에서 새로나온 미니서플리는 기존의 영양제에 대한 인식을 확~바꾼 제품이에요. 영양제는 대용량으로 나와야하고..... ,20131202
소포장 영양제,blog,잇몸내려앉음 영양제 똑똑한 선택법 체크하는 법,https://blog.naver.com/hangkook77/224266675973,잇몸내려앉음 영양제를 찾아보게 되었어요. 30대 중반이 지나면서 잇몸 상태가 예전 같지 않다는 생각이... 하루 1정 섭취 방식이라 아침에 간편하게 챙기기 좋았고 소포장 형태라 외출 시에도 휴대가... ,20260427
소포장 영양제,blog,"이번 주 정리 : 요리, 영양제 소포장, 야구, 디지털 멘토링, 게임... ",https://blog.naver.com/cbads/222779846241,"영양제 소포장 오메가3, 비타민D, 비타민 C 요즘 영양제를 소포장해서 먹고 있다. 약포지 왕창과 약 주걱을 샀을 때 '얼마나 먹겠다고 템부터 샀지...'란 자책이 좀 있었는데 약포지로 소포장 해서 먹으니 생각보다... ",20220619
소포장 영양제,blog,다이소 영양제 장 예민한 내가 선택한 유한양행... ,https://blog.naver.com/kkm791004/224283206048,마침 떨어져 가는 영양제도 살 겸 어떤 것들이 들어왔는지 궁금한 마음에 집 근처 매장을 직접 방문해... 게다가 10일 단위로 소포장 되어 있어 회사에 출근할 때도 가볍게 가방에 넣어 챙겨 섭취하기에 아주... ,20260513
소포장 영양제,blog,강아지오메가3 피부 영양제 버박 메가덤 앨러밀 샴푸,https://blog.naver.com/rich220525/224070324901,"강아지오메가3 피부영양제 버박 메가덤 앨러밀 샴푸 황금비율 오메가3, 오메가6 &amp; 약용샴푸로... 없는 소포장 영양제를 찾을 때 ⚠️ 앨러밀 참고사항 상태에 맞게 문의 후 사용 권장 피부 상처 부위는 피해서... ",20251109
소포장 영양제,blog,"내돈내산 초기~중기 [임산부 영양제] 마더스케어 1단계, 엽산... ",https://blog.naver.com/see7833/224288192312,한달치 영양제가 소포장되어 있어 다른 영양제 구매 할 고민없이 이거 하나만 먹으면 되니 진짜 편하지만 한달치 영양제 가격이 5만원 후반대라 초기 이후까지 쭉 먹기 부담스럽던 가격 닥터올로지 올인원... ,20260517
소포장 영양제,blog,"유아영양제 헬세 키즈 오메가3, 소포장 시럽 신박한데?",https://blog.naver.com/mjhlove123/221763455182,헬세 키즈 오메가3 시럽형 리뷰:) 원래 먹던 유아영양제가 똑 떨어지고 검색하던 중 낱개 포장된... 20스푼으로 소포장되어 산패 걱정 NO! 어린이들은 하루 1스푼씩 20일 분량 어른 기준 권장량이 2스푼... ,20200107
소포장 영양제,blog,바크 가든잇 깨끗한 바크 소포장 추천,https://blog.naver.com/bfsqvtxs/224283265534,"바크 가든잇 깨끗한 바크 소포장 추천 가든잇 깨끗한 바크 1. 가든잇 깨끗한 바크 새로운 가든잇... 바크50리터 대립 /비료 거름 식물영양제 분갈이흙 상토 화분 텃밭, 1개, 50L 지금 바로 구매하세요. 한정... ",20260512
소포장 영양제,blog,"아침에동충강황 큐코민 커큐민영양제, 면역력 관리 시작 후기",https://blog.naver.com/nambol276/224279158446,그러다 알게 된 게 바로  큐코민 아침에 동충강황 커큐민영양제!! 소포장  왜 커큐민영양제를 찾게 됐을까 요즘 건강관리 관심 많아지면서 ✔ 강황 ✔ 커큐민 ✔ 면역력 관리  이런 키워드 많이 보이잖아요. 특히... ,20260508
소포장 영양제,blog,동상이몽 윤유선 베리 분말 슈퍼베리 하스카프 영양제,https://blog.naver.com/tazsun20/224214005856,"일반 영양제와 다르게 '꾸준히 먹기 편한 고퀄리티 슈퍼푸드'였어요. 위생적이고 간편한 소포장: 30g 단위의 소포장 구성이라 처음 시도하기에도 부담이 없고, 여행지에서도 보관과 섭취가 정말 편하다는 점이... ",20260312
소포장 영양제,blog,더현대서울핏타민 : 약사가 영양제를 상담해주고 정기구독 할... ,https://blog.naver.com/meeting0103/223274656361,&lt;핏타민&gt;의 영양제는 하루에 먹을 수 있는 영양제를 소포장해두어서 휴대용으로도 정말 좋더라구요?!... 저는 부피때문에 영양제는 어쩔 수 없이 포기했어야 했는데요. &lt;핏타민&gt; 소포장 영양제니까 부피 차지하지... ,20231125
소포장 영양제,blog,잇몸내려앉음영양제 고민하다 화이니카 잇몸엔 PMEC 챙기게... ,https://blog.naver.com/rmagml1203/224219374586,시간을 따로 내지 않아도 아침에 챙기는 영양제와 함께 섭취하기 편하다는 점이 장점으로 느껴졌습니다. 한 박스에 10캡슐씩 소포장 되어 있어 여행을 가거나 사무실에 두고 먹기에도 편리하더라고요. 습기나... ,20260317
소포장 영양제,blog,매일매일 먹는것들/먹이는것들/ 영양제보단 음식으로/건강하기... ,https://blog.naver.com/small-deep/224284976498,"나는 견과류는 무조건 소포장되있는거 산다. 통에 들어있는 대용량은 저어어얼대 안산다. 영양제보단 음식으로 건강해지려하는 내 마음. 영양제라고 먹는건 유산균 뿐인데, 그래도 우리애들 면역력 높고... ",20260514
소포장 영양제,blog,어린이키크는영양제 키즈텐042 성장기아이에게 추천,https://blog.naver.com/daisy_yam/223553555460,#키성장기영양제 #어린이키크는영양제 소포장 된 박스 윗쪽에 보면 키즈텐 정품확인 QR코드가 찍혀있는대요 추후 구매시 정품확인을 비롯한 할인혜택까지 챙길 수 있으니 꼭 확인해봐야겠죠 ! 포장지도... ,20240819
소포장 영양제,blog,다이소영양제 신상 추천 고함량 아르기닌5000 익스트림... ,https://blog.naver.com/ha3790/224282706515,에너지 대사에 도움을 주는 성분들이 같이 들어있어서 여러모로 건강 챙기기 좋은 #다이소영양제 라는 생각이 듦. 2. 스틱 딱 2포씩 소포장 되어 있다 보니 휴대성이 정말 좋음. 운동하러 갈 때나 가방 속에 쏙... ,20260512
소포장 영양제,blog,스틱 | 최고급 엑스트라버진 유기농 올리브유 100% 간편한 소포장,https://blog.naver.com/qkrrhaz/224258175480,비타민 E와 폴리페놀 같은 항성분도 풍부해서 면역력 챙겨야 하는 우리 아이들에게 이만한 천연 영양제가 없더라고요. 베베쿡 처음먹는 유기농 올리브유 스틱은 스페인산 유기농 엑스트라버진 100%를 열을... ,20260420
소포장 영양제,blog,고양이 신장영양제 추천 페노비스 후기,https://blog.naver.com/dshm__/224260447267,"계량이 필요 없는 가루형 소포장의 간편함 영양제 챙겨줄 때마다 스푼으로 깎아서 계량하는 거, 은근히 번거롭고 위생도 걱정되잖아요? 페노비스 벳 PLUS는 사진에서 보시는 것처럼 깔끔하게 개별 소포장이 되어... ",20260421
소포장 영양제,blog,"홈쇼핑 인기 영양제, 부담 없이 먼저 먹어보고 결정하기",https://blog.naver.com/donormm/224072528751,조합 소포장(60정) → 먼저 먹어보고 맞으면 대용량 구매 가능 냄새가 적어서 꾸준히 먹기 좋다는 후기... 냄새적은오메가3 #소포장영양제 #매일영양관리 #꾸준템 #가성비영양제 #60정 #2개월분 #필수영양제... ,20251111
소포장 영양제,blog,팬트리 정리함 보관함 적층식 투명수납함 약 영양제 책상... ,https://blog.naver.com/ztdifficulty/224249280298,"• 중형은 응용 범위가 넓어서약과 영양제,소포장 간식,문구에 두루 맞아요. • 적층 단을 올렸을 때 앞쪽 접근이 막히지 않는지 보는 편이 좋아요. 2026년 기준으로 수납은 크게 라벨링보다보이는 정리가 강세라... ",20260412
소포장 영양제,blog,[강아지 영양제] 반려견 전용 유산균 페노비스 추천,https://blog.naver.com/lpsh111/223866814467,깔끔하게 개별포장 되어있었던 반려견 영양제 페노비스 소포장이라 급여할때 편해서 좋음 권장 급여량 만큼 포장되어있어서 간편하다. 게다가 개별포장이라 공기에 노출되지 않으니 훨씬 신선하기도 하고... ,20250515
소포장 영양제,blog,30대 남성 영양제 추천 올인원 구독 가성비 비교 및 복용 순서,https://blog.naver.com/nstartkkh/224287972974,"프리미엄 소포장 당신의 영양제 2만 원대 중반 종합비타민, 프로바이오틱스, 미네랄 합리적인 가격대의 대중적인 필수 조합 각 브랜드는 고유의 장점을 지니고 있습니다. 예를 들어 필리는 모바일 설문 조사를... ",20260517
소포장 영양제,blog,"[영양제소분하기]약통말고, 소포장으로 간편하게!!",https://blog.naver.com/clicksy32/221242543809,"했었어야했지만, 낼부터는 정말 본격적으로 해야겠습니다!! 다이어트..ㅠㅠ 영양제나 보조제 매일 챙겨먹기 어렵거나 약통에 넣고 다니기 불편할땐!! 약포기포장 추천합니다!!",20180401
소포장 영양제,blog,24개월 아기 영양제 칼슘 고르는 기준 하와유 칼마디+ 추천 후기,https://blog.naver.com/newlife0-0/224280742964,"소포장 여부 기존에 다른 영양제를 액상으로 먹이던게 있었는데, 병 단위로 먹여야 하고, 냉장보관해야 하니 어디 외출하거나 여행갈 때 챙기기가 어렵더라구요. ㅠ 어디서든 편하게 먹일 수 있는 제품으로... ",20260510
소포장 영양제,blog,비오틴과 비타민C를 한번에 비오틴영양제 추천 모타민,https://blog.naver.com/melodycong2__/224179289534,"안녕하세요 멜로디콩입니다:) 비오틴과 비타민 C, 유산균을 하루 한 알로 섭취할 수 있는 영양제 &lt;모타민... 10정씩 소포장 되어 있어서 위생적이고, 하나씩 꺼내 먹는 식이라 외출할 때도 부담이 없습니다. 매일... ",20260210
소포장 영양제,blog,연골영양제 추천 케어에는 솔티스 타마플렉스 관절&amp;연골 후기,https://blog.naver.com/youneeblog/224062795112,"사실 제가 영양제 챙겨 먹는 걸 자주 까먹는 편이라 통에 들어있는 제품들은 쉽게 잊게되는데, 이렇게 소포장 되어 어디든 들고 갈 수 있으니 언제든 편하게 챙길 수 있었습니다. 운동 끝나고 따뜻한 물 한 잔과... ",20251103
소포장 영양제,blog,엘지생건 루테인부터 가성비 영양제 조합까지 (feat. 노안 극복... ,https://blog.naver.com/1sanginfl/224281779642,"저 역시 대량으로 쟁여두었다가 유통기한이 지나 버린 영양제가 수두룩했기에, 다이소의 '소포장 전략'에 주목했습니다. 대기업 제조사의 신뢰도: 제가 픽한 제품은 무려 LG생활건강에서 제조한 루테인입니다.... ",20260511
소포장 영양제,blog,더블액션 위영양제 영롱 위실드 더블액션,https://blog.naver.com/money_36/224214886462,"영롱 위쉴드 더블액션은 한 상자에 10정씩 소포장된 영양제가 총 90정이 들어있습니다. 제품은 직사광선을 피하여 건조하고 서늘한 곳에 보관하며 1일 3회, 1회 1정을 충분한 물과 함께 섭취합니다. 소포장되어있어... ",20260313
소포장 영양제,blog,다이소 영양제 추천 유한양행 프리바이오틱스로 챙기는 장 건강,https://blog.naver.com/semee95/224285349876,요즘 물가가 너무 오르다 보니 매달 챙겨 먹는 영양제 비용도 은근히 부담이 되더라고요. 특히 가족... 유산균은 소포장으로 휴대성이 뛰어나고 구강 건강을 위한 프레쉬츄나 자몽 맛의 운동 유산균도 각자의... ,20260515
소포장 영양제,blog,"오쏘몰 이뮨 멀티비타민&amp;미네랄 30일 후기 , 영양제 선물 추천",https://blog.naver.com/wlduql0708/224234502424,영양제가 출시되었다. 여자가 남자보다 미네랄 2개종이 더 많네?! 변경사항이 있다고 하는데.... 1. 일체형 잠금 방식으로 캡 길이가 짧아짐 2. 액상 음용구가 넓어짐 3. 일체형 캡이 적용됨 ✔️1회분 소포장이... ,20260330
소포장 영양제,blog,[일상]피부 면역 유산균 율무영양제 피부 면역 영양제 &quot;티제로&quot;,https://blog.naver.com/donas/224233066674,"6일 치 분량으로 소포장되어 있어 사무실 등에 두고 평일에 먹기도 최고! &quot;티제로&quot; 섭취 방법 피부 면역 유산균, 율무영양제, 피부 면역 영양제 &quot;티제로&quot;은 섭취 방법도 편하다. 간편하게 1일 1회 1정을 충분한... ",20260329
소포장 영양제,blog,"키크는영양제 추천, 캔틴나인 헤이올 면역 눈 뼈 한번에 관리",https://blog.naver.com/jjnn89/224240038029,소포장이라 가방에 넣고 다니면서 먹기도 편해서 외출 시에도 챙기기 좋았습니다. 키크는영양제로 챙겨다니기 좋아요! 믿고 먹을 수 있는 이유 캔틴나인 헤이올은 단순한 영양제를 넘어서 “아이도 부담 없이... ,20260403
소포장 영양제,blog,다이소 영양제 대웅제약 비타민D 4000IU 리얼후기,https://blog.naver.com/falsoyong2/224094006121,"다이소 비타민D의 경우 5,000원이 아닌 3,000원에 판매중에 있기때문에 소포장되어 있는 영양제를 다시금 소분을 할 수 없었습니다. 이전에 포스팅한 5,000원짜리 밀크씨슬의 경우 소포장을 소분해서 휴대 할 수... ",20251201
소포장 영양제,blog,"다이소영양제 데일리와이즈, 다이소건기식으로 가볍게 시작한... ",https://blog.naver.com/hw725_/224248261696,더 재미있고 솔직한 사용감 위주의 포스팅으로 돌아올게요. 우리 다음 후기에서도 같이 건강하게 만나요! #다이소영양제 #다이소건기식 #데일리와이즈 #건강기능식품 #소포장건기식 #영양제추천 #직장인영양제,20260410
소포장 영양제,blog,안국약품 부모님 영양제 추천 토비콤 루테인지아잔틴... ,https://blog.naver.com/laumi_0929/224254886080,영양제가 각각 소포장이 되어있기도 해서 가지고다니기도 굉장히 간편한데요 제일 좋은 건 하루 한알만 먹어도 되니 그 부분이 굉장히 간편하고 좋은 듯 합니다. 캡슐 사이즈도 굉장히 작고 거기다 목넘김도... ,20260416
소포장 영양제,blog,종근당 벨더웰 아이벨타민 아이 영양제 내돈내산 구입후기,https://blog.naver.com/angelkeh3/224236244281,지인이 종근당 벨더벨 아이벨타민 영양제를 아이들 한 번 먹여보라고 몇 개 줘서 먹였는데 아이들이... 소포장 되어 있어서 여행가거나 외출할 때 휴대하기 좋아요. 아이벨타민은 액상 형태로 되어 있고 아이가... ,20260331
소포장 영양제,blog,6개월말티푸/말티푸첫영양제/반려견관절... ,https://blog.naver.com/working425/224216319339,"해야한다고해서 영양제를 먹여본다 말티푸마을 이벤트로 알게된 펫클 (옛날에 강아지키울땐 강아지... 한포씩 소포장 ㅎ 요즘 이런 스틱형포장 너무 편해,, 좋다 ㅎ;; 여행갈때도 소포장이라 챙기기 좋음 ㅎ... ",20260314
소포장 영양제,blog,연세 키즈텐 성장기 어린이 철분 영양제 5중기능성 플러스... ,https://blog.naver.com/appealdw/224237531554,트렌드 포인트 정리 포인트 설명 브랜드 신뢰 연세 이미지와 평판로 부모층 신뢰 확보 복합 기능 5중기능성 플러스 구성으로 철분 외 영양제 효과 소포장 실용성 2g x 30포 소포장으로 휴대성 및 섭취 편의성... ,20260401
소포장 영양제,blog,성기능영양제 알아보다가 결정한 이유와 실제 섭취하고 느낀 것들,https://blog.naver.com/chuneunjeong/224192953751,그때 처음으로 성기능영양제를 찾아보았는데 자극적인 문구는 피하고 기능성 인정 여부와 원료 정보를... 10일분 소포장 구성이라 처음 시작하기에도 부담이 적었고 외출했을 때 몇 개 챙겨 다니기에도... ,20260223
소포장 영양제,blog,어린이칼슘영양제 '유스잇' 액상칼슘 맛도 영양도 굿,https://blog.naver.com/yundurius/224221515400,"패키지 박스부터, 소포장 디자인도 너무 예쁘죠? 아이들이 좋아할수밖에 없게 만들었어요 아이들한테... 감사한 영양제 되겠습니다요!  부모 입장에서 추천 이유 ✔ 아이가 거부감 없이 먹는 유아칼슘 ✔ 휴대... ",20260318
소포장 영양제,blog,닥터바이 브레스 강아지 기관지 영양제 30포 1팩 호흡기 면역... ,https://blog.naver.com/yxzfjdpks/224287399830,닥터바이 브레스 강아지 기관지 영양제라는 모델명 그대로 소포장되어 있어 하루 분량을 챙기기 편하더라고요. 제 경우에는 평소 기침과 콧물로 소리가 좀 크던 아이를 위해 구매했어요. 저도 처음엔 효과가... ,20260516
소포장 영양제,blog,"다이소 3,000원 영양제, 약국 폭리인가? 진실은?",https://blog.naver.com/toxication7/223797105979,⸻  다이소 영양제의 가격 비밀 1. 소포장 및 함량 조절 •소포장 판매: 다이소에서는 영양제를 1개월 분량으로 소포장하여 판매하고 있습니다. 이는 일반적으로 3~6개월 분량으로 판매되는 약국 제품과 비교하여... ,20250315
소포장 영양제,blog,"고양이신장영양제 추천, 고양이 설사·묽은변 고민 페노비스 후기",https://blog.naver.com/hodoo527/224223926876,"✔ 가루형 소포장 ✔ 이지컷으로 쉽게 뜯기 ✔ 따로 계량 필요 없음 고양이신장영양제는 꾸준함이 중요한데 이건 급여 자체가 너무 편해서 계속 먹이기 좋겠다 싶었어요. 고양이신장영양제, 결국 집사가... ",20260320
소포장 영양제,blog,고함량 아미노산 에너지젤 아미노산영양제 런닝필수템... ,https://blog.naver.com/phwangsu/224236280675,오늘은 고함량 아미노산 에너지젤 아미노산 영양제 하이뮨 아미노포텐 후기 올려요. 요즘 컨디션이 좀... 한 번에 먹을 만큼만 소포장되어 있어서 따로 계량할 필요도 없고 외출할 때 몇 개 챙겨 다니기도... ,20260331
소포장 영양제,blog,다이소 영양제 종류와 비타민D 구매방법,https://blog.naver.com/jeongjuhyunj/223967463621,"그곳은 다름 아닌 다이소 영양제 진열 코너였답니다. 다이소에서 영양제를 판매한다니, 정말... 10정씩 소포장 되어 있어 휴대·섭취가 편리했어요. 알 크기도 부담 없었고요. 다이소 오메가3 오메가3는 필수... ",20250812
소포장 영양제,blog,군마트 px 영양제 락티브 멀티케어 종합비타민 미네랄,https://blog.naver.com/kky7715/224210507155,락티브 멀티케어 종합비타민 미네랄 박스를 개봉하면 소포장된 영양제 30포가 들어있어요. 아침 또는 점심 식사 후 1포 먹으면 되고 간편하게 복용이 가능해서 좋았어요. 비타민은 인체에서 자체적으로... ,20260309
소포장 영양제,blog,화분영양제 소포장 판매 미성가든센터,https://blog.naver.com/emijam/223091475562,가드닝 레시피와 함께 ! 가드닝 레시피로 맛있게 분갈이 해보아요 대용량 사기 부담스러우셨던 분들 GOGO !! 미성가든센터에서 한번에 해결! 주소: 고양시 덕양구 고양대로 1569-1 ☎️고객센터... ,20230502
소포장 영양제,blog,이뮨멀티비타민 환절기 영양제추천,https://blog.naver.com/hyosunv/224220733107,하나씩 소포장되어 있어요! 그래서 바쁜 아침에 미쳐 챙기지 못했을 때에는 가방에 쏙 넣고 다니다가 먹기도 하고~! 저는 여행갈 때 진짜 필수템으로 챙기는데 바로 이 이뮨멀티비타민이에요ㅎㅎ 여행 영양제추... ,20260318
소포장 영양제,blog,키크는영양제 추천 초등학생도 두드림 아이클타임 프리미엄 H,https://blog.naver.com/youneeblog/224177416949,"키크는 영양제 추천 템으로 유아부터 초등학생, 중,고등학생 맘들에게도 유명한 두드림 아이클타임에... 박스를 열어보니 10개씩 소포장된 작은 박스가 3개가 들어있어요. 이렇게 소포장을 해둔 제품은... ",20260209
소포장 영양제,blog,개인 맞춤 영양제 필그램 건강검진 기반으로 한팩영양제... ,https://blog.naver.com/juliet812/223496576698,개인맞춤영양제 소포장 패키징 된 것만 외출할 때 쏙 가져가면 되니까 아주 편리하더라고요! 약국에서 처방받은 약 마냥 소분해서 배송되니까 까먹지 않고 잘 챙겨 먹게 되더라고요 섭취하고 섭취 체크를 안... ,20240630
소포장 영양제,blog,나를 위한 맞춤 영양제로 영양제 구독 완료 메디콕,https://blog.naver.com/ulsanni/223593364670,"같아요 소포장된 영양제 한포 한포 안에서도 저녁용인지, 낮용인지 구분되어 있고 권장 섭취일과 어떠한 영양제인지 기재가 되어 있다보니 더욱 더 편하고 신뢰있게 섭취가 가능하더라구요 현재 정기구독시... ",20240923
소포장 영양제,blog,"강아지 영양제 페노비스, 반려동물 장 건강 면역력 추천, 주차... ",https://blog.naver.com/star_08_15/224249944127,좋았어요 영양제 급여  소포장으로 편한 급여 이 제품은 하루 급여량이 개별 포장되어 있어요 ✔ 위생적 ✔ 휴대 편리 ✔ 급여량 고민 없음 산책이나 여행 갈 때도 하나씩 챙겨 다니기 좋아서 실용적인 부분도... ,20260413
소포장 영양제,blog,'혈당 스파이크' 잡는 혈당 다이어트 및 추천 영양제 완벽... ,https://blog.naver.com/metashift/224166267065,"휴대와 위생을 동시에 잡은 '소포장 영양제' 트렌드 대용량 통에 담긴 영양제 대신, 하루치씩 개별 포장된 '멀티팩'이나 '소량 파우치' 제품이 인기를 끌고 있습니다. 이는 영양제의 산화 방지는 물론, 외출 시... ",20260203
소포장 영양제,blog,"육아맘의 선택 맞춤 영양제, 에스더 팩",https://blog.naver.com/kyesang48677/223702022117,선물용으로 제작된 에스더팩입니다 #에스더팩 #여에스더팩 #에스더몰 #영양제구독 #영양제소포장 #영양제소분 #에스더유산균 #에스더비타민C #영양제추천 #맞춤영양제 #영양제정기배송 #30대영양제추천... ,20241222
소포장 영양제,blog,메디트리 팝핑톡톡 테아닌 영양제로 스트레스 긴장 케어하기,https://blog.naver.com/im_lime/224193545923,"간편한 소포장인데다가 일단 상큼한 맛이라 만족스러웠어요 업무 강도에 항상 긴장되어 있는 분이나 중요한 미팅, 발표를 앞둔 분, 간편하게 스트레스 완화 영양제를 찾는 분이라면 커피 대신 메디트리 테아닌... ",20260224
소포장 영양제,blog,[식물영양제입고] 가정원예용 소포장비료 구매도 KG팜몰에서!,https://blog.naver.com/kgfarmmall/220762239646,[식물영양제입고] 가정원예용 소포장비료 구매도 KG팜몰에서! 안녕하세요 잇님들 :) 요즘 KG팜몰은 새로운 상품들 입고로 정신 없는 나날들을 보내느라 잇님들이랑 소통도 제대로 못했네용... 에구..ㅠㅠ... ,20160714
소포장 영양제,blog,[찐후기] 일맥 위영양제 그린세라F 위건강엔 속편한에센셜... ,https://blog.naver.com/namunorae/224170255499,위영양제 그린세라F 위건강엔 속편한에센셜 위에좋은 금은화추출물 지마켓 소포장 포장 박스의 상단 뚜껑을 열어젖히면 소포장된 본품의 가지런히 정리되어 있는 모습이 보입니다 총 10개의 소포장이 있어요... ,20260203
소포장 영양제,blog,"건식 사료, 습식 사료, 간식, 영양제 등 다양한 펫푸드 제품 총정리",https://blog.naver.com/specforum/224211610661,반려동물 영양제도 판매되고 있다. 2. 다이소 사료의 장점 ① 가격이 매우 저렴 대부분 2000원~5000원 정도라 부담 없이 구매 가능하다. ② 소포장 제품이 많음 사료를 처음 테스트하거나 길고양이·유기견... ,20260310
소포장 영양제,blog,[선물후기]올인원 이뮨 비타 멀티팩 솔직후기/ 면역력 영양제 추천,https://blog.naver.com/faithqt/224165256032,상자를 옆으로 열어보면 소포장된 영양제들이 차곡차곡 들어가 있습니다. 봉지를 절취선에 맞게 뜯어보면 알약 4개가 들어 있습니당 패키지 앞에 성분들이 나와 있구요 각 성분에 대한 기능정보입니다!... ,20260130
소포장 영양제,blog,"아기 간식, 아기 영양제, 베베쿡 신제품 처음먹는 유기농... ",https://blog.naver.com/godlrn/224210378641,"면역과 아기간식으로 좋은 아기영양제 베베쿡신제품 돌아기영양제 올리브유스틱이에요! 맘플체험단... 최고급 엑스트라버진 유기농 올리브유 100%로 산패 걱정없는 10ML 소포장, 매일 신선하게 사용 가능해... ",20260309
소포장 영양제,blog,피로회복영양제 프리미엄 장용성 비타민B컴플렉스 골드... ,https://blog.naver.com/hsstella/224195446707,"비타민B영양제를 찾는 분 개별 포장되어서 위생적인 제품으로 느껴집니다. 개인적으로 소포장, 개별 포장을 좋아합니다. 여행 갈 때 잘라서 가지고 가면 좋더라고요. 아침에 깜박하는 경우가 있을 수 있으니... ",20260225
소포장 영양제,blog,키성장영양제 성장원키플러스042 로 성장기 관리해요,https://blog.naver.com/pjw6/223164542314,박스를 열어보면 소포장 된 영양제들이 빼곡히 들어 있어요 둘째가 더 관심 가지는 영양제 ㅋㅋㅋ 아참 성장원키플러스는 12개월 이후부터 먹을 수 있지만 아이의 미각과 기호 때문에 36개월 이상 부터... ,20230724
소포장 영양제,blog,다이소영양제 락토핏 간케어 당케어 유산균,https://blog.naver.com/dlwjdwn1101/224201905193,이것저것 필요한거 사고 늘 관심있는 부분은 다이소 영양제 코너라서 둘러봤지요. 대부분... 그런데 이번에 다이소 가보니 20포씩 들어있는 소포장 락토핏이 종류별로 있더라고요. 제가 눈여겨본 다이소... ,20260303
소포장 영양제,blog,다이소 영양제 열풍 l 편의점 영양제 건기식 성분 함량 분석,https://blog.naver.com/insightoftrend/223783183230,최근 다이소에서 출시한 초저가 영양제가 큰 관심을 받았죠.  편의점 역시 소포장 영양제를 중심으로... 다양성 소포장 제품 위주 다양한 고급 브랜드 제품 보유 가격 저렴한 가격대 중~고가 제품 많음 성분 및... ,20250304
소포장 영양제,blog,강아지 눈물 영양제 제리스타일스 아이즈 파우치,https://blog.naver.com/ggama1203/223997954676,소포장 강아지 눈물 영양제 제리스타일스 아이즈 파우치 받았을 때 좋았던 점은 커다란 봉투 안에 세개로 따로 소포장 되어 있더라구요 아무래도 뜯고 나면 변질의 가능성이 있으니 따로 소포장을 하는... ,20250906
소포장 영양제,blog,전용 비료 소포장 200g 1kg 멀티블루 완효성 식물 코팅 영양제,https://blog.naver.com/ktmkh456/222811294072,감사합니다! 한아름 블루베리 전용 상토 50리터 블루베리 식재 피트모스 펄라이트 화분 분갈이 흙 블루베리 전용 비료 소포장 200g 1kg 멀티블루 완효성 식물 코팅 영양제 https://smartstore.naver.com/jajae1,20220714
소포장 영양제,blog,밀크씨슬영양제 닥터지노 워킹리버,https://blog.naver.com/chromatism/222335265754,소포장으로 영양제의 변질을 최소화했다. 닥터지노 밀크씨슬은 나노화 특허기술로 입자의 크기를 10억 분의 1미터로 줄였기 때문에 일반 실리마린에 비해 흡수율이 12~20배 높다. 간 기능 강화 및 피로... ,20210503
소포장 영양제,blog,(제품) 파파메디 메디락토 강아지 유산균 영양제,https://blog.naver.com/happydog-haku/222877019126,주황색 박스에 2g 30포가 담겨 있는 파파메디 강아지 유산균 영양제! 소포장 어서 어디든 가지고 다니면서 줄 수 있어서 더 간편하다. 그리고 포장지에 오래오래살자라는 문구가 넘 좋자낭~! 아푸지말고... ,20220917
소포장 영양제,blog,다이소 매장 가성비 건강기능식품 돌풍…영양제 비타민등... ,https://blog.naver.com/guess18/223858101246,소포장 전략의 승리! 소비자가 원하는 바로 그 가격  다이소의 성공 비결은 단연 **‘소포장’... 대구비타민 #건강기능식품추천 #건기식리뷰 #다이소인기제품 #다이소5000원영양제 #소포장영양제 #다이소가성비,20250507
소포장 영양제,blog,"다이소, 영양제 5천 원에 판다?&quot; 건강기능식품 시장의 판도를... ",https://blog.naver.com/scomo/223776325638,저렴한 이유 3가지 ✔️소포장 판매: 보통 3~6개월 분량으로 판매되는 건강기능식품을 한 달치... 가성비영양제 #다이소건강보조제 #소포장영양제 #약사반발 #약국매출타격 #다이소건강 #다이소균일가... ,20250228
소포장 영양제,blog,수면에 좋은 영양제 꿀잠 잘땐 안국건강 잔티움,https://blog.naver.com/k_saja/222549079171,큰 박스 안에는 작은 2개의 박스가 있고 그 안에는 15개의 소포장된 영양제 봉지가 있는데 1일 1포(3정) 드시면 됩니다. 수면에 좋은 영양제인 만큼 자기 전 먹어봤는데 정말 그 전날은 몸의 피로도가 심해서... ,20211026
소포장 영양제,blog,멀티영양제 추천 - 밸런스 멀티팩으로 한번에!,https://blog.naver.com/jinhii88/222445315053,원스닥터 밸런스 멀티팩안에 소포장된 영양제들이 30개 들어있어요^^ 하나씩 포장에 총 4알의 영양제가 들어있구요^^ 종합영양제 추천제품이라 꼼꼼한 성분도 확인하시면 좋아요^^ 검정색 2알은 고품질... ,20210725
소포장 영양제,blog,영양제를 들이부어도 아직 피곤하다면? 이거 하나만! 강.력.추.천.,https://blog.naver.com/edulabright/223384759415,"우루사플러스 한 팩 안에 소포장으로 4팩이 있고, 그 안은...이렇게 개별포장이 되어있다. 물론 먹는... 영양제 #피곤 #피로 #비타민B #마그네슘 #육체피로 #체력저하 #소포장영양제 #피로회복제 #영양제추천",20240317
소포장 영양제,blog,다이소 영양제 솔직 리뷰 가성비 건강보조제부터 비타민... ,https://blog.naver.com/dd0096/223989460224,부담 없는 가격 → 처음 영양제를 시도하는 사람들에게 적합 쉽게 접근 가능한 매장 → 가까운 다이소에서 바로 구매 가능 입문용 영양제 → 소포장 구성으로 가볍게 시작 이런 장점 덕분에 “가성비 영양제”로... ,20250831
소포장 영양제,blog,"출산후영양제 트루락 올케어맘, 산모영양제 추천",https://blog.naver.com/rladudrhkd31/221823021144,"가장 고귀한 순간, 가장 소중한 '건강'을 위한 Mom 편한 습관&quot; 상자를 열면 이렇게 티백처럼 소포장된 영양제가 나온다. 총 30봉지가 포장되어있고, 하루에 하나씩 뜯어서 먹으면 된다. 한번에 편하게 먹을 수... ",20200224
소포장 영양제,blog,텐텐 영양제 120정 효능 가격 어린이 영양제.,https://blog.naver.com/iamkyungwon/223420345237,텐텐 120정 대용량 텐텐 영양제 10개 소포장 된 형태로 구분되어 판매되고 있었어요. 텐텐 120정 영양제 효능과 가격 어린이 영양제로 텐텐 영양제 어떨지 알아봐요. 텐텐 영양제 기관생활 중이고 저도... ,20240419
소포장 영양제,blog,빌베리영양제 우리 아이 눈건강을 위해 챙겨요 비비톡톡 눈눈,https://blog.naver.com/hydestocker/223268219789,10포씩 소포장되어 있어요 빌베리영양제 비비톡톡 눈눈에 사용된 빌베리는 글로벌 식품 연구기업 이탈리아 「Indena」의 프리미엄 빌베리 추출물 MIRTOSELECTⓡ이에요 선별한 블루베리를 동결 건조해 성분 파괴를... ,20231118
소포장 영양제,blog,아미노산ㆍ비타민 함유 종합영양제 ‘조아토닉캡슐’ 소포장 출시,https://blog.naver.com/benant/221243489460,"조아제약(대표이사 조성환, 조성배)이 바쁜 일상으로 쉽게 지치고 아픈 현대인의 건강 증진을 위한 종합영양제 ‘조아토닉캡슐’ 소포장 제품을 출시했다. [일간스포츠 서지영] ‘조아토닉캡슐’은 정상적인... ",20180402
소포장 영양제,blog,"밥 안 먹는 아이가 걱정일 때, 어린이 면역력 영양제 솔빛총총... ",https://blog.naver.com/luminarysw/223388262875,"그러던 중 비타민과 미네랄이 많이 들어있는 영양제를 먹여볼 수 있는 좋은 기회가 생겼어요. 보기만 해도 귀여운 기린과 토끼, 곰이 그려진 커다란 박스 안에 6개씩 소포장 영양제가 들어있는 박스가 10개나... ",20240320
소포장 영양제,blog,"여성영양제, 오쏘몰 바이탈F",https://blog.naver.com/haruna85/222449423102,"액상과 알약으로 하나씩 소포장된 영양제에요. 하나씩 개별포장 되어있어서 가지고 다니면서 먹기도 편하고, 여행을 가거나 밖에서도 생각날 때 챙겨먹기 참 좋더라구요. 액상과 알약의 구성이라 별도로... ",20210729
소포장 영양제,blog,다이소 수경식물영양제 개운죽 잘크렴❤️,https://blog.naver.com/sajalife_/223003558634,아쉬운 마음에 #다이소식물영양제 만 겟 뿌리와 줄기를 튼튼하게 해준다는 수경식물용 다이소식물영양제이다. 소포장으로 되어 있고 8개 들이 가격은 이천원이다. 가정용 수경 재배를 하시는 분 수생식물 맞춤... ,20230203
소포장 영양제,blog,임산부 종합비타민 단자연 비건 영양제 추천,https://blog.naver.com/uni_1119/223093812756,매일 열고 닫으니 개인적으로 소포장된 영양제를 선호하는데요 적당한 크기라 사무실이나 가방 속에 넣어다녀도 부담이 없어 좋아요 섭취 방법은? 언제든 섭취해도 되지만 되도록 식후에 드시는 걸 추.천.... ,20230504
소포장 영양제,blog,캠핑요리추천 1인분 소포장 돼지갈비 고기 밀키트 ( feat... ,https://blog.naver.com/pklaaa/222960788843,채소 영양소는 영양제로 채워주기로하고 끼니마다 고기고기를 꼭 주려고 노력하고있어요 아이들 반찬으로 고기를 꼭 한 챙기다보니 1인분 소포장된 고기 밀키트가 유용하더라고요 굳이 아이들 반찬이... ,20221220
소포장 영양제,blog,강아지 백내장 미리 예방하기 '파파메디 강아지 눈 영양제',https://blog.naver.com/na691793/223166625158,최근에 여행을 가면서 웅이를 동생집에 많이 맡겼었는데 사료는 소포장해서 주지만 영양제를 이것 저것 다 챙겨주기가 힘들어 못 먹이는 경우도 많았었어요. 그런데 파파메디 눈 영양제는 낱개 포장이라 전달도... ,20230726
소포장 영양제,blog,헬세 키즈 오메가3 소포장 위생적인 어린이 오메가3,https://blog.naver.com/seohyun_9088/223367061470,"어린이용 소포장 위생 스푼을 사용했다고 해요 또, 천연 향료를 이용하여 아이들이 좋아하는 상큼한 레몬 맛으로 만들어져서 거부감 없이 먹을 수 있답니다~ 제가 고민하던 부분들이 해소된 영양제라... ",20240227
소포장 영양제,blog,전용비료 종류 성분 소포장 요소 복합 고형비료 1 5 10 20kg,https://blog.naver.com/jihongye/223422291858,식물영양제 알갱이 소포장 복합비료 1kg 배추 상추 엇갈이 등의 잎을 키울때는 질소가 많은 요소를 뿌리고 기타 모든 작물은 복합으로 기비 추비 모두 가능합니다 파워원예 복합비료 채소 과일 조경수 농사용... ,20240421
소용량 영양제,blog,소용량으로 간편한 손톱 관리 종합 영양제,https://blog.naver.com/landi5/224248498453,"──────────────────── 상품명: 웨이크메이크 스트롱 그로쓰 네일 강화제 영양제... 가격 기준으로 보면 7,800원 정도로, 소용량 영양제 중에서는 중간 수준으로 볼 수 있어요. 성분과 가격을... ",20260411
소용량 영양제,blog,쿠팡 대용량 대신 소용량 찾는다는데… &quot;다이소 영양제&quot; 인기 이유,https://blog.naver.com/costco__pick/224257043501,다이소 영양제 소용량이 주는 심리적 편안함 대용량 영양제는 처음 살 때는 든든한데 시간이 지나면 부담으로 바뀌는 순간이 오더라고요 유통기한 신경 쓰이기 시작하고 꾸준히 못 먹으면 괜히 손해 보는... ,20260419
소용량 영양제,blog,강아지 종합영양제 추천!  펫테일럽앤힐 견분무취 60g 소용량... ,https://blog.naver.com/wardrobeee/223839996323,한 마디로 한 번에 종합적으로 케어할 수 있는 똑똑한 영양제! 200g 부담되세요? 60g 소용량도 있어요! 저도 처음엔 ‘200g 한 통은 너무 많은 거 아냐?’ 걱정했거든요. 특히 입맛 까다로운 아이한테 괜히 샀다가... ,20250419
소용량 영양제,blog,무스형 헤어 영양제 플라워 자수 셔츠 미니 즉석밥 햇반 소용량),https://blog.naver.com/p1230jh/223947350659,무선 #청소기 #신제품 #전동 #자동 #손톱깎이 #손톱깍이 #세트 #손톱 #관리 #정리 #무스형 #영양제 #헤어영양제 #소용량 #햇반 #즉석밥 #미니즉석밥 #전동손톱깎이 #미니즉석밥 #소용량 #햇반 #현미밥 #즉석밥 #미니밥,20250726
소용량 영양제,blog,소용량 영양제의 폭발적 성장,https://blog.naver.com/police1965/224025880426,https://gamma.app/docs/-z91plyzw6oky0yp?mode=doc,20250929
소용량 영양제,blog,"다이소 건기식 인기 이유, 요즘 2030이 5천원 영양제를 찾는... ",https://blog.naver.com/4bani/224288939126,필요한 영양제를 부담 없이 볼 수 있다는 게 생각보다 크더라고요. 그리고 소용량 영양제가 많다 보니까... 특히 평소 궁금했던 성분이나 가볍게 시작해 보고 싶은 제품이 있다면 소용량으로 부담 없이 경험해... ,20260518
소용량 영양제,blog,소용량 수액 비용 줄이고 영양 효율 높이는 실질적인 포인트,https://blog.naver.com/cncn1000000/224239638366,환자의 하루 필요 열량을 의료진에게 먼저 문의하고 소용량 수액으로 충당 가능한지 확인하세요. 수액 투여 전 실손 보험의 보장 범위를 확인하여 비급여 영양제 혜택을 받을 수 있는지 체크해야 해요. 무조건... ,20260407
소용량 영양제,blog,다이소 신상 영양제 천원? 종근당부터 대웅제약까지 가성비... ,https://blog.naver.com/merryey/224273376815,이번 다이소 영양제 대란에서 특히 눈여겨보셔야 할 브랜드는 바로 종근당입니다. 종근당은 소비자들이 매일매일 가격 부담 없이 섭취할 수 있도록 소용량과 소포장으로 꼼꼼하게 기획한 데일리와이즈라는... ,20260503
소용량 영양제,blog,"뉴케어 미니 구수한맛 환자영양식 찾는다면, 150mL 소용량이... ",https://blog.naver.com/cute99s_/224258504279,"뉴케어 미니 구수한맛 — 국내 환자용 균형영양식 판매 1위 브랜드 뉴케어에서 나온 소용량... POINT 02 — 한 팩에 5대 영양소, 비타민 13종 + 미네랄 12종 &quot;영양제 따로, 음식 따로 챙기는 게 너무 힘들어요... ",20260420
소용량 영양제,blog,"속눈썹 에센스, 10mL 소용량에 집중 영양이면 충분합니다",https://blog.naver.com/openbysky/224271285972,"요즘 속눈썹 영양제 왜 이렇게 인기야? 이유 있었네요 가늘고 푸석해진 속눈썹 때문에 고민이신가요?... 10mL 소용량 에센스 추천 대상 가늘어진 속눈썹 관리 원하는 분, 속눈썹 손상 고민하는 분, 자연스러운... ",20260501
소용량 영양제,blog,"웨이크메이크 스트롱 그로쓰 네일 강화제, 8ml 소용량 가성비... ",https://blog.naver.com/cwchoose/224256643457,──────────────────── 상품명: 웨이크메이크 스트롱 그로쓰 네일 강화제 영양제... 반면 기본적인 관리만 원하는 경우라면 소용량 제품도 충분할 수 있습니다. 강화제는 단독으로... ,20260418
소용량 영양제,blog,액상 멀티미네랄 소용량 1set 450ml 정리해봤습니다,https://blog.naver.com/enterpriseoi/224259463247,"쉬웠고, 소용량이라 시작 부담도 적었습니다. 라즈베리 맛은 은은하고 공복에도 부담이 적게 느껴졌고... 맛을 고를 때 자주 보는 기준 액상 영양제는 맛이 꾸준함을 좌우합니다. 향이 강하면 첫날은 괜찮아도... ",20260421
소용량 영양제,blog,조공 파이퍼 소용량 선물 감사합니다 강아지 눈 영양 보조제,https://blog.naver.com/dnflqordl/223498361896,눈 영양제로 출시 된 조공 파이퍼 소용량 10캡슐입니다. 소용량으로 구매하면 조금 저렴한데 10캡슐이라 사실 너무 금방먹일 듯하니 이왕사는거 크게사세요 보아라 이게 10살 눈의 위엄이도다. 맑쥬? 깨끗하쥬?... ,20240703
소용량 영양제,blog,"배민B마트, 동아제약과 ‘5천 원 균일가’ 필수 영양제 4종 출시",https://blog.naver.com/horong_s/224181207991,"이번 제품은 각 1개월치 소용량 구성으로, 필요 영양소를 부담 없이 시작할 수 있게 설계됐습니다.... 가성비영양제 #5천원균일가 #소용량영양제 #멀티비타민 #루테인지아잔틴 #오메가3 #rTG오메가3... ",20260212
소용량 영양제,blog,고가 영양제 1년 먹어보니 비싼 값 할까? 솔직한 변화 공유,https://blog.naver.com/skarudfo14/224188836130,"고가 영양제에 대항하는 5,000원 균일가 제품들이 큰 인기를 끌고 있습니다. 다이소와 배달의민족 B마트가 대형 제약사와 협업하여 출시한 소용량 영양제들은 고가 제품의 장기 복용이 부담스러운 젊은 층을... ",20260223
소용량 영양제,blog,고급 친환경 액상 식물영양제 세솔 사용법 초보 식집사 후기,https://blog.naver.com/jh6358/223845144652,"100ml,200ml소용량 영양제도 당연 있음 많이들 쓰는 다이소표 노란 영양제나 동그란 비료를 써볼까도 했지만 1)내 작은화분들에 오히려 과할수있고 2)물주는 타이밍에 맞춰서 적절한 타이밍에... ",20250424
소용량 영양제,blog,"40대 남자 영양제, 직접 비교해보고 고른 이유",https://blog.naver.com/midas8873/224194361032,"40대 남자 영양제, 고민은 생각보다 빨리 시작된다 “아직 괜찮다”고 생각했는데 어느 순간부터... 10일분 소용량이라 처음 시작하기에 부담이 적었습니다. 섭취 초반에는 특별한 차이를 느끼지 못했습니다.... ",20260225
소용량 영양제,blog,메리루스 어린이영양제 모닝 액상 멀티비타민 나이트타임 액상... ,https://blog.naver.com/alley1980/224206982632,450mL 소용량 신제품을 알게 됐어요. 메리루스 브랜드 메리루스 오가닉스는 4명의 자녀를 키우는 엄마이자 CEO인 MaryRuth Ghiyam이 직접 개발한 비건 영양제 브랜드예요. 미국 아마존닷컴 'liquid vitamin' 검색 기준... ,20260306
소용량 영양제,blog,다이소 대웅제약 신상 영양제 추천 마그네슘 샷 효능,https://blog.naver.com/odh8164/224130645721,"이제 먼저 다이소에서 먹어보고 싶은 필요한 영양제 소용량으로 먹어보고 괜찮으면 대용량으로 구매하는 걸 추천드리는데요! 이제 만으로도 빼박할 수 없는 찐 30살,,, 이제 몸에 이상이 오면 영양제를... ",20260101
소용량 영양제,blog,"초등 아이 성장기 영양제, 맛있게 마시는 성장 영양제-함소아... ",https://blog.naver.com/ssamssam28/224259647775,아이들 영양제 고를 때 가장 먼저 보는 게 브랜드의 전문성이잖아요. 1999년부터 이어온 함소아의... 125ml 소용량이라 남기지 않게 한 번에 마시기 딱 좋아요. 아이 한손에 쏘옥 들어가서 아이 스스로 챙겨... ,20260421
소용량 영양제,blog,강아지 영양제 겨울 건강관리 위한 조공 무료이벤트 공유,https://blog.naver.com/jy841018/223666572006,"보타닉 소용량 10캡슐 조공 보타닉 영양제는 노령견 또는 노령묘의 활력에 도움을 줄 수 있는 반려동물 항산화 보조제인데요. 자연에서 찾은 고지베리, 호손베리, 크랜베리의 천연 베리 복합 포뮬러에 EPA+DHA... ",20241119
소용량 영양제,blog,"한동 장외주식, 반려동물용 소용량 수액제 출시",https://blog.naver.com/cutemsm/223594857844,"한동 장외주식 정보공유 한동, 반려동물용 소용량 수액제 출시 한동이 반려동물용 소용량 수액제를... 펫트리온 영양제 '튼튼' 시리즈가 미생물 연구를 거쳐 탄생했다는 후문입니다. 가장 인상적인 부분은... ",20240924
소용량 영양제,blog,10개월 아기 간식과 영양제 균형 있게 챙기는 방법,https://blog.naver.com/originutri/224263456721,"이 때문에 식단만으로는 부족할 수 있어, 10개월 아기 영양제를 함께 고려하는 것이 필요합니다.... 따라서 대용량 제품보다는 공기 노출을 최소화할 수 있는 소용량 개별 포장 형태가 더 안전한 선택이... ",20260424
소용량 영양제,blog,포인드 비건 손톱영양제로 얇고 갈라진 손톱 강화하는 리포좀... ,https://blog.naver.com/iqplayer/224276832337,제품은 비건 포뮬라이며 10ml 소용량으로 관리형 영양제로 적합합니다. 아래 링크 참고 제품 핵심 효과 핵심 답변은 흡수 개선을 통한 손톱 강도 증가입니다. 제가 4주간 매일 취침 전 사용하며 앞부분 갈라짐이... ,20260506
소용량 영양제,blog,애견 간식 조공 겨울 이벤트 강아지 영양제 득템,https://blog.naver.com/biyanho/223668034984,조공 보타닉 애견 영양제는 소용량(10캡슐)이 포함되어 있는데요. 제1원료부터 최고 등급을 사용한 프리미엄 항산화제로 항산화 효과는 높여주고 사이즈는 줄여 반려동물에게 급여하기 용이한데요. 자세히... ,20241121
소용량 영양제,blog,웨이크메이크 네일케어 핑크영양제 핑크강화제 8ml 오래 써도... ,https://blog.naver.com/iawood/224236313204,"가격 대비 장단점 정리 가격대 제품 특징 가성비(주관) 저가(7,500원) 웨이크메이크 핑크영양제 8ml 소용량, 테스트용, 발림성 우수 높음 중가(9,800~12,000원) 웨이크메이크 핑크강화제/프로영양제 강화 효과, 집중... ",20260331
소용량 영양제,blog,메리루스 액상비타민 신제품 어린이영양제로 챙기는 아침저녁루틴,https://blog.naver.com/chdl89/224247007083,만약 대용량이 조금 부담스러우시거나 여행용이 필요하시다면 만 11세 이하 기준 1달분으로 새롭게 출시된 합리적인 가격대의 메리루스신제품 소용량 사이즈도 준비되어 있답니다. 어린이영양제를 처음... ,20260411
소용량 영양제,blog,&lt;아스피린&gt; 국내에서 구하기 힘든 소용량 아스피린 &amp; 바이엘... ,https://blog.naver.com/banyson/221321813087,"외국에서는 대체적으로 영양제처럼 아스피린 소용량을 드시는 분들이 많았고, 국내는 아직 많지 않은듯해요.. 아스피린을 구입하실때는 여러가지 의견들 살펴보시는걸 추천합니다. 젤리맘은 유튜브에서... ",20180718
소용량 영양제,blog,약국 종합비타민 추천 영양제 선택 후기,https://blog.naver.com/jasonmoondistri/224211592867,약국 종합비타민 추천 영양제 선택 후기 1. 몸 상태 변화로 시작된 관심 최근 들어 아침이 예전과는 조금... 처음에는 소용량 제품으로 몸에 맞는지 확인해 보는 것도 괜찮은 방법이라고 생각한다. 지금은 아침... ,20260310
소용량 영양제,blog,디어랩스 강아지 영양제 쌩쌩세트 울애기쌩쌩 이너플러스... ,https://blog.naver.com/mymywltkd/224101013909,"디어랩스 강아지 영양제 쌩쌩세트는 이러한 고민을 넉넉한 총 240g의 대용량으로 해결해 줍니다. '울애기쌩쌩' 120g, '이너플러스' 120g, 이렇게 두 개의 용기에 담긴 총 240g의 대용량은 일반적인 소용량 영양제... ",20251212
소용량 영양제,blog,"외동묘를 위한 소용량간식, 토로페로 먹여봤어요~:)",https://blog.naver.com/cktpdus1011/221139146697,토로페로는 마성의 간식 츄르처럼 액상형 간식인데요 가장 큰 차이점은 아무래도 6g의 소포장 소용량... 약이나 영양제를 섞어주어야 하는데 간식량이 신경쓰이셨던 분들은 정말 좋은 선택지가 될 것 같네요!... ,20171113
소용량 영양제,blog,수면영양제 수면부족 징후 꿀잠영양제 찐후기,https://blog.naver.com/jasonmoondistri/224076139862,"영양제 한 병에 이렇게 다양한 성분이 들어있다니, 진짜 수면영양제계의 끝판왕이라고 해도 과언이 아니죠. 게다가 20ml 소용량이라 들고 다니기 편하고, 무엇보다 액상 제형이라 마시자마자 퍼지는 느낌이... ",20251114
소용량 영양제,blog,키즈 어린이 액상비타민 메리루스 어린이영양제 아침저녁루틴,https://blog.naver.com/yoonmh1230/224229656179,아이가 병원에 입원하고 나서 얼굴이 반쪽이 되었어요 그래서 어린이영양제로 잘 먹었던 메리루스로... 대비 소용량 신제품으로 출시되었는데요 만 11세 이하 어린이 기준 1달분의 합리적인 용량 및 가격대로... ,20260325
소용량 영양제,blog,체크리스트! 언어 자극 꿀팁과 아기영양제 지니어스뉴,https://blog.naver.com/hjt_mom/224107312556,언어 자극 꿀팁과 아기영양제 지니어스뉴 19개월아기발달 시기에 접어들면 엄마들의 고민이 한층... 그리고 앞서 말한 산패 걱정을 덜어주는 소용량 패키지라 다 먹을 때까지 신선하게 보관할 수 있다는 점도... ,20251212
소용량 영양제,blog,돈키호테 할인 쿠폰 쇼핑 영수증_코와 큐피 영양제 비교 (골드... ,https://blog.naver.com/kangdong85/224136847267,"소용량 포장된 영양제를 샀다가 너무 좋아서 대용량으로 구매하려고 벼르게 되었는데요. 제일 왼쪽부터 큐피코와 골드알파, i플러스, 힐링 입니다. 가격은 아래 영수증을 참고해주세요. 큐피코와 힐링... ",20260106
소용량 영양제,blog,"정리템 다용도 서랍함 2종 조합 꿀템으로 티백, 영양제 정리",https://blog.naver.com/pinkplumblog/224233131108,자매품으로 소용량 지퍼백 5호 이런 사이즈 지퍼백도 추천해요 일주일 분 영양제를 소분해놓고 아침에 쏙 쏙 집어 가기 넘 편해요 즙을 넣으면 지퍼는 안 닫히지만 즙도 들어가는 사이즈에요 ♀️ ▶ 3칸... ,20260329
소용량 영양제,blog,일본여행 드럭스토어 필수 안약 유산균 영양제 구입추천리스트,https://blog.naver.com/khing311/224226706492,일본 드럭스토어는 말 그대로 영양제 보물창고이다. 근데 아무거나 담으면 “짐만 무거워지고... 일본에서 사야 하는 이유 ✔ 같은 브랜드인데도 일본이 더 쌈 ✔ 소용량 → 여러 개 테스트 가능 ✔ 미용... ,20260323
소용량 영양제,blog,시스테이드플러스 선택 고민이시라면 뱃플러스 고양이 영양제... ,https://blog.naver.com/westricken848/224282023707,"시스테이드플러스 영양제를 소용량으로 처음 만나보았을 때, 너무 부담스럽지 않은 양이라서 테스트해 보기 딱 좋다는 생각이 들었어요. 고양이들은 입맛이 워낙 까다로워서 처음에 대용량을 샀다가 안 먹으면... ",20260511
소용량 영양제,blog,돌아기영양제 12개월 아기발달 이유,https://blog.naver.com/iamfrontiet/224256614072,12개월은 특히 성장과 두뇌발달 등이 활발하게 이루어지는 시기라 돌아기영양제를 알아보는 계기가... 10ml 미만의 소용량으로 나뉘어 있어 매번 신선하게 섭취할 수 있더라고요. 무엇보다 섭취 방법이... ,20260420
소용량 영양제,blog,동물병원 강아지 영양제 _ 제리스타일스 강아지 기침 영양제... ,https://blog.naver.com/sarahljs/224161887644,"제리 스타일스 강아지 영양제는 요렇게 통에 담긴 대용량 75츄어블 제품이 있고, 파우치에 담겨 작은 용량으로 테스트도 해보고 기호성도 확인 할 수 있는 소용량 제품이 있더라구요. 용량 차이로 선택 할 수... ",20260127
소용량 영양제,blog,일본 탈모 두피 영양제 아스타리즘 토닉 소개 및 사용 팁... ,https://blog.naver.com/better__store/224225436866,좋은 소용량) 타입 두피용 스킨/토닉 타입 로션 제조사 일본 후지케미컬 그룹 – 아스타리얼 주식회사... 일본 두피 영양제 아스타리즘 사용 방법 (루틴) 1. 샴푸 후 - 머리를 감고 타월로 물기를 충분히 제거한... ,20260322
소용량 영양제,blog,뇌영양제 콜린 성분 비교 및 뇌 건강 관리,https://blog.naver.com/iqeqamy/224059435306,"뇌영양제 콜린 성분 비교 및 뇌 건강 관리 뇌영양제 콜린 성분 비교 및 뇌 건강 관리 뇌영양제 콜린... 하이브리드: 평일 시티콜린+알파GPC 소용량 분할, 주말 레시틴 로테이션. 9) 총평(내돈내산 결론) 광고... ",20251030
소용량 영양제,blog,"텐텐 영양제, 120정 성분 확인해야 하는 이유",https://blog.naver.com/soyeonyyy_/224287421699,특히 성장기 어린이 영양제 느낌으로 기억하는 사람들도 많아요. 3 텐텐 가격과 120정 가격은? 가격은 약국마다 차이가 꽤 있는 편입니다. 가격 기준 • 소용량 제품 : 약 5천 원대 • 120정 제품 : 약 1.5만 원... ,20260516
소용량 영양제,blog,"다이소영양제, 진짜 먹을만할까? 가격, 성분,후기까지 정리",https://blog.naver.com/ssr327/223933815780,"또한, 다이소 영양제가 저렴한 이유는 소용량 판매와 마케팅 비용 최소화 전략 때문이에요. 15일분 기준 3천원대 가격이지만, 효과는 기대 수준을 낮추는 게 좋아요. 건강기능식품이 아닌 건강보조식품... ",20250715
소용량 영양제,blog,길어지는 영양제 찾은 후기✨셀로넨  더블펩티 속눈썹영양제... ,https://blog.naver.com/gksl27/224289637339,속눈썹영양제의 장점  다른 제품과 비교했을 때 좋았던 부분 1. 듀얼 타입 브러쉬 세밀한 라인 케어 + 넓은 부위 사용이 편해서 초보도 사용 쉬움 2. 대용량 14ml 일반 소용량 대비 오래 써서 가성비 체감 3. 속눈썹... ,20260518
소용량 영양제,blog,약 영양제 종류 많은 24시 운영하는 강남 약국 &lt;제일그랜드약국&gt;,https://blog.naver.com/ggoji88/224156471432,최근에 면역력이 많이 떨어져서 강남 약국에 들렀습니다 종합 영양제나 비타민이라도 슬슬 챙겨 먹어야... 외에도 소용량의 가글(리스테린)이나 치약 세트도 판매하고 있습니다 규모나 종류로만 보면 거의... ,20260123
소용량 영양제,blog,약국 수면영양제 대신 선택한 추천템 멜라토닌 효능 및 부작용,https://blog.naver.com/gwf21/224081599798,"그래서 수면 부족 문제를 해결해보려고 수면영양제를 찾아봤습니다. 잠 못 드는 밤, 더 이상 방치하지... 또한 메타드림은 액상 제형이라 먹기도 간편하고, 20ml 소용량이라 휴대성도 정말 좋아요. 특히 기분 좋은... ",20251119
소용량 영양제,blog,6년째 내돈내산 영양제 종합비타민 임팩타민 프리미엄.... ,https://blog.naver.com/chingching3-/224244850509,"유튜브,인스타 이런데 보면 의사가 추천하는 영양제 약사가 추천하는 영양제 피부과의사가 추천하는... 비맥스가 소용량이라 그렇지 비슷한 양에 비슷한 가격으로 구입할수 있다면 굳이 임팩타민 프리미엄을... ",20260408
소용량 영양제,blog,아슈와간다 효능 아쉬와간다 영양제 선택 팁,https://blog.naver.com/yesomini12/223921539487,"아슈와간다 효능 아쉬와간다 영양제 선택 팁 저희 외숙모께서 심각한 불면증으로 한참을... 밤잠을 푹 못 드는 분들은 일단 소용량, KSM-66 타입으로 시도해 보시는 것도 좋을 것 같아요. 감사합니다.",20250704
소용량 영양제,blog,사료에 뿌려주기만 하면 끝 | 강아지 고양이 영양제 프로큐민... ,https://blog.naver.com/sunmi79_486/224275829170,프로큐민 에센스는 반려동물 면역력과 활력 증진을 위한 액상 영양제예요. 30ml 소용량으로 나와 있어서 처음 시작하기 부담 없는 사이즈예요. ✔ 액상 타입이라 사료에 뿌려주기 편해요 ✔ 30ml 소용량으로 부담... ,20260505
소용량 영양제,blog,"메리루스 액상비타민 후기, 온가족영양제로 챙기기 편... ",https://blog.naver.com/psy-wave/224286187845,온가족 영양제로 챙기기 편했던 제품이예요. 메리루스는 실제 네 아이의 엄마인 미국 메리루스 CEO가... 용량보다 소용량으로 나와 예쁜 선물패키지로 합리적인 용량과 가격대로 아이 있는 집에 선물하기... ,20260515
소용량 영양제,blog,관절 영양 vs 셀레늄 영양제 무엇을 먼저 볼까,https://blog.naver.com/shop9qn/224235669678,셀레늄 영양제는 보통 소용량 중심이 많아서 이 제품은 구성 자체가 다른 방향이라고 볼 수 있어요. 관절 관리 중심 제품이라 가격을 단순 비교하기보다는 목적 기준으로 보는 게 맞아요. 트릿 형태라는 점도... ,20260331
소용량 영양제,blog,다이소 안국약품 브이팩 남성용 영양제 구매해봤어요,https://blog.naver.com/sjlovely486/224081870477,이렇게 소용량으로 되어 있는 영양제가 영양제를 선택하는데 도움을 주는 것 같아요 요즘 영양제들이 이렇게 하루 한팩 챙겨먹을 수 있게 되어 있잖아요 보관에도 용이하고 잊지않고 챙겨먹을 수 있어서 이렇게... ,20251120
소용량 영양제,blog,헤어 브로우 래쉬 세럼 속눈썹영양제 정품 10ml 1입 인기상품,https://blog.naver.com/contract1892/224272534819,속눈썹영양제 카테고리의 10ml 소용량 장점 발림성 좋고 관리가 쉬움 체크 포인트: 적정량 사용 권장 살펴볼 점 민감성 테스트 권장 장점이지만 주의할 점 비교 포인트 판단 기준 용량 대비 가격 한 달... ,20260502
소용량 영양제,blog,"[강아지 영양제] 조공 보타닉(항산화), 파이퍼(눈), 오메가",https://blog.naver.com/dhgp6565/223481047877,"오메가 소용량은 영양제가 우리 댕댕이에게 먹고 탈이 나지 않는지, 급여 시 강한 거부를 하는지 등을 보기 위한 체험용으로 먹여볼 때도 좋을 거 같아요 레오는 영양제 줄 때 고구마랑 같이 줍니다 매일... ",20240616
소용량 영양제,blog,고양이구내염 영양제 치석 입냄새 구강관리  (시그니처바이),https://blog.naver.com/joo_cat_85/223332855697,다른 영양제에 비해 소용량 동봉된 스푼 (0.5g)만 급여해도 되니 좋더라구요 냄새맡고 기겁하면서 도망갈 줄 알았는데 덕선이가 궁금했는지 한참을 킁킁대다가 가더라구요 고양이보다는 후각이 예민하지는... ,20240124
소용량 영양제,blog,고양이 강아지 영양제 조공 무료이벤트,https://blog.naver.com/alswls113500/223666023890,보타닉 소용량 10캡슐/ 나 소고기 좋아해 1팩/ 이지케어 샘플러 2P 무료 증정 (배송비 별도/ 신규 회원만 가능/ 기존 회원은 공유만 가능) 아직 조공 회원이 아니라면 이번 프로젝트를 참여로 영양제를 무료로... ,20241119
소용량 영양제,blog,에키나포스 이뮤골드액 가격 면역력에 좋은 영양제는... ,https://blog.naver.com/anyang-wang-yackuck/224080035206,면역력영양제 안양왕약국 ✓ 주요 구성 : 에키네시아추출물 ✓ 형태 : 액상 / 10g 소용량 병 ✓ 특징 : 초겨울 재발성 기도감염 보조 ✓적합한 경우  감기가 낫고 나면 금방 다시 오는 패턴  찬 공기만 닿아도 목이... ,20251120
소용량 영양제,blog,전참시 나나 사과식초 효소 영양제 토마토즙 토마토 착즙액... ,https://blog.naver.com/hsh6566/224223663640,"이번 글에서는 전참시 나나 영양제 브랜드 어디꺼인지 자세하게 정리해 보았습니다. 전참시 나나... 100ml 소용량 파우치 형태로 되어 있어 외출 시에도 간편하게 챙기기 좋고, 꾸준히 섭취하기 편한 구성의... ",20260325
소용량 영양제,blog,2026년 3월 21일 MCL 정규세션 :: 올리브영 미래 성장 동력... ,https://blog.naver.com/marketingcl/224267741741,"비싼 영양제, 소용량으로 먼저 담아보는 셀프 패킹 체험 - 오감으로 읽는 웰니스 스토리, 다과와 함께 즐기는 올리브영 차 여정 소비자 니즈 기반으로 패키지·셀프패킹 등 실행 가능한 전략을 도출한 점은... ",20260428
소용량 영양제,blog,다이소영양제 종근당 2천원 건강기능식품 데일리와이즈 6종 후기,https://blog.naver.com/gmj0117/224247575174,근데 이렇게 소용량 + 저렴한 가격이면 가볍게 시작해보기 좋은 다이소영양제 느낌이에요. 오프라인 매장뿐 아니라 다이소 온라인몰에서도 구매 가능해서 접근성도 좋아요. 3. 데일리와이즈 리스펙타... ,20260410
소용량 영양제,blog,[필리핀] 여행 보홀 공항 기념품 샵 마트 정보 선물 쇼핑리스트... ,https://blog.naver.com/geforcepro/224279666167,한국인들 오면 또 쓸어가는ㅋㅋ 비트리스 헤어 영양제도 소용량으로 팔고 비염에 효과적이라는 야몽스틱도 있네? 필리핀이 망고만큼 코코넛이 유명해서 코코넛 오일도 선물용으로 판다. 보홀 여행 기념품... ,20260509
소용량 영양제,blog,한 달간 헤어영양제팩 꾸준히 써본 솔직 후기,https://blog.naver.com/crzxio1311/224280735622,"샘플이나 소용량 제품으로 테스트해보면 좋겠다는 생각이에요. 무엇보다 중요한 건 꾸준함과 올바른 사용법이라는 점, 이것만 기억하면 충분히 만족스러운 결과를 기대할 수 있을 거예요. 헤어영양제팩은 평소... ",20260510
소용량 영양제,blog,건강을 음료처럼 간편하게 채우는 마시는 알부민 효능 영양제... ,https://blog.naver.com/yook1622/223923939622,"요즘 건강관리에 신경 좀 쓴다 하시는 분들은 이미 알고계실 마시는 알부민 영양제. 특히 대웅제약에서... 한 병당 30ml 소용량으로 되어 있어 부담없이 한 번에 마시기 좋고, 외출 시에도 가방에 쏙 넣고 다니기... ",20250706
소용량 영양제,blog,다이소 알비료 식물영양제 가격및 사용방법 인산가리비료,https://blog.naver.com/redmilkb/223659348425,다이소 알비료 식물영양제 가격및 사용방법 인산가리비료 다이소에 식물영양제 보러 갔다가 알비료를... 있는데요 소용량의 알비료가 필요한 경우 다이소에서 구매하면 딱이더라고요 사용 방법을 확인해보니... ,20241116
소용량 영양제,blog,"뉴트리부스트 두꺼워진 갈라지는 발톱 영양제, 1개, 20ml",https://xypher.tistory.com/1947,"15ml 소용량 꾸준한 사용으로 손발톱 건강 회복 지원 발톱 보호와 관리에 적합한 강화제 fmgt 리페어 핑크 네일 영양제, 10ml, 1개 손발톱을 건강하게 강화하고 영양을 공급하는 fmgt 리페어 핑크 네일 영양제... ",20260224
소용량 영양제,blog,다이소 영양제 대웅제약 건강기능식품 가격과 라인업,https://blog.naver.com/kmgun0304/223780168629,"개인적으로 소비자 입장에서 영양제 가격이 부담스러웠던 분들에게는 좋은 소식이라 생각됩니다.✨ 특히 한 번에 3~6개월 치를 구매해야 했던 기존 제품과 달리, 소용량 패키지로 필요한 만큼만 구매할 수... ",20250302
소용량 영양제,blog,불면증 및 수면부족 관리를 위해 멜라토닌 영양제 섭취 시 꼭... ,https://blog.naver.com/min4809/224157481155,바쁜 현대인들에게는 시간도 중요한 자원인데 빠른 효과를 기대할 수 있는 제형이라 멜라토닌영양제로서의 매력이 충분해요. 화장실 걱정 없는 40ml 소용량인지 체크하기 잠이 오지 않을 때 따뜻한 우유나... ,20260123
소용량 영양제,blog,무선 청소기 무스형 헤어 영양제 플라워 자수 셔츠 미니 즉석밥,https://blog.naver.com/p1230jh/223947324090,"손톱깍이 #세트 #손톱 #관리 #정리 #무스형 #영양제 #헤어영양제 #소용량 #햇반 #즉석밥 #미니즉석밥 #전동손톱깎이 * 이 포스팅은 쿠팡 파트너스 활동의 일환으로, 이에 따른 일정액의 수수료를 제공받습니다.",20250726
소용량 영양제,blog,눈에 좋은 영양제 고를 때 고려한 기준과 실제 경험 정리,https://blog.naver.com/hon_nol/224286338374,"또 수면이 부족한 날엔 영양제를 먹어도 눈 상태가 민감하게 느껴져서, 잠의 중요성도 크게 느꼈어요. 사람마다 맞는 성분이나 형태는 다를 수 있어서, 저도 처음에는 소용량으로 시작해보는 게 좋겠다고... ",20260515
소용량 영양제,blog,(돌선물 추천)아이 오메가3 영양제 지니어스뉴 액상타입... ,https://blog.naver.com/dhxxh_v/223866673836,먹으면서부터는 영양제를 필수로 잘 챙겨줘야하는데 다른 건 이것저것 챙겨먹이고 있지만 특히 제가... 신선하니까 소용량 추천드립니다 두뇌 및 신경발달에는 DHA가 꼭! 필요한데요 뇌와 망막의 주요... ,20250515
소용량 영양제,blog,온가족 다이소 영양제 종류 추천 내돈내산,https://blog.naver.com/susu1103/223937588643,특히 다이소 영양제 가격은 3000원에서 5000원대인데 한 달치보다는 1주에서 3주 정도로 구성된 소용량이라는 점 참고해 주세요 :) 변비에 좋은 푸룬도 있더라고요? 임산부 때 먹었던 기억이.. 친구가 동국제약... ,20250718
소용량 영양제,blog,강아지 눈물 영양제 퓨어톡 눈충혈 인공눈물 안약 픽,https://blog.naver.com/djsvh123/224166926198,"강아지 눈물 영양제 퓨어톡 눈충혈 인공눈물 안약 픽 저희 여리, 하리와 태리, 루리, 이리의 경우는 털도... 재사용 + 소용량 구성으로 경제적이에요 특히 낭비 최소화로 친환경 적이고 뚜껑만 열고 간편... ",20260131
소용량 영양제,blog,다이소건기식 종근당영양제 종류 6종 다 먹어본 솔직후기,https://blog.naver.com/akdnsxlds/224247670982,이런 분들에게 추천 종근당영양제 데일리와이즈는 영양제를 처음 시작하는 사람이나 매달 영양제 비용이 부담스러운 분에게 최적이지 않을까 소용량 구성 덕분에 여러 제품을 부담 없이 테스트해볼 수... ,20260410
소용량 영양제,blog,5개월아기발달 영양제 오메가3 지니어스뉴 드롭스,https://blog.naver.com/silver7136/224103607834,"5개월아기발달 영양제 오메가3 지니어스뉴 드롭스 안녕하세요. 육아 인플루언서 @그린안지에요. 우리... 둘째, 비린내 없이 고소한 맛으로 아기도 잘 받아먹음 셋째, 냉장 배송과 소용량 패키지로 신선도 유지... ",20251209
소용량 영양제,blog,아마존 아이허브 인기 영양제 10가지 성분 분석과 국내 가격... ,https://blog.naver.com/jisumk/224287157404,"무조건 싸다고 대량으로 사지 말고, 처음에는 소용량으로 몸에 맞는지 확인한 후 구독 할인이나 대용량으로 넘어가는 전략이 가장 현명합니다. 마무리 오늘은 아마존과 아이허브에서 인기 있는 영양제... ",20260516
소용량 영양제,blog,강아지 관절영양제 안티놀 래피드 슬개골탈구 관리 찐 급여 후기,https://blog.naver.com/lael_v_v/223884184310,물론 합성 보존제 같은 성분도 사용하지 않은 친환경 영양제인 것도 굿! 원래 소용량으로 시작했지만 저희 집은 후츄도 급여하고 소금이랑 탄이도 강아지 슬개골 탈구에 취약한 소형견이다 보니 같이... ,20250531
소용량 영양제,blog,12개월 13개월유아식 돌영양제 유아오메가3 아기DHA... ,https://blog.naver.com/osj22235/224157180861,용량이 클수록 개봉 후 장기간 보관하면 산패 위험이 높아져서 저는 소용량인 이 제품을 선택했어요~ 합성첨가물 無첨가 안심할 수 있었던 이유 요즘 시중에는 돌아기영양제 제품이 다양하죠. 하지만... ,20260123
소용량 영양제,blog,오메가3 영양제 대신 먹을 수 있는 등푸른 생선과 들기름,https://blog.naver.com/rlaejrtkd61499/224178836539,오메가3 영양제 대신 먹을 수 있는 등푸른 생선과 들기름 오메가3 지방산 섭취의 필요성과 영양학적... 따라서 대용량보다는 소용량을 구매하여 개봉 후에는 냉장 보관하며 1~2개월 이내에 소비하는 것이... ,20260210
소용량 영양제,blog,벤튼 어니스트 아이래쉬 세럼 10mL 속눈썹 에센스 영양제... ,https://blog.naver.com/firm3882/224281501455,구매 전에 샘플이나 소용량 사용을 고려해 보세요. 사용법을 지키면 편하게 관리할 수 있어요. 제품 정보 장점 확인할 점 모델명: 어니스트 아이래쉬 세럼 10ml 카테고리: 속눈썹영양제 세밀한 브러시 설계로... ,20260511
소용량 영양제,blog,유아아연 영양제 면역대장 아연디시럽키즈로 비타민D까지,https://blog.naver.com/s2special/223839318135,"유아아연 영양제 면역대장 아연디시럽키즈로 비타민D까지 안녕하세요 육아 인플루언서 뚜야입니다... 하루 한 포, 10g 소용량 액상 파우치형이라 가방에 쏙 들어가고 챙기기도 정말 간편해요. 저는 아이 하원... ",20250419
소용량 영양제,blog,다이소 영양제 한달 3천원 파는곳 매장 종류 가격 알려드려요,https://blog.naver.com/yeobong1985/223775695221,"다이소 영양제 소용량 포장의 장점 영양제는 꾸준히 먹어야 하지만, 가끔은 쉬어가거나 다른 제품으로 바꿔야 할 때도 있죠.  다이소 영양제는 소용량 포장이라 부담 없이 다양한 제품을 바꿔가며 먹을 수... ",20250227
소용량 영양제,blog,"홍국 효능 영양제 추천 및 부작용 [모나콜린k, 스타틴]",https://blog.naver.com/tiffany05/224051484396,"다시 말해, 지금까지도 약 없이 관리되고 있다는 건 그만큼 정말 철저하게 노력했고, 식단·영양제... • 어떤 건 모나콜린K 함량 미표기 • 어떤 건 진짜 간에 바로 부담감 느껴짐 • 어떤 건 소용량이거나... ",20251023
소용량 영양제,blog,알부민 영양제 부작용 효능 정리 후기,https://blog.naver.com/gwf21/224028567954,"알부민 영양제 부작용 효능 정리 후기 알부민 영양제 부작용 효능 정리 후기 알부민 영양제 부작용... 340g(소용량) 중 선택할 수 있습니다. 이 제품은 100% 달걀 흰자에서 추출했으며, 글루텐 프리, NON-GMO 원료를... ",20251001
소용량 영양제,blog,공복혈당 97 혈당케어 영양제 추천 혈당 스파이크 예방 이것만... ,https://blog.naver.com/sxzmklzkt/224289542363,공복혈당 97 혈당케어 영양제 추천 혈당 스파이크 예방 이것만 알면 끝 공복혈당 97 혈당케어 영양제... 처음 복용할 땐 1개월 단위 소용량 제품부터 시작해 적응 여부를 확인하는 것이 좋아요. 공복혈당 97 관리... ,20260519
소용량 영양제,blog,"고양이, 강아지영양제 메디솔브 코큐텐, 씨엘에이 추천",https://blog.naver.com/lael_v_v/223865065666,저는 강삼이랑 여행을 자주 다녀서 일부러 휴대하기 편한 30g 소용량도 같이 준비했는데 입맛 까다로운 아이들은 강아지 종합 영양제 코큐텐 30g으로 기호성 먼저 테스트해 봐도 좋을 것 같아요. 액상형 스포이드... ,20250514
소용량 영양제,blog,위염 영양제 위 점막 효능 약사 추천 성분 고르는 법,https://blog.naver.com/sxzmklzkt/224282105871,위염 영양제 위 점막 효능 약사 추천 성분 고르는 법 위염 영양제 위 점막 효능 약사 추천 성분 고르는... 가격이 부담스럽다면 소용량 제품으로 먼저 시작해 효과를 확인한 후 본격적으로 복용하는 방법도... ,20260512
소용량 영양제,blog,다이소 식물키우기 식물영양제 종류,https://blog.naver.com/richguma/224238304149,가격이 무려 2000원 다이소 없었을땐 이거 대용량으로 사서 처치 곤란이였는데 소용량으로 팔아 너무... 흙 종류도 다양 다이소 식물영양제 식물영양제도 있어요. 8개에 1000원 완전 저렴저렴 도기화분 이쁜... ,20260402
소용량 영양제,blog,이알하나 ERr731 여성 갱년기 영양제 28정 × 4개 – 홈쇼핑... ,https://blog.naver.com/donormm/224066876397,중년여성 #영양제추천 #소용량구성 #홈쇼핑인기 #부담없는구성 #작은수량먼저 #테스트용패키지 #쿠팡추천 #여성건강템 #기능성영양제 #편한섭취 #건강관리 #갱년기필수템 #홈쇼핑동일제품 #가성비영양제... ,20251106
소용량 영양제,blog,콘드로이친추천 연골영양제 추천 무릎관절 지키는 선택법,https://blog.naver.com/ojctpltyw/224278293530,"콘드로이친추천 연골영양제 추천 무릎관절 지키는 선택법 콘드로이친추천 연골영양제 추천 무릎관절... 36g 소용량 구성이지만 4개 세트로 제공되어 꾸준한 복용이 가능하며, 휴대가 간편한 크기로 외출 시에도... ",20260508
소용량 영양제,blog,"지리산약초 헛개즙 피로회복제, 간영양제 추천! 현덕씨네... ",https://blog.naver.com/mikiler486/224276847128,"80ml 소용량 파우치라라 부담 없이 한 번에 마시기 좋아요. 헛개즙 하면 솔직히 쓰지 않을까? 먹기 힘들지 않을까? 이 생각부터 들잖아요.? 헛개즙에 맛이 진한데도, 깔끔해서 목넘김이 생각보다 부드러워서... ",20260506
소용량 영양제,blog,종합 영양제 선택 가이드와 손톱 강화용 웨이크메이크 제품 정보,https://blog.naver.com/wkprivilege/224240228721,"종합 영양제와 비교할 때 소용량 제품이지만 휴대와 관리 편리성이 장점입니다. 구매 전에는 개인 손톱 상태, 알레르기 여부, 일상에서의 사용 편리성을 고려하는 것이 좋습니다. 가격 대비 성분 구성과 사용... ",20260404
소용량 영양제,blog,"2.1만 리뷰가 보증하는 '정직한 영양'! 벤튼 아이래쉬 세럼, 20... ",https://blog.naver.com/jinlove728/224238441086,왜 수많은 사용자가 이 속눈썹 영양제에 정착했는지 분석해 보겠습니다. 1. 성분의 정수: 눈가 자극을... 시중의 소용량 영양제들과 달리 넉넉한 용량을 1만 원대 중반의 가격에 소유할 수 있다는 것은 매우... ,20260402
소용량 영양제,blog,2026년 비타민 추천 TOP 5 약사가 알려주는 가성비 영양제... ,https://blog.naver.com/jshake/224284939439,"가격: 35,040원 |  쿠팡에서 보기 ③ 로켓프레시 국내산 비타민 (소용량) — 빠른 배송으로 부담 없이... 이런 분께 추천해요 — 이미 다른 영양제를 챙기고 있고 비타민C만 추가하고 싶은 분 — 피부, 면역... ",20260514
소용량 영양제,blog,비타민c 영양제 버리기 주의사항,https://blog.naver.com/selxy/224172433737,이건 “영양제 먹고 효과 없음”이 아니라  산화된 산성 물질을 먹는 느낌이야. 결론 (단호하게 말하면) ❌ 지금 그 비타민 C는 버리는 게 맞아 ❌ “아깝지만 먹자” 할 단계는 지났음 ✅ 새로 산다면 소용량... ,20260205
소용량 영양제,blog,드링크 멜라토닌 영양제  입욕제 공기청정기 숙면템 수면 불면증템,https://blog.naver.com/lzheng/224220260744,COZA 코자아 오리지널 드링크 ✔ 부담 없이 즐기는 달콤 쌉쌀한 체리 맛 100ml의 소용량이라 한 번에... 식물성 멜라토닌 영양제 잠자리가 예민한 분들이 일상 속에서 가볍게 챙기기 좋은 수면 건강기능식품입니다.... ,20260318
소용량 영양제,blog,브로우 래쉬 세럼 10ml 1입 속눈썹영양제 정품 오래쓰는 인기상품,https://blog.naver.com/dedicate8073/224266653724,소용량이라 많은 부위에 넉넉히 쓰는 편이라면 빨리 소진될 수 있으니 사용량 조절이 필요하다는 점만 염두에 두시면 됩니다. 항목 바이브랩 리바이브 세럼 용량 10ml 용도 헤어·브로우·래쉬 (속눈썹영양제)... ,20260427
소용량 영양제,blog,피부영양제 주름 개선 후기 4050 직접 써보고 달라진 피부 변화,https://blog.naver.com/clobozwwa/224285860431,"피부영양제 주름 개선 후기를 참고하되, 개인차가 있다는 점을 잊지 말아야 합니다. 누군가에게는 효과적이었던 제품이 자신에게는 맞지 않을 수도 있으므로, 샘플이나 소용량 제품으로 먼저 사용해보는 것도... ",20260515
소용량 영양제,blog,0원딜 선착순 할인 구매 후기 (+B마트 영양제 세트 구매 후기),https://blog.naver.com/wlgml013/224203098643,"음, 아무리봐도 하겐다즈가 제일 이득인가싶네요 ㅎㅎ B마트 야채들은 1-2인 가구용으로 딱 소용량... 이번주까지 하겐다즈 (번외편, B마트 영양제 구매 후기) #B마트영양제 #동아제약B마트영양제 #비마트영양제... ",20260303
소용량 영양제,blog,2019년 천연비타민영양제 벌화분 포장 이 바뀌며 500g소용량... ,https://blog.naver.com/equess67/221599520193,천연 비타민 영양제 벌화분은 위사진과같이 누렇게 황금빛을 내야 품질이 좋은 화분으로 인정 받는답니다. 그만큼 야생에서 활동하는 벌들이 분주하게 움직여 천연 야생화 꽃가루를 묻혀 온것입니다.... ,20190730
소용량 건기식,cafearticle,“다이소발 저가 건기식 대란… 결국 편의점까지 번졌다”,http://cafe.naver.com/vmffotlk/49402,"GS25·CU·세븐일레븐까지 전부 뛰어들어서 5000원 이하 소용량 건기식을 잇달아 내놓는 바람에 소비자들은 “싸고 간편해서 좋다” 분위기고, 업계는 소용량·저가 경쟁이 계속될 것으로 보고 있대요.",
소용량 건기식,cafearticle,건기식 넘어 이너뷰티까지 편의점의 변신,http://cafe.naver.com/httpmagicfestivalcom/1856,"건기식과 이너뷰티 코너가 확 커진 게 체감돼요. 예전엔 약국이나 올리브영, 온라인에서만 사던 걸 이제는 퇴근길에 편의점 들러서 샷 형태로 하나 집어 올 수 있으니 접근성이 엄청 좋아진 느낌입니다. 특히 소용량·젤리... ",
소용량 건기식,cafearticle,&quot;다이소 안 가도 되겠네&quot; 5000원 건기식 돌풍에…편의점도 '결단',http://cafe.naver.com/jamgallery/1542809,"CU, 전국 6000개 점포 인허가 완료…28일부터 본격 운영 눈건강, 간건강 등 11종 출시...10일치로 구성 소용량·고품질·가성비 상품으로 건기식 시장 정조준 https://naver.me/GtJtTtfQ &quot; &quot;",
소용량 건기식,cafearticle,"&quot;영양제도 퀵커머스 시대&quot;⋯배민 B마트, 건기식 시장의 새 전장",http://cafe.naver.com/pangaeanogi/13333,"기존 대용량 제품 중심에서 벗어나 1~2주 분량의 소용량 패키지를 출시하고, 가격 경쟁력을 높인 제품 라인업으로 퀴커머스 시장 공략에 나서고 있다. 업계 관계자는 &quot;건기식도 이제 '필요할 때 바로' 구매하는 시대가 됐다... ",
소용량 건기식,cafearticle,"&quot;3천원으로 건강 챙긴다&quot;⋯메디트리, 초저가 건기식으로 시장 판도 흔든다",http://cafe.naver.com/pangaeanogi/13334,"특히 2030 젊은 세대를 겨냥해 소용량 패키지로 구성하고, 필수 영양소 중심의 심플한 제품 라인업을 선보였다는 점이 특징이다. 업계 관계자들은 메디트리의 이번 행보가 건기식 시장에 새로운 바람을 불어넣을 것으로... ",
소용량 건기식,cafearticle,편의점에서 화장품과 건기식도 파는군요!!,http://cafe.naver.com/b00k2012/1395927,"GS25에서 삼진제약, 종근당, 동화약품, 동국제약 등과 협업한 건강기능식품(건기식) 30여종을 구성하고 비타민, 유산균, 오메가3, 간 건강 제품 등이 1주~1개월 단위 소용량 패키지로 판매할거라고 합니다!! 색조·기초... ",
소용량 건기식,cafearticle,편의점에서 건기식 살수 있데요~,http://cafe.naver.com/poohstory/247311,나오니까 편의점에서도 이 사업에 참여한거같아요. 5천원 이하로 팔고 소용량으로 판매한다니 일단 나랑 맞는 건기식 찾는것도 수월해질거같네요 ㅎㅎ 오늘부터 판매한다고해서 집가는 길에 한번가볼까봐요 ! &quot; &quot;,
소용량 건기식,cafearticle,“5천 원으로 시작하는 건강관리”,http://cafe.naver.com/andorphinetop/1569,⚔️ 다이소發 ‘건기식 전쟁’이 불러온 시장 변화 변화 양상 내 용 주요 대응 사례 가성비 경쟁 심화 ‘저가로도 건강관리 가능’ 인식 확산 편의점(CU 등) → 소용량·저가형 건기식 확대 유통 채널 다변화 약국 중심... ,
소용량 건기식,cafearticle,&quot;다이소 가면 꼭 사야&quot; 인기 끌더니 '잭팟',http://cafe.naver.com/vmffotlk/49129,"다이소의 3000·5000원 균일가 건기식 확대로 시작된 흐름이 편의점 3사로 확대되며 소용량·저가 제품 소비가 크게 늘었고, 올리브영 등도 젊은층 중심으로 판매를 확대하고 있습니다. 수요 증가에 힘입어 노바렉스... ",
소용량 건기식,cafearticle,"창고형약국 약종류, 가격 자세히",http://cafe.naver.com/no1cheonan/4162726,"영양제 (건기식) 오메가3, 비타민D, 루테인 (30캡슐) 3,000 ~ 15,000원 5,000 ~ 25,000원 약 20~40% 저렴 어린이 영양제... 저렴하거나 소용량 제품으로 부담없는 가격을 형성하고 있었습니다. 눈에 띄었던 점은 어린이용 비타민 및... ",
소용량 건기식,cafearticle,보충제글 변동사항을 간략히 알려드립니다.,http://cafe.naver.com/sbsbreastcancer/5227,최근 리포조말이 건기식으로 나오고 해당 재료들은 대부분 미국에서 비슷한 원천에서 들어오는 것으로... 다만 처음 구입하시는 분들은 소용량(최소가격)을 구입하여 먼저 체험하셔야 합니다. 처음부터 무조건 대용량을... ,
소용량 건기식,cafearticle,[국내] 2026년 5월 11일 건강기능식품 뉴스,http://cafe.naver.com/healthfoodcuration/87,1000원숍 따라하는 유통 공룡들…'다이소 안 이마트' 나올 판 https://www.edaily.co.kr/News/Read?mediaCodeNo=257&amp;newsId=02355046645446952 → 편의점·대형 유통이 뷰티·건기식까지 초저가·소용량 모델을... ,
소용량 건기식,cafearticle,"다이소에서 영양제, 건강기능식품, 저렴하게 판매 개시",http://cafe.naver.com/cldirdmlrhdtlr/33875,"기존 제품들은 3개월분이나 6개월분으로 이뤄졌지만, 다이소에서 유통되는 건 1개월분으로 소용량이에요. 한 달 분 가격은 3000~5000원대로 이뤄져 있으니 기존 건기식 한 달 분 평균가의 5분의 1 수준쯤 되나봐요.... ",
소용량 건기식,cafearticle,[결정적 한끗]②야쿠르트 '65㎖'에 담긴 비밀,http://cafe.naver.com/towngtx1/122891,65㎖ 소용량 결정 100억 마리 보장…생존률 높은 균주 역사적인 사건에는 반드시 결정적인 순간이 있습니다.... hy의 야쿠르트 역시 식약처의 인증을 받은 '건기식'입니다. 유산균 전문가가 말하는 야쿠르트 이철호 hy... ,
소용량 건기식,cafearticle,미라클이브닝,http://cafe.naver.com/dinofreedom/34614,세븐일레븐 역시 소용량 가성비 기초 화장품을 잇따라 선보이고 있다. BGF리테일이 운영하는 편의점... 노바렉스는 코로나19 사태 이후 온라인 채널 중심으로 재편된 건기식 시장 구조에 대응하기 위한... ,
소용량 건기식,cafearticle,3000원 짜리 건기식 으로 난리난 다이소,http://cafe.naver.com/dallaspapa1/15080,높임 소용량 패키지 구성으로 가격 부담 줄이고 진입장벽 낮춤 해외 구매대행 건기식은 ‘싸게 많이 파는 곳’이 아닌 신뢰와 전문성 기반의 '선택할 이유가 있는 곳' 으로 자리잡는 것이 앞으로 더욱 중요할 것 같습니다... ,
소용량 건기식,cafearticle,"[프리미엄] 컬리, MD 등 4개 분야·9개 직무 두 자릿 수 채용 외 / 건강기능식품, 푸드 업계 뉴스레터 / 24...",http://cafe.naver.com/btdckr/2490,주세요 건기식 /푸드 [Consumer News] 추석 준비 돌입하는 유통가…명절 선물세트 사전예약 시... [건강먹방]... [트렌드 경제] 불황에 소용량·대용량 유통가의 투트랙 전략 5일만에 경험하는 관절 건강…정관장... ,
소용량 건기식,cafearticle,5060 건강은 물론 패션에도 큰손 부상,http://cafe.naver.com/djtextile/97414,"이어 “일반 식품부터 영양제 건기식 시장도 있고 여행, 운동, 위생용품 등이 인기를 끌 것”이라며... GS25는 점차 늘어나는 시니어 고객을 겨냥한 특화 상품으로 요실금 전문 패드, 편의점용 소용량 건강기능식품 등을... ",
소용량 건기식,cafearticle,건강기능식품 절약 방법 Q&amp;A 정리 (2026년 4월 기준),http://cafe.naver.com/dasajadeal/48,"2025년 다이소가 건기식 35종을 3,000~5,000원(1개월분)에 출시해서 화제였는데, 대웅제약 닥터베어... 동일 브랜드+동일 함량 기준, 소용량 대비 대용량은 40~65% 저렴해요. ● 30일분 vs 120일분 vs 360일분 -- 실제 단가... ",
소용량 건기식,cafearticle,2026.2.24(화)1분 SNS 마케팅 뉴스,http://cafe.naver.com/2gmarketing/3127,"&quot;영양제도 퀵커머스&quot;⋯배민 B마트, 새 격전지로 부각 출처: https://naver.me/xQJjYVzM 소비자들 사이에서 소용량 가성비 건강기능식품(건기식) 소비 패턴이 뚜렷해지면서, 제약사들이 다이소·편의점 등 오프라인... ",
소용량 건기식,cafearticle,1회차 개인 과제 제출_차별화 필요한 정체기의 건기식 시장_이주헌,http://cafe.naver.com/snusnewofficial/31,만큼 소용량 사들이는 선택적 구매와 가성비 중심 대용량 구매 양극화 흐름 존재. 성장세 꺾였지만 구매 경험율 80%로 일상 소비재 대부분이 그렇듯 마이너스 시그널이 아닌 업계 풀이 찬 것으로 해석됨. 건기식 제품의... ,
소용량 건기식,cafearticle,&quot;건강기능식품 어디서 산다고요?&quot;⋯다이소 '무한확장',http://cafe.naver.com/kwgroup07/16543,주목받으며 건기식 수요가 늘어난 점도 영향을 미친 것으로 풀이된다. 기업 입장에서는 다이소가 소비자 반응을 확인할 수 있는 하나의 창구가 되기도 한다. 다이소 '헬스 앤 뷰티' 제품의 경우 보통 '소용량·고품질'을... ,
소용량 건기식,cafearticle,패키징 &amp; 디자인 – “첫인상”이 곧 “신뢰”다,http://cafe.naver.com/jinislab/66,"표시 건기식: 기능성 문구(식약처 고시 문구 사용 必) 화장품: 전성분, 사용기한, 책임판매업자, 제조번호 등 사용자 경험(UX) 고려 개봉 편리성: 이지컷, 재밀봉 지퍼 휴대성: 소용량 파우치, 스틱포장 지속가능성: 리필형... ",
소용량 건기식,cafearticle,&lt;약증과경방&gt;부자편 핵심요약,http://cafe.naver.com/gigakick/474,"축선생은 이외에도 보건식품(중국의 건기식제도)으로 금궤신기환을 복용하게 하여 체질을 개선하여 효천이... 대용량은 3-5매로, 대부분이 관절통이나 심복통에 사용하였고, 소용량은 1-2매로 대부분 맥이 침미하고 사지가... ",
소용량 건기식,cafearticle,2025.10.20(월)1분 SNS 마케팅 뉴스,http://cafe.naver.com/2gmarketing/3020,GS25는 근거리 편의점의 즉시 구매 편의성과 실속형 소비 트렌드가 결합되면서 편의점 '건기식' 시장이 빠르게 성장하고 있는 것으로 분석했다. 특히 소용량·가성비 상품을 운영하는 GS25가 건강 관리를 막 시작한... ,
소용량 건기식,cafearticle,[경제] 4월 15일(화)_돈 없는 학생도 몰려간다…&quot;아무리 비싸도 5000원&quot; 그렇게 4조 번 다이소,http://cafe.naver.com/jeepgroup/14054,"아울러 균일가 유통의 경계를 무너뜨리며 상품군 확장(화장품, 건기식, 패션 등)에 속도를 내고 있다. - 다이소 뷰티 카테고리는 2022년부터 급성장했다. 소용량·저가 정책으로 10~20대 소비자에게도 진입 장벽이... ",
소용량 건기식,cafearticle,[155번째 책] 마케팅 분석에 유용한 사이트 모음,http://cafe.naver.com/gedconsulting/33300,"p.199 맛과 소용량 제품 구성에 대한 니즈가 있다 ... 한국인 체질에 맞지 않다는 인식이 있다 ... 맛, 향 등에... 온라인 구매 전환율 - 0.3~0.8%, 바이럴을 통한 건기식의 경우 10%도 달성함 ... 매출이익률 30% ... 약국 매출... ",
소용량 건기식,cafearticle,다양한 기획상품·판촉전으로 소비자 공략,http://cafe.naver.com/wonderful86/2,"홈플러스도 ‘초저가·소용량 PB(자체상표)’ 선물세트를 강화했다. 배, 멸치 등 신선식품에도 초저가... 또한 V=B 프로그램과 설록을 통해 건기식과 녹차 사업도 펼치고 있는 아모레퍼시픽은 ‘예진생 진생베리TM 보액’... ",
소용량 건기식,cafearticle,7/14 이커머스 뉴스 요약,http://cafe.naver.com/selleruniv/2719,"출처: 네이트 https://news.nate.com/view/20250713n00860 [유통업계, 건기식 시장 공략 본격화… 프리미엄부터... 백화점은 AI 진단 기반 프리미엄 제품으로, 다이소·편의점은 5000원대 소용량 제품으로 시장을 공략... ",
소용량 건기식,cafearticle,"&quot;집밥 먹자&quot;…지갑 얇아질수록 월마트 '북적' 외 / 건강기능식품, 푸드 업계 뉴스 / 240805(월) / 헬스앤뷰...",http://cafe.naver.com/btdckr/2312,주세요 건기식 /푸드 &quot;리얼 카무트 효소왕&quot; 캐시워크 돈버는퀴즈 문제+정답! &quot;집밥 먹자&quot;…지갑 얇아질수록... 10월부터 반려견 등록 안 하면 60만원 과태료...'주소 변경도 해당' 1인 가구 저격 ‘소용량 제품’ 출시 속속... ,
소용량 건기식,cafearticle,제약/바이오 뉴스 ~ 6/2,http://cafe.naver.com/pbpartners/2050,"코스맥스바이오 '다이어트 건기식' 식약처 회수 처분 효력정지 큐리언트, '오버행' 우려에 주가 촉각... 대선 분위기 속 뜨거운 제약바이오 한국 스타트업 '눔',비만약 '위고비' 소용량 출시..노보 노디스크 '반발... ",
소용량 건기식,cafearticle,‘식품 표시’ 건기식 수준 규제 강화 논란,http://cafe.naver.com/foodandpeople/4848,"건기식은 대부분 제품이 세트 포장으로 판매돼 최소판매단위별 용기·포장에 표시사항을 기재할 공간이 충분하고, 제품설명서도있어 장평·자간 기준 준수가 가능하지만 가공식품은 최근 트렌드에 맞춰 소용량화되고... ",
소용량 건기식,cafearticle,"[프리미엄] &quot;PB앞세워 싱가포르 공략&quot;...롯데 유통군, 현지 최대 유통업체와 협약 외 / 건강기능식품, 푸드...",http://cafe.naver.com/btdckr/2529,"주세요 건기식 /푸드 &quot;PB앞세워 싱가포르 공략&quot;...롯데 유통군, 현지 최대 유통업체와 협약 &quot;글로벌 제약... 식약처 '편의점 소용량 조리식품' 집중 위생점검 식약처, 커피·치킨 등 조리음식 판매 편의점 집중 점검 실시... ",
소용량 건기식,cafearticle,"[세븐일레븐, 편의점 건강식품 찾는 젊은층 늘어난다]_지희원_2020-05-19",http://cafe.naver.com/worldchamstudy/202,"3%의 매출신장률을 기록했다 편의점 건강식품은 다른 유통채널과 달리 1회 섭취 분량인 소포장, 소용량... 제약업계, 식품 업계 모두 어려워진 영업 상황에서 건기식 산업에 주력하고 있다는 이야기를 들었는데... ",
소용량 건기식,cafearticle,2025-04-11 뉴스 정리,http://cafe.naver.com/todaybigboss/535,"최상위 ✅ 건기식 대웅제약, 일양약품, 종근당홀딩스, 노바렉스, 고바이오랩, 알피바이오... 개선계획 이행내역서 제출 미트박스(475460) - 미트박스 플랫폼 내 축산물 세절 / 가공 / 소용량 PB제품의... ",
소용량 건기식,cafearticle,"22.08.28(일) 오늘의 생활픽뉴스 ([내일날씨] 우린 BTS 아동 맥도날드, 뉴진스, [오늘의 코닥어패럴, [주말...",http://cafe.naver.com/bluegrayur0zu/55689,"kr/6hBux4c [웨딩21뉴스]건기식, 화장품 전문 제조사 ‘롱제비티’ 시더스그룹과 업무협약... 대용량보다 소용량 선호 https://im.newspic.kr/en2540X [연합뉴스][내주날씨] 초가을…30~31일 충청... ",
소용량 건기식,cafearticle,2000년대가장많이주는명절선물,http://cafe.naver.com/peanut63/56,팔리는 건기식은 5만~7만 원대의 홍삼제품인 것으로 조사됐다. 웰빙 열풍 덕분에 명절 음식을 보관하는 식기에 대한 소비자들의 관심도 덩달아 늘면서 500㎖ 소용량부터 1.6ℓ에 달하는 냉장고 도어포켓 전용 용기도... ,
소용량 건기식,cafearticle,"위메이드 “미르4 글로벌, 동시 접속자 100만명 돌파”",http://cafe.naver.com/tomorrowattack/1436,"ly/3jIGOXi CJ제일제당, 필리 정기배송 시작…건기식 시장 공략 - link: https://bit.ly/3vZ4cEY 제5회 한국상품전시회 대만서 개최…빙그레 바나나맛 우유 고객몰이 - link: https://bit.ly/3BmIk7e 소용량... ",
소용량 건기식,cafearticle,[ 편의점 - 업계소식 ] 요즘 먹을만하단 얘기 좀 들어요”… 진화하는 편의점 먹거리,http://cafe.naver.com/thankq25/92,있는 소용량 상품이다. 타 편의점과 차별화된 판매 아이템인 셈이다. 이를 위해 GS25 각 점포는 2012년부터... 종의 건기식을 도입할 예정”이라고 밝혔다. 세븐일레븐도 2012~2013년 도시락 매출이 매년 60%가량 늘며... ,
소용량 건기식,cafearticle,티빙 1주년 &quot;해외를 향해 쏜다&quot;…위메이드 몸값 4조원,http://cafe.naver.com/tomorrowattack/1440,"ly/2ZI3BeV CJ제일제당,개인 맞춤형 건기식 플랫폼 '필리'서 정기배송 - link: https://bit.ly/3CuIWt2... 롯데칠성 ‘소용량 주류’ 인기 - link: https://bit.ly/2XV2S9n 오뚜기, 국·찌개…전국 맛집 메뉴'RMR... ",
소용량 건기식,cafearticle,22.08.29(월) 오늘의 생활픽뉴스 ([내일 서울 [미술계 81만 [오늘의 [지역아동센터 ① ② [날씨] 인생역전 ...,http://cafe.naver.com/kakaoview0/454,"kr/4TI2Zr4 [웨딩21뉴스]건기식, 화장품 전문 제조사 ‘롱제비티’ 시더스그룹과 업무협약... 대용량보다 소용량 선호 https://im.newspic.kr/SLO6sH1 [연합뉴스][내주날씨] 초가을…30~31일 충청... ",
소용량 건기식,cafearticle,"22.08.28(일) 오늘의 생활픽뉴스 (② 맥도날드, [포토] 정부대표단, 아동 [공략] ① ‘후루룩 포켓몬스터 예...",http://cafe.naver.com/kakaoview0/429,"kr/kT1EF4k [웨딩21뉴스]건기식, 화장품 전문 제조사 ‘롱제비티’ 시더스그룹과 업무협약... 대용량보다 소용량 선호 https://im.newspic.kr/FEtx5X0 [연합뉴스][내주날씨] 초가을…30~31일 충청... ",
소용량 건기식,cafearticle,2021-10-29 뉴스 정리,http://cafe.naver.com/gazuafund/2532,"ly/2ZI3BeV CJ제일제당,개인 맞춤형 건기식 플랫폼 '필리'서 정기배송 - link: https://bit.ly/3CuIWt2... 롯데칠성 ‘소용량 주류’ 인기 - link: https://bit.ly/2XV2S9n 오뚜기, 국·찌개…전국 맛집 메뉴'RMR... ",
소용량 건기식,cafearticle,"다이소 건기식 판매중단 위기에...소비자단체협의회, 약사회 질타",http://cafe.naver.com/boardchart/15315,이에 따라 소용량 건기식을 싼 가격에 구매할 수 있어 소비자들의 관심이 높아졌다&quot;고 말했다. 협의회는 &quot;특정 직군의 이익을 대변하는 단체가 해당 매장에서의 건기식 상품 판매를 반대하며 제약사에 대한... ,
소용량 건기식,cafearticle,다이소 이어 편의점도 뛰어든 '6조짜리' 건강 기능 식품 시장,http://cafe.naver.com/acapas/18742,"[출처] 한국일보 / 박준석 기자 CU, 건기식 판매 추진 제약사와 제품 출시 논의 GS25도 내부 검토 중 소용량 건기식 수요 겨냥 약사 반발?점주 동의 변수 ↓아래 링크 클릭↓",
소용량 건기식,cafearticle,[ 2026년 2월 20일(금) 프랜차이즈 뉴스 ],http://cafe.naver.com/sbiznews/13725,올영·편의점에 배민까지… ‘소용량 건기식’ 경쟁 치열 올영·편의점에 배민까지… ‘소용량 건기식’ 경쟁 치열 다이소와 편의점이 주도해온 소용량·가성비 건강기능식품(이하 건기식) 시장에 올리브영과... ,
소용량 건기식,cafearticle,다이소 이어 편의점도 뛰어든 '6조짜리' 건강 기능 식품 시장,http://cafe.naver.com/subuhae/79,"CU, 건기식 판매 추진 제약사와 제품 출시 논의 GS25도 내부 검토 중 소용량 건기식 수요 겨냥 약사 반발∙점주 동의 변수 편의점 업계가 시장 규모가 6조 원이 넘는 국내 건강 기능 식품(건기식) 유통 시장에... ",
소용량 건기식,cafearticle,08/19(화) 돈 될 뉴스~^^,http://cafe.naver.com/serenstalk/55376,OutLink=telegram ▶ 소비트렌드2025 (초양극화 시대/Ditto 소비/듀프(dupe)소비) : K-뷰티/K-음식료/K-소비재 / 가성비 소비 5천원 건기식·3천원 화장품…편의점 '소용량·가성비' 경쟁 https://www.... ,
소용량 건기식,cafearticle,다이소 결국 건기식 판매 재개...'뷰티 성공' 재현할까,http://cafe.naver.com/greenb0k6k/132808,소포장·소용량 전략을 통해 가격 경쟁력을 확보하겠다는 구상이다. 그러나 업계에서는 뷰티 시장에서 통했던 다이소의 전략이 건기식에서는 통하지 않을 가능성이 있다는 전망도 나온다. 건기식은 생활용품이나... ,
소용량 건기식,cafearticle,6월13일 뉴스브리핑,http://cafe.naver.com/gsk/138127,"김양순 소용량·소포장… '호핑족' 노리는 제약업계 (조선비즈 2017/06/13) | 기자 : 최인준 안제스... 일반약·건기식집중해야&quot; (약사공론 2017/06/12) 보유어 : 임상| 기자 : 정웅종 타그리소, 중추신경계 전이... ",
소용량 건기식,cafearticle,종합 영양 보충 다이소 건기식 조합,http://cafe.naver.com/mounjarocafe/2503,"보충 건기식 조합 분류제품명주요 기능가격 멀티비타민·미네랄종합비타민미네랄비타민 A, C, D, E, 칼슘, 마그네슘 등5,000원 단백질 보충프로틴 파우더 (콩 단백질 등)근육 합성 및 회복 도움5,000원 (소용량)... ",
소용량 건기식,cafearticle,해독 작용 다이소 건기식 조합,http://cafe.naver.com/mounjarocafe/2514,"다이소에서 구입 가능한 해독 작용(디톡스)을 위한 건강기능식품(건기식) 조합은 간 해독, 항산화, 장 정화... ⸻ 다이소에서 판매되는 건강기능식품은 **소용량(1개월분)**으로 구성되어 있어, 처음 시도해보시는... ",
소용량 건기식,cafearticle,체지방 감소 다이소 건기식 조합,http://cafe.naver.com/mounjarocafe/2515,"다이소에서 구입 가능한 체지방 감소 목적의 건강기능식품(건기식) 조합은 주로 지방 대사 촉진, 식욕 조절, 에너지 소비 증가를 목표로 합니다. 다이소 제품은 대부분 소용량이고, 대웅제약 ‘닥터베어(Dr.Bear)... ",
소용량 건기식,cafearticle,"[이슈체크] 약사회, 다이소발(發) 초저가 건기식에 위상 흔들리나...소비자 권리 침해 논란",http://cafe.naver.com/sukchonlib/27605,"홈 PUBLICVIEW 기획특집 [이슈체크] 약사회, 다이소발(發) 초저가 건기식에 위상 흔들리나...소비자 권리 침해... 초저가·소용량 상품은 특히 20~30대의 마음을 사로잡고 있다”고 분석했다. 게다가 오프라인 매장에서 직접... ",
소용량 건기식,cafearticle,경제+,http://cafe.naver.com/greenb0k6k/181719,고물가에 소용량·소포장 상품 인기 최근 소용량·소포장 상품 매출이 증가한 것으로 나타났다. 고물가... (이하 건기식) 시장이 5조 원대 규모에 안착하며 질적 대전환기를 맞고 있다. ‘저속노화(Slow-aging)’와... ,
소용량 건기식,cafearticle,2022 상반기 빙그레 이커머스 신입 합격자소서,http://cafe.naver.com/specup/7247105,"이외에도, 1인가구 증가에 따라 비비고 소용량 김치, 햇반 그리고 비비고 육개장을 조합하여 자취생을 위한... 시장과 건기식에 초점이 맞춰져 있다고 생각합니다. 저는 이러한 빙그레의 행보에 따라 e커머스 시장에서... ",
소용량 건기식,cafearticle,6/29(화) 돈 될 뉴스~^^,http://cafe.naver.com/serenstalk/40259,idxno=423793 [유통/음식료/화장품/건기식] 1인 가구 증가에 소용량 식음료 제품 매출 증가 https://bit.ly/3qvpoiS 샤넬이 뭐라고…이번엔 10% 넘는 인상 소문에 매장 '장사진' https://bit.ly/2Uc0OaE... ,
소용량 건기식,cafearticle,[ 2026년 4월 1일(수) 프랜차이즈 뉴스 ],http://cafe.naver.com/sbiznews/13921,대학가 매출 '쑥'…20대 건기식 입문지된 편의점 개강 시즌 매출 최대 2배…편의점3사 일제히 증가 소용량·가성비 전략 주효…5000원 이하 가격대 선봬 건기식과 타 품목 동반 구매로 매출 확대 1+1 덤 증정 등... ,
소용량 건기식,cafearticle,6/14(월) 돈 될 뉴스 (누락이 있어서 죄송합니다ㅠㅠ),http://cafe.naver.com/serenstalk/39930,"kr/news/stock/view/2021/06/570760/ [유통/음식료/화장품/건기식] 음료도 ‘한 입’ 제품 잘 팔렸다…1인 가구 증가에 소용량 인기 http://naver.me/5TvEjEaK [단독]CJ제일제당, '햄·소시지' 9.5% 인상... ",
소용량 건기식,cafearticle,톡톡생활경제,http://cafe.naver.com/greenb0k6k/180343,이하 소용량 제품 출시 고물가 시대 ‘가성비 제품’을 찾는 수요가 증가하자 뷰티업계에서 5000원... 영양제·건기식·운동용품까지 한곳에 “내·외면 균형 갖춘 美 제안…K 10이상+ 1월 29일 05:02“컵라면 사러... ,
소용량 건기식,cafearticle,"건강기능식품, 소용량 휴대성 기능 높여",http://cafe.naver.com/changupdoctor/82001,"건강기능식품, 소용량 휴대성 기능 높여 강동완 기자 | 입력 : 2014.01.02 14:55 경제력을 갖추고 외모나 건강에... 중·장년용 건기식 시장은 그야말로 춘추전국시대를 맞았다고 소개한다. 특히 갱년기 증상 완화에 도움을... ",
소용량 건기식,cafearticle,톡톡생활경제,http://cafe.naver.com/greenb0k6k/174687,이하 소용량 제품 출시 고물가 시대 ‘가성비 제품’을 찾는 수요가 증가하자 뷰티업계에서 5000원... 영양제·건기식·운동용품까지 한곳에 “내·외면 균형 갖춘 美 제안…K 10이상+ 1월 29일 05:02“컵라면 사러... ,
소용량 건기식,cafearticle,4월 셋째주 주간식품뉴스,http://cafe.naver.com/balanceinvest/691,"대사관리 건기식 '메타파이브' 출시 CJ제일제당 ‘햇반 컵반’, 출시 2년 만에 ‘국민 간편식’ 등극 동원F&amp;B... 1인 가구를 위한 200g 소용량 제품과 400g 제품 등 2종으로 구성됐다. 제품 특징에 대해 회사 측은 닭 근위살에... ",
소용량 건기식,cafearticle,[ 2025년 8월 20일(수) 프랜차이즈 뉴스 ],http://cafe.naver.com/sbiznews/12869,"전략’은…건기식 늘리고 커피 배달까지[르포] 최근 역성장 기조에 돌입한 국내 편의점 업계가 하반기 상품 전략을 고도화한다. 제약사들과 협력해 소용량 건강기능식품류를 대폭 강화하고, 자체브랜드(PB)... ",
소용량 건기식,cafearticle,제약 바이오기업 열전,http://cafe.naver.com/greenb0k6k/167991,시대' 소용량 근육통 치료제 확대 동성제약이 4인 가족 대비 소용량이 필요한 1인 가구가 매년 증가세를... 신약·건기식 사업 시동 유유제약이 미국 현지 법인을 설립해 현지 반려동물 의약품 및 건강기능식품... ,
소용량 건기식,cafearticle,제약 바이오기업 열전,http://cafe.naver.com/greenb0k6k/168235,시대' 소용량 근육통 치료제 확대 동성제약이 4인 가족 대비 소용량이 필요한 1인 가구가 매년 증가세를... 신약·건기식 사업 시동 유유제약이 미국 현지 법인을 설립해 현지 반려동물 의약품 및 건강기능식품... ,
소용량 건기식,cafearticle,"식품 유통, 잘하면 떼돈 벌고 못하면 재고 지옥 갑니다 (실패 경험 포함)",http://cafe.naver.com/dryoutonglab/5,"▶ 식품 유통 성공을 위한 핵심 포인트 ✅ 위생인증(HACCP 등) + 품질 리뷰 확보 ✅ 재고 부담 줄이는 소용량... ⚠️ 경험 사례: 조영범 대표 “건기식 10종 유통을 맡았는데, 판매보다 재고 회전이 느려 결국 가족, 지인에게... ",
소용량 건기식,cafearticle,6/4th 주간식품뉴스,http://cafe.naver.com/balanceinvest/1668,"스토어, 건기식 판매 증가 전망…업계 장미빛 기대 식품외식업계, 와사비·할라피뇨 등 초록식재료의... 1인 가구에 맞게 190g의 소용량으로 출시됐으며, 캔에 담겨 있어 상온 보관이 가능하다. CJ제일제당은 자사 냉동식품... ",
소용량 건기식,cafearticle,[ 2025년 3월 1일(토) 프랜차이즈 뉴스 ],http://cafe.naver.com/sbiznews/12073,가성비·소용량 강조 가성비부터 프리미엄까지…유통업계 '삼겹살데이' 판촉 경쟁 치열 - 신아일보... [단독] '다이소 영양제' 반응 깜짝…CU도 건기식 시장 참전 준비 제약사와 협업 진행 검토…&quot;점주들에 판매... ,
소용량 건기식,cafearticle,[ 2025년 8월 12일(화) 프랜차이즈 뉴스 ],http://cafe.naver.com/sbiznews/12826,"빙수가 ‘소용량·가성비’ 콘셉트를 입고 프랜차이즈 카페와 디저트 업계를 장악하고 있다.대형... 약국에선 적어도 2만~3만원은 줘야 하는 비타민, 루테인 등 건기식이 다이소에선 3000원, 5000원에 팔리면서다.... ",
소용량 건기식,cafearticle,실시간[오전] 종목뉴스,http://cafe.naver.com/smartrichclubroom/4322,"GS25, 소용량 더마 화장품 확대 남양유업, 200억 원 규모 자사주 추가 매입 결정 방산 4사, 중동 공략 총력..... [바이오 건기식 명과 암] [뉴트리] GS리테일과 밀월관계 '삐그덕' [적응증 비교 열전] [MASH] 올릭스, 1상... ",
소용량 건기식,cafearticle,오늘 종목뉴스 (02/19 저녁),http://cafe.naver.com/smartrichclubroom/4365,"휴럼 &quot;K-건기식, 글로벌 시장 '타깃'&quot;…필러 전문기업 '와이유' 내년 IPO 트럼프 &quot;車 관세 25% 부과&quot;?완성차... 글로벌 거래소 상장 검토 (주)케이엘넷 현금ㆍ현물배당 결정 GS25, 화장품 매출 30% 증가… 소용량 더마... ",
소용량 건기식,cafearticle,업계 관련 기사 공유 (2013. 12. 26. 목),http://cafe.naver.com/blendingdesigner/306,"부문] [건기식] 1. 올해 건강기능식품 업계 관통 키워드는 바로 ‘A·G·E’ (한국일보, 2013-12-26)... 간편한 소용량·소포장(Easy to carry)’ 제품들이 인기 ▶올해 건강기능식품 시장은 각 연령별 건강과... ",
소용량 건기식,cafearticle,풀무원 사업내용 2017년,http://cafe.naver.com/ginastockvalueinvest/6938,다회용 소용량 제품군의 판매가 증가할 것으로 예상됩니다. [계란] 2017년 상반기에는 HPAI... 주요 원재료의 현황 사업부문매입유형품목매입처매입처와 회사와의특수한 관계여부건기식원재료석류농축액진성에프... ,
소포장 건기식,cafearticle,비타민 소포장 건기식 도매 있을까요?,http://cafe.naver.com/soho/4044294,안녕하세요 종근당이나 이런거 비타민 소포장 형식으로 건기식 도매하시는분 계실까요? 최소 수량과 단가 알고싶습니다 ☺,
소포장 건기식,cafearticle,건기식 분말 소포장 OEM 업체 찾습니다.,http://cafe.naver.com/food2008/232324,시중의 다이어트제품 컨셉의 제품을 분말로 소포장(10g ~ 15g)하여 스틱형태로 출시하려합니다 자본금이 많지 않아 최소수량으로 생산하려합니다 생산가능하신 업체 쪽지 부탁드립니다.,
소포장 건기식,cafearticle,"다이소 3천원 건기식 철수 논란에...공정위, 사실관계 파악 나서",http://cafe.naver.com/debt119/2678,"앞서 일양약품은 지난달 24일 다이소를 통해 기존 3~6개월분 단위로 판매되는 기존 건기식과 다른 1개월분 소포장 형태의 건기식 9종을 출시했다. 가격은 자사몰에서 판매하는 제품 대비 6분의 1수준인 3,000원~5,000원... ",
소포장 건기식,cafearticle,다이소들렸어요~,http://cafe.naver.com/clickg/127901,"[ THOME 자유게시판 / 톰 더 글로우 / 톰 프로그램 ] 다이소에 들렸는데 건강식품 왕창들어와있네요 일양, 대웅 유명제약사 건기식들어와있는데 나름 소포장이거나 5천원을 넘지않는 저렴한 가격이라 좋아보여요... ",
소포장 건기식,cafearticle,"편의점 건기식 트렌드 &quot;30대 여성, 다이어트 상품에 지갑 연다&quot;",http://cafe.naver.com/jebiwind/5117,"CU 관계자는 &quot;바쁜 일상 속에서도 건강관리를 중요시하는 30대 여성들이 편의점 건기식의 주요 고객&quot;이라며... 편의점 업계는 이러한 트렌드에 맞춰 다양한 다이어트 건강기능식품 라인업을 확대하고 있으며, 소포장... ",
소포장 건기식,cafearticle,(건기식업체 찾습니다)다이소 영양제처럼 저렴하고 깔끔하게 영양제를 만들고 싶습니다,http://cafe.naver.com/food2008/636248,"맞춤형 소포장·소량 다품종 생산 비타민·미네랄·오메가3·유산균 등 기본 성분 중심 고객 맞춤 패키지(예: 30포/30캡슐, 소분 파우치) 가능 정기 공급·재고관리 예측 발주에 맞춘 안정적 생산 및 빠른 리오더 공동 기획... ",
소포장 건기식,cafearticle,“약국서 3만원인데”… 다이소 3000원 건기식에 약사들 ‘부글’,http://cafe.naver.com/ic10in10/36854,"약국 판매용 건기식은 3~6개월분 단위로 판매하지만, 다이소에선 1개월분 소포장 형태로 팔고 있다. 소비자들은 다이소 건기식을 환영하는 반응이다. “5000원에 30알이면 정말 저렴하다”, “그동안 좋다는 건기식도... ",
소포장 건기식,cafearticle,마카오 약국정보 공유(feat. 그리팰 백화점),http://cafe.naver.com/macaunoblesse/233747,"ㅎㅎ) 그래서 수배한 약국이 반도쪽 시계상 거리 사이사이 있는 화장품도 팔고 건기식도 파는 가게들..... 건어류(진미채같은)같은것도 소포장으로 팔아서 편했고요. 한국과일도 팔고, 한국과자, 한국식품, 두루두루... ",
소포장 건기식,cafearticle,[건기식 생생후기-종근당 락토핏],http://cafe.naver.com/cantsb/2006522,"1포당 2그램으로 10포씩 소포장되어 있어 이동시 간편하게 휴대할 수도 있어요. 가루 형태로 맛은 살짝 우유 맛이 나며 거부감없이 먹을 수 있어요. 복용방법은 1일 1회 1포를 식전, 식후 상관없이 복용해요. 저는... ",
소포장 건기식,cafearticle,이제 건강기능식품은 다이소에서 구입하시죠~~^^,http://cafe.naver.com/fm0rm1/32231,"다이소에서 판매되는 제품은 기존 3~6개월분 단위로 판매되는 기존 건기식과 달리 1개월분 소포장 형태로 판매되며, 균일가 정책에 맞춰 3,000원~5,000원 선으로 가격이 책정되어 있어서 진짜 싸고 소량구매도 가능해서... ",
소포장 건기식,cafearticle,다이소 건강기능식품 성분 비교 가성비 템 솔직 분석 후기,http://cafe.naver.com/rm001/223,오늘은 다이소 건기식의 성분과 가성비를 꼼꼼하게 정리해 드릴게요! 다이소 건강기능식품 라인업 확인하기... 대부분 소포장 형태라 여행 갈 때나 사무실에 두고 먹기 완전 편해 보였어요. 멀티비타민 성분 함량 꼼꼼... ,
소포장 건기식,cafearticle,다이소가 불 붙인 건강기능식품 판매,http://cafe.naver.com/fm0rm1/32351,"쉽게 소포장으로 구입하게 되면 좋을 텐데... 참으로 안타까운 상황이네요~ 한 기사에서는 &quot;연간 시장 규모는 이미 6조 원대고, 5년 뒤엔 25조 원까지 커질 거로 예상된다고 합니다. 예전엔 건기식이 중장년층의... ",
소포장 건기식,cafearticle,[알콩달콩 신혼집 채움박스] 엔젯오리진 스노우 쿨멜팅 리포조말 비타민C 후기,http://cafe.naver.com/directwedding/7347808,"엔젯오리진은 처음 들어보는 브랜드였는데, 요게 미국 건기식 브랜드더라구요?! 자연 원료를 바탕으로... 박스 안에 개별 소포장되어 있어서 주방에 정수기 옆에 두고 꺼내먹으려고 해요 ㅎㅎㅎ 물 마시러 갈때 생각나면... ",
소포장 건기식,cafearticle,220721 자동화 산업 리포트,http://cafe.naver.com/ggaebidock/21825,25년 건기식 소포장 허용 시 약을 넘어서 매출 확대. 이미 건기식 관련 기업들과 연구 진행 중 • 솔루엠 : 메뉴비용 최소화 수혜 기업. 전자 표시 가격제. 메뉴판 관리 관련 인력 비용을 한 번의 설치로 자동화... ,
소포장 건기식,cafearticle,업체 찾습니다!,http://cafe.naver.com/food2008/527048,소포장 블루베리(국산) 냉동가능 매실 당근(연중판매) - 1차 생산자 / 유통업체 X (예외 상품 있음) - 맛과 품질 / 단가에 자신 있으신 생산자 - 위탁배송 다른 식품들도 제안 주시면 검토 후 연락드리겠습니다^^ (건기식제... ,
소포장 건기식,cafearticle,2026.2.24(화)1분 SNS 마케팅 뉴스,http://cafe.naver.com/2gmarketing/3127,다이소는 저가·소포장 건기식을 매장 전면에 배치했다. 4. &quot;올다무가 대세인데…&quot; 면세점 고수하는 브랜드들 이유는 출처: https://naver.me/xy7hkvMz 일반적으로 인디 브랜드는 올리브영·무신사 등 중저가 유통... ,
소포장 건기식,cafearticle,다이어트와 피부탄력을 한 번에 케어하는 모로오렌지 탄탄 슬리밍 C3G 다이어트 후기,http://cafe.naver.com/imsanbu/73588931,관련 건기식을 따로 섭취해야하는 번거로움없이 하루 2번 간편하게 입에 탈탈 털어넣으면 사르르 녹는 저당 오렌지맛 파우더랍니다. 한 박스에 총 60포로 한달 분량인데 10포씩 소포장되어 있어 3박 4일 여행시 소포장... ,
소포장 건기식,cafearticle,대단한 다이소,http://cafe.naver.com/loyaltylife/228922,어제부터 뉴스에 이슈되고있는 다이소 건기식. https://n.news.naver.com/article/011/0004455310?sid=101 &quot; &quot; 그래서 가봤습니다. 매대모습이구요. 라인업들 쭉보니 대웅제약.일양약품 두회사제품군들이군요. 직원한테... ,
소포장 건기식,cafearticle,"창고형약국 약종류, 가격 자세히",http://cafe.naver.com/no1cheonan/4162726,"영양제 (건기식) 오메가3, 비타민D, 루테인 (30캡슐) 3,000 ~ 15,000원 5,000 ~ 25,000원 약 20~40% 저렴 어린이 영양제... 예를 들어, 타이레놀 500mg 10정짜리 소포장은 약 2,500원에 판매되고 있었고, **30정들이 대용량 타이레놀(500mg)**은... ",
소포장 건기식,cafearticle,풀무원 아임리얼100 고농축주스 │ 배도라지 타트체리 푸룬 과일 고유의 맛을 그대로 즐겨요! 과일주스 아이...,http://cafe.naver.com/remonterrace/34311057,"있는데요 건기식 섭취가 아니라 제철 식재료나 과일, 채소 등으로 보다 자연스러운 건강관리를 하려고... 낱개 소포장으로 되어 있어서 하나씩 먹기 좋은 아임리얼100 고농축주스와 과자 등 간식을 챙겨서 경기장에... ",
소포장 건기식,cafearticle,전 의협회장 주수호님 페북,http://cafe.naver.com/gunsarang/370451,"경기 화성의 직장인 강 모씨는 “코로나19 팬데믹 이전까지만 해도 건기식은 집에 30일분, 60일분씩 쟁여두고 매일 복용하는 편이었는데, 이제는 어느 편의점에서나 건기식을 소포장해 팔다 보니 집에서 챙겨 나오는 걸... ",
소포장 건기식,cafearticle,"[여우야/탄탄젤리] 올리브영추천, 탄탄 젤리 더블 컷 다이어트 맛있는 다이어트 간식",http://cafe.naver.com/feko/8979345,식에 건기식과 피부 건기식을 따로따로 먹지 않아도 한 번에 섭취하게 되니까 너무 맘에 들고요. 단기간... 이렇게 하나하나 소포장 되어있어서 외부 외출 시 꼭 하나씩 챙겨가게 돼요. 이지 커팅 형식이라 가위 필요... ,
소포장 건기식,cafearticle,맛있다고 자꾸 또 줘를 외치게 하는 눈 영양제 ㅎㅎ,http://cafe.naver.com/remonterrace/30242898,사탕 맛도 나고 맛있어서 아이 챙겨줄 때마다 하나씩 먹게 되더라구요 저렇게 10개 포가 담긴 소포장도 되어 있어서 여행 갈때나 친정 갈 떄 챙겨 다니기도 편해서 안 거르고 먹이기 좋아요 참 건기식도 요새는 잘 나오네용,
소포장 건기식,cafearticle,이무이뮨 유아 면역력 영양제로 우리 아이 감기로부터 해방시켜요.,http://cafe.naver.com/imsanbu/73823878,시중에 어린이들(만 7세 이상)이 먹는 건기식은 많은데 아직 어린 우리아이가 먹을 수 있는 건기식은... 낱개로 소포장이 되어 있어서 외출할때 아이 가방에 하나씩 넣어주고 좋아요! 아이에게 먹이기 전 제가 한번 테스트... ,
소포장 건기식,cafearticle,“5천 원으로 시작하는 건강관리”,http://cafe.naver.com/andorphinetop/1569,"소포장 트렌드 확산 1개월분 중심의 체험형 상품 인기 온라인몰·편의점 모두 소용량 제품 증가 핵심 요약 : 다이소의 등장은 단순한 가격 경쟁이 아니라, 건강관리의 ‘생활화’와 ‘가성비 혁신’을 이끌며 건기식... ",
소포장 건기식,cafearticle,관절보궁 부작용 주의사항 깔끔하게 정리,http://cafe.naver.com/lovehayden/4736499,관절 건기식 하루 두번 먹고 마시고 깔끔한 소포장 형태 저는 허리보다는 손목과 목 관절이 좋지못하였는데요 자주 뻐근했다가..점점 더 뻐근하다 못해서 통증도 심해지다보니 관절보궁을 찾게 된 것이었어요 다행히... ,
소포장 건기식,cafearticle,"육아와 야근에 지친 일상, 매나테크 임팩트 플러스로 에너지 충전하세요",http://cafe.naver.com/imsanbu/70970119,"한포씩 소포장 되어 있어 휴대하기에도 좋고, 언제 어디서나 간편하게 즐길 수 있어요. 오렌지 향, 레몬향... 추천 #건강식품 #건기식 #매나테크 #Mannatech#건강 #체력 관리 #신진대사 [본 후기는 업체에서 제품을 무상으로... ",
소포장 건기식,cafearticle,다이소에서 '영양제가 3천 원?'…약사들 '반발',http://cafe.naver.com/10in10gwangju/29333,"다이소에서 판매되는 제품은 기존 3~6개월분 단위로 판매되는 기존 건기식과 달리 1개월분 소포장 형태로 판매되며, 균일가 정책에 맞춰 3,000원~5,000원 선으로 가격이 책정됐다. 대웅제약은 루테인, 오메가3... ",
소포장 건기식,cafearticle,"에브리바이옴 릴렉스, 유산균으로 스트레스 긴장감 완화까지?",http://cafe.naver.com/remonterrace/30033529,#에브리바이옴 남편이랑 항상 챙겨먹는 건기식 중 하나인 유산균 시중 제품은 몸의 변화가 워낙 제각각이라... 쉬운 소포장 형태~ 일반적인 바이오틱스 제품은 장건강에 취중이 되어있는데 에브리바이옴은 하루 생활의... ,
소포장 건기식,cafearticle,건기식 제조 1기 특강 후기,http://cafe.naver.com/highcommerce/4421,"1996년 &quot;다음&quot;에서 저는 인터넷쇼핑을 하고 있었고, 친정에도 곶감농사를 크게 지었는데 공판장, 감도가(곶감 도매)에만 팔고 있었는데 오빠한테 &quot;소포장 상자 만들어서 홈페이지 만들어서 팔아봐&quot; 나 같은 사람은... ",
소포장 건기식,cafearticle,안녕하세요,http://cafe.naver.com/food2008/561128,안녕하세요 건어물 간식 소포장 판매에 대해 관심있어 가입했습니다!!,
소포장 건기식,cafearticle,다이소에서 '영양제가 3천 원?'…약사들 '반발',http://cafe.naver.com/represent20/7196,"다이소에서 판매되는 제품은 기존 3~6개월분 단위로 판매되는 기존 건기식과 달리 1개월분 소포장 형태로 판매되며, 균일가 정책에 맞춰 3,000원~5,000원 선으로 가격이 책정됐다. 대웅제약은 루테인, 오메가3... ",
소포장 건기식,cafearticle,"안티에이징에서 슬로우에이징으로, 전 세대를 아우르는 '건기식 열풍'",http://cafe.naver.com/coudae/52789,"현재 건강기능식품의 70%가 온라인에서 판매되고 있지만, 최근에는 다이소와 편의점이 소포장·가성비... 여기에 맞춤형 건기식 판매 제도가 본격 시행되며, 개인 건강 상태에 맞는 제품을 직접 상담·구매하는 시장도... ",
소포장 건기식,cafearticle,식품주 바이오주 에이치피오 실적도 주가도 매력적인 이유,http://cafe.naver.com/engmstudy/2112268,"한편, 에이치피오는 ‘트루바이타민 초이스’ 제품에 들어가는 소포장까지 모두 에이치피오와... 포함한 건기식 관련주의 실적 및 주가상승이 돋보이는 상황에서 매년 매출액과 영업이익이 상승하고 있습니다 최근... ",
소포장 건기식,cafearticle,레벨 80 챌린지,http://cafe.naver.com/financesummary/109140,"만두의 매출 비율 1위, 잼/ 시럽 2위, 3위 건기식 3년내 상승세 ○ 내수, 수출 판매 비중은? 내수&gt;수출... 20/8/31[특징주] 거리두기 2.5단계… 서울식품 등 식품 관련주 ‘급등’ 1인 가구 겨냥했던 소포장 식품…네... ",
소포장 건기식,cafearticle,보령컨슈머헬스케어 비타민C 아이케어 간건강 온가족건강 다 챙겨요,http://cafe.naver.com/imsanbu/54462417,하나씩 소포장되어 있어 보령컨슈머헬스케어 비타민C 아이케어 간건강 온가족건강 다 챙겨요 ◆ 특허받은... 특허받은 식물성 정제 제조방법을 적용해서 인간에게 이로운 제품을 지향하는 브링의 건기식 3종은 모두 100... ,
소포장 건기식,cafearticle,그놈의 비전질을 초토화시킬 팩트(3) - 사재기,http://cafe.naver.com/antiamway2/40013,건강기능식품의 경우 소포장 샘플 뿌리기. 이거 불법이다. 니넨 모르고 있었을 거임. 친절하게 가르쳐 준다.... 그렇게 건기식을 지르면? 그걸로 배부르게 진수성찬을 차린다 이말이야. 한큐에 수십알.. ㅆㅂ.. 그러면서 죠낸... ,
소포장 건기식,cafearticle,나를위한선물 홍선애 요리연구가와함께하는 생활정원 하나미 비컴궁건강클래스 [STYLER by주부생활클래스],http://cafe.naver.com/2008bunsamo/1284952,프리미엄건기식 #에너지써플리먼트 #에너지대사 #비싸도이거하나로끝 #활기템 #생기템 #생활정원#비타민b1... 올리브오일이네요~ 소포장 10ml로 한번요리할때 하나씩 사용하면 신선한 올리브오일을 제대로 느낄수 있네요... ,
소포장 건기식,cafearticle,'3000원 비타민' 다이소의 파격…제약사는 '보이콧'까지,http://cafe.naver.com/goodwisdom/39782,"3~6개월 단위로 판매하는 약국용 제품과 달리, 다이소에서는 1개월분 소포장 형태로 제품을 판매한다. 저렴한 가격의 건기식이 다이소에 등장하자, 소비자들 사이에서는 &quot;건기식의 가격도 부풀려졌던 것 같다&quot;는 반응이... ",
소포장 건기식,cafearticle,대박 제품은 엉뚱한데서 나옵니다.,http://cafe.naver.com/dbstnzld1/1083630,"아마 SNS 공구 시장에서도 엄청 많이 판매 되었고, 요즘 건기식 시장에서 1회용 제형으로 자리를 많이... 사골 엑기스,소스나, 잔치국수 소스,,지금 식자재 마트 가면, 1인분 그 소포장 제품들이 많이 보이는 걸 알수... ",
소포장 건기식,cafearticle,3000원 짜리 건기식 으로 난리난 다이소,http://cafe.naver.com/dallaspapa1/15080,"종의 건기식 판매 시작함 제품 가격은 3,000~5,000원대로 설정됨 주요 제품으로는 루테인, 오메가3, 멀티비타민, 유산균 등이 있음 대웅제약, 종근당건강, 일양약품 등이 참여함 소비자 반응 저렴한 가격과 소포장으로... ",
소포장 건기식,cafearticle,[삼양 자소서] 삼양 자기소개서 작성전략 가이드 및 사업분석 가이드 (Feat. President B),http://cafe.naver.com/specup/6499162,"또한 맛과 소포장, 대용량 등 포장 형태의 다양화로 차별화를 꾀하며 해외시장 진출 등의 방안을 모색하고... 유베이는 일본 제과업체 가루비(calbee), 네덜란드 건기식 브랜드 다비타몬(davitamon) 등 해외 유명 브랜드의... ",
소포장 건기식,cafearticle,[22.12.30] 12월 5차 _ 넛지의천재들 &lt;약사&amp;한의사 독서모임&gt;,http://cafe.naver.com/jeongyaknote/1681,"아니라 건기식처럼 먹을 수 있게, 맞춤으로 먹을 수 있게 보충제처럼 먹을 수 있게 인식하게 하는 것 =&gt; 어떻게 넛지할까? 고민하기 규범이나 시스템을 어떻게 변화를 줘서 소비자의 행동을 유도할 것인가 나는 어떻게 비틀... ",
소포장 건기식,cafearticle,대표적인 맞춤형 건기식 브랜드들,http://cafe.naver.com/jinislab/124,"대표적인 맞춤형 건기식 브랜드들 1. 핏타민 (Fitamin) 서비스: 온라인 설문(생활습관, 식습관, 건강 고민) → AI 알고리즘으로 맞춤 추천 → 개별 포장 구독 서비스 특징: 약국처럼 1일분 소포장 파우치 제공... ",
소포장 건기식,cafearticle,반지 하나로 심장 관리…홈스피탈 시대 활짝,http://cafe.naver.com/underdesignlounge/327,모노랩스 관계자는 &quot;개인 맞춤형 소분(소포장) 건기식 구독 서비스를 신청하면 한 번에 한 팩씩 챙겨먹을 수 있게 소분 포장된 1개월 분량 건기식을 정기 배송해준다&quot;며 &quot;알림 메시지로 매일 정해진 시간에 섭취해... ,
소포장 건기식,cafearticle,"“3만원 영양제, 다이소에선 3000원?”…소비자 vs 약사 ‘동상이몽’",http://cafe.naver.com/notegamegoodjob/75310,"제약사들 역시 다이소에서 건기식을 저렴하게 판매할 수 있는 이유로 소포장 및 마케팅 비용 절감을 꼽는다. 기존 건기식이 3~6개월분 단위로 판매되는 것과 달리, 다이소에서는 1개월분 소포장 형태로 제공된다.... ",
소포장 건기식,cafearticle,(20220322_화) 반지 하나로 심장 관리…홈스피탈 시대 활짝 / GS 롯데 이마트 `犬의 전쟁` / 격리면제에 여...,http://cafe.naver.com/empress1004/417,모노랩스 관계자는 &quot;개인 맞춤형 소분(소포장) 건기식 구독 서비스를 신청하면 한 번에 한 팩씩 챙겨먹을 수 있게 소분 포장된 1개월 분량 건기식을 정기 배송해준다&quot;며 &quot;알림 메시지로 매일 정해진 시간에 섭취해... ,
소포장 건기식,cafearticle,구매대행 위클리-필코노미(Feel-conomy) 감성소비 폭발/홈코노미 2.0/일본 캐릭터 굿즈,http://cafe.naver.com/coudae/52902,"건강기능식품 소포장 &amp; 기능성 강화 제품 마진 35-45% 건강기능식품 시장에서 휴대 간편하고 취식 편리한... 미국 iHerb나 GNC, 일본 드럭스토어 등에서 국내 미출시 고함량 제품이나 신성분 건기식을 소싱하면 차별화... ",
소포장 건기식,cafearticle,"천안경희건강기능식품-프로폴리스,유산균 론칭",http://cafe.naver.com/camsbaby/14054,"아직 구체적인 계획은 세워지지 않았지만,천안아산맘스베이비와 함께하는건기식 론칭 이벤트를... 제가 약국에서 판매할땐 이 소포장은 없었어요.요건 60캡슐이 ptp로 포장되어 있어요.두개들이 한박스로 판매되는데... ",
소포장 건기식,cafearticle,각종 학회 수박 겉핥기식 리뷰 (by 반진담),http://cafe.naver.com/welivedaybyday/1736,"(이가탄 카피 소포장 + 진통소염 +덴타프로) 메타센테라퓨틱스 (당독소연구회) 만병의 근원은 당독소.... 제약회사, 건기식 제작 등의 다른 내용들이 궁금하신 분들은 제 티스토리를 방문해주세요. 해당 글은 일반인... ",
소포장 건기식,cafearticle,사업아이템_무인건강샵,http://cafe.naver.com/newyonam/1433,"(의약품은 약국이 아닌 경우, 취급이 불가하나 건기식과 의약외품은 가능) 현재 판매중인 자동판매기에는... 일반 자판기처럼 자신이 원하는 제품을 선택하여 골라가는 형태: 숙취해소제, 콘돔, 임신테스터기, 소포장... ",
소포장 건기식,cafearticle,[SNS 마케팅뉴스] 2021.4.1(목),http://cafe.naver.com/ktmybiz/1361,"국민 5명 중 4명 건기식 구매 경험...시장규모 年 6% ‘쑥쑥’ 출처 : https://c11.kr/nt2y 1년 이상 이어지고... 6.TV·냉장고는 고급화, 식료품은 소포장 추세…온라인쇼핑몰 분석 출처 : https://c11.kr/nt37 온라인 쇼핑몰... ",
소포장 건기식,cafearticle,&lt;어린이 비타민 캔디&gt;가 '소아비만' 을 만든다.,http://cafe.naver.com/4kids2adults/165,10개들이 소포장 하나를 덤으로 사오기 십상이란다. 아이들은 비타민 캔디 1~2알에 만족하지 않는다. 높은... 건강기능식품 (건기식) vs. 일반식품 (캔디류) 일반의약품은 까다로운 품질관리 기준을 거치는 만큼 안전성이... ,
소포장 건기식,cafearticle,2021년 10월 5일 세션 후기입니다.,http://cafe.naver.com/smppnu/2480,섭취분을 소포장해 섭취 편의성을 증대시키고 비타민의 각각 영양소를 잘 보존시켰습니다. 현재... 또한 건기식시장은 국내뿐만 아니라 해외에서도 특히 세계에서 가장 큰 시장 중 하나인 중국시장에서 그 규모가... ,
소포장 건기식,cafearticle,2017년 농촌진흥청 업무계획 발표,http://cafe.naver.com/sokgiyeonga/22443,또한 건기식 제품으로 국내산 로열제리의 피부건강용 개별인정형 건강기능성원료 등록을 추진하도록... 그리고 최근 문제가 되고 있는 청탁금지법 대응해서 소포장 상품을 집중 개발해서 소비를 촉진해 나가겠습니다.... ,
소포장 건기식,cafearticle,"[프리미엄] 풀무원, 세계 최대 식품 박람회 '시알 파리 2024' 참가…유럽 진출 모색 외 / 식품, 건기식 업계...",http://cafe.naver.com/btdckr/2836,"[프리미엄] 풀무원, 세계 최대 식품 박람회 '시알 파리 2024' 참가…유럽 진출 모색 외 / 식품, 건기식 업계... ‘건강·가공품·간편식·소포장’ 쌀소비 ‘핵심 키워드’ “모델이 누군데 5000억이나 팔리지?”…벌써... ",
소포장 건기식,cafearticle,3통째 먹는 콜라겐젤리 달바 비거너리 식물성 콜라겐 3270mg 샤인머스캣 추천,http://cafe.naver.com/cosmania/36791569,"현재 건기식 인증을 위해 인체적용시험 진행 중이기도 한데요, 달바 비거너리 식물성 콜라겐 젤리는 500달톤... 달바 비거너리 식물성 콜라겐 젤리는 슬림한 스틱포 타입으로 1포씩 소포장되어있어요. 언제 어디서든... ",
소포장 건기식,cafearticle,"[프리미엄] &quot;왜 아직 더워?&quot; 늦더위 이겨내는 식품, 이렇게 먹어라! 외 / 건강기능식품, 푸드 업계 뉴스레터...",http://cafe.naver.com/btdckr/2632,"0'에 샵바이 제공 NS홈쇼핑, 중소식품기업 대상 홈쇼핑 입점 교육 참가자 모집 건강과 품격을 더하다, 프리미엄 추석 선물세트 주목 건기식 최대 50%…이마트, 소포장 선물세트 할인 농식품부, 내년 농촌 빈집 재생... ",
소포장 건기식,cafearticle,7월 20일 뉴스,http://cafe.naver.com/onemonth/20942,"딜리'● 소포장·프리미엄 먹거리…코로나로 뜨는 동네 슈퍼마켓● 1층서 과일·채소 팔아…백화점... kr/uq8USEXzb25 ▶️휴온스-아주대 ‘수면의 질 개선 건기식 원료’ 연구, 정부사업 선정URL: http://bitly.kr... ",
소포장 건기식,cafearticle,"[유료] [뷰티닷컴] 뉴스레터(화장품/건기식/제약·바이오 업계동향, 시장동향) 230802(수) : 6가 혼합백신 ...",http://cafe.naver.com/btdckr/289,"[유료] [뷰티닷컴] 뉴스레터(화장품/건기식/제약·바이오 업계동향, 시장동향) 230802(수) : 6가 혼합백신 시장... 식약처 &quot;시럽제 소포장 세분화 방안, 11월까지 마련&quot; 식약처, 6개 민간 단체와 '디지털의료제품 규제혁신... ",
소포장 건기식,cafearticle,다이소 건강기능식품 저가공세에 약사들 불만 - 다이소에 입점한 제약회사 보이콧하는 약사와 약국,http://cafe.naver.com/miviewshop/224,"약국 판매용 건기식은 3~6개월분 단위로 판매하지만, 다이소에선 1개월분 소포장 형태로 팔고 있기에 소비자로서는 다이소에서 구매하는 건강기능식품이 더 유용하다는 평가를 하고 있습니다. 현재 소비자들의 반응은... ",
소포장 건기식,cafearticle,[250726 토] 오늘의 경제뉴스,http://cafe.naver.com/moeducation/189,"비타민, 유산균, 오메가3 등 다양한 제품이 5000원대의 소포장으로 출시되며, 삼진제약·종근당 등과 협업했습니다. GS25 자체 조사에선 응답자 92%가 건기식을 섭취 중이고 91%가 편의점 구매 의향을 보였죠. 구매 이유는... ",
소포장 건기식,cafearticle,[155번째 책] 마케팅 분석에 유용한 사이트 모음,http://cafe.naver.com/gedconsulting/33300,"소포장으로 먹기 쉽고 맛있는 걸 선호함(특히 여성) ... p.199 맛과 소용량 제품 구성에 대한 니즈가 있다 ...... 온라인 구매 전환율 - 0.3~0.8%, 바이럴을 통한 건기식의 경우 10%도 달성함 ... 매출이익률 30% ... 약국 매출... ",
소포장 건기식,cafearticle,2022년 10월 05일 1분마케팅,http://cafe.naver.com/factorychina2020/9102,대용량이거나 소포장…고물가 시대 '실속 소비' 출처 : https://c11.kr/165g7 고물가 상황이 지속되자... “두통 검색하니 건기식·아로마 오일 추천”…AI 역량에 사활 건 이커머스 출처 : https://c11.kr/164il 이커머스... ,
소포장 건기식,cafearticle,"&quot;불닭 관심 이 정도일 줄은&quot;…중국서 '이례적' 집중 보도 외 / 건강기능식품, 푸드 업계 뉴스레터 / 240911...",http://cafe.naver.com/btdckr/2625,"주세요 건기식 /푸드 &quot;국제 마약범죄 생태계 근절&quot;…32개국 서울에 모여 공조 논의 &quot;불닭 관심 이 정도일... 막바지”…이마트, 소포장 선물세트 할인 판매 2024 대한민국 농업박람회 성황리에 마쳐! 8월 임상 승인... ",
소포장 건기식,cafearticle,"[뉴스] [청년일보] “다이소·편의점에서 코스트코까지”…제약업계, 오프라인 유통망 차별화 '확대'",http://cafe.naver.com/pharmpay/667,온라인몰·드럭스토어만 건기식 판매액 상승 ▲ 동아제약은 건강식품을 편의점 CU에서 판매한다. [사진... 동아제약 관계자는 “가격적인 부분보다는 1인 가구 및 소포장 구매를 선호하는 편의점 소비자들의... ,
소포장 건기식,cafearticle,모두가 사랑하는 유니칼슘 핫템잇템 이 가격대에선 제일 좋은거같습니다,http://cafe.naver.com/dessertwine/1438,"맞춤건기식 '유니바이오 솔빛알팩' 소개 #유니칼슘비료, #유니칼슘비료20kg, #농마트, #복합비료... 텃밭용 소포장 야라 고효율 복합비료 수확량증대 상품성향상, 1. 유니칼슘1kg+두프로1kg 각 1개(1세트), 1000g 13... ",
소포장 건기식,cafearticle,"&lt;유니칼슘 ▶ 야라 두프로12 15kg NPK 복합비료 밑거름 배추 고추 마늘 추비 텃밭, 1개&gt;",http://cafe.naver.com/christmas91/1830,"맞춤건기식 '유니바이오 솔빛알팩' 소개 #유니칼슘비료, #유니칼슘비료20kg, #농마트, #복합비료... 유니칼슘 소포장 칼슘 비료 엔케이비료 웃거름, 유니칼슘 1kg, 1000g, 1개 5,200원 (상세정보&amp;후기)(9) 야라... ",
소포장 건기식,cafearticle,이즈백 프로젝트 5/3일 상품등록,http://cafe.naver.com/hinams01/6298,로즈힙퓨레주스 재고가 다 떨어져서 같은 브랜드의 소포장 제품이 있길래 등록했습니다. 검색량 대비... 건기식 교육만 듣고 판매할 제품이 없어서 허가 신청을 안하고 있었는데 얼른 허가 받아서 카테고리... ,
소포장 건기식,cafearticle,"경방신약, 매출 530억 실현...생약제제 리딩기업 우뚝",http://cafe.naver.com/gototheglobal/9458,"CMO, 건기식·식품 분야로 대별된다. 지난해 매출을 견인한 한방제제 주요 일반의약품은 쎄파렉신 캡슐... 아울러 약국 동반성장을 모토로 대용량 패키지 환제 품목에 대한 소포장 실현으로 사용 편의성을 높여 나갈... ",
소포장 건기식,cafearticle,2022.10.5(수) 1분 SNS 마케팅 뉴스,http://cafe.naver.com/995/109316,대용량이거나 소포장…고물가 시대 '실속 소비' 출처 : https://c11.kr/165g7 고물가 상황이 지속되자... “두통 검색하니 건기식·아로마 오일 추천”…AI 역량에 사활 건 이커머스 출처 : https://c11.kr/164il... ,
소포장 건기식,cafearticle,"[세븐일레븐, 편의점 건강식품 찾는 젊은층 늘어난다]_지희원_2020-05-19",http://cafe.naver.com/worldchamstudy/202,"3%의 매출신장률을 기록했다 편의점 건강식품은 다른 유통채널과 달리 1회 섭취 분량인 소포장... 제약업계, 식품 업계 모두 어려워진 영업 상황에서 건기식 산업에 주력하고 있다는 이야기를 들었는데 코로나... ",
소포장 건기식,cafearticle,한국 맥널티 (이은정 대표),http://cafe.naver.com/bombischool/2542,이 대표는 미국에서 완제품으로 대량 수입되던 원두를 한국 시장에 맞게 지퍼백으로 소포장 하고... 그는 “해당 사업부에서는 커피 제조에 쓰이는 급속동결 기술과 초미세분쇄 기술에 기반을 둔 신제품과 건기식... ,
소포장 건기식,cafearticle,[착한비타민C] +착한비타민c /기본정보,http://cafe.naver.com/eromian/86,"소포장 된 제품인가? 3. 알약이나 캡슐이 아닌 파우더 형태 인가? 4. 무부형제인가? 이롬플러스... 비타민소재 건기식, 라이프사이언스 온가족 비타민C 건강법, 우리 몸은 착한비타민C가 필요합니다. +착한비타민c 특징... ",
소포장 건기식,cafearticle,약국 개업 절차,http://cafe.naver.com/godangji/1662,"약국에 물건 납품하는 거래처에 대한 계약서(건기식,위생,화공약품...) 4. 제약회사 거래에 관한 계약서 5.... // 유명 품목 ⇒⇒ 아래쪽 또는 잘 안보이는 곳 (서랍?) 허리~ 가슴선의 위치 : 소포장 가슴선~ 눈 위치 : 주요... ",
소포장 건기식,cafearticle,[프리미엄] 한미약품 감기약 中서 '날개'…북경한미 효자 역할 '톡톡' 외 / 231213(수) / 제약 바이오 업계...,http://cafe.naver.com/btdckr/927,"건강 건기식 출시...1일 섭취량 충족 JW중외제약, 관절건강 콘드로이친 뮤코다당 단백 1200 출시 JW중외제약... 미준수ㆍ소포장 위반… 11개 제약사 줄줄이 행정처분 조직개편으로 본 SK바이오사이언스의 미래…글로벌... ",
소포장 건기식,cafearticle,[ 편의점 - 업계소식 ] 요즘 먹을만하단 얘기 좀 들어요”… 진화하는 편의점 먹거리,http://cafe.naver.com/thankq25/92,예를 들면 치킨배달 주문이 부담스러운 소비자를 위해 치킨이나 닭강정을 적당한 가격에 소포장으로... 종의 건기식을 도입할 예정”이라고 밝혔다. 세븐일레븐도 2012~2013년 도시락 매출이 매년 60%가량 늘며 지속적인... ,
소포장 건기식,cafearticle,죽은소,http://cafe.naver.com/avantehdfamily/294317,요즘 나이가 50대를 향해 가다보니 간과 눈도 안좋네요ㅠ 효과가 있었으면 좋겠어요^^:: 밀크씨슬 5000원 루테인 3000원,
소포장 건기식,cafearticle,다이소 영양제 어떻게 생각하세요?,http://cafe.naver.com/bluegray28rsc/860971,저같은 경우는 영양제가 내몸에 들어와서 제대로 그 역할을 하고있나?하는거맞나? 싶어서 큰돈주고 못사먹겟더라구요 물론 저같은분은 없겟쥬.. 그래서 약타러 갔다가 약국에서보고 '저런것좀 먹여야하나..'싶은걸... ,
소포장 건기식,cafearticle,약국에서 처방 약 처방 받을때 약사 재량이 어디까지인가요?,http://cafe.naver.com/dieselmania/40864494,약국에서 약 처방 받을때 예를 들어 항생제를 받았는데 약사가 판단했을때 이 항생제약이 변비를 유발할꺼 같다 판단하면 변비약 같은걸 약사 재량으로 끼워서(?) 팔수 있나요? 그리고 보험처리 안되는 약(= 더 비싼 약)... ,
소포장 건기식,cafearticle,다이소 건강기능식품 납품 중지 알아보기,http://cafe.naver.com/miomy/4959,"일양약품은 지난달 24일 다이소에서 1개월 단위 소포장 건기식 9종을 출시, 기존 제품 대비 6분의 1 수준(3,000~5,000원)의 가격으로 판매. 대웅제약, 종근당건강도 유사한 가격대의 제품을 다이소에 공급, 포장 및 부차적인... ",
소포장 건기식,cafearticle,떡볶이 소스 소포장 120g 제조 가능업체,http://cafe.naver.com/food2008/542355,안녕하세요 떡볶이 소스 소포장 120g 제조(냉동) 가능업체 찾습니다 댓글이나 쪽지로 연락처 부탁드립니다. 감사합니다.,
소포장 건기식,cafearticle,9/29(월) 돈 될 뉴스~^^,http://cafe.naver.com/serenstalk/55552,com/view/NISX20250926_0003345473 석달새 매출 19배…'소포장 건기식' 잘 나가네 http://www.sedaily.com/NewsView/2GY2TF3822?OutLink=telegram ▶핸드셋/폴더블/XR/VR/메타버스/OLED/가전/통신/결제/보안 ▶모빌리티(車)... ,
소포장 건기식,cafearticle,다이소 건강기능식품 알아보기,http://cafe.naver.com/miomy/4366,"1.주요 내용 정리 판매 시작 및 소비자 반응 1개월분 소포장으로 3000~5000원대의 비타민, 오메가3, 루테인 등 다양한 건기식 제품 판매 저렴한 가격과 접근성 덕분에 소비자들은 긍정적인 반응 2.제약사 입점 현황 대웅제약... ",
소포장 건기식,cafearticle,그린스토어 가벼운날 카무트 효소,http://cafe.naver.com/cantsb/2679211,약국건기식 브랜드 그린스토어에서 카무트 효소가 출시되었다는 소문을 들었는데 맛있는 효소라고 하니... 개봉해보니 소포장 3개로 또 나뉘어 있는 포장 패키지를 볼 수 있어요. 직장인이라면 한 팩은 직장에 두어도... ,
소포장 건기식,cafearticle,"다이소 ‘3000원 건기식’ 싸서 좋긴 한데, 품질은?",http://cafe.naver.com/inthepouchcommunity/26266,"평균 2만~3만원대에 구매해온 건기식을 3000·5000원에 살 수 있게 되면서, 소비자들도 많은 관심을 보이는... 다이소에 입점하는 제품들은 다른 유통채널에서 판매해온 제품의 소포장 또는 단일 기능성 성분 제품일 뿐... ",
소포장 건기식,cafearticle,광동 맑은365 가격 충분히 괜찮네요,http://cafe.naver.com/lovehayden/4684441,"소포장되어 있고 마시는 형태여서 제가 많이 신경써줄것도 없더라고요. 간편하면서 깔끔해서 좋아요. 저두... 건기식이 너무 많아서 오히려 선택하기 힘든 요즘인데, 제대로 된 제품 골라서 다행인거 같아요ㅠ 1~2만원도... ",
소포장 건기식,cafearticle,"정제효소 아닌 발효효소 100%, 고구마라떼맛 가벼운날 카무트효소",http://cafe.naver.com/cantsb/2678628,"약국 건기식 브랜드인 그린스토어에서 출시한 효소식품이라 신뢰가 갔어요. 실제로, 따져보고 먹어볼수록... 소포장마다 패키지의 모든 정보가 고스란히 담겨있어서 안심돼요. 효소식품을 구입할 때엔 제일 먼저... ",
소포장 건기식,cafearticle,친정엄마한테 몸보신 선물,http://cafe.naver.com/dongwoo79/371078,원래 건기식으로 드릴려고 했는데 넘 무난한 거 같아서 한우 투쁠로 드렸는데 잘 한 선택인 거 같아요^^ 1... 고기는 지방이 손질되어 있어서 굽기만 하면 되구 용량도 200g씩 소포장되어 있어서 냉장고 공간차지를 안 해서... ,
소포장 건기식,cafearticle,건강기능식품-효소 소분작업/ 포장 가능한 업체 찾습니다.,http://cafe.naver.com/misinggo/1215441,"안녕하세요 사장님들~ 표제와 같이 건기식-효소 소분작업 / 포장 가능한 업체 찾습니다. 1) 효소 원재료 당사제공. (분말형태) 2) 1g 단위로 소포장해서 (스틱형태로,,분말임) 납품해주시면 됩니다. 3)HACCP인증... ",
소포장 건기식,cafearticle,[푸푸템] 차전자피식이섬유 먹고 변비탈출한 사람 여기요,http://cafe.naver.com/imsanbu/63119077,"형태로 소포장되어 있어서 보관하기도 편하고 휴대하기도 좋아요. 단 한번의 섭취로 즉각 변화를 느껴볼 수 있는 변비약, 장청소약 종류가 아니기 때문에 한 포의 섭취로 신호를 기대하기 보다는 건기식인 만큼 꾸준히 먹는... ",
소포장 건기식,cafearticle,"CJ제일제당, 영양성분과 원료명 한 눈에 ´블리스터형´ 건기식 출시",http://cafe.naver.com/efoodservice/231309,"또한 소포장 방식으로 출시해 소비자들이 마트에서 장을 보며 부담 없이 제품을 구매 할 수 있도록 했다. 블리스터형 제품은 전립선 건강과 활력에너지 충전을 위한 ´전립소 쏘팔메토´, 혈액순환 건강에 좋은... ",
소포장 건기식,cafearticle,다이소 결국 건기식 판매 재개...'뷰티 성공' 재현할까,http://cafe.naver.com/greenb0k6k/132808,낮추며 소포장·소용량 전략을 통해 가격 경쟁력을 확보하겠다는 구상이다. 그러나 업계에서는 뷰티 시장에서 통했던 다이소의 전략이 건기식에서는 통하지 않을 가능성이 있다는 전망도 나온다. 건기식은... ,
소포장 건기식,cafearticle,[슬기로운 소비생활] “왜 이렇게 싸?” 뜨거운 다이소 ‘건기식’…현명하게 사 먹는 법,http://cafe.naver.com/miniphonecafe/75927,"건강기능식품(건기식)이 연일 뜨거운 감자다. 대웅제약 등 대형 제약사가 만들었다는 신뢰에서 한 번, 늘 먹던 영양제를 집에서 두고 나왔을 때 부담 없이 고를 수 있는 소포장과 압도적으로 저렴한 가격에 두 번... ",
소포장 건기식,cafearticle,"30대혈압 이제는 관리해야죠, 저는 써큐나제로 하는 중이에요",http://cafe.naver.com/hrsj/395138,항상 건기식을 들고 다니는데 이 써큐나제는 6개씩 소포장 되어있어서 들고 다닐 때 굉장히 편하더라구요 그래서 이번 2월 25일 오전 9시 25분에 GS홈쇼핑에서 런칭방송을 하는데 그때 좀 쟁여두려구요 ㅎㅎ 다른 분들도 꼭... ,
소포장 건기식,cafearticle,6월13일 뉴스브리핑,http://cafe.naver.com/gsk/138127,"소용량·소포장… '호핑족' 노리는 제약업계 (조선비즈 2017/06/13) | 기자 : 최인준 안제스... 일반약·건기식집중해야&quot; (약사공론 2017/06/12) 보유어 : 임상| 기자 : 정웅종 타그리소, 중추신경계 전이 환자서 효과... ",
소포장 건기식,cafearticle,다이소 건강기능식품(건기식) 종류와 특징에 대한 연구,http://cafe.naver.com/mounjarocafe/1506,"다이소 건기식의 특징 4.1 합리적인 가격 다이소 건기식은 기존 제품보다 저렴한 가격으로 제공되며, 이는 소포장 및 유통 구조의 간소화로 가능해졌습니다. 4.2 다양한 제품 구성 다이소는 다양한 기능의 건기식을... ",
소포장 건기식,cafearticle,다이소 건기식,http://cafe.naver.com/mounjarocafe/2487,가능) • 소포장 (휴대 간편) • 젤리형 등 섭취가 간편 ⸻ ⚠️ 주의사항 1.의약품 또는 인증 건기식 아님 → ‘일반식품’으로 간주 2.성분 함량 낮은 경우 많음 → 실질적인 치료·개선 효과는 제한적 3.과다 복용 시... ,
소포장 건기식,cafearticle,3만원 영양제를 3천원에? 다이소의 건기식 판매에 약사 보이콧 선언…,http://cafe.naver.com/smartretireplan/1160,"제약사들은 이런 가격 차이가 가능한 이유로 소포장 및 마케팅 비용 절감을 꼽았어요. 기존 건기식이 3~6개월분 단위로 판매되는 것과 달리, 다이소에서는 1개월분 소포장 형태로 제공되고 있어요. 또한 대량 생산과 포장... ",
소포장 건기식,cafearticle,디제로킹 후기 식탐조절에도 좋아요!,http://cafe.naver.com/dhkdchqhduddj/299549,"디제로킹 후기 참고하면서 저도 건강식 위주로 먹어주었고 배는 꼭 든든하게 채워줬네요~ 소포장으로 1회... GMP인증, 건기식 마크, 직접 드신 분들의 리뷰를 통해서 믿고 살 수 있었던 것 같아요~ 탄수화물을 끊어보려고도... ",
소포장 영양제,cafearticle,강아지 밥 영양제 저렴히 구입하기,http://cafe.naver.com/dogpalza/19037493,"디어니스트키친 클러스터 : 그나마 펫페어, 조금씩 먹이므로 450g소포장 적당 영양제 1. 안티놀 : 네이버스토어or쿠팡, 대용량 사야 할인율높음 2. 유산균 : 펫프렌들리, 상시할인처럼보이나 미세한 할인율차이, 대용량... ",
소포장 영양제,cafearticle,다이소 쇼핑,http://cafe.naver.com/loveloveloveovelove/896163,다이소입니다 사실 자물쇠하나 사러 갔던 길인데 부수적으로 산 것이 더 많아졌네요 ㅎㅎㅎ 다이소에 입점된 소포장 영양제를 집어들자 그 옆의 티니핑…에 홀린 아이가 젤리 스틱을 집어들기도 하고 ㅎㅎ 기관 준비물인... ,
소포장 영양제,cafearticle,강아지 기관지 영양제 대신요,http://cafe.naver.com/shopjirmsin/11149092,"그렇기에 강아지 기관지 영양제 대신 먹이기 너무 좋아요. 패키지도 소포장으로 되어 있어서 신선도를 유지하기 좋고, 위생적으로 관리할 수 있다는 점도 만족스러웠습니다. 한 번 개봉하면 오래 두고 먹이는 게 아니라... ",
소포장 영양제,cafearticle,언제쯤 스스로 먹나요?+영양제 먹이는 팁,http://cafe.naver.com/anbabmo/376594,"+추가로, 돌 지나고부터 영양제 먹이려고 ㅁㅇㅌㅁ+ㄹㅋㄷㅆㅇ 소포장된 거 사뒀는데 먹일 엄두가 안나더라고요. 저희 아긴 그냥 달달하고 맛있는 거라도 맛이 느껴지면 거부부터 하고 안먹어서…. 영양제라도 먹여서... ",
소포장 영양제,cafearticle,"펫시딘 강아지 프리미엄 영양제, 60g, 호흡기/기관지, 1개 핫템 가성비 끝판왕형",http://cafe.naver.com/ourman/233338,"쉽고 믿을 수 있게 아이 반려 건강 지키는 펫시딘 강아지 영양제, 당신의 반려 고민을 관리로 바꿔드립니다!... 브랜드 신뢰도와 함께 일상 건강 관리의 파트너로 충분히 자리 잡고, 60g 소포장으로도 충분한 사용 감각을... ",
소포장 영양제,cafearticle,애증의 가내수공업 / 영양제 소포장하기,http://cafe.naver.com/ketogenic/192736,영양제는..... 정말 평생의 숙제인거같아요 어떤 식이요법을 하던지 영양제는 필수니까요.. 고맙기도 하면서 지겹기도 하면서 결제할때 짜증나기도 하면서..ㅋㅋ 키토전부터 영양제의 중요성을 느끼며 이것저것... ,
소포장 영양제,cafearticle,영양제와 산야초소포장 세트로 두분께 협찬하고자 합니다.,http://cafe.naver.com/lovegreen2/860587,직접 만들거나 키운 식물을 나눔하는게 전 어려워서 식행사에서 받은 따뜻한 정을 두분께 소소하나마 봄맞이 식물에게 주실 영양제와 분갈이시 섞어쓰고 있는 산야초 소포장 세트로 두분께 협찬하고자 합니다. 봄날에 조금... ,
소포장 영양제,cafearticle,금천 메가팩토리약국 가성비 미쳤네여,http://cafe.naver.com/wowlze/67806,소문으로만 듣던 약국계의 다이소 서울 메가팩토리 다녀왔는데 3천 원에서 5천 원 사이 영양제들이 보고 놀랐네요 특히 비타민C랑 간 영양제 소포장 되있어서 너무좋구.. 만 원 한 장으로 이것저것 쟁여올 수 있어서 주변... ,
소포장 영양제,cafearticle,기호성 좋은 아기유산균 &quot;베베쓰담 프로바이오틱스&quot;,http://cafe.naver.com/miznett/4937045,"저는 이렇게 소포장된 영양제들이 좋더라구요. 여행갈때 그냥 한봉지만 가져가도되고, 보관하기도 더 깔끔한거 같아요. 배배쓰담 프로바이오틱스는 한포에 2g씩 들어가있어요. 제가 마음에 들었던 점은 먼저 모서리가... ",
소포장 영양제,cafearticle,"남성 영양제 핫딜! 익스트림 올인원 포맨 1박스 26,640원 무배",http://cafe.naver.com/imsanbu/78721133,그래서 무조건 남편 영양제는 올인원으로 챙겨주는데!! 익스트림 제품 하루에 먹어야 하는 제품군이 소포장으로 되어있어서 가방에 넣고 다니기도 좋고 위생적이구요! 여행갔을때도 간편하게 챙길 수 있어서... ,
소포장 영양제,cafearticle,아이들 영양제나 간식 추천 부탁드려요.,http://cafe.naver.com/endudfun/217754,"기숙학교 아이라 심자 끝나면 배가 고프다고 하는데 늘 과자, 초코렛만 택배로 보낼 수도 없고 혹시 공유해 주실거 있으면 부탁드려요~ 영양제도 좋습니다. 미리 감사합니다^^",
소포장 영양제,cafearticle,할아부지 영양제들..,http://cafe.naver.com/edongmu/181562,"나머지 소포장된 영양제들은 한달정도인데 당연히 8-10알씩 들어있으니까 안먹고 방치되는게 아니라면 괜찮을듯합니다.) 이로써 소화촉진, 관절영양, 큐텐, 유산균, 액티브E 를 줍니다!ㅎㅎ (Q10/유산균/액티브e는 정량에... ",
소포장 영양제,cafearticle,"고함량 프리미엄 영양제, 기호성까지 좋은 반려곳간 - 강아지 피부 영양제 프리미엄 트리플솔루션 S.I.A 후...",http://cafe.naver.com/dogpalza/18199136,소포장된 영양제를 뜯어서 포도한테 내밀었는데.. 이 럴 수 가 흥미롭게 냄새를 막 맡고 할짝이기는하는데 또 먹지는 않더라구요? 설마 기호성이 안좋은건가 했는데... 아하? 너무 컸어요.. 하하 귀하게 자란 저희집 개상전은... ,
소포장 영양제,cafearticle,[임신중기영양제추천] 마이필 1436품(비타민d+철분+오메가3),http://cafe.naver.com/imsanbu/77833817,"^!! 원래 영양제 안챙겨먹던 사람들은 사실 이약 저약 잘 챙겨먹기 번거로운데, 1436품 영양제는 한포씩 소포장되어있어서 까먹을일도 잘 없어서 잘 챙겨먹게 되네요!! 임신중기 영양제 1436품 추천합니다~~",
소포장 영양제,cafearticle,고양이유산균 페노비스로 변비와 설사 걱정 끝! 면역력까지 챙기는 신장영양제 30포 후기,http://cafe.naver.com/24hourmadine114/17291,"면역력까지 챙기는 신장영양제 30포 후기 할인가 구매 바로가기⬇⬇️⬇⬇️ 안녕하세요, 냥이 집사 여러분!... - 꾸준히 챙겨주기 쉬운 소포장이라 편리해요. - 임상원료 사용으로 믿음이 가는 고급 제품 느낌! - 신장영양... ",
소포장 영양제,cafearticle,영양제 처돌이의 영양제 분석,http://cafe.naver.com/brownkqtdy/535880,"저기 오른쪽 아래가 내 영양제 저장고. 나는 아이허브에서 엄청 사 왜 국산 안사냐면 리뷰보기가 조금 어렵고,아이허브는 리뷰 1만개 이상도 있고하니.. 글구 아이허브보다 비싼 영양제가 많음 국산은.. 제미니에게 내가... ",
소포장 영양제,cafearticle,기호성 괜찮아서 재구매한 사료 후기 (+영양제 고민),http://cafe.naver.com/5inglife/206756,"안에 소포장처럼 나눠져 있어서 보관하기도 편하고, 여행 갈 때 챙기기도 좋겠더라고요. 이런 디테일 은근... 간식형 영양제 하나 사서 먹이고 있거든요. 잘 먹긴 하는데 괜히 함량이 조금 낮은 건 아닐까 싶어서 살짝... ",
소포장 영양제,cafearticle,미국 코스트코 구경하기,http://cafe.naver.com/costco12/734408,"구입했어요 영양제가 무게가 많이 나가네요 여행중 먹거리는 미국동네 식료품마트에서( Harris Teeter, Trader Joe’s. 유기농제품은 Whole Foods Market 미국은 식료품 마켓이 진짜 많아요) 사서 먹음 좋아요 특히 소포장 컵과일... ",
소포장 영양제,cafearticle,구매대행 시장조사 분석 보고서,http://cafe.naver.com/globai/231,"캐나다 → 한국: •스틱형, 소포장 영양제, 유아 스킨케어 위주 •규제 확인 후 판매 시작 2.한국 → 캐나다: •선크림, 키즈 선쿠션, 아토피 크림, 유산균 스틱 •소형 문구, 한글책 추가 가능 •안전·라벨링 규정... ",
소포장 영양제,cafearticle,강아지 기관지 협착증 영양제 사료 바꿔요,http://cafe.naver.com/shopjirmsin/11091159,강아지 기관지 협착증 영양제 사료 바꿔요 요즘 저희 집 강아지 기관지 협착증 영양제 사료를 바꾸면서... 소포장으로 되어 있어 보관도 간편합니다. 대용량을 사면 마지막엔 눅눅해지거나 신선도가 걱정되곤 했는데... ,
소포장 영양제,cafearticle,강아지 호흡기 영양제 사료 바꿔야,http://cafe.naver.com/shopjirmsin/11058909,강아지 호흡기 영양제 사료 바꿔야 입맛 까다로운 우리 아이 강아지 호흡기 영양제 사료 때문에 정말 많이... 포장도 대용량 한 봉이 아니라 소포장으로 나뉘어 있어서 신선하게 급여할 수 있는 점이 정말 편리합니다.... ,
소포장 영양제,cafearticle,마이타민 소포장,http://cafe.naver.com/redw4vpt/42044,마이타민 영양제 소포장 판매하는 약국 있을까요?,
소포장 영양제,cafearticle,샤랩바이오 영양제 6종 체험단!,http://cafe.naver.com/dogpalza/18959713,"샤랩바이오 조인트는 관절기능 케어, 연골 보호 및 강화, 슬개골 건강, 근육과 뼈 건강에 도움을 줄 수 있는 영양제에요! 10개씩 소포장 되어 총 30포 들어 있었어요~! 벌써 자기거라고 관심을 보이는 마샤님~ㅋㅋㅋ 뭔가... ",
소포장 영양제,cafearticle,강아지 기관지 협착증 영양제 결국 사료 바꿔야,http://cafe.naver.com/shopjirmsin/11058910,"강아지 기관지 협착증 영양제 결국 사료 바꿔야 강아지 기관지 협착증 영양제 찾으시면 사료 바꾸세요.입맛... 포장도 소포장 단위로 되어 있어서 보관이 편하고, 신선하게 먹일 수 있는 점도 장점입니다. 대용량 사료는... ",
소포장 영양제,cafearticle,강아지 심장 사료 추천 영양제 말고요,http://cafe.naver.com/shopjirmsin/11102540,강아지 심장 사료 추천 영양제 말고요 강아지 심장 영양제 찾으시면 차라리 강아지 심장 사료 먹이세요.... 강아지 심장 사료 소포장으로 구성되어 있다는 점도 큰 매력입니다. 대용량 사료는 끝까지 신선하게 보관하기가... ,
소포장 영양제,cafearticle,쌀소포장 쓰시는 분들 어떤가요,http://cafe.naver.com/fox5282/4533381,아니면 아예 다른 방식으로 속을 편하게 만드는 방법이 있으신지 알고 싶어요 정말 가볍게 화장실 가는 하루만 돼도 컨디션이 완전 다르잖아요 쌀소포장 자주 드시는 분들 중에 효과 봤던 영양제나 조합 있으면 꼭 알려주세요,
소포장 영양제,cafearticle,강아지 관절 영양제 추천! 바른뉴트리펫 강츄조인트 1개월 사용 후기,http://cafe.naver.com/24hourmadine114/11082,"강아지 관절 영양제 추천! 바른뉴트리펫 강츄조인트 1개월 사용 후기 제품구매 바로가기... 제품 구성과 먹이기 편한 점 패키지가 깔끔하고, 한 팩에 적당량씩 소포장 되어 있어서 위생적이에요. 간식 형태로 만들어져서... ",
소포장 영양제,cafearticle,강아지사료 후기 남겨용~ 관절영양제 추천도 좀 부탁드려요,http://cafe.naver.com/6655happyclub/2913877,안에 소포장처럼 나눠져 있어서 보관하기도 편하고 마음에 들었어요. 저는 처음에 동물병원 수의사 선생님... 혹시 다들 영양제는 어떤 타입으로 먹이시나요? 이번에는 병원 갔을 때 간식 타입으로 구매 했는데 아무래도... ,
소포장 영양제,cafearticle,강아지 피부영양제 사료를 바꾸세요,http://cafe.naver.com/shopjirmsin/10988202,"소포장 구성 역시 실사용자 입장에서 큰 장점이었습니다. 한 번 개봉한 강아지 피부영양제 사료를 오래 두지 않아도 되니 신선도 관리가 수월했고, 외출이나 여행 시에도 챙기기 편했습니다. 위생적으로 보관할 수... ",
소포장 영양제,cafearticle,"준바이오랩 틴즈 하이 30포 60포 어린이 종합성장 영양제 키즈아르기닌, 30회분, 1개 핫딜 정보 + 사용기",http://cafe.naver.com/thenewcclass/86940,"￦ 86,900원 첫인상은 어땠나요 처음 포장을 보니 아이들이 먹기 쉽도록 소포장 구성이라 접근성이... 다양한 비타민/미네랄이 균형 있게 들어 있어 종합영양제로서의 역할이 분명합니다. 소비자 입장에서도 포장 단위와... ",
소포장 영양제,cafearticle,강아지 기관지 영양제 협착증 소용 없어서,http://cafe.naver.com/shopjirmsin/11003295,"강아지 기관지 영양제 협착증 소용 없어서 강아지 기관지 협착증 고민이면 사료 바꾸세요. 강아지 기관지... 소포장 구성도 장점 중 하나예요. 대용량 사료는 보관이 어렵고 산패가 걱정되는데, 원스 사료는 소분... ",
소포장 영양제,cafearticle,뉴트리딥 판센 전신효소추천 염증영양제 브로멜라인 퀘르세틴 마그네슘 액티브포스,http://cafe.naver.com/imsanbu/78292833,염증영양제를 소개해볼게요! &quot;판센 전신효소 브로멜라인 퀘르세틴 마그네슘 액티브포스&quot; 바로 전신효소 판센... 개별 소포장 되어있어서 먹기도 편했답니다 판센 전신효소 먹고는 진짜 활력이 생기는 것 같은게 느껴진게... ,
소포장 영양제,cafearticle,강아지 기관지 영양제 소용 없어요,http://cafe.naver.com/shopjirmsin/10838232,소포장 구조까지 모든 요소가 강아지 건강을 위한 방향으로 딱 맞게 구성되어 있다는 느낌이 듭니다. 그리고 이미 다양한 후기에서 입소문이 난 제품이라 더 안심하고 선택할 수 있었어요. 강아지 기관지 영양제... ,
소포장 영양제,cafearticle,농심 반려다움 오메가뚜리!,http://cafe.naver.com/arabichon/739291,먹이기엔 영양제도 많이먹이면 안좋다하고ㅠ 소량먹이니 저울은 무게도 못재고.. 그런데 소포장된 조인트라니! 신세계 그잡채 좋은 기회에 오메가와 조인트까지 접하게 되어 영광이예요 우리아이 좋은 영양제로 건강하게... ,
소포장 영양제,cafearticle,강아지 호흡기 영양제 찾으시면,http://cafe.naver.com/shopjirmsin/10675960,또한 원스 강아지 호흡기 영양제 사료의 또 다른 장점은 소포장 패키징이에요. 신선도가 유지되기 때문에 사료가 오래되면서 산패하거나 변질될 걱정을 덜 수 있습니다. 소형견을 키우는 분들은 한 번 개봉한 사료를 다... ,
소포장 영양제,cafearticle,영양제 소포장 하기 성공~~~~,http://cafe.naver.com/wonjumams/313194,"곧 다가 올 여행 준비를 슬슬 내 영양제와 약 챙기기합니다 여기서도 일의 효율성을,. 겨울이니까 괜찮을듯 한데 베트남 갔을땐 오메가 3가 봉다리에 붙어서 번거러웠었네요 약포지를 구하려다 못 구하고 비닐 팩... ",
소포장 영양제,cafearticle,5월 1일 대구혁신점 다녀왔어요,http://cafe.naver.com/costco12/731650,"블루베리가 좋은데 먹기 불편하고 그래서 덜 사 먹게 되는데, 소포장으로 40개 양은 적지만, 가볍게 외출시... 다른 간식 먹는것보다 영양제로 나온 제품이 좋은거 같아 세일하면 사 옵니다. 40개라, 아이 2명 금방... ",
소포장 영양제,cafearticle,코스트코 송도점 우루샷 플러스정,http://cafe.naver.com/costco12/732656,"전 술 많이 마시는 분들이 먹는 영양제로만 알고 있었어요~ ㅜㅜ 20정씩 소포장 박스가 4개 들어있고, 그 안에는 하루치 2알이 들어있어 편리하긴 합니다. 남자들이 들고다니기 편할 것 같아요. 전 환경 생각하면 좀... ",
소포장 영양제,cafearticle,잔병치레 많은 울 애들이랑 같이 먹는 비타민,http://cafe.naver.com/junkart/1109728,100정씩 소포장이라 위생적이고 좋네요 요즘 아침저녁으로 일교차가 심해서 감기 걸릴까 걱정되는 맘에 온 가족 같이 먹는데 이거 먹으니까 감기도 안 걸리는 것 같고.. 음식으로 챙겨주는 것도 좋지만 이렇게 영양제로... ,
소포장 영양제,cafearticle,끝판왕 멀티칼비료 nk비료 복합비료 텃밭비료 소포장 출시 끝판왕 비료 3종 비교해보고 고르는 법,http://cafe.naver.com/sswkfnaver/697,"끝판왕 멀티칼비료 nk비료 복합비료 텃밭비료 소포장 출시 끝판왕 비료 3종 비교해보고 고르는 법 요즘... 3위 — 모든 야채과일식물용 복합비료 식물영양제 3. 모든 야채과일식물용 복합비료 식물영양제 ₩ 11,000 별점... ",
소포장 영양제,cafearticle,버드빌더(리프패럿 정관점) 넥톤-바이오틱5g 후기,http://cafe.naver.com/baekparrotlove/258950,오늘 넥톤 바이오틱이 도착 했어요~~ 이 후기는 다음번 나올때 작성할 줄알았는데 도착했네요~~ 요렇게 버드빌더 안내문과 소포장 영양제가 도착했네요~~ 우리 애들 이거먹구 건강하자~~ 이벤트 열어주신 버드빌더와... ,
소포장 영양제,cafearticle,강아지 기관지 협착증 영양제 대신 사료!,http://cafe.naver.com/shopjirmsin/10923931,강아지 기관지 협착증 영양제 대신 사료! 강아지 기관지 협착증 때문에 강아지 기관지 영양제 많이... 게다가 소포장으로 되어 있어 신선하게 급여할 수 있는 점도 마음에 들었습니다. 대용량 사료는 끝까지 먹일수록... ,
소포장 영양제,cafearticle,라이프펫 멀티 밸런스 종합영양제 후기,http://cafe.naver.com/arabichon/708816,이름 그대로 멀티 맞네요.ㅎㅎ 박스를 뜯으면 이렇게 10개씩 3봉지로 소포장 되어있어요. 가장 좋았던건 바로 영양제 유형인데요. 일반적인 영양제들처럼 가루나 캡슐이 아니라 소형정제로 되어있다는 점이에요. 알록달록... ,
소포장 영양제,cafearticle,소포장으로 제일 싼 택배가 어디인가요?,http://cafe.naver.com/dasmora/342708,영양제 1통 소포장 택배 보내려는데 요즘 제일 싼 택배요금 나오는데가 어디일까요?? 업자 아닌 개인이다보니 택배 하나 보내는데 넘 비싸네요.ㅠ.ㅠ 아시는 분 추천해주세요~~~,
소포장 영양제,cafearticle,강아지 기관지 영양제 사료를 바꾸세요,http://cafe.naver.com/shopjirmsin/10672785,강아지 기관지 영양제 사료를 바꾸세요 강아지 기관지 영양제 찾으시면 이거 먹이세요.강아지를 키우면서... 여기에 소포장 시스템도 빼놓을 수 없는 장점입니다. 대용량 사료는 보관 과정에서 산패나 신선도 저하... ,
소포장 영양제,cafearticle,강아지 눈물 영양제 지니펫으로 면역력까지,http://cafe.naver.com/cosmania/30786881,"한 박스 안에는 소포장이 되어 영양제가 들어가 있는데 하나씩 급여하면 되니 제품도 위생적으로 보관할 수 있죠! 트릿형태로 되어 있어서 기호성도 좋고, 쫀쫀한 식감이라 평소 먹는 간식보다 더 맛있게 먹더라구요.... ",
소포장 영양제,cafearticle,또로똔님 나눔 후기 (수경 처음 시작하려는 자인데 이정도면 진짜 다 떠먹여주시는거 아닌가요 ㅎ),http://cafe.naver.com/mygarden77/287372,제 수경생활의 길라잡이가 되어주신 또로똔님 종류도 다양한 영양제들을 예쁜 글씨로 라벨까지 소포장해서 주시다니 ㅎㅎ 버디루즈를 수경으로 잘 키워봐야겠어요!! 근데 저 궁금한게 솜파종해서 발아를 하려고 하는데... ,
소포장 영양제,cafearticle,노령견 사료 반려견 나이에 맞춘 ANF 4단계 어덜트 강아지 사료,http://cafe.naver.com/dogpalza/19071416,위생적인 소포장과 부드럽고 신선한 사료 개봉해보니 위생적인 소포장이 되어있어 별로도 소분할 필요없이... 별도로 영양제를 챙겨주지 않아도 된다는점도 아주 편리했어요 너무 맛있게 싹싹 긁어먹어서 두 줌 더... ,
소포장 영양제,cafearticle,식물성 NMN 리포좀 MNM 효능 퀘르세틴 니코틴산아미드 효모 식물성 NMN영양제 후기 고르기 전 본 사용감,http://cafe.naver.com/winner700/1605,"저 같은 자취생이나 바쁜 직장인에게 추천해요 바쁘게 살면서 챙기기 쉽지 않은 영양제인데, 매번 소포장 되어 있어서 깔끔하게 챙길 수 있어서 좋아요 ㅎㅎ 특히, 건강에 신경 쓰기 시작한 40대 후반 주부인 저에게 딱... ",
소포장 영양제,cafearticle,강아지 기관지 영양제 이제 사료 먹여요,http://cafe.naver.com/shopjirmsin/10779915,강아지 기관지 영양제 이제 사료 먹여요 강아지 기관지 영양제 대신 사료 바꾸세요.요즘 반려견 사료를... 또 하나 만족스러운 점은 ‘소포장 구성’이에요. 원스 사료는 위생적이고 신선도를 유지하기 쉽게 개별... ,
소포장 영양제,cafearticle,노묘 영양제 노령묘 이거 먹이세요,http://cafe.naver.com/shopjirmsin/10757486,"노묘 영양제 노령묘 이거 먹이세요 노묘 영양제, 노령묘 영양제 추천 합니다.반려묘를 키우다 보면 정말... 무엇보다 하루에 한 포씩 급여하기 편하게 소포장되어 있어서 위생적이에요. 가루 타입이라 사료나 간식에... ",
소포장 영양제,cafearticle,나이 들수록 삐걱거리는 무릎 연골 관리 관절스타 보스웰리아 추천,http://cafe.naver.com/koarane/569249,"관절과 연골 건강을 위해 다양한 방법을 고민하다가 많은 분이 선택하는 영양제를 알아보게 되었습니다.... 한 상자에 30정씩 소포장 되어 있어서 위생적이고, 3개 묶음 구성이라 몇 달 동안 밀착 관리를 하기에 적합한... ",
소포장 영양제,cafearticle,고양이 영양제 추천 부탁드려요,http://cafe.naver.com/pangaeanogi/16024,5살 코숏 키우는 집사예요 고양이영양제 알아보는중이에요 종류가 너무 많아서 모르겠어요 고양이영양제 직접 먹이시는 분 어떤 제품 좋아요 종합영양제 관절 헤어볼 종류별로 다 챙겨야 하는지 어떤 브랜드가 안전한지... ,
소포장 영양제,cafearticle,영양제 먹고 애기가 안자요 미쳐요(부작용),http://cafe.naver.com/imsanbu/64523220,"13개월 아기) 감기에 잘걸리길래 좀 건강해지라고 약국에서 액상형 영양제 비타민을 소포장된거 사서 미리 테스트겸 2일 먹여봤는데요 먹이고 첫날밤, 계속 징징거리며 악쓰고 일어나더라구요...? 애기가 이앓인가 싶었죠..... ",
소포장 영양제,cafearticle,고양이 눈물자국 영양제 찾으시면 사료 바꾸세요,http://cafe.naver.com/shopjirmsin/10788715,고양이 눈물자국 영양제 찾으시면 사료 바꾸세요 고양이 눈물자국 영양제 대신신에 원스캣 고양이 사료를... 그리고 포장도 소포장 형태로 되어 있어서 신선도를 오래 유지할 수 있다는 점이 정말 실용적이에요.... ,
소포장 영양제,cafearticle,ANF닥터프로 독 모빌리티 관절 후기,http://cafe.naver.com/healingdogcat/1415816,관절영양제도 필수로 먹고있어요 믿을수있는 ANF 에서 전문처방식 특히 관절에 좋은 닥터프로 독 모빌리티라 체험단에 신청하였어요 ✅️ 300g 씩 소포장되어 있습니다 ✅️ 동글동글 알갱이 입자가 작아... ,
소포장 영양제,cafearticle,강아지 심장영양제 찾으시면 사료바꿔요,http://cafe.naver.com/shopjirmsin/10714600,"강아지 심장영양제 기능 외에 포장도 정말 세심하게 되어 있어요. 매번 소포장으로 되어 있어서 개봉할 때마다 신선한 냄새가 나요. 대용량 사료를 한 번에 개봉하면 산패되거나 향이 변하는 경우가 있는데, 원스사료는... ",
소포장 영양제,cafearticle,❝메디코치❞ 맞춤영양제로 하루한포 건강챙기기,http://cafe.naver.com/cantsb/2900453,기존에 먹던 영양제들은 종류마다 뚜껑열어서 꺼내고 먹고 하는 과정이 너무 귀찮았는데 메디코치는 각 영양제들을 봉투에 소포장해두니 여행가거나 출장가거나 할 때도 따로 소분하지 않고 간편하게 필요한만큼만... ,
소포장 영양제,cafearticle,제리스타일스 영양제 파우치형,http://cafe.naver.com/dogpalza/18913294,"제리스타일스 영양제 파우치형(51개 트릿) 3종류 구매했는데, 겉 포장은 다 다른데 속포장(17개씩 소포장)이 서로 구별할 수 있는 것 없이 완전히 똑같은 포장지에 쌓여있더라구용... 먹여보신분들 원래 그런가요?ㅠㅠ 정말... ",
소포장 영양제,cafearticle,울애기쌩쌩 세트 울애기쌩쌩 + 이너플러스 울애기쌩쌩 반려동물 영양제 3종 비교 후 잘 쓰는 노하우 공개,http://cafe.naver.com/seongnammomvly/204,"리얼Pet 반려동물 영양제, 120g, 종합영양제, 1개 ₩ 26,000 별점 : ⭐⭐⭐⭐ 리얼Pet 반려동물 영양제, 종합영양제 이 제품은 120g 소포장으로, 가성비 좋은 종합영양제를 찾는 분께 적당합니다 기본에 충실한 영양제로... ",
소포장 영양제,cafearticle,다이소 가성비 영양제 극찬템 추천드려요,http://cafe.naver.com/sejongmegacity/21768,"다이소 영양제는 요즘 대형 제약사(대웅제약, 종근당, 일양약품 등)와 협업한 제품들이 대거 입점하면서... 소량 포장의 장점: 대부분 15일~30일분으로 소포장 되어 있습니다. 나에게 잘 맞는지 테스트해보기 정말 좋으니... ",
소포장 영양제,cafearticle,"밥이보약 반짝이는 눈, 영양 톡톡 급여후기!",http://cafe.naver.com/dogpalza/18979211,영양제는 이렇게 소포장 되어 있고 사료는 따로 소포장은 없었어요..! 개인적으로 사료도 소포장이 있었으면 좋겠다 싶은 느낌이에요... 산패 걱정도 있어서요. 무아지경... 자기거는 또 어떻게 알고 냄새를ㅋㅋㅋ 밥이보약... ,
소포장 영양제,cafearticle,머리숱 관리용 맥주효모환 ㅋㅋ,http://cafe.naver.com/feko/10650814,맥주효모환 영양제라는 타이틀에 신뢰가 팍 가더라구요 아무리 몸에 좋아도 번거로우면 안 먹는데 이 맥주효모환 제품은 환 사이즈가 작아서 참 괜찮아요 (소포장되어있어서 휴대하기가 제일 편한거 같아요) 맥주효모환... ,
소포장 영양제,cafearticle,하고싶은것 해야하는것,http://cafe.naver.com/simpleliving/420043,필요하면 소포장으로 살래요 좋아햇던 발매트지만 탈수시 오류가 잘 나요 기어다니는 구강기 어린이를 위해... 고민하던 영양제 깡통 예쁘게 안꾸미고 그냥 줘도 잘 갖고 놀아요 두드리고 넣고 빼고 이앓이 하며 물어뜯기도... ,
소포장 영양제,cafearticle,캠핑도 익스트림 올인원 포맨과 함께 건강하게 해요,http://cafe.naver.com/campingfirst/3323728,"간편함이 생명 캠핑 짐 챙기기도 바쁜데 영양제 통을 여러 개 들고 다닐 수는 없잖아요? 이 제품은 사진처럼 한 포에 4알이 소포장되어 있어 주머니나 가방에 툭 넣어오기만 하면 됩니다. 1일 1회, 한 포면 충분하니 자연... ",
소포장 영양제,cafearticle,오늘 종로 약국에 가~ &lt;구매완료&gt;,http://cafe.naver.com/brownkqtdy/540286,일요일에도 열더라구~~ 가서 살거는 핑거용 밴드 랑 뮤테란이나 후루케어 일회용 포비돈 저용량 아스피린 타이레놀 나잘스프레이 소포장 식염수 등등 같은거 사올건데 또 살거 있으면 말해주라~~!! 방금가서 샀어... ,
소포장 영양제,cafearticle,멀티팩 영양제가 나온다니 ㅎ,http://cafe.naver.com/feko/8508062,넘 귀찮아서 사놓고 잘 안먹었는데 멀티팩 제품이 따로 있더라구요? 딱 필요한 영양제만 한포씩 소포장돼있는데 가방에도 쏙 들어가고 그냥 약먹듯이 뜯어먹으면 돼서 완전 편하네요 ㅎ 이젠 잘 챙겨먹을 수 있을 것 같아요,
소포장 영양제,cafearticle,입술 물집.입안 구멍 너무 아파요. 영양제 추천 좀 해 주세요~~,http://cafe.naver.com/eunpyungmom/448737,귤이랑 포도등 과일 소포장 견과류 먹고있고 영양제는 안 먹고 있어요. 근 한달동안 계속 입술 물집과 입안 구멍(;)이 계속 생기는데 뭘 먹어야 할까요? ㅜ.ㅜ 영양제 검색했더니 아니 이건 뭐...핑글핑글 돌아요;; 다단계... ,
소포장 영양제,cafearticle,어린이 영양제 추천 &quot;셀메드 비바 키즈 골드&quot; 후기,http://cafe.naver.com/imsanbu/77048899,아이들 먹이는 영양제인만큼 아무 제품이나 먹일 수 없잖아요. 의사와 약사가 선택한 브랜드로 모든제품이 의약품제조관리 기준 인증 시설에서 만들어져 안심하고 먹일 수 있습니다. 박스안에는 소포장되어져 30포가... ,
소포장 영양제,cafearticle,✨⭐️오늘밤 21시~21시2분 식물+α 나눔 달리기 방♀️♂️⭐️✨,http://cafe.naver.com/myhoyaroom/12022,"부자재: • 난석 소포장 • 산야초 소립 소포장 • 뿌리용 영양제 다이나그로 소분(액체) • 하이포넥스 6.5-6-19 소분(가루) • 별딸기님 사각 미니 투명롱슬릿 3개, 사각 미니 투명슬릿 3개 • 뉴질랜드산 2A 수태 소포장... ",
소포장 영양제,cafearticle,강아지 가수분해사료 인디고 바이오뉴트리션 (관절사료) 후기,http://cafe.naver.com/dogpalza/19031484,"영양제 먹이기 힘든 댕집사분 계신가요..? 그게 바로 접니다ㅠㅠ 영양제도 맛있고, 먹고 싶어야 먹는 깐깐한... 사료에 사용된 원료는 패키지에 자세히 나와있으니 참고해주세용 뜯어보면 소포장 된 사료가 줄줄이... ",
소포장 영양제,cafearticle,제가 매일 쓰레기를 얼마나 만드는지 생각해봤는데요... 마스크. 캡슐커피. 인공눈물. 시트마스크팩 등등을...,http://cafe.naver.com/brownu12nn/197394,밤마다 하는 시트마스크팩 5 영양제 소포장 케이스 이런것들을 매일 쓰레기를 만들고 있더라고요... 저희 아파트 재활용 분리수거하면서 아 왜 이렇게 우리집에서 쓰레기가 많이 나오나 생각해보니 저 혼자서도 매일매일... ,
소포장 영양제,cafearticle,모자람엔정 복용 2주차 후기입니다~,http://cafe.naver.com/imaban/1322105,"(^^) 영양제는 모자람엔정으로 해결중이에요^^ 아침엔 회사에서, 저녁은 집에서 먹기 때문에 소포장해서 회사에 조금씩 두고 있어요. (^^) 크기는 부담스럽지 않아, 먹기는 편해요. 그래두 한번엔 아니고 두번으로 나눠서... ",
소포장 영양제,cafearticle,[체험단] 고양이도 유산균 필수!! 닥터뮨 파우더영양제 &quot;키토바이오틱스&quot;,http://cafe.naver.com/ilovecat/8169562,예방에 집중해서 만든 영양제 닥터뮨 키토바이오틱스~!! 저희 아이들은 분말타입 영양제는 왠만해선 잘... 10개씩 소포장 되어있고 패키지 점선을 따라 뜯으면 이렇게 쉽게 보관도 가능!! 매일 저녁 습식먹는 아이들... ,
소포장 영양제,cafearticle,⭐️베스티지를 위한 식물 +α 나눔 예고⭐️,http://cafe.naver.com/myhoyaroom/11381,"소립 소포장 • 뿌리용 영양제 다이나그로 소분(액체) • 하이포넥스 6.5-6-19 소분(가루) • 별딸기님 사각 미니 투명롱슬릿 3개, 사각 미니 투명슬릿 3개 • 뉴질랜드산 2A 수태 소포장 *소포장이라 보통 판매하는 정도의... ",
소포장 영양제,cafearticle,[임신 중기 영양제] 차병원 닥터프로그램 마더스케어 올인원 플러스2 추천,http://cafe.naver.com/directwedding/8202249,그 중에 중기에 먹는 영양제는 총 6알로 이루어져있고 하루치가 포장되어있어서 여행갈때도 챙기기 쉽게 소포장 되어있습니다. 하루에 먹을만큼 소분해놓은것도 좋지만 그 안에 또 두개의 봉으로 나뉘어 임신 후반(출산... ,
소포장 영양제,cafearticle,아르르 치어독 조인트 관절영양제!,http://cafe.naver.com/dogpalza/17661610,내꺼구나 싶으면서 떠나질 않더라구요 ㅎㅎ 잘먹어용ㅎㅎ 원래를 밥위에 급여을 하는 편인데 먹은지 얼마 안되서 ㅎㅎ 영양제만 급여를 했는데 좋아요 :) 영양제는 한개씩 소포장으로 되어있구요 2g씩 되어있어서 급여하기... ,
소포장 영양제,cafearticle,"30대여자올인원영양제 추천, 리포데이 올인원 우먼팩 장점 완전 분석",http://cafe.naver.com/dnjscl/382850,"여기에 코엔자임Q10도 함께 있어 항산화와 혈행 개선까지 기대할 수 있어 여자올인원영양제로서 매력적입니다. 제품 구성은 편리하게 소포장된 알약 3개로 되어 있어요. 빨간 캡슐에는 오메가3와 코엔자임Q10, 루테인 등이... ",
소포장 영양제,cafearticle,펫아이1000 반려동물 멀티케어 영양제 후기,http://cafe.naver.com/5inglife/193922,"그런데 가끔 몸을 긁는 모습이 종종 보여서 피부 건강이나 면역력에 도움이 되는 영양제를 고민하고... 개별 소포장으로 되어 위생적이고, 열처리 유산균 (포스트바이오틱스)로 실온에서도 변형 없이 보관 가능해서 여행... ",
소포장 영양제,cafearticle,멀티비타민 추천! (1+1) 오쏘몰 이뮨 7일분 2박스 솔직 후기,http://cafe.naver.com/24hourmadine114/13568,"영양제를 챙겨 먹기 귀찮은 저에게 소포장 7일분은 정말 딱 맞았고, 맛도 부담스럽지 않아 꾸준히 먹기 좋았어요. 1+1으로 두 박스 배송되니 가성비도 만족! 복용 팁과 주의사항 아침 식사 후 바로 섭취하는 걸 추천해요.... ",
소포장 영양제,cafearticle,"[동아제약] 새 학기 아이 영양제, 미니막스 키즈 멀티비타민으로 챙겨요",http://cafe.naver.com/miznett/2905881,사탕같이 하나하나 낱개로 소포장 되어 있는 영양제를 보면 아이들은 그냥 맛있는 젤리로만 생각이 드는지 더 먹겠다고들 난리들이네요 ㅋㅋㅋ 그만큼 비타민 특유의 향이나 약 같은 느낌이 없이 맛있는 구미 젤리 같아요!... ,
소포장 영양제,cafearticle,아이 물품 기부하려고하는데요,http://cafe.naver.com/healingdogcat/1221794,보호센터에 전화드리면 되는건가요? 그리고 혹시 따로 덜어먹었던 사료나 영양제도 기부가 가능할까요? 영양제는 따로 소포장되어있습니다.,
소포장 영양제,cafearticle,코스트코 평택점 뉴트리원 엑스트라버진 올리브오일,http://cafe.naver.com/costco12/710264,큰 오일 뜯으면 그 순간부터 산화되니 소포장이 좋더라구요. 그래서 맬맬 먹고있는데 좋은거 같아서 아예... 영양제나 보조식품은 꾸준히 먹어야하고 오래먹을람 편한게 최고더라구요. 식구들 건강만 챙기시지 마시고... ,
소포장 영양제,cafearticle,[체험단 체험후기]제리스타일스 군침영양제 체험후기,http://cafe.naver.com/arabichon/647984,(관절) 영양제 파우치를 여니까 안에 소포장으로 또 포장되어 있어서 보관하기 편리할꺼 같아요~ 제형이 부드럽기는 하지만 작은 아이들은 잘라서 주는 걸 추천합니다~ 조인트영양제에 들어가는 성분표시가 잘... ,
소포장 영양제,cafearticle,1인 가구는 코스트코에서 뭘 사야 할까요?,http://cafe.naver.com/gototheusa/1415264,"가게 될 것 같은데, 코스트코 양은 많고 저는 혼자 살아서 뭘 사야할지 고민이에요. 일단 영양제랑 커클랜드 연어 소포장은 꼭 살건데, 이 외에도 1인 가구가 사서 소분보관하면 잘 먹고 잘 쓸만한 추천템이 있을까요?",
소포장 영양제,cafearticle,어린이영양제추천 셀메드 비바키즈골드,http://cafe.naver.com/imsanbu/77112222,있으며 소포장으로 되어 있다보니 외출시나 여행시에도 챙겨가기에도 편하답니다 또한 무향 베리류 농축액 함유로 새콤달콤한 아이들의 입맛에 맞는 영양제이며 간식으로 주기에도 좋답니다 새콤달콤한 과일맛에... ,
소포장 영양제,cafearticle,[굿락투유]어린이 칼슘 영양제 굿락투유 칼슘업 맛있어서 잘 먹어요,http://cafe.naver.com/imsanbu/63801305,일단 아이가 마음에 들어하니 합격 어린이 칼슘 영양제 먹기 쉽게 소포장돼서 외출할 때도 먹이기 쉬웠고요. 목에 걸리지 않는 가루형이라 먹이기도 편했던 유산균 영양제 였어요. [1+1]굿락투유 키즈 프로바이오틱스... ,
소포장 영양제,cafearticle,프리벳코 알러지&amp;면역 개선 사료+영양제 4주 체험ㅠ후기#1,http://cafe.naver.com/arabichon/706858,울 다솜이 눈물과 긁음치료를 기대하며~ 1주차 막바지에 도착한 영양제~~~ 다솜이 너무 잘 먹어요~~~ 요로케 낱알로 포장~~ 프리벳코 사료 300g 소포장~~ 너무 위생적이죵^^~ 말랑말랑 다솜이 엄청 잘 먹어요... ,
소포장 영양제,cafearticle,스마트폰이 대화를 엿듣는게 사실인가봐요.,http://cafe.naver.com/remonterrace/33443756,그래서 열어보니...한봉지씩 소포장 된 비타민 영양제 할인 쿠폰이 와있네요. 황당했어요. 지난 가을인가? 겨울인가?에는 오아시스에서 고등어 한팩 장바구니에 담았더니...유투브에서 고등어 잘 굽는 방법이 알고리즘으로... ,
소포장 영양제,cafearticle,"강아지 영양제스틱, 치석제거 덴탈껌인데 대용량 면역 간식 끝장템!",http://cafe.naver.com/koarane/144117,저희 집 댕댕이도 이가 약해질까봐 덴탈껌이랑 영양제 신경 많이 쓰거든요 근데 따로따로 챙기자니 시간도... 실속 대용량 구성] 보통 이런 제품들 소포장으로 비싸게 팔잖아요? 근데 이건 무려 60개입!! 가격도 꽤 착해서 한... ,
소포장 영양제,cafearticle,"[아미노산 영양제 추천] 일동후디스 하이뮨 영양제, 아이들 체력강화에 너무 좋아요♡",http://cafe.naver.com/motiontree/958914,"안녕하세요 ^_^ 건강, 영양제에 진심인 애셋맘 하루짱이에요☆ 저는 아이들을 키우면서 점점 고갈되는... 이렇게 소포장이 되어 있다보니 휴대도 간편해 1일1 아미노산 끄떡업고용! ㅋㅋ 맛은 말해모해.. ㅋㅋㅋ 맛있는... ",
소포장 영양제,cafearticle,"센트룸 원데이팩 우먼 40, 3개월분 159,000원 실속 구매 후기!",http://cafe.naver.com/24hourmadine114/13617,포장도 개별 소포장이라 휴대하기 편하고 복용하기도 간편해서 깜빡할 걱정이 없더라고요! 실제로... 요즘 같이 활동량이 많아지는 시기에 꼭 필요한 영양제 같아요. 구매와 복용 꿀팁 - 3개월 묶음 구매가 가성비 최고!... ,
소포장 영양제,cafearticle,닥터바이 초유 단백질 강아지 근력개선 영양제 면역력 펫밀크 닥터바이 닥터바이 영양제 후기 입문용으로 써...,http://cafe.naver.com/einstein2/28057,닥터바이 닥터바이 영양제 후기 선택 과정에서는 가격만 보기보다 매일 쓰는 환경에 맞는지 살펴보면 도움이 됩니다. 상자 열고 보니 30개입의 소포장으로 쏙 넣기 좋아서 자주 주기 딱 좋아요 . 자주 쓸 때는 이게... ,
소포장 영양제,cafearticle,집밥프로젝트 고구마 설기 및 떡갈비 특식 ლ(●'◡'●)ლ,http://cafe.naver.com/5inglife/210705,평소 입짧은공주라 하루 한끼만 먹는 몽이는 건사료 + 화식 +유산균 +영양제 이렇게 먹이고 있어요. 그러던중... 추가로 [집밥프로젝트 ] 제품은 50g 씩 개별 소포장으로 한개를 2~3일 걸쳐 먹이지 않아 빠르게 먹일수 있다는... ,
소포장 영양제,cafearticle,비타민 영양제 고를 때 꼭 확인할 것들!,http://cafe.naver.com/koarane/140846,비타민 영양제 고를 때 꼭 확인할 것들! 혹시 요즘 만성피로 때문에 아무리 자도 피곤한 분 있나요? 요즘... 가능하면 1~2주 정도 먼저 소포장으로 테스트해보는 것도 추천해요... ,
소포장 영양제,cafearticle,여행 짐 챙기는데 영양제 저처럼 챙기시는 분 계신가요 ~,http://cafe.naver.com/zzop/3295189,소포장 된거 꼭 챙겨가요. 보통 소화 안 될까봐 효소는 꼭 챙겨가고 일정을 소화할 수 있도록 종합비타민... 평소는 상비약도 챙기는데 그냥 여차하면 약국에서 사먹으려고 영양제만 챙겼어요 ㅎㅎ,
소포장 영양제,cafearticle,여성탈모영양제 닥터놀로지비오효모맥스,http://cafe.naver.com/dgmom365/6933505,여성탈모영양제 비오효모맥스 실제로 먹어보니 환사이즈가 작아서 그런지 큰 거부감없이 부드럽게 잘 넘어가서 좋더라구요~ 꾸준하게 먹어보니 빠지는 머리도 조금 줄어든것 같고! 무엇보다~ 개별 소포장 되어 있어... ,
소포장 영양제,cafearticle,"후디스 퍼펙트밀 강아지 최애 사료등극, 영양제 대신 완벽한 식사로 건강관리해요",http://cafe.naver.com/healingdogcat/1288149,200g씩 소포장 되어있어 보관도 위생적으로 가능하고 공장도 인증받은 곳이라고 해요. 저도 영양제 따로 밥 따로 먹이면서 투약스트레스도 있었고 아이도 힘들었을텐데요. 좋아하는 사료주면서 관리가 가능할 것 같아서... ,
소포장 영양제,cafearticle,[체험단] 라이펫 진정성 눈영양제 후기,http://cafe.naver.com/ilovecat/7990707,가격도 25000원으로 꾸준하게 급여해야하는 눈영양제로 봤을 때는저렴한 편이에요. 소포장 용량이2g씩이라서 미세저울이 없으신 분이라면 한 포를 기준으로 양을 맞출 수 있어서 편할 것 같아요. 개인적으로 성분과 완료의... ,
소포장 영양제,cafearticle,고급 식물영양제 모든 식물용 영양공급제 앰플 36ml (사용기한 2년 6개월 이상 최근제조 사용후기 비교추천,http://cafe.naver.com/hainan026305802/48974,"최고의 식물영양제, 모든 식물에게 활력을 선사하는 비밀! ￦ 12,880원 이 제품을 사용하기 전에는 식물들이... 식물 건강에 필요한 영양소들이 36ml씩 소포장되어 있어서 양도 조절하기 쉽고, 자연스럽게 식물의 성장을... ",
소용량 영양제,cafearticle,헤어볼영양제 소용량 먼저 먹여보는 중,http://cafe.naver.com/imsanbu/78516589,고양이 영양제는 잘 먹는지가 제일 중요하잖아요… 그래서 이번에 헤어볼영양제 소용량으로 먼저 시작해봤어요. 요즘 4P처럼 소량 구성도 나와서 부담 없이 테스트해보기 좋더라고요. 츄르 타입이라 그런지 거부감 없이... ,
소용량 영양제,cafearticle,"메리루스 액상 멀티비타민, 450mL 소용량으로 새 단장",http://cafe.naver.com/pangaeanogi/15277,"센트럴팜 이종욱 사업총괄본부장은 &quot;기존 대용량 제품이 꾸준한 장기 섭취를 원하는 소비자에게 적합했다면, 이번 소용량 제품은 처음 액상 영양제를 접하거나 가족 단위로 함께 사용하려는 소비자에게 더욱 실용적인... ",
소용량 영양제,cafearticle,스테로이드 소용량 처방은 테이퍼링 안해도 되나요?,http://cafe.naver.com/ilovecat/8239658,구내염 길냥이가 최근들어 허피스까지 올라오는 바람에 영양제로 관리가 불가능해져서 약을 처방받았어요 항생제+스테로이드 소용량 처방받았고 수의사는 따로 테이퍼링 얘기는 안했구요 그런데 찾아보니까 스테로이드는... ,
소용량 영양제,cafearticle,유니칼슘과 비슷한데 소용량 칼슘 영양제 있을까요?,http://cafe.naver.com/familygarden/470146,아파트 베란다에서 소소하게 고추 방울토마토 가지 등을 키우고 있어요 방울토마토잎이 말리고 꽃은 피는데 열매가 잘 안맺혀서 찾아보니 칼슘을 주라고 하더라구요 유니칼슘이 유명한것 같은데 10kg은 너무 많아서요... ,
소용량 영양제,cafearticle,꿀템 발견 앙플랜트 모든 식물용 식물영양제 사용기 + 가성비 분석,http://cafe.naver.com/ourman/164596,"마무리 앙플랜트 모든 식물용 식물영양제는 소용량으로 시작하는 안전한 선택지이며, 35ml 한 병으로도 다양한 화분 식물을 한꺼번에 관리할 수 있어 편리합니다. 사용해보니 실내 식물 관리의 새로운 표준처럼 느껴졌고... ",
소용량 영양제,cafearticle,"디젤 네일 영양제 포션 12ml, 1개 솔직리뷰 안 사면 손해",http://cafe.naver.com/ourman/263724,"네일 영양 보강이 필요한 사람에게도 적합하고, 12ml 소용량은 출장이나 외출이 잦은 분들에게도 편리합니다. 짧은 시간에 효과를 보고 싶은 초보자도 쉽게 활용 가능합니다. 디젤 네일 영양제 포션 12ml 한 병은 매일 저녁... ",
소용량 영양제,cafearticle,여성 갱년기 영양제 1위 라는것도,http://cafe.naver.com/llchyll/2473288,여성 갱년기 영양제 1위 뭐가 괜찮을까요 여성 갱년기 영양제 1위 알아보고 있거든요.. 예전처럼 먹어도 살이 안 찌는 게 아니라 조금만 먹어도 배부터 붙어서 더 우울해져요.. 갱년기라 그런지 에스트로겐 줄어든 영향인지... ,
소용량 영양제,cafearticle,라이프펫 강아지영양제 초소형 오메가3,http://cafe.naver.com/arabichon/725711,라이프펫 오메가3 특징 ✔rTG형 오메가3 → 흡수율 UP ✔50mg 소용량 설계 ✔초소형 캡슐 (급여 스트레스... 순도80%rTG오메가3 ✨급여 후 느낌 영양제는 드라마틱한 즉각 효과보단 꾸준함이 중요하다고 생각해요! 며칠... ,
소용량 영양제,cafearticle,앙플랜트 식물영양제 사용기 + 가성비 끝판왕,http://cafe.naver.com/ourman/153603,"처음에 앙플랜트 식물영양제를 접했을 때, 실용적인 디자인과 세련된 패키지에 이끌렸습니다. 특히 이... 또한, 패키징이 소용량인 35ml로 되어 있어 이동도 간편하며, 필요할 때 간편하게 사용할 수 있는 점이 큰... ",
소용량 영양제,cafearticle,"더페이스샵 리페어 네일 영양제 09 살구촉촉, 10ml, 1개 솔직후기 + 가성비 분석",http://cafe.naver.com/diskfkrn/105483,강점/장점 더페이스샵 리페어 네일 영양제 09 살구촉촉은 10ml의 소용량임에도 불구하고 손톱 속까지 영양을 채우는 느낌이 강점이에요. 사용 직후 손톱 표면이 매끄럽게 정리되어 네일의 표면이 고르게 펴지며 살구색... ,
소용량 영양제,cafearticle,"오를리 네일 디펜스 손톱강화 영양제, 18ml, 1개 핫템 가성비 끝판왕형",http://cafe.naver.com/mkrlfd/668300,"네일 관리 루틴이 번거로운 분도 이 영양제를 바르면 초기 회복이 빠르게 느껴질 수 있어요. 직장인/학생처럼 바쁘신 분도 간단하게 바를 수 있고, 18ml 소용량이라 여행 시에도 携带가 편합니다. 탈락 없이 단단해진 손톱을... ",
소용량 영양제,cafearticle,도미나크림 써도 될까요?,http://cafe.naver.com/llchyll/2488646,아무래도 처음 쓰는 거다보니 소용량부터 시작하는 게 맞는 것 같은데 어차피 꾸준히 써야하니까 대용량이 나을까요? 선택이 너무 어려워요ㅜ 이것 말고도 영양제나 보조제뿐만 아니라 식습관이든 생활습관이든 직접 효과... ,
소용량 영양제,cafearticle,"버박 반려동물 뉴트리플러스겔 영양제, 120.5g, 종합영양제, 1개 솔직후기 + 가성비 분석",http://cafe.naver.com/ourman/250491,"아이가 영양제에 대해 부정적인 반응 없이 편안하게 받는 모습에 놀랐습니다. 맛이 자극적이지 않아 처음... 더불어 120.5g의 소용량 포장으로 비용 부담을 줄이고, 맛과 질감에 민감한 아이도 거부감 없이 섭취 가능하다는... ",
소용량 영양제,cafearticle,"바이레프 뿌리는 브레스핏 호흡기 기침 설채현 영양제, 1개, 호흡기/기관지, 30ml 솔직후기 + 가성비 분석",http://cafe.naver.com/hainan026305802/58239,"강점/장점 주요 강점은 편의성과 효과 기대감이 조화롭게 어우러진 30ml 소용량 브랜드牛. 호흡기/기관지 관리에 특화된 성분 구성이 돋보이며, _매일 섭취 습관화_가 쉬워 반려인의 관리 부담이 크게 줄어듭니다. 사용 맥락... ",
소용량 영양제,cafearticle,"파셋 리페어 튼튼양 네일 영양제 핑크, 7ml, 1개 사용리뷰 + 가성비 분석",http://cafe.naver.com/navercafez/169001,"네일 영양제로 손톱의 건강이 눈에 띄게 회복되는 경험을 했습니다. 꾸준한 사용으로 손톱의 탄력과 표면이 매끈해지며, 균열과 매니큐어 제거 흔적까지도 개선되는 것을 느꼈습니다. 가성비도 뛰어나, 7ml의 소용량이지만... ",
소용량 영양제,cafearticle,가드닝 용품들,http://cafe.naver.com/seochom/985511,"ㅜㅜ 도자기 화분 2개, 플라스틱 화분 2~3개(대형 1개 포함), 배양토 새 것 (대용량, 소용량), 식물 영양제들, 분무기 새것, 식물 지지대, 삽 등 도구들... 화분들은 더 많은데, 그나마 상태 괜찮은 것들만 올립니다. 월요일... ",
소용량 영양제,cafearticle,"퍼펙토 발톱연화제 나겔바이셔 영양제, 20ml, 1개 비교끝 + 최종 선택형",http://cafe.naver.com/thenewcclass/83495,"정확한 사용법을 친절하게 안내해 주는 점이 신뢰를 더했고, 영양제가 포함된 성분들이 손톱과 큐티클에... 20ml의 소용량이지만 손가락 끝에서부터 균일하게 흡수되어 __촘촘한 보습__이 유지됩니다. 실리콘 프리 포뮬러로... ",
소용량 영양제,cafearticle,"케어샷 오랄 - 고양이 구강영양제 구내염 치주질환 잇몸 구강관리 입냄새, 1개, 구강/치석관리, 15ml 핫템 ...",http://cafe.naver.com/ourman/221318,"이 구강영양제는 구강 건강의 필요성을 바로 떠올리게 하며, 가격 대비 가치가 분명해 보였습니다. 일상 속... 케어샷 오랄은 가성비 높은 선택지로 다가와, 15ml의 소용량이지만 꾸준히 사용하면 구강 건강 개선의 느낌을... ",
소용량 영양제,cafearticle,아기 유산균 추천 키즈텐 비타민D 드롭,http://cafe.naver.com/azulcielo/87225,아이가 거부하지 않는 순한 맛 자극적이지 않은 순한 맛으로 설계되어 액상 영양제를 처음 접하는 아기도 거부감 없이 잘 먹는다는 후기가 많아요. 간편한 휴대 &amp; 보관 10ml 소용량 설계로 외출 시에도 간편하게 챙길 수... ,
소용량 영양제,cafearticle,냥집사님들께 피모영양제 질문이요,http://cafe.naver.com/djnoen/779778,아님 테라코트 아니더라도 다른 소용량 피모영양제가 뭐가 있는지 궁금해요~~~!! 아 참고로 저희냥이는 환으로 안만들어주고 그냥 간식에 뿌려만줘도 막입이라 잘먹습니다요^^ 덧 ++ 혹시 1지구쪽에 소량 나눔해주실분... ,
소용량 영양제,cafearticle,심장에 이상이 없는데 심장영양제(보조제) 먹여도 괜찮을까요?,http://cafe.naver.com/ilovecat/8225109,"제목 그대로입니다 아이가 곧 노묘가 될 나이라 심장영양제를 미리 먹여볼까 하는데 현재 오메가3가끔, 유산균매일, 방광영양제가끔 먹이고 있고요 심장영양제 먹이게 되면 일주일에 두세번 정도로 먹일까 생각했었거든요... ",
소용량 영양제,cafearticle,블루베리 열매 달리고 영양제 이거 줘도 되나요?,http://cafe.naver.com/gjblueberry/71753,저희 블루베리들이 3월 중순부터 수정 완료되고 열매가 살짝 커진 상태에요. 지금 이 비료를 줘도 될까요? 소용량으로 열매 영양제/비료 판매하는곳 &amp;제품명 아시면 부탁드려요~~^^,
소용량 영양제,cafearticle,메리루스 액상비타민 나이트타임 온가족 영양제 추천,http://cafe.naver.com/imsanbu/78522479,요즘 저희 온 가족이 먹는 메리루스 액상비타민 나이트타임 영양제 후기 남겨보려 해요!:) 메리루스 액상... 건강관리 어떠세요:) 이번에 소용량으로 신제품 출시되었다고 하니 아래 링크로 들어가서 구경해보세요:),
소용량 영양제,cafearticle,만성피로를 없애줄 메리루스 나이트타임 액상 멀티비타민,http://cafe.naver.com/imsanbu/79055132,[신규 소용량 출시] 메리루스 나이트타임 미네랄 액상 종합멀티비타민 파인애플맛 마시는 마그네슘 아연 키즈 유아 어린이 성인 영양제 450ml : 센트럴팜 [신규 소용량 출시] 메리루스 나이트타임 미네랄 액상... ,
소용량 영양제,cafearticle,다이소영양제 중에 크레아틴 이거 성분 어떤가요?,http://cafe.naver.com/tpr33/248741,오늘 다이소 갔다가 헬스 코너에 크레아틴 소용량 있길래 사왔는데 성분이 모노크레아틴 100%더라구요. 120g에 오천원인데 성분 이 정도면 가성비 맞죠? 운동 좀 하시는 형님들 분석 좀 부탁드립니다 다이소가성비는... ,
소용량 영양제,cafearticle,뉴델리 공항 약국 히말라야제품류,http://cafe.naver.com/india2004/237704,"들어가보니 히말라야 제품류가 훨씬 많은거 있죠! 림밥,반입금지이지만 파티스마트, 소용량수분크림,영양제 등등.. 가디언보다 훨씬 많으니 3터미널에서 오셔서 히말라야 찾으시는 분은 4번 게이트 앞 아폴로약국으로 가세용",
소용량 영양제,cafearticle,보호리 피부 피모 뉴트리냠냠 2.0 90g 강아지 발사탕 가려움 건조 모질 습진 사용후기 비교추천,http://cafe.naver.com/hainan026305802/32784,"영양제 먹이기 쉽고, 소용량이라 오래 쓸 수 있는 점도 정말 좋아요. 말리지 않고 자연스럽게 건강을 챙길 수 있다는 게 큰 강점이라 생각해요. 강아지 관리가 쉽지 않을 때, 이 영양제가 큰 도움이 됐어요. 이미 많은... ",
소용량 영양제,cafearticle,"유일 루텍스액제 해조추출물 뿌리발근 성장활력제 종합 식물영양제, 100ml, 1개 솔직리뷰형 + 안 사면 손해",http://cafe.naver.com/diskfkrn/87603,"100ml의 소용량이라 한번에 충분히 체험해볼 수 있어요. 빠른 흡수력과 함께 피부에 남는 끈적임이 거의 없어 사용감을 즉시 느낄 수 있었고, 종합 식물영양제로서 효과 기대감이 실현될 수 있겠다는 확신이 생겼습니다.... ",
소용량 영양제,cafearticle,오메가3 영양제 추천 리스트입니다. (ver1) (오메가3 사료 포함),http://cafe.naver.com/dogpalza/18902250,따라서 소용량 사료가 좋습니다. 2) 오메가3의 일일 최소 섭취량은 &quot;30 X 몸무게^0.75&quot; 입니다. 일반적인 영양제 회사에서 말하는 오메가3 권장 섭취량은 일반적으로 &quot;몸무게X100mg&quot; 입니다. NRC 기준의 최대 섭취량은... ,
소용량 영양제,cafearticle,"오피아이 컬러엔비 버블바스 손톱영양제, 15ml, 1개 핫템 가성비 끝판왕으로 추천",http://cafe.naver.com/thenewcclass/79753,"강점/장점 이 오피아이 컬러엔비 버블바스 손톱영양제는 빠른 흡수력으로 시작해 끈적임 없는 마감을... 또한 15ml 소용량이라도 꾸준히 쓰기 좋고, 가격 대비 가성비가 뛰어나므로 보급형 최적화된 선택이라고 자신 있게... ",
소용량 영양제,cafearticle,니조랄 가격 얼마인건지,http://cafe.naver.com/llchyll/2475578,더불어 비오틴이나 판토텐산 같은 영양제가 지성 두피의 기름기를 잡고 머리숱을 지키는 데 실질적인 도움을 주었는지도 궁금하구요 그리고 평소에 가르마 방향을 수시로 바꾸거나 빗질을 자주 하는 게 오히려 독이 되지는... ,
소용량 영양제,cafearticle,액상 알부민 영양제 찾는다면 지니라이프 명작 알부민967 추천,http://cafe.naver.com/uouv96/5377,"그래서 오늘은 ✅액상 알부민 영양제 ✅마시는 알부민 ✅부모님 건강관리용으로 많이 찾아보는 지니라이프... 30ml 소용량 액상 타입이라 물 없이 바로 마실 수 있는 점이 편해요. 가방에 넣어두기도 부담 없고, 아침이나... ",
소용량 영양제,cafearticle,"짐캣 고양이 페이스트 엑스트라 영양제, 50g, 헤어볼, 1개 솔직후기 + 가성비 강조형",http://cafe.naver.com/thenewcclass/71096,"일상 복용의 편리함이 있어 바른 양을 간편하게 주사 없이도 주어 먹일 수 있고, 엑스트라 영양제라는... 50g의 소용량임에도 영양 성분이 골고루 들어 있어 다양한 영양 보강이 가능하며, 저녁 시간에 소량 투여로도 편하게... ",
소용량 영양제,cafearticle,"&quot;영양제도 퀵커머스 시대&quot;⋯배민 B마트, 건기식 시장의 새 전장",http://cafe.naver.com/pangaeanogi/13333,"과거 약국과 건강식품 전문점이 주 판매처였던 영양제가 이제는 배달앱을 통해 30분 내로 집 앞까지 배송되는... 특히 2030 젊은 세대를 중심으로 '필요할 때 바로 구매'하는 패턴이 확산되면서 소용량, 가성비 제품에 대한... ",
소용량 영양제,cafearticle,100원딜이라 바로 담았어요 강아지 눈영양제,http://cafe.naver.com/miznett/4925898,국제 강아지의 날 이벤트로 하는 것 같은데 가격 보고 놀랐어요 아이즈 미니라 소용량이라 부담없이 먹여보기 좋을 듯요 선착순이라 빨리 마감될까봐 일단 담았네요 필요하신 분들 참고하세요 https://lifepet.... ,
소용량 영양제,cafearticle,캣플랜 올케어 츄타민 고양이간식 비교 짜먹는 액상 영양제,http://cafe.naver.com/bluezyqng/13947,"기존 소용량 액상 간식에 아쉬움을 느꼈던 분 비교 맥락: 시중에 나와 있는 다양한 고양이 영양제 중, 츄타민은 '편의성', '균형 잡힌 영양', '가성비' 삼박자를 갖춘 제품으로 포지셔닝됩니다. 개별 영양 성분을 따로... ",
소용량 영양제,cafearticle,네이버쇼핑라이브) 고당도몰 강아지 영양제 35% 핫딜 떴어요!!,http://cafe.naver.com/dogpalza/18806859,"강아지 영양제 중에서도 후코이단, 심장, 기관지 영양제라서 사두시면 좋아요 그리고 라이브 중에 구매 인증하면 후코이단 소용량, 소통왕은 고이고이 과일야채믹스, 퀴즈 씨큐어 코큐텐도 준다니까... ",
소용량 영양제,cafearticle,응애약 쇼크 소용량 종로 판매처요 아시는분~,http://cafe.naver.com/druidcafe/49328,판데요 차라리 토마토 딸기 사서먹지 이가격엔 못사겠어요 차라리 종로를 가지.. 그래서 겸사겸사 약국에 영양제라도 사올겸 내일 종로를 다녀올까 하는데 20미리짜리인가 소용량파는 농약사 아시는분 소개좀 해주시어요~~~!,
소용량 영양제,cafearticle,코스트코 샴푸 탈모에 괜찮은거ㅜㅜ,http://cafe.naver.com/gloseems1/1258219,싶습니다 영양제나 두피 토닉 같은 것도 같이 사용하는 게 도움이 될까요? 혹시 코스트코 샴푸 사용해보신 분들 중에 민감한 두피인데도 괜찮았다는 분 계시면 어떤 제품인지 알려주세요 대용량 제품이라 가족들이랑 나눠... ,
소용량 영양제,cafearticle,[락피도] 4살 아연 영양제 고민 끝! 락피도 징크시럽 키즈 스틱 솔직후기,http://cafe.naver.com/imsanbu/75446937,"처음엔 낯설어할 줄 알았는데, “엄마~ 이거 딸기주스에요?” 하면서 자기 입으로 쏙쏙 먹더라고요ㅎㅎ ✔️ 새콤달콤한 딸기맛 ✔️ 액상이라 목 넘김도 편하고 ✔️ 5ml 소용량이라 한 번에 쏙! 아무리 좋은 영양제라도... ",
소용량 영양제,cafearticle,페토메디 락토 생유산균600 강아지영양제 급여후기,http://cafe.naver.com/dogpalza/18548101,개발한 영양제며 전국 여러 동물병원에서 판매중이며 믿고 구매할수있는 제품인데요! 사진 설명을 입력하세요. 사진 설명을 입력하세요. 페토메디 락토 생유산균600 제품입니다 소용량 1g에 적정 균주 함유로... ,
소용량 영양제,cafearticle,"바잇미 반려동물 닥터 이너피스 영양제, 60g, 장건강/유산균, 1개 솔직후기 + 가성비 분석",http://cafe.naver.com/qza1/12227,"또한 영양제임에도 소화에 부담이 적다는 점이 마음에 들어 바로 테스트해보게 되었고, 신뢰감 있는... 제형이 부드럽고 흡수도 빨랐고, 60g의 소용량이지만 꾸준히 사용하면 효과를 기대할 수 있을 것 같아요. 유산균의... ",
소용량 영양제,cafearticle,로버츠베리에 빌베리 착즙주스 블루베리보다 안토시아닌 4배 핀란드 프리미엄,http://cafe.naver.com/2022star/54162,"선물로도, 건강 루틴으로도 딱 100ml 소용량 개별 포장이라 휴대하기 편하고, 2BOX 구성이라 가족이나 부모님께 선물하기에도 좋아요. 영양제 대신 매일 아침 한 병씩 챙겨 마시는 건강 루틴으로도 딱 맞는 사이즈예요.... ",
소용량 영양제,cafearticle,"바이오가이아 프로텍티스 이지드롭 프로바이오틱스 + 비타민 D 영양제, 10ml, 1개 솔직리뷰형 + 안 사면 손...",http://cafe.naver.com/qza1/13167,"영양제! ￦ 49,090원 첫인상은 어땠나요? 처음 병을 잡았을 때 투명한 액상이 빛나며 깔끔한 포장이 주는 신뢰감이 먼저 느껴졌어요. 비타민 D와 프로바이오틱스가 한 병에 담겨 있어 매일 꾸준히 섭취하기 좋고, 10ml 소용량... ",
소용량 영양제,cafearticle,어린이 젤리 영양제 추천해주세요,http://cafe.naver.com/pangaeanogi/15020,아이가 알약 못먹어서 어린이젤리영양제 찾고있어요 맛있으면서 성분 좋은거 없을까요 어린이젤리영양제 당 함량 체크해야 한다던데 어느정도가 적당한가요 아이가 종합비타민 먹어야 하는데 젤리 형태면 잘... ,
소용량 영양제,cafearticle,"[아무말] 고3때 먹였던 간식, 영양제, 도시락통, 모고정리함...",http://cafe.naver.com/romul/216947,"고3을 버텨줬던 영양제들 한번 올려보려고요. 그냥 이렇게 먹인 사람도 있구나.. 하는 느낌 정도로만... (맛없다던 친구들도 있으니, 소용량으로 사서 먹여보세요) 이건, 모의고사때 꼭 지참해 보냈었고, 영어 끝나고 먹던가... ",
소용량 영양제,cafearticle,뮤티닌 치주염 구내염 잇몸 구강 영양제 구강유산균 치아 치료제 치료약 제일헬스사이언스 구내염 3종 비교...,http://cafe.naver.com/dollarjob/1293,"뮤티닌 치주염 구내염 잇몸 구강 영양제 구강유산균 치아 치료제 치료약 제일헬스사이언스 구내염 3종... 15ml 소용량이라서, 휴대하기 편했고, 외출이나 여행 갈 때 챙기기 좋아요 . 용량 대비 가격이 저렴해서 부담없이... ",
소용량 영양제,cafearticle,✈️ 나트랑 여행 준비 - 피로회복 영양제 글루콤 G 후기,http://cafe.naver.com/zzop/3138491,"10mL 소용량이라 휴대성이 좋음 ✅ 임산부도 섭취 가능 → 임산부 동반 여행 시 함께 챙겨 먹을 수 있음... ✅ 다른 영양제와 함께 챙기기 •추가로 마그네슘, 유산균 등과 함께 챙기면 컨디션 유지에 더 좋아요. ⸻ 총평... ",
소용량 영양제,cafearticle,"영양제와 바이오클펫,촉촉한 닭가슴살 어떠세욤?^^",http://cafe.naver.com/dogpalza/6817961,ㅋ 영양공급이 필요한 아가들은 주저말구 신청해주세요~ㅎㅎㅎ 아 요것두 밀봉된 새제품으로 보내드려요~^^ 덤으로는 상근이영양제 소용량 제품 홍삼(기력회복)제품 넣어드릴건데 다른덤은 기대하지말아주세요.. 그럼... ,
소용량 영양제,cafearticle,"케어샷 오랄 - 고양이 구강영양제 구내염 치주질환 잇몸 구강관리 입냄새, 1개, 구강/치석관리, 15ml 솔직리...",http://cafe.naver.com/qza1/8871,"케어샷 오랄은 _애완 동물의 구강 건강을 위한 전문 솔루션_으로서 구강영양제의 필요성을 확실히 느끼게... 케어샷 오랄은 고양이 구강염 구내염 관리에 특화된 성분 구성으로, 15ml의 소용량이지만 집중 효과가 커서 _짧은... ",
소용량 영양제,cafearticle,키즈비타민으로 추천하는 메리루스 멀티미네랄,http://cafe.naver.com/imsanbu/78780462,[신규 소용량 출시] 메리루스 나이트타임 미네랄 액상 종합멀티비타민 파인애플맛 마시는 마그네슘 아연 키즈 유아 어린이 성인 영양제 450ml : 센트럴팜 [센트럴팜] 대한민국 대표 건강 쇼핑몰 센트럴팜입니다 vo.la... ,
소용량 영양제,cafearticle,"로트벡쉔 비타민D 미니 어린이 성인 비타민D영양제 125ml, 24개 특가!",http://cafe.naver.com/balhaejaone/25571,평소 영양제를 잘 안 먹어 걱정이었는데 이 제품은 상큼하고 맛있는 맛 덕분에 거부감 없이 스스로 찾아서 먹어요 쓴맛이나 비린 맛이 전혀 없어서 매일 꾸준히 섭취하기에 부담이 없습니다 125ml 소용량으로 개별... ,
소용량 영양제,cafearticle,"한소희 비타민C 메가도스C3000, 10년째 챙긴다는 고함량 비타민 추천",http://cafe.naver.com/staritems/660,가방에 넣고 다니기 쉬운 스틱형이라 꾸준히 챙기기 좋아요 저는 영양제는 아무리 좋아도 챙겨 먹기... 일반적인 소용량 비타민C보다 함량이 높은 편이에요. 미국 NIH 자료에서는 성인 비타민C의 상한섭취량을 하루 2... ,
소용량 영양제,cafearticle,강아지영양제 가성비 최고 제품 선택법,http://cafe.naver.com/zitg/5846,"너무 대용량 사면 유통기한 걱정되고, 소용량은 자주 주문해야 해서 번거로워요. 우리 강아지 체중 기준으로 2-3개월분 정도가 적당한 것 같아요. 강아지영양제 브랜드보다는 성분과 제조사 신뢰도 위주로 판단하세요. 국내... ",
소용량 영양제,cafearticle,36주차 출산가방리스트 더 챙길게 있을까요 ?,http://cafe.naver.com/imsanbu/78412395,"종합영양제 등 압박 스타킹 (병원처방, 다리 붓기 예방) 텀블러 + 빨대 산후복대 산모수첩, 신분증 2. 수유용품 수유브라, 수유나시 란시노 일회용 수유패드 (흡수력 좋다해서) 와이즈맘픽 쿨링패치 (양배추팩이나 수유패드... ",
소용량 영양제,cafearticle,"종근당, 다이소 전용 브랜드 '데일리와이즈' 출시… 건강기능식품 6종·구미 7종",http://cafe.naver.com/pangaeanogi/15664,"소용량·소포장으로 부담 낮춰, 다이소 최초 질 건강 기능성 유산균도 포함 종근당이 다이소 전용... '매일의 건강을 위한 현명한 선택'을 콘셉트로 꼭 필요한 성분만 담아 소용량·소포장으로 구성한 것이 특징이다.... ",
소용량 영양제,cafearticle,펫프렌즈 앱 다운로드 및 홈페이지 반려동물 용품 쇼핑 꿀팁,http://cafe.naver.com/ktplifestory/3103,"펫프렌즈는 강아지와 고양이를 키우는 반려인들이 사료, 간식, 영양제, 장난감, 배변용품, 위생용품 등을... 처음 먹이는 사료라면 대용량을 바로 구매하기보다 샘플이나 소용량 제품으로 기호성과 소화 반응을 먼저... ",
소용량 영양제,cafearticle,[메리루스 액상미네랄] 아이들도 좋아하는 온가족이 섭취 가능한 메리루스 나이트타임 액상 멀티미네랄,http://cafe.naver.com/imsanbu/78513795,건강한 라이프스타일을 위해 한 번 시도해보시는 건 어떨까요? [신규 소용량 출시] 메리루스 나이트타임 미네랄 액상 종합멀티비타민 파인애플맛 마시는 마그네슘 아연 키즈 유아 어린이 성인 영양제 450ml : 센트럴팜,
소용량 영양제,cafearticle,난석 중립 -1봉지-비료 거름 식물영양제 분갈이흙 상토 화분 텃밭 고르기 전 확인할 사용 포인트,http://cafe.naver.com/eyebirds/36,"난석 중립 -1봉지-비료 거름 식물영양제 분갈이흙 상토 화분 텃밭 고르기 전 확인할 사용 포인트 이번 달... 5위 — 난석 펄라이트, 소용량 4. 루땅 펄라이트, 1개, 2L ₩ 4,900 별점 : ⭐⭐⭐⭐ 루땅 펄라이트 이건 소량으로... ",
소용량 영양제,cafearticle,영양제 필요하신 분들 전주에 새로 생긴 약국 가보세요!,http://cafe.naver.com/bopingonline1/69954,밀크씨슬 같은 인기 제품을 필요한 만큼만 구매할 수 있게 소용량으로도 구성 될꺼라고 하더라구요? 게다가 시중보다 저렴하게 공급받을 수 있다고 하니까 영양제 필요할 때에는 앞으로 메가스토어 방문해볼 생각입니다ㅎㅎ,
소용량 영양제,cafearticle,스페시픽 어덜트 오메가3 기호성 좋은사료 리뷰,http://cafe.naver.com/clubpet/4624291,"그동안 알약 형태의 영양제를 따로 먹이느라 라온이, 라엘이랑 매일 전쟁 아닌 전쟁을 치렀거든요.... 신선한 2kg 소용량 포장 대용량 사료는 뒤로 갈수록 산패될까 걱정인데, 이건 2kg씩 소포장 되어 있어서 매일매일... ",
소용량 영양제,cafearticle,슬개골 수술비 아끼는 법! 안티놀 래피드 240캡슐 찐후기 (46% 할인),http://cafe.naver.com/koarane/404525,특히 관절 영양제는 '흡수율'이 생명! 제가 이 제품 고른 이유는 딱 3가지예요. 업그레이드: 기존 안티놀보다... 소용량 여러 개 사는 것보다 훨씬 이득이에요. ▌ 최저가 좌표 남겨드려요 ▼ 46% 파격 할인받기 ▼ [ 안티놀... ,
소용량 영양제,cafearticle,아레나여성수영복 직접 비교해본 꿀팁,http://cafe.naver.com/cafemakecafebest/21317,영양제 챙겨 먹는 것도 매번 까먹고요. 저도 매일 피곤에 쩔어 살다가 안 되겠다 싶어서 간편하게 영양을... 그런데 이거는 200ml 소용량으로 개별 포장되어 있어서 그냥 가방에 쏙 넣어 가면 끝이에요. 출근길 지하철에서... ,
소용량 영양제,cafearticle,소형 앵무 식품/영양제 추천,http://cafe.naver.com/baekparrotlove/950801,"애조 생활을 다시 시작해보려 하는데 공백 기간이 길어서 식품이나 영양제는 트렌드가 빠른 편이니 열심히 찾아보고 있습니다 곡류나 펠렛, 간식, 영양제 등등 추천 해주시고 싶은 제품 있으면 부탁드립니다!",
소용량 영양제,cafearticle,"메디퍼피 리포좀 관절 근육 강화 영양제 강아지 글루코사민 노령견 노견 슬개골 다리떨림, 1개, 90g 솔직 비...",http://cafe.naver.com/irebloodmemorykorea/60962,"￦ 29,500원 첫인상은 어렔나요 처음 포장을 열었을 때 은은한 향과 깔끔한 라벨 디자인이 마음을 편안하게 해주었고, 90g의 소용량이 다소 가볍게 느껴지면서도 남김없이 충분히 사용해볼 수 있을 것 같았어요. 리포좀... ",
소용량 영양제,cafearticle,강아지 슬개골 탈구 예방 영양제 가성비 최고 추천,http://cafe.naver.com/zitg/4391,"처음엔 비싼 수입 영양제만 찾았는데, 가성비 따져보니 국산 제품 중에도 효과 좋은 게 많더라고요. 핵심은... 다만 기호성은 개체차가 있으니 처음엔 소용량으로 테스트해보시길 권해요. 강아지 슬개골 탈구는 유전적... ",
소용량 영양제,cafearticle,"차일드라이프 비타민 D3 베리맛, 30ml, 1개 솔직 비교 추천",http://cafe.naver.com/irebloodmemorykorea/70486,"무첨가 논란이 적은 편으로 안전감을 주고, 소용량 병 구조로 휴대가 간편해 가족 야외활동이나 등원길에도... 30ml 한 병으로도 충분히 사용하는 기간이 길어 경제성도 좋습니다, 바르는 영양제와 달리 아이가 거부 없이... ",
소용량 영양제,cafearticle,스페시픽 독 시니어 오메가-3사료 후기,http://cafe.naver.com/dogpalza/18986144,"케어 ⭒ 영양제보다 강력한 흡수율 ⭑ 해양 단백질의 균형 잡힌 영양 설계 ⭒ 매일 먹기 쉬운 간편한... ✶POINT✶ 소용량(1kg) 포장으로, 매일 신선하게 급여﹗ 첫 급여 시 소용량으로 부담 없이 시작하세요﹗... ",
소용량 영양제,cafearticle,쏜리서치 조인트 서포트 뉴트리언츠 240캡슐 중년 관절케어 필수템,http://cafe.naver.com/koarane/400694,관절 영양제는 최소 몇 달은 꾸준히 먹어야 체감이 오잖아요. 소용량은 금방 떨어져서 흐름 끊기는 게 제일 아쉽더라구요ㅠㅠ 이건 대용량이라 재구매 텀이 길어서 오히려 가성비가 좋게 느껴졌어요. 꾸준함이 답이다... ,
소용량 영양제,cafearticle,"강아지눈물인공눈물약, 강아지 안약은?!! 퓨어톡",http://cafe.naver.com/healingdogcat/1367967,눈물 영양제 먹고 오히려 더 심해졌던 눈물자국이랑 눈꼽 연고 발라주고 눈물 넣고 점점 좋아지는... 재사용 + 소용량 구성으로 경제력 ⬆️ • 환경 영향 : 낭비 최소화 친환경적 • 휴대성 : 외출용 / 집용 분리 사용... ,
소용량 영양제,cafearticle,"NEW 노르딕 내추럴 펫 오메가-3 오일, 1개, 60ml, 오메가3 비교끝 최종 선택형",http://cafe.naver.com/irebloodmemorykorea/59999,"브랜드 신뢰도가 높아 초보 반려인도 안심하고 꾸준히 사용할 수 있으며, 60ml 소용량이라 월 관리에... 마무리 NEW 노르딕 내추럴 펫 오메가-3 오일은 가성비와 품질의 균형이 돋보이는 영양제예요. 꾸준한 복용으로... ",
소용량 영양제,cafearticle,락피도 징크시럽키즈 스틱 딸기맛 스틱으로 간편하게 아연 챙겨요,http://cafe.naver.com/imsanbu/75422616,역시 어린이 영양제 맛집 락피도 5ml 소용량 스틱형으로 외출 시에도 딱! 아이랑 외출할 때도 가방에 쏙 넣고 다니면 정해진 시간에 바로 뜯어서 먹이기 너무 좋아요. 이지컷 포장이라 아이 앞에서 한 손으로도 슥~ 정량... ,
소용량 영양제,cafearticle,용인 수원 피하수액 어디서 구입해야할까요,http://cafe.naver.com/ilovecat/8163655,유산균 영양제 다 챙겨줘도 몸이 못버텨주나봐요 방금도 옆에서 계속 쓰다듬어주면서 지켜봤는데 낑낑대는... 박스말고 소용량으로 파는 곳도 있을까요?? 학생이라 버스타고 방문해야해서 직접 냥이 데려가는 것도 어려울... ,
소용량 영양제,cafearticle,허피스…약 끊으면 재발하는데 더 해줄 수 있는 관리가 있을까요?,http://cafe.naver.com/ilovecat/8206810,"하지만 영양제만으로는 증상이 크게 호전되지 않아 동네 병원 → 2차 병원 → 지역에서 유명하다는 병원 에서 주사, 네블라이저, 약 처방 등 여러 치료를 받아왔습니다. 약을 먹는 동안에는 증상이 괜찮아지는데, 중단하면... ",
소용량 영양제,cafearticle,스페시픽 독 오메가3 사료 (어덜트) 급여 후기,http://cafe.naver.com/dogpalza/18980337,"스페시픽 사료 한 끼에는 시중 오메가-3 영양제의 평균함량의 2.2배 이상이 들어있어서 하루 영양제 두 알... 1세~ 8세까지 성견용~ 관절건강, 피부 및 피모 개선, 이상 체중 유지,장 건강 도움 소용량(1kg) 포장으로... ",
소용량 영양제,cafearticle,어제 여행 준비 이것 저것 사왔습니다,http://cafe.naver.com/okinawago/554954,아제 퇴근하는길에 동네 다이소매장 들려서 이것 저것 사는김에 여행용으로 쓸만한것도 몇개사왔네요 영양제 두개 사면서 샴푸 린스 바디워시 담을 소용량 케이스 사오고 소용량 폼클렌징도 챙기고요 캬라비나 조그만거... ,
소용량 영양제,cafearticle,설선물세트 추천 TOP10 (받는 사람별 정리),http://cafe.naver.com/goodlifetoc/1069,"2026 설 선물 고르는 3가지 핵심 팁 ✅ 건강과 실속을 동시에 (헬시 플레저) 단순한 영양제보다는 '액상+정제... 2026년 명절 선물 트렌드: '소용량 &amp; 고품질' 1인 가구 타겟: 거래처나 지인 선물 시, 양만 많은 세트보다... ",
소용량 영양제,cafearticle,맞는 사료 찾기 어떻게 하면 될까요?,http://cafe.naver.com/dogpalza/18997120,"어쩔 수 없이 가장 작은 소용량(1.2kg, 1.5kg...)의 사료를 구입해서 테스트를 계속 해봐야하는 걸까요..? 안맞으면 다 버려야하는데... 너무 낭비인거같고... ㅠㅠ 어떻게 하면 맞는 사료를 찾을 수 있을까요? ㅠㅠ 그리고 맞는... ",
소용량 영양제,cafearticle,토끼 영양제,http://cafe.naver.com/edongmu/257586,4개월 정도 된 토끼 영양제 어떤거 먹이면 좋을까요?? 그리고 토끼 간식이랑 건초 집사님들은 어디서 주문하시나요?? 사이트 추천해주세요,
소용량 영양제,cafearticle,"스페시픽 독 어덜트 1kg 오메가3 관절건강, 소화건강 강아지 사료",http://cafe.naver.com/dogpalza/18983857,"관절 건강을 미리 지켜주는 오메가-3 스페시픽 사료 한 끼에는 시중 오메가-3 영양제의 평균 함량(251mg)의... 소용량(1kg) 포장으로, 매일 신선하게 급여할수 있고 소형견,다견 가정 모두에 유용한 합리적인 규격을... ",
소용량 영양제,cafearticle,"키즈미네랄 액상비타민 찾는다면, 메리루스 키즈비타민 리뷰",http://cafe.naver.com/imsanbu/78487332,la/BttMMDs [신규 소용량 출시] 메리루스 나이트타임 미네랄 액상 종합멀티비타민 파인애플맛 마시는 마그네슘 아연 키즈 유아 어린이 성인 영양제 450ml : 센트럴팜 [센트럴팜] 대한민국 대표 건강 쇼핑몰 센트럴팜입니다 vo.la... ,
소용량 영양제,cafearticle,스페시픽 오메가3 사료 실제 급여 후기,http://cafe.naver.com/dogpalza/18981025,"1kg 소용량 포장도 마음에 들었어요. 처음 급여할 때 부담 없고, 오래 두지 않고 신선하게 먹일 수 있어서 좋았습니다. 기호성도 너무좋아서 사료봉투만봐도 빨리달라며 난리예욥ㅎ 총평하자면 ✔ 오메가3 영양제... ",
소용량 영양제,cafearticle,"MRI촬영후 한달, 뇌수두증 척수공동증 치료 일기",http://cafe.naver.com/healingdogcat/1291455,다행히 소용량으로 관리를 해서 피검상 수치도 문제없었고 걱정했던 신장 크레아틴 수치도 식단관리와 영양제를 통해서 1.1-&gt;0.8로 낮아졌어요! 레날어드밴스드 나눔해주신 포지맘님 다시한번 정말 감사드려요❤ 밥은... ,
소용량 영양제,cafearticle,밥 잘 안 먹는 아이 사료 팁 &amp; 약 먹이는 팁 공유해봐요!,http://cafe.naver.com/healingdogcat/1369533,"습식은 대부분 샘플 혹은 소용량만 먼저 구매 가능하니, 샘플 먹여보시고 정하세요 :) - 레시펫 저단저지... 된 영양제인데, 애기가 너무 좋아해서 밥에 뿌려줘보니까 잘 먹더라고요ㅎㅎ; 아직 3일밖에 안됐지만용 아이가... ",
소용량 영양제,cafearticle,핀란드 슈퍼푸드 과채음료 로버츠베리에 야생 빌베리 후기,http://cafe.naver.com/skybluezw4rh/14261496,"그래서 평소 식습관을 조금 더 신경 써보자는 마음으로 단순 영양제보다는 맛있게 섭취할 수 있는 제품을... 높고, 소용량 개별 포장이라 꾸준히 챙기기 편한 베리 과채음료여서 너무 만족스러웠고 다 마시면 또... ",
소용량 영양제,cafearticle,"진료 후 4일차 경과(처방받은 약과 영양제, 소금물) 그리고 잠!!!",http://cafe.naver.com/ketogenic/501932,"안남, 영양제, 진코발정, L- 테아닌 25일: 어지러움, 하루종일 두통, 앞이 잘 안보임, 4시경 카카오매스 두알 기상 후: 유산균, 소금물 아침: 사과, 방울 토마토(영양제, 진코발정) 점심: 치즈고구마무스(약간) 저녁: 삼겹살... ",
소용량 영양제,cafearticle,코스트코 탈모 제품 괜찮나요?,http://cafe.naver.com/goasdqaz/9982,어제 코스트코 갔다가 탈모 관련 제품들을 여러개 봤어요 미녹시딜이랑 비오틴 그리고 각종 영양제들이... 탈모 영양제 종류도 되게 많던데 어떤걸 선택해야할지 잘 모르겠더라구요 비오틴 함량도 제품마다 다 다르고 복합... ,
소용량 영양제,cafearticle,캐츠랑리브레18kg 대박 할인 정보 나눔!,http://cafe.naver.com/ourman/7768,마치 우리 아이가 쑥쑥 키 크는 데 필요한 영양제를 먹는 것과 같달까요? - 소화 흡수율까지 생각했어요... - 경제적인 선택:- 보통 대용량은 소용량보다 단가가 저렴한 경우가 많아요. 이 2.5kg 2개 구성은 품질 좋은 사료를... ,
소용량 영양제,cafearticle,앵무새먹이및 영양제 새장(판매완료),http://cafe.naver.com/baekparrotlove/249160,일단 대표적으로 넥톤 비타민e 대용량1 넥톡영양제 대용량1 넥톤 비타민e영양제 섞어둔것 1 소용량(사용하던거입니다) (사용하던거지만 3분에 2이상 들어있는겁니다.)사진보시면 압니다. 받아보시면 더 많은걸아실거구요.... ,
소용량 영양제,cafearticle,쏜리서치 발레리안 루트 허벌 슬립 서포트 30캡슐 숙면영양제 추천,http://cafe.naver.com/koarane/400698,"[30캡슐 소용량의 장점] 한 달 정도 분량으로 딱 맞춘 용량이라 부담 없이 시작 가능해요. 장기 복용도 좋지만... 숙면 영양제예요. 무엇보다 자연 허브 성분이라 부담 없고, 체감 효과가 꽤 만족스러웠어요. 숙면 루틴에... ",
소용량 영양제,cafearticle,연세두유 고칼슘 검은콩두유 105537개 후기 쌓인 쿠팡추천템,http://cafe.naver.com/koarane/351506,"칼슘 챙겨야 한다는 건 아는데, 매번 영양제 챙겨 드시는 것도 은근 귀찮아하시고요 ㅎㅎ 그래서 부담 없이... ㅎㅎ ───────────────── [*190ml 소용량이라 매일 챙기기 좋음*] 한 팩 용량이 딱 적당해서... ",
소용량 영양제,cafearticle,"오메가3&amp;코큐텐 신규 출시, 미친 가격",http://cafe.naver.com/dogpalza/18900571,"결국 아이 건강을 위해서 필요한 필수 영양제 오메가3더라구요. 저희 브랜드 사료를 급여하시는... 소용량(100mg)으로 정확하게 급여량 조절 가능 멍냥마켓, 몬트라움, 벨칸도코리아에서 만나볼 수 있습니다.... ",
소용량 영양제,cafearticle,평택점 금요일 저녁후기,http://cafe.naver.com/costco12/607206,"이건 오늘 어떤님이 평택점에 소용량 다짐육판다고하셔서 담아온거에요. 순두부찌개, 마파두부, 카레, 떡국... 제 장바구니 ^^ 별거없는데 영양제2통이랑 남편 면도기 담았더니 21만원이에요. 사고싶은거 다 산것도 아닌데... ",
소용량 영양제,cafearticle,"엘크라넬 파는 약국 정보, 구매 후기, 사용 꿀팁 알려주세요!",http://cafe.naver.com/m2school/5093592,"그리고 엘크라넬 약국에서 처음 살 때 소용량을 사야 할지, 아니면 꾸준히 바를 생각으로 대용량을 사는 게 이득일지도 궁금해요. 괜히 큰 거 샀다가 제 두피에 안 맞으면 어쩌나 걱정되기도 하고요. 혹시 실제로... ",
소용량 영양제,cafearticle,창고형약국 약종류 가격 총정리,http://cafe.naver.com/rksghwhantk/1296450,"현장을 직접 둘러보니 감기약부터 영양제까지 종류별로 코너가 잘 구비되어 있고, 가격표도 한눈에 비교할... 작은 소용량 포장이라 3천 원대 체험용으로 사가기 좋았어요. 기타 상비약 그 밖에 메가팩토리 약국에서는... ",
소용량 영양제,cafearticle,(무농약)발효숙성 아로니아분말 샘플 소용량!,http://cafe.naver.com/tlsxh/456188,"축제 참가로 인해 홍보용으로 70g 짜리 아로니아 소용량 분말을 제작하게 되었습니다. 평소에 저희... 만든 영양제를 쓰지 않아 깨끗합니다. 대신 어성초, 자소엽, 도라지, 민들레 등으로 충분한 영양분을... ",
소용량 영양제,cafearticle,헬스트레이너가 추천하는 잠잘오는영양제 후기,http://cafe.naver.com/maplestorynexenkorea/276,다만 개인차가 있을 수 있으니 처음에는 소용량으로 시작해보시는 걸 권해드려요. 저같은 경우는 약 2주 정도 꾸준히 복용하니까 수면 패턴이 안정되더라고요. 잠잘오는영양제를 고민하고 계신 분들께 도움이 되었으면... ,
소용량 영양제,cafearticle,간에 좋은 영양제 밀크씨슬 먹고있어요!,http://cafe.naver.com/foodballmanager/1221329,좋은 영양제 하나 사야겠더라구요 그래서 전부터 간에 좋은 영양제 생각하니 밀크씨슬이 좋다는 말을... 우선 소용량으로 먹어본 후에 이상이 없으면 점차 복용량을 늘려가는 방향으로 하고 있어요 ㅎㅎ 무부형제... ,
소용량 영양제,cafearticle,인대파열로 영양제 추가 섭취 문의,http://cafe.naver.com/kumaqna/3647,안녕하세요 기존에 영양제는 -유산균 -비타민C 소용량 -칼슘 -마그네슘 정도만 먹고있는데요 최근에 발목인대를 다쳐서 쿠마님 블로그 검색해서 관련 영양제들을 섭취리스트에 추가하려고 합니다. 영양제 종류가... ,
소용량 영양제,cafearticle,(무농약)발효시킨 아로니아분말 샘플러 소용량!,http://cafe.naver.com/tlsxh/459193,"지역 축제 참가로 인해, 홍보용으로 70g 짜리 아로니아 소용량 분말을 제작하게 되었습니다. 평소에 저희... 만든 영양제를 쓰지 않아 깨끗합니다. 대신 어성초, 자소엽, 도라지, 민들레 등 약초로 충분한 영양분을... ",
소용량 건기식,news,배민·창고형 약국…건기식 무대 넓어진다,https://n.news.naver.com/mnews/article/011/0004622197?sid=101,대웅제약은 지난해 세븐일레븐과 손잡고 14일분의 소용량 건기식 12종을 3500원 균일가로 출시한 바 있다. 이 같은 제약사들의 약국 밖 유통 확대는 약사 단체의 거센 반발에 부딪혀 왔다. 지난해 2월 다이소에서 건기식... ,
소용량 건기식,news,약국 대신 다이소에서 영양제 쇼핑… 제약사도 가성비 경쟁,https://n.news.naver.com/mnews/article/014/0005521130?sid=103,"1000~5000원대의 소용량 제품은 소비자 진입 장벽을 크게 낮추며, 생활용품 구매 동선 안에서 자연스럽게 건기식을 접하게 만든다. 이 과정에서 충동구매와 재구매가 동시에 발생하는 구조가 형성된다는 설명이다. 또 다른... ",
소용량 건기식,news,"식품업계, 어린이 간식·건기식 신제품 출시",http://www.wsobi.com/news/articleView.html?idxno=311698,"저당 설계(우유식빵, 우유모닝롤 제품에 한함)와 칼슘 함유 등의 영양 요소를 고려하고 어린이의 1회 섭취량에 맞춘 소용량 패키지를 적용했다. 제품은 우유파운드, 순수한 우유식빵, 순수한 우유모닝롤 등 '순수한 우유... ",
소용량 건기식,news,약국 밖으로 나온 제약사들…소용량 건기식 확대,https://www.ajunews.com/view/20260502225701974,3일 업계에 따르면 종근당은 소용량·소포장으로 구성한 '데일리와이즈' 건강기능식품 6종과 구미 7종을... 종근당건강은 건기식 판매 확대에 힘입어 지난해 영업이익 373억원을 기록하며 흑자 전환했다. 대웅제약 역시... ,
소용량 건기식,news,"&quot;진화하는 건기식&quot;…제약업계, 차별화 전략 통할까",https://www.sisaon.co.kr/news/articleView.html?idxno=201039,"△멀티비타민미네랄 △오메가3 △밀크씨슬 등 건기식 6종과 구미 7종으로 구성됐으며, 필요 성분만 담아 소용량·소포장 형태로 출시된 것이 특징이다. 대표 제품인 '멀티비타민미네랄'은 비타민 13종과 미네랄 7종을... ",
소용량 건기식,news,"종근당, 다이소 브랜드 ‘데일리와이즈’ 건기식 13종 출시",https://www.viva100.com/article/20260430500191,종근당 관계자는 “데일리와이즈는 소비자들이 건기식을 매일 부담 없이 챙길 수 있도록 소용량·소포장으로 선보인 제품”이라며 “일상 속 꾸준히 실천할 수 있는 건강 루틴 제품을 위해 합리적인 가격으로... ,
소용량 건기식,news,"&quot;내 몸을 위한 1000원&quot;…종근당, '다이소 건기식' 출시",https://n.news.naver.com/mnews/article/003/0013919126?sid=102,"종근당이 건강기능식품을 매일 부담 없이 챙길 수 있도록 소용량·소포장으로 선보인 건강기능식품을... 데일리와이즈는 '매일의 건강을 위한 현명한 선택'을 의미하는 제품으로, 꼭 필요한 성분만 담아 소용량... ",
소용량 건기식,news,"종근당, 소용량 건기식 '데일리와이즈' 13종 다이소 출시",https://www.thefairnews.co.kr/news/articleView.html?idxno=75842,"종근당은 소용량 건강기능식품 브랜드 '데일리와이즈' 제품군을 다이소에 출시했다고 30일 밝혔다. 이번에... 전반적으로 필요한 성분 위주로 설계하고, 소용량·소포장 형태를 적용해 복용 편의성을 높인 것이 특징이다.... ",
소용량 건기식,news,다이소로 다 모인다,https://n.news.naver.com/mnews/article/082/0001380615?sid=101,"종근당건강 역시 소용량·소포장 전략을 앞세운 건기식 브랜드 '데일리와이즈'를 통해 멀티비타민, 오메가3, 혈당컷다이어트, 코엔자임Q10 등 6종과 구미 영양제 7종을 선보였다. 현재 다이소에 입점한 제약·식품기업의... ",
소용량 건기식,news,유통 다변화 속도 내는 제약사...다이소 입점 확대·신제품 경쟁 가속,https://n.news.naver.com/mnews/article/014/0005521009?sid=103,"1000~5000원대의 소용량 제품은 소비자 진입 장벽을 크게 낮추며, 생활용품 구매 동선 안에서 자연스럽게 건기식을 접하게 만든다. 이 과정에서 충동구매와 재구매가 동시에 발생하는 구조가 형성된다는 설명이다. 또 다른... ",
소용량 건기식,news,"종근당, 다이소 전용 건기식 ‘데일리와이즈’ 출시…소용량·소포장 1...",https://n.news.naver.com/mnews/article/011/0004616280?sid=101,"종근당(185750)이 소용량·소포장 건강기능식품을 앞세운 다이소 전용 브랜드를 출시했다. 종근당은... 데일리와이즈는 ‘매일의 건강을 위한 현명한 선택’을 의미하는 브랜드로, 필수 성분만 담은 소용량 제품으로... ",
소용량 건기식,news,&quot;당신 몸을 위한 1000원&quot;…다이소 향하는 제약사들,https://n.news.naver.com/mnews/article/003/0013953996?sid=102,종근당은 지난달 소용량·소포장으로 선보인 건강기능식품을 다이소에 발매했다. 멀티비타민미네랄... 높은 다이소는 브랜드 노출 장점이 있다&quot;며 &quot;다만 저가용 건기식 시장이 매우 클 것으로 기대하진 않는다&quot;고 말했다．,
소용량 건기식,news,"종근당, 다이소 브랜드 '데일리와이즈' 13종 출시…'가성비 건기식' 공략",https://n.news.naver.com/mnews/article/015/0005281699?sid=105,"데일리와이즈는 '매일의 건강을 위한 현명한 선택'을 의미하는 제품으로, 꼭 필요한 성분만 담아 소용량... 종근당 관계자는 &quot;데일리와이즈는 소비자들이 건강기능식품을 매일 부담 없이 챙길 수 있도록 소용량... ",
소용량 건기식,news,"종근당, 다이소에 소포장 건기식 '데일리와이즈' 13종 출시",https://n.news.naver.com/mnews/article/030/0003423340?sid=102,담아 소용량·소포장으로 구성한 브랜드 '데일리와이즈' 건강기능식품 6종과 구미 7종을 다이소에 출시했다고 30일 밝혔다. 데일리와이즈는 '매일의 건강을 위한 현명한 선택'을 모토로 기획됐다. 건기식 6종은... ,
소용량 건기식,news,"종근당 데일리와이즈, 다이소에 건기식 6종·구미 7종 발매",https://n.news.naver.com/mnews/article/031/0001025896?sid=101,"데일리와이즈는 소용량·소포장을 특징으로, 꼭 필요한 성분만 담은 건강기능식품 브랜드다. 건강기능식품 제품군은 멀티비타민미네랄, 오메가3, 밀크씨슬, 코엔자임Q10, 혈당컷 다이어트(12일분), 리스펙타 유산균... ",
소용량 건기식,news,"종근당, 건기식 '데일리와이즈' 다이소 출시…소용량·소포장 라인업 확...",https://www.insightkorea.co.kr/news/articleView.html?idxno=245698,종근당이 건강기능식품 브랜드 '데일리와이즈'를 다이소에 선보이며 초소용량·소포장 시장 공략에... 종근당 관계자는 &quot;데일리와이즈는 소비자들이 건강기능식품을 매일 부담 없이 챙길 수 있도록 소용량·소포장으로... ,
소용량 건기식,news,"&quot;꾸준히 잘 나가네&quot; … 소포장 건기식, 유통 채널 확산",https://biz.newdaily.co.kr/site/data/html/2026/04/27/2026042700124.html,다이소는 지난해 2월부터 제약회사와 함께 소용량 건기식 판매를 본격화했다. 올해 3월 말을 기준으로 21개 업체에서 100여종의 제품을 판매중이다. 판매 상품도 꾸준히 늘려가고 있다. 이날을 기준으로 홍화씨유가... ,
소용량 건기식,news,"[사볼까]종근당, 다이소 건기식 13종 내놨다…소포장으로 문턱 낮춰",https://www.nspna.com/news/?mode=view&newsid=811570,공급하며 소용량·소포장 시장 공략에 나섰다. 장기간 복용 부담을 낮춘 구성으로 판매 채널을 넓히면서 건기식 소비 접점을 생활용품 유통망까지 확대에 들어간 것. 이번에 선보인 제품은 건강기능식품 6종과 구미... ,
소용량 건기식,news,"&quot;로봇도 화장품도 건기식도 다 판다&quot;…편의점의 변신, 동네 가게 넘어 ...",https://www.industrynews.co.kr/news/articleView.html?idxno=80885,"GS25는 올해 초부터 색조 화장품과 기초 제품을 확대하고 있으며 소용량·휴대형 제품 중심으로 1020 소비층... 있다&quot;며 &quot;건기식과 화장품, 팬덤 콘텐츠까지 확대되는 이유도 고객 방문 빈도를 높이고 체류 시간을 늘리기 위한... ",
소용량 건기식,news,"종근당, 다이소 전용 건기식 브랜드 '데일리와이즈' 13종 출시",https://www.pharmnews.com/news/articleView.html?idxno=303197,종근당(대표 김영주)은 소용량 및 소포장으로 구성된 '데일리와이즈' 건강기능식품 6종과 구미 7종을... 맞춘 소용량 제품군으로 유통 채널 다변화를 모색한다는 방침이다. 종근당 관계자는 &quot;데일리와이즈는... ,
소용량 건기식,news,"종근당, '데일리와이즈' 건기식·구미 13종 다이소 출시",http://www.dailysmart.co.kr/news/articleView.html?idxno=123484,"데일리와이즈는 '매일 실천하는 건강 관리'를 콘셉트로, 필요한 성분만 담은 소용량·소포장 형태로 기획된 것이 특징이다. 이번 출시 라인업은 건강기능식품 6종과 젤리형 구미 7종으로 구성됐다. 건기식 제품군에는... ",
소용량 건기식,news,"종근당, 다이소 브랜드 '데일리와이즈'로 건기식시장 공략",http://www.medisobizanews.com/news/articleView.html?idxno=138039,"데일리와이즈는 '매일의 건강을 위한 현명한 선택'을 의미하는 제품으로, 꼭 필요한 성분만 담아 소용량... 종근당 관계자는 &quot;데일리와이즈는 소비자들이 건강기능식품을 매일 부담 없이 챙길 수 있도록 소용량... ",
소용량 건기식,news,"국내 제약사, '다이소 건기식' 전용 라인업 확대",http://www.bizwnews.com/news/articleView.html?idxno=136076,'매일의 건강을 위한 현명한 선택'을 의미하는 브랜드로 필요한 성분만 담아 소용량·소포장 형태로 구성한... 업계에서는 다이소 등 균일가 생활 유통 채널을 중심으로 건기식을 부담 없이 구매하려는 소비 수요가... ,
소용량 건기식,news,"'식약처인정 질건강유산균 5천원' 종근당, 다이소에 건기식·구미 13종 ...",https://www.catchnews.kr/news/articleView.html?idxno=123413,종근당 관계자는 30일 &quot;데일리와이즈는 소비자들이 건기식을 매일 부담 없이 챙길 수 있도록 소용량·소포장으로 선보인 제품&quot;이라며 &quot;일상 속 꾸준히 실천할 수 있는 건강 루틴 제품을 위해 합리적인 가격으로... ,
소용량 건기식,news,"[트렌드] 건기식, '보약'에서 '스낵'으로… 문턱 낮춘 유통업계",https://www.onews.tv/news/articleView.html?idxno=279582,"과거 특유의 쓴맛과 대용량 포장, 높은 가격대로 인해 진입 장벽이 높았던 건기식 시장이 최근 제형... 제품을 소용량 파우치에 담아 휴대성을 높였다. 함께 출시된 '데일리 케어 구미' 7종은 글루타치온, 포스트바이오틱스... ",
소용량 건기식,news,종근당·유한양행·대웅제약 등 제약사들 다이소 건기식 진출 러시,http://www.consumernews.co.kr/news/articleView.html?idxno=755090,종근당 관계자는 &quot;데일리와이즈는 소비자들이 건강기능식품을 매일 부담 없이 챙길 수 있도록 소용량·소포장으로 선보인 제품&quot;이라며 &quot;일상 속 꾸준히 실천할 수 있는 건강 루틴 제품을 선보였다&quot;고 말했다.종근당... ,
소용량 건기식,news,"종근당, 다이소서 데일리와이즈 건기식 6종·데일리 케어 구미 등 선봬",https://www.cstimes.com/news/articleView.html?idxno=704048,"데일리와이즈 건강기능식품 6종은 반드시 필요한 핵심성분만 함유한 제품으로, 소용량 및 콤팩트한 사이즈로 구성됐다. 멀티비타민미네랄을 비롯해 △오메가3 △밀크씨슬 △코엔자임Q10 △혈당컷 다이어트 △리스펙타... ",
소용량 건기식,news,"종근당, 다이소 건기식 브랜드 '데일리와이즈' 13종 선봬",https://www.megaeconomy.co.kr/news/newsview.php?ncode=1065607622693064,담아 소용량·소포장으로 구성한 것이 특징이다. ‘멀티비타민미네랄’과 ‘혈행건강 초임계 알티지... 종근당 관계자는 &quot;데일리와이즈는 소비자들이 건강기능식품을 매일 부담 없이 챙길 수 있도록 소용량... ,
소용량 건기식,news,건기식 ‘섭취편의성’ 대세…파우더·구미·젤리 잇단 출시,https://www.g-enews.com/view.php?ud=202604301347062197b065b72042_1,"종근당과 동아제약, HK이노엔 등 주요 제약사들은 소용량·구미·구강용해 파우더 등 다양한 제형 혁신을... 데일리와이즈는 '매일의 건강을 위한 현명한 선택'을 의미하는 제품으로 꼭 필요한 성분만 담아 소용량과... ",
소용량 건기식,news,"종근당, 다이소전용 건기식 '데일리와이즈' 13종 출시",http://www.medical-tribune.co.kr/news/articleView.html?idxno=213781,"종근당(대표 김영주)이 소용량·소포장 브랜드 '데일리와이즈'의 건강기능식품 6종과 구미 7종을 다이소에 출시했다고 30일 밝혔다. 이들 제품은 멀티비타민, 오메가3 등 건기식 6종과 휴대성을 높인 구미 7종으로... ",
소용량 건기식,news,"&quot;40일분 크레아틴 5000원&quot;…다이소, 헬스보충제로도 영역 확장",https://n.news.naver.com/mnews/article/421/0008925722?sid=101,"대용량 중심의 크레아틴 제품을 소용량으로 줄여 가격 진입장벽을 낮춘 것이 특징이다. 업계 관계자는 &quot;다이소가 저가 건기식에서 시작해 다이어트 보조제, 헬스보충제까지 상품군을 넓히면서 건강식품 경쟁도 한층... ",
소용량 건기식,news,고물가에 판이 바뀌었다...약국 대신 다이소 향하는 제약사들,https://www.ebn.co.kr/news/articleView.html?idxno=1709365,"◆가성비 헬스케어 수요 확대…건기식 제품 인기 지난해 2월 종근당. 대웅제약, 일양약품 3곳이 다이소에서... 다이소 판매 제품은 주로 1개월분 소용량 형태로 구성됐으며, 전국 1500여개 매장을 기반으로 한 대량 판매... ",
소용량 건기식,news,"종근당, 다이소 전용 '데일리와이즈' 출시... 건기식 문턱 낮춘다",https://www.pointe.co.kr/news/articleView.html?idxno=79000,소용량과 합리적인 가격을 앞세워 소비자들이 일상에서 부담 없이 건강을 관리할 수 있는 새로운 루틴을... 소용량 제품인 만큼 여행이나 출장 시 휴대하기 편리하다는 점도 강점으로 꼽힌다. 해당 제품은 전국 다이소... ,
소용량 건기식,news,국내 제약사 다이소로 집결…가심비 소비 '공략',https://www.cstimes.com/news/articleView.html?idxno=704257,"종근당 측은 데일리와이즈란 '매일의 건강을 위한 현명한 선택'이란 뜻을 내포한 제품으로, 반드시 필요한 핵심 성분만 함유하고 소용량 및 콤팩트한 사이즈로 기획했다고 설명했다. 데일리와이즈 건기식 6종은... ",
소용량 건기식,news,"&quot;소용량·초저가 전략&quot;... 종근당, 다이소 전용 건기식 '데일리와이즈'...",http://www.thefirstmedia.net/news/articleView.html?idxno=198966,"그동안 건기식 시장은 약국, 온라인 중심의 중고가 제품이 주류였지만, 다이소 유통망을 활용한 이번 전략은 소비 접근성을 크게 낮췄다는 점에서 의미가 있다. 특히 1,000~5,000원대 가격대와 소용량 구성은 '체험형 소비... ",
소용량 건기식,news,"종근당, 건기식 브랜드 '데일리와이즈' 13종 다이소 출시",https://www.slist.kr/news/articleView.html?idxno=735945,"사진=종근당 데일리와이즈는 '매일의 건강을 위한 현명한 선택'을 의미하는 제품으로, 꼭 필요한 성분만 담아 소용량·소포장으로 구성한 것이 특징이다. 멀티비타민미네랄·오메가3·밀크씨슬·코엔자임Q10·혈당컷... ",
소용량 건기식,news,올영·편의점에 배민까지… '소용량 건기식' 경쟁 치열,https://it.chosun.com/news/articleView.html?idxno=2023092157156,GS25는 2025년 8월 소용량 건기식 판매를 시작한 이후 전국 5000여개 점포를 특화 매장으로 운영 중이다. CU는 종근당·동화약품과 협업해 20여 종을 6000여 개 점포에서 판매하고 있다. 세븐일레븐도 대웅제약과 협력해... ,
소용량 건기식,news,"&quot;5000원도 비싸&quot;…세븐일레븐, 3000원대 소용량 건기식 출시",http://www.smedaily.co.kr/news/articleView.html?idxno=344213,"최근 다이소 등 다양한 유통채널에서 저가·소용량 건기식 판매가 돌풍을 일으키고 있는 가운데, 편의점도 경쟁에 뛰어드는 모양새다. 세븐일레븐은 대웅제약과 손잡고 '2주(Two weeks) 건강습관 프로젝트'를 통해 전국... ",
소용량 건기식,news,대학가 매출 '쑥'…20대 건기식 입문지된 편의점,https://n.news.naver.com/mnews/article/018/0006246704?sid=101,"하지만 지난해 하반기부터 편의점들이 제약사들과 손잡고 건기식 소용량 제품을 보다 낮은 가격대에 선보이기 시작하면서, 소비자 접근성이 높아지고 있다. GS25는 1주~1개월 분의 소용량 건기식 패키지를 5000원... ",
소용량 건기식,news,편의점 효자 상품은 '디저트·뷰티·건기식',https://n.news.naver.com/mnews/article/009/0005651633?sid=103,"GS25에서는 지난해 8월 정식 출시한 소용량 건기식이 4개월 만에 100만개 넘게 팔리기도 했다. 이 회사 관계자는 &quot;5000대원 이하 소용량, 소포장으로 구성된 건기식이 1인 가구에게 인기가 높아 추후 다양한 상품군을 지속... ",
소용량 건기식,news,"CU, 건기식 판매매장 1만개까지 늘린다…“웰니스 시장 공략 ”",https://n.news.naver.com/mnews/article/030/0003410352?sid=101,"GS25는 지난해 8월부터 소용량 건기식 판매를 본격화한 후 현재 5000여개 매장에서 30여종 제품을 판매 중이다. 편의점업계뿐 아니라 다이소 등까지 오프라인 건기식 판매 채널 경쟁이 치열한 가운데, CU는 적극적인 판매... ",
소용량 건기식,news,'나도 이제 먹어볼까'…편의점 소용량 건기식 '열풍',https://www.cstimes.com/news/articleView.html?idxno=670112,GS25에서 판매 중인 제약사 건기식 제품 [사진=연합뉴스] 컨슈머타임스=김예령 기자 | 올해 초 저가로 출시돼 주목받은 '다이소 건기식'에 이어 최근 제약사들이 편의점을 중심으로 소용량 건강기능식품(이하 건기식)을... ,
소용량 건기식,news,"다이소 이어 배민까지…배민B마트, 5000원 건기식 출시",https://n.news.naver.com/mnews/article/015/0005250708?sid=101,다이소와 편의점이 주도하던 소용량 가성비 건기식 시장에 뛰어든 것이다. 배달의민족은 동아제약과 손잡고 '5000원 필수 영양제 4종'을 배민B마트에서 출시한다고 12일 밝혔다. 제품은 △멀티비타민 △루테인지아잔틴... ,
소용량 건기식,news,[New &amp; Good] 편의점도 건기식 시장 본격 진출…CU·GS25서 소용량 판다,https://n.news.naver.com/mnews/article/469/0000878464?sid=101,"다이소에서 소용량 건기식 제품이 잘 팔리자 편의점도 건기식 시장에 뛰어들었다. CU 운영사인 BGF리테일은 전국 6,000여 개 점포에서 제약사인 종근당, 동화약품과 협업해 만든 총 11종의 건기식 제품을 선보인다고... ",
소용량 건기식,news,"생활 필수품 자리잡은 건기식, 마트·편의점 캐시카우로 뜬다",https://n.news.naver.com/mnews/article/014/0005472822?sid=101,"GS25는 지난해 8월 소용량 건기식 판매를 본격화한 이후 4개월 만에 누적 판매량이 100만개를 돌파했다. 8월 대비 12월 건기식 매출도 15.0% 증가했다. 특히 젤리형, 스틱형 등 간편하게 섭취할 수 있는 형태의 제품이 신규... ",
소용량 건기식,news,“초저가 뷰티·건기식 경쟁 치열해진다”…다이소 이어 무신사·올리브...,https://n.news.naver.com/mnews/article/009/0005634686?sid=101,GS25는 지난해 8월부터 5000원 이하 소용량 건기식 판매를 본격화한 이후 전국 5000여 개 매장을 건기식 특화 매장으로 운영하고 있다. CU는 종근당·동화약품 등과 협업한 20여 종의 차별화 건기식 상품을 6000여 개... ,
소용량 건기식,news,"네이처가든, 다이소·편의점 이어 대형 약국까지… 가성비 건기식 유통...",https://n.news.naver.com/mnews/article/018/0006221845?sid=101,"다이소와 편의점 건기식은 소용량·저가 구성을 앞세워 진입 장벽을 낮췄고, 창고형 할인 플랫폼은 대용량·묶음 판매를 통해 장기 복용 수요를 흡수하고 있다. 동일한 가성비 기조 속에서 채널별 역할이 분화되는... ",
소용량 건기식,news,"CU, 건기식 판매 시작…“소용량·고품질·합리적 상품 선보일 것”",https://n.news.naver.com/mnews/article/138/0002201499?sid=101,"회사는 이번 신상품들을 시작으로 향후 다양한 제약사, 건강식품 전문기업 등과 손잡고 소용량, 고품질, 합리적 가격의 건기식을 지속적으로 선보이려 한다고 밝혔다. 박형규 BGF리테일 가공식품팀 MD는 “CU는 앞으로... ",
소용량 건기식,news,편의점에서 '건기식' 챙긴다 … 소용량·가성비로 승부,https://biz.newdaily.co.kr/site/data/html/2025/07/24/2025072400075.html,편의점 내 건강 관련 식품 수요가 급증하면서 소용량·가성비 상품으로 일상적 소비를 유도한다는... CU도 이달부터 건기식 판매를 본격 추진하는 등 건기식 판매전에 참전한다. CU는 올해 초부터 가맹점주들을... ,
소용량 건기식,news,"배민, ‘5000원 영양제’로 건기식 시장 도전",https://n.news.naver.com/mnews/article/020/0003697300?sid=101,GS25는 지난해 8월부터 5000원 이하 소용량 건기식 판매를 본격화했다. 현재 전국 5000여 개 매장을 건기식 특화 매장으로 운영하고 있다. CU는 종근당·동화약품 등과 협업한 20여 종의 차별화 건기식 상품을 6000여 개... ,
소용량 건기식,news,[건강을 파는 시대] (하) 일상으로 들어온 건기식,http://www.metroseoul.co.kr/article/20260120500418,"GS25도 같은해 8월부터 5000원 이하 소용량 건기식 전개를 강화했고, 10월 기준 누적 판매량 80만개를 넘어 월말 100만개를 돌파했다. 현재 전국 5000여 개 매장이 인허가를 취득해 30여 종을 운영 중이다. CU도 전국 6000여... ",
소용량 건기식,news,"약국 잡는 편의점, 10조 건기식 시장 삼킨다",http://www.hansbiz.co.kr/news/articleView.html?idxno=807834,"GS25는 지난해 8월부터 소용량 건기식 판매를 본격화한 이후 4개월 만에 누적 판매량 100만 개를 돌파했다. 현재 전국 5000여 개 매장에서 건기식 제품을 운영 중이며, 삼진제약, 종근당, 동화약품, 종근당건강, RU21... ",
소용량 건기식,news,"편의점 CU, 소용량·가성비 건기식 판매로 헬스케어 시장 공략",https://www.joongangenews.com/news/articleView.html?idxno=438631,"CU는 28일부터 종근당, 동화약품 등과 협업한 건기식 11종을 출시했다. 여성 건강, 눈 건강, 피로 회복 등 다양한 기능을 갖춘 제품으로 구성됐으며, 전 제품이 5000원 이하, 10일 치 소용량 패키지다. 건강에 대한... ",
소용량 건기식,news,"대웅제약ㆍ프리마인드, 미국 바이오텍 '제너럴 프록시미티'에 전략적 투...",http://www.newsmp.com/news/articleView.html?idxno=252996,"담아 소용량·소포장으로 구성한 것이 특징이다. 멀티비타민미네랄ㆍ오메가3ㆍ밀크씨슬ㆍ코엔자임Q10ㆍ혈... ◇휴온스엔, 100% 종속회사 바이오로제트 흡수합병 ▲ 휴온스엔은 30일, 건기식 제조 전문 기업... ",
소용량 건기식,news,"GS25, 日 젤리형 건기식 도입…“맛있는 건기식 대중화”",https://n.news.naver.com/mnews/article/016/0002591113?sid=101,"GS25는 지난해 8월부터 5000원 이하 소용량 건기식을 중심으로 건강 카테고리를 확장하고 있다. 현재 5000여개 매장에서 건기식 인허가를 취득, 총 30여종의 상품을 운영 중이다. 4분기 건기식 구매 고객 데이터를... ",
소용량 건기식,news,"GS25, 일본 인기 '젤리형 건기식' 단독 론칭...&quot;맛있는 건기식 대중화 앞...",http://www.popcornnews.net/news/articleView.html?idxno=109584,한편 GS25는 2025년 8월부터 5000원 이하 소용량 건기식 상품을 중심으로 건강 카테고리를 확장하고 있다. 현재 전국 5000여 개 GS25 매장이 건기식 인허가를 취득해 총 30여 종의 상품을 운영 중이다. GS25가 2025년 4분기... ,
소용량 건기식,news,"GS25, 日 젤리형 건기식 'UHA 미카쿠토 구미서플리' 출시",https://www.straightnews.co.kr/news/articleView.html?idxno=293083,GS25는 지난해 8월부터 5000원 이하 소용량 건기식 상품을 중심으로 건강 카테고리를 확장하고 있다. 현재 전국 5000여개 GS25 매장이 건기식 인허가를 취득해 총 30여 종의 상품을 운영 중이다. [스트레이트뉴스 ],
소용량 건기식,news,[기획] &quot;남녀노소 건강 최우선&quot;…건기식이 뜬다,http://www.m-i.kr/news/articleView.html?idxno=1328386,"GS25는 지난해 8월부터 전국 5000여개 점포를 활용해 주로 5000원 이하 소용량 건기식을 본격 판매하기 시작했다. 이달에는 써큐란 알파, 비에날씬 다이어트프로틴, 멀티비타민 이문샷 등 건강기능식품 전 상품 대상 1... ",
소용량 건기식,news,건기식부터 의류까지…편의점의 다이소化 가속,https://www.ebn.co.kr/news/articleView.html?idxno=1688781,GS25도 지난 8월부터 5000원 이하 소용량 건기식을 선보이고 있다. 5000여개 점포에서 총 30여종을 운영 중이다. 이 중 500여개 매장은 '건기식 특화 매장'으로 꾸며졌다. GS25의 누적 건기식 판매량은 이미 80만개를... ,
소용량 건기식,news,&quot;다이소에서 5000원에 부담없이 시작해요&quot; 요즘 MZ들의 건기식 복용법,https://n.news.naver.com/mnews/article/277/0005676417?sid=103,"2030 저가·소용량 건기식 구매 경험 많아 다만 20·30대의 구매 경험률이 다른 연령층 대비 높게 나타났는데(20대 24.5%, 30대 21.0%, 40대 8.0%, 50대 11.5%, 60대 10.5%), 이는 가격 면에서 부담 없이 시도할 수 있다는 점에서... ",
소용량 건기식,news,"세븐일레븐, 3000원대 '투윅스 건기식' 론칭…편의점, 건강관리 거점으...",http://www.m-i.kr/news/articleView.html?idxno=1304781,"편의점 채널에서 접근성 높은 소용량 건기식을 선보이며 '생활형 건강 플랫폼' 전략을 강화하는 모습이다. 세븐일레븐은 국내 제약사 대웅제약과 협업해 '2주( Two Weeks) 건강습관 프로젝트'를 론칭하고, 전국 3000여... ",
소용량 건기식,news,"[헬스 이모저모] 휴온스엔 &quot;100% 종속회사 바이오로제트 흡수합병&quot;, 종근...",http://www.bizwnews.com/news/articleView.html?idxno=135542,"휴온스엔은 최근 건기식 제조 전문 기업 바이오로제트를 흡수합병하는 계약을 체결했다고 4일 밝혔다.... 사진=종근당 ◆종근당, 다이소 브랜드 '데일리와이즈' 13종 출시 종근당(대표 김영주)이 소용량·소포장... ",
소용량 건기식,news,&quot;한 푼이라도 싸야 산다&quot;… 건기식·뷰티 '가격 전쟁',https://www.asiatime.co.kr/article/20251126500276,이에 앞서 다이소는 올해 2월 안국약품·동국제약 등과 협업해 5000원 이하 소용량 건기식 제품을 내놓으면서 품절 사태를 빚기도 했다. 건강기능식품과 함께 편의점·다이소 등에서 '가성비' 제품으로 떠오르고 있는... ,
소용량 건기식,news,세븐일레븐 '2주 건강습관 프로젝트'…3천원대 건기식 12종 출시,https://www.newscj.com/news/articleView.html?idxno=3341697,"세븐일레븐,건강습관,건기식,투윅스,비타민,프로바이오틱스,루테인,밀크씨슬,마그네슘,멀티비타민,대웅제약,편의점상품,소용량건기식,3500원,2주프로젝트,가성비건강,편의점건강,BC카드할인,영양제,편의점트렌드",
소용량 건기식,news,GS25 &quot;건기식 누적 판매량 80만개 돌파&quot;,https://n.news.naver.com/mnews/article/031/0000972997?sid=101,GS25는 지난 8월부터 5000원 이하 소용량 '건기식' 상품군을 전개하고 있다. 현재 전국 5000여 개 GS25 매장이 '건기식' 인허가를 취득해 총 30여 종의 상품을 운영하고 있다 이 중 500여 점포는 '건기식 특화 매장'으로... ,
소용량 건기식,news,&quot;건강관리도 장보기처럼&quot;…셀프케어 시장 노리는 유통가,https://n.news.naver.com/mnews/article/003/0013825295?sid=101,"세븐일레븐은 대웅제약과 협력해 '2주 건강습관 프로젝트'를 진행하며 저가 건기식을 일정 기간 체험할 수 있도록 구성했다. 14일분 소용량 건강기능식품을 3500원 가격에 선보였으며 비타민, 오메가3, 밀크씨슬, 루테인... ",
소용량 건기식,news,편의점서 흥행가도 달리는 '건기식'···라인업 확장 가속,http://www.todaykorea.co.kr/news/articleView.html?idxno=335526,"전국 5000여개 점포에서 30여종의 가성비·소용량 건기식 제품을 판매하고 있는 것으로 알려졌다. 연령대별 구매 품목은 다양했다. 10~20대는 단백질 쉐이크 등 '이너 뷰티' 제품을, 30~40대는 피로 개선과 간 건강 관련... ",
소용량 건기식,news,편의점 '효자템' 건기식...라인업 확장 가속,https://www.dnews.co.kr/uhtml/view.jsp?idxno=202510191214448940167,GS25는 지난 8월부터 5000원 이하 소용량 건기식을 판매하고 있다. 현재 전국 5000여개 매장에서 인허가를 취득해 총 30여종의 상품을 운영 중이다. 이 가운데 500여개 점포는 특화 매장으로 꾸며 관련 상품으로 구성된... ,
소용량 건기식,news,"GS25, '건기식' 흥행 가도…누적 판매량 80만개 돌파",https://mdtoday.co.kr/news/view/1065595628645740,실제로 GS25는 지난 8월부터 5000원 이하 소용량 건기식 상품군을 중점적으로 전개하고 있다. 현재 전국 5000여개 GS25 매장이 건기식 인허가를 취득해 총 30여 종의 상품을 운영하고 있다 이 중 500여 점포는 건기식 특화... ,
소용량 건기식,news,"K건기식, 세계까지 씹어먹다",https://n.news.naver.com/mnews/article/005/0001812622?sid=103,5000원 이하 소용량 건기식 상품 판매를 시작한 지 약 석 달 만이다. GS25 관계자는 “‘한국 여행 기념품’으로 구매하는 경우가 많은 것으로 보인다”고 말했다. 틱톡 등 소셜 미디어에서는 K웰니스 관련 영상이 수만... ,
소용량 건기식,news,"GS25 '건기식', 밀리언셀러 눈앞…근거리·맞춤형 전략 통했다",https://www.asiatoday.co.kr/view.php?key=20251019010006194,"실제로 GS25는 지난 8월부터 5000원 이하 소용량 건기식 상품군을 중점적으로 전개하고 있으며, 현재 전국 5000여개 매장이 건기식 인허가를 취득해 총 30여 종의 상품을 운영 중이다. 이 중 500여 점포는 건기식과 건강... ",
소용량 건기식,news,"10대부터 60대까지… GS25 건기식, 석달새 밀리언셀러 '눈앞'",https://n.news.naver.com/mnews/article/293/0000073725?sid=101,실제로 GS25는 지난 8월부터 5000원 이하 소용량 '건기식' 상품군을 중점적으로 전개하고 있다. 현재 전국 5000여 개 GS25 매장이 '건기식' 인허가를 취득해 총 30여 종의 상품을 운영하고 있다. 이 중 500여 점포는 '건기식... ,
소용량 건기식,news,"GS25, ‘건기식’ 누적 판매량 80만개 돌파 … &quot;구매 편의성∙가성비가...",https://biz.newdaily.co.kr/site/data/html/2025/10/19/2025101900036.html,실제로 GS25는 지난 8월부터 5000원 이하 소용량 ‘건기식’ 상품군을 중점적으로 전개하고 있다. 현재 전국 5000여개 GS25 매장이 ‘건기식’ 인허가를 취득해 총 30여 종의 상품을 운영하고 있다. 이 중 500여 점포는... ,
소용량 건기식,news,"흥행가도 달리는 편의점 '건기식'…GS25, 누적 판매량 80만개 돌파",https://n.news.naver.com/mnews/article/629/0000435151?sid=101,실제로 GS25는 지난 8월부터 5000원 이하 소용량 건기식 상품군을 중점적으로 전개하고 있다. 현재 전국 5000여 개 GS25 매장이 건기식 인허가를 취득해 총 30여 종의 상품을 운영하고 있다 이 중 500여 점포는 건기식 특화... ,
소용량 건기식,news,"GS25, '건기식' 판매량 80만개 돌파…판매량 1위는 '비타민'",https://www.getnews.co.kr/news/articleView.html?idxno=845003,실제로 GS25는 지난 8월부터 5000원 이하 소용량 '건기식' 상품군을 중점적으로 전개하고 있다. 현재 전국 5000여개 GS25 매장이 '건기식' 인허가를 취득해 총 30여종의 상품을 운영하고 있다. 이중 500여 점포는 '건기식 특화... ,
소용량 건기식,news,"GS25, ‘건기식’ 누적 판매량 80만개 돌파",https://n.news.naver.com/mnews/article/366/0001115573?sid=101,실제로 GS25는 지난 8월부터 5000원 이하 소용량 건기식 상품군을 중점적으로 전개하고 있다. 현재 전국 5000여개 GS25 매장이 건기식 인허가를 취득해 총 30여종의 상품을 운영하고 있다. 이 중 500여 점포는 건기식 특화... ,
소용량 건기식,news,"GS25, '건기식' 누적 판매량 80만개…밀리언셀러 등극 눈앞",https://n.news.naver.com/mnews/article/119/0003014002?sid=101,실제로 GS25는 지난 8월부터 5000원 이하 소용량 건기식 상품군을 중점적으로 전개하고 있다. 현재 전국 5000여개 GS25 매장이 건기식 인허가를 취득해 총 30여종의 상품을 운영하고 있다. 이 중 500여 점포는 건기식 특화... ,
소용량 건기식,news,"GS25, 건기식 플랫폼 자리매김…3개월 만에 80만개",http://www.shinailbo.co.kr/news/articleView.html?idxno=2131360,실제 GS25는 지난 8월부터 5000원 이하 소용량 건기식 상품군을 중점적으로 전개하고 있다. 현재 전국 5000여개 GS25 매장이 건기식 인허가를 취득해 총 30여종의 상품을 운영하고 있다. 이 중 500여 점포는 ‘건기식 특화... ,
소용량 건기식,news,&quot;손쉽게 챙기는 건강&quot;...건기식 판매량 100만개 앞둔 GS25,https://www.wolyo.co.kr/news/articleView.html?idxno=302635,실제로 GS25는 지난 8월부터 5000원 이하 소용량 '건기식' 상품군을 중점적으로 전개하고 있다. 현재 전국 5000여 개 GS25 매장이 '건기식' 인허가를 취득해 총 30여 종의 상품을 운영 중이다. 이 중 500여 점포는 '건기식 특화... ,
소용량 건기식,news,"GS25, 건기식 흥행질주…'밀리언셀러' 등극 눈앞",https://www.slist.kr/news/articleView.html?idxno=686401,실제 GS25는 지난 8월부터 5000원 이하 소용량 '건기식' 상품군을 중점적으로 전개하고 있다. 현재 전국 5000여 개 GS25 매장이 '건기식' 인허가를 취득해 총 30여 종의 상품을 운영하고 있다 이 중 500여 점포는 '건기식 특화... ,
소용량 건기식,news,“2030 여자 손님이 제일 좋아요”...편의점 사장님들이 반기는 이유는,https://n.news.naver.com/mnews/article/009/0005651789?sid=103,"GS25에서는 지난해 8월 정식 출시한 소용량 건기식이 4개월 만에 100만개 넘게 팔리기도 했다. 이 회사 관계자는 “5000대원 이하 소용량, 소포장으로 구성된 건기식이 1인 가구에게 인기가 높아 추후 다양한 상품군을... ",
소용량 건기식,news,[유통통] 유통업계 새로운 격전지로 떠오른 ‘웰니스 시장’,https://www.cnbnews.com/news/article.html?no=781731,"지난해 8월 소용량 건기식을 본격 판매한 이후 4개월 만에 누적 판매량 100만 개를 돌파했다. GS25는 1인 가구, 연령·계절별, 다이어트·피부 등 다양한 맞춤형 상품군을 확대 운영하고 있다. 지난 1월 맛과 편의성을... ",
소용량 건기식,news,건기식 '소포장 전략' 통했다…석 달만에 매출 19배 쑥,https://n.news.naver.com/mnews/article/011/0004538614?sid=101,"hy 관계자는 “소용량 패키지 건기식의 확산은 단순한 유통 채널의 변화가 아니라 건기식 시장의 성격이 달라지고 있음을 의미한다”며 “앞으로도 진입 장벽을 완화해 신규 고객을 시장 안으로 끌어들이고, 탐색적... ",
소용량 건기식,news,석달새 매출 19배…'소포장 건기식' 잘 나가네,https://n.news.naver.com/mnews/article/011/0004538519?sid=101,"hy 관계자는 “소용량 패키지 건기식의 확산은 단순한 유통 채널의 변화가 아니라 건기식 시장의 성격이 달라지고 있음을 의미한다”며 “앞으로도 진입 장벽을 완화해 신규 고객을 시장 안으로 끌어들이고, 탐색적... ",
소용량 건기식,news,알약 건기식? 젤리로 간식처럼!… MZ세대 ‘이너뷰티’ 취향 저격한 유...,http://www.segyebiz.com/newsView/20251026507477?OutUrl=naver,"편의점 건기식은 특히 소용량·소포장 구성이 특징으로, 기존 대용량·고가 건기식보다 부담이 적고 테스트 구매 수요에도 적합해 입문형 소비자를 노린 타깃 전략이 주효했다는 분석이다.",
소용량 건기식,news,'젤·샷으로 챙긴다'…MZ세대 사로잡은 간편형 건기식 열풍,http://www.hansbiz.co.kr/news/articleView.html?idxno=785786,"편의점 건기식은 특히 소용량·소포장 구성이 특징으로, 기존 대용량·고가 건기식보다 부담이 적고 테스트 구매 수요에도 적합해 '입문형 소비자' 타깃 전략이 주효했다는 분석이다. GS25는 연령별 건기식 선호... ",
소용량 건기식,news,"GS25, 건기식 누적 판매량 80만개 돌파",https://www.etoday.co.kr/news/view/2516080,회사는 8월부터 5000원 이하 소용량 건기식 상품군을 중점적으로 전개하고 있다. 현재 전국 5000여 개 매장에서 건기식 인허가를 취득해 총 30여 종 상품을 운영 중이다. 이 가운데 500여 개 점포는 건기식 특화... ,
소용량 건기식,news,“건기식을 다이소·편의점서 간식처럼”…적은 용량·저가 승부수,https://n.news.naver.com/mnews/article/028/0002764160?sid=101,이전까지는 약국·홈쇼핑·온라인 등 제한적인 채널에서 대용량으로 판매됐던 건기식이 소용량·저가에 판매되며 더 대중적으로 유통되면서 소비자의 접근성이 커진 모양새다. 주요 유통업체들이 앞다퉈 시장에... ,
소용량 건기식,news,"[기획] 다이소發 변화…건기식, 이제 편의점서도 산다",http://www.sisafocus.co.kr/news/articleView.html?idxno=344632,"편의점 업계도 제약업계와 협업해 소용량, 균일가 건기식 판매에 돌입했다. ⓒ시사포커스DB 건강기능식품(이하 건기식) 유통 채널이 약국에서 유통기업으로 점차 넓어지고 있다. 올해 다이소가 건기식 판매를 시작한... ",
소용량 건기식,news,"편의점업계, 5천원 건기식·3천원 뷰티제품 경쟁 가속화",https://n.news.naver.com/mnews/article/001/0015570383?sid=101,"업계 관계자는 &quot;편의점은 접근성이 좋기 때문에 소용량·가성비 건기식, 화장품 판매 채널로 적합하다&quot;며 &quot;업황 둔화가 이어지는 만큼 신선식품은 물론이고 비식품 분야를 강화해 매출을 늘려가고자 한다&quot;고 말했다.",
소용량 건기식,news,"저가와 소포장으로 시장공략…제약街, 편의점 건기식 승부수",http://theviewers.co.kr/View.aspx?No=3740562,이들 편의점 건기식의 공통점은 소용량 패키지와 3000~5000원대의 합리적인 가격이다. 제약사들은 편의점의 높은 접근성을 활용해 소비자 접점을 확대하고 매출 증대와 함께 대용량 구매 전 시험 소비 수요까지... ,
소용량 건기식,news,편의점·다이소 '가성비 건기식' 인기…이유보니,https://n.news.naver.com/mnews/article/018/0006089079?sid=101,치솟는 물가로 인해 건기식 구입 비용이 만만치 않자 부담없이 소용량 건기식 제품으로 눈길을 돌린다는 것이다. 여기에 건기식도 기능식품이다 보니 몸에 맞지 않는 상황에 대비해 테스트 삼아 먹어보고 싶은... ,
소용량 건기식,news,“계산대 옆 비타민”…유통가 ‘건강코너’ 확대가 만든 일상 [영양제...,https://www.kukinews.com/article/view/kuk202601260116,"GS25는 지난해 8월부터 5000원 이하 소용량 건기식 상품을 중심으로 건강 카테고리를 확대하고 있으며, 현재 전국 5000여개 매장이 건기식 인허가를 취득해 약 30종의 상품을 운영 중이다. CU도 지난해 7월 28일부터... ",
소용량 건기식,news,"다이소發 ‘가성비 건기식’ 전쟁, GS25·CU 등 편의점까지 번졌다",https://www.ceoscoredaily.com/page/view/2025080110471633794,"운영사인 BGF리테일은 종근당, 동화약품과 협업해 총 11종의 소용량 건기식을 선보였다. 종근당 제품은 ‘건강프로젝트 365’ 브랜드로 출시됐으며, 루테인, 프로바이오틱스, 칼슘·마그네슘 등으로 구성된 9종 제품이... ",
소용량 건기식,news,"“하루 500원으로 건강 챙긴다”…CU, 건기식 시장 본격 진출",https://n.news.naver.com/mnews/article/022/0004056773?sid=101,연간 7조원 규모로 성장한 국내 건기식 시장에 ‘소용량·가성비’ 전략을 앞세워 도전장을 내밀었다. BGF리테일 3일 업계에 따르면 CU는 전국 6000개 점포의 건기식 판매 인허가를 완료하고 지난 28일부터 본격적인... ,
소용량 건기식,news,다이소 이어 편의점까지…'5000원 건기식' 가격·접근성으로 승부,https://www.ajunews.com/view/20250801142319065,이 같은 소용량 건기식 유통은 올해 초 다이소가 시동을 걸면서 본격화됐다. 다이소는 지난 2월 건기식 판매를 시작해 현재 전국 1576개 점포 중 약 700곳에서 50여종의 제품을 판매하고 있다. 이를 계기로 건기식... ,
소용량 건기식,news,CU·GS25 건기식 전면전...다이소 아성에 편의점 '도전장',https://www.joongangenews.com/news/articleView.html?idxno=438897,"[사진=BGF리테일]  편의점 업계가 건강기능식품(건기식) 시장에 본격적으로 뛰어들며, 그동안 다이소가 선점해온 '5000원 이하 소용량 건기식 시장'에 지각변동이 예고되고 있다. 업계 1위(점포수) CU는 7월 28일부터 전국... ",
소용량 건기식,news,"“다이소만 있는 줄 알았죠?”…편의점, 건기식 본격 판매 돌입",http://www.g-enews.com/ko-kr/news/article/news_all/202507281507291912586ef8cffa_1/article.html,"경쟁사인 GS25도 소용량 건기식 시장 진출을 본격화하고 있다. GS25는 30여 종의 건강기능식품을 8월 초 전국 5000여 점포에 입점한다고 지난 24일 밝혔다. 삼진제약, 종근당, 동화약품 등 신뢰도 있는 제약사와 건강식품... ",
소용량 건기식,news,다이소 5000원 건기식 돌풍에…편의점도 '결단',https://n.news.naver.com/mnews/article/015/0005163444?sid=101,연간 7조원대로 성장한 건기식 시장에 소용량·가성비 전략으로 도전장을 내밀었다. CU는 전국 6000개 점포의 건기식 판매 인허가를 완료하고 28일부터 본격적인 판매를 시작한다고 밝혔다. CU는 제약사 종근당... ,
소용량 건기식,news,다이소 날자 편의점 뛰었다…'건기식' 새 판 [이슈 더보기],https://www.ngetnews.com/news/articleView.html?idxno=532479,"1일 유통업계에 따르면 다이소가 지난 2월 대웅제약, 종근당건강 등과 협업해 전국 200개 매장에서 약 30종의 소용량 건기식 판매를 시작한 이후 유통 경쟁이 재점화 국면이다. 기존 약국이나 백화점 위주의 고가 건기식... ",
소포장 건기식,news,배민·창고형 약국…건기식 무대 넓어진다,https://n.news.naver.com/mnews/article/011/0004622197?sid=101,"CU는 올해 건기식 특화점을 4000개 이상 추가 확보한다는 계획을 공개했고, GS25도 현재 전국 5000여 개 매장에서 건기식을 판매하며 제약사와의 협업을 확대하고 있다. 유통 채널 확대의 핵심은 소포장·저가 전략이다.... ",
소포장 건기식,news,"종근당, 다이소에 소포장 건기식 '데일리와이즈' 13종 출시",https://n.news.naver.com/mnews/article/030/0003423340?sid=102,소용량·소포장으로 구성한 브랜드 '데일리와이즈' 건강기능식품 6종과 구미 7종을 다이소에 출시했다고 30일 밝혔다. 데일리와이즈는 '매일의 건강을 위한 현명한 선택'을 모토로 기획됐다. 건기식 6종은... ,
소포장 건기식,news,"[사볼까]종근당, 다이소 건기식 13종 내놨다…소포장으로 문턱 낮춰",https://www.nspna.com/news/?mode=view&newsid=811570,소용량·소포장 시장 공략에 나섰다. 장기간 복용 부담을 낮춘 구성으로 판매 채널을 넓히면서 건기식 소비 접점을 생활용품 유통망까지 확대에 들어간 것. 이번에 선보인 제품은 건강기능식품 6종과 구미 7종이다.... ,
소포장 건기식,news,"&quot;진화하는 건기식&quot;…제약업계, 차별화 전략 통할까",https://www.sisaon.co.kr/news/articleView.html?idxno=201039,"△멀티비타민미네랄 △오메가3 △밀크씨슬 등 건기식 6종과 구미 7종으로 구성됐으며, 필요 성분만 담아 소용량·소포장 형태로 출시된 것이 특징이다. 대표 제품인 '멀티비타민미네랄'은 비타민 13종과 미네랄 7종을... ",
소포장 건기식,news,"종근당, 다이소 브랜드 ‘데일리와이즈’ 건기식 13종 출시",https://www.viva100.com/article/20260430500191,종근당 관계자는 “데일리와이즈는 소비자들이 건기식을 매일 부담 없이 챙길 수 있도록 소용량·소포장으로 선보인 제품”이라며 “일상 속 꾸준히 실천할 수 있는 건강 루틴 제품을 위해 합리적인 가격으로... ,
소포장 건기식,news,"&quot;내 몸을 위한 1000원&quot;…종근당, '다이소 건기식' 출시",https://n.news.naver.com/mnews/article/003/0013919126?sid=102,종근당이 건강기능식품을 매일 부담 없이 챙길 수 있도록 소용량·소포장으로 선보인 건강기능식품을... 소용량·소포장으로 구성한 것이 특징이다. 멀티비타민미네랄·오메가3·밀크씨슬·코엔자임Q10·혈당컷... ,
소포장 건기식,news,"&quot;꾸준히 잘 나가네&quot; … 소포장 건기식, 유통 채널 확산",https://biz.newdaily.co.kr/site/data/html/2026/04/27/2026042700124.html,업계 관계자는 &quot;고물가 상황 속에서도 건강관리에 대한 관심은 꾸준히 이어지고 있다&quot;며 &quot;이에 따라 소비자들은 가격 부담을 낮추면서도 자신의 라이프스타일에 맞게 선택할 수 있는 소포장·다품종 건기식을... ,
소포장 건기식,news,"종근당, 다이소 브랜드 '데일리와이즈' 13종 출시…'가성비 건기식' 공략",https://n.news.naver.com/mnews/article/015/0005281699?sid=105,"소용량·소포장으로 구성한 것이 특징이다. 멀티비타민미네랄·오메가3·밀크씨슬·코엔자임Q10·혈당컷... 데일리 케어 구미 7종은 과일맛 젤리 형태로 물 없이 섭취할 수 있고, 소포장 밀봉 파우치에 7일분을 담아... ",
소포장 건기식,news,"종근당 데일리와이즈, 다이소에 건기식 6종·구미 7종 발매",https://n.news.naver.com/mnews/article/031/0001025896?sid=101,"데일리와이즈는 소용량·소포장을 특징으로, 꼭 필요한 성분만 담은 건강기능식품 브랜드다. 건강기능식품... 구미 7종은 휴대성을 높여 소포장으로 구성됐다. 글루타치온+PDRN, 포스트바이오틱스, 아르기닌, 테아닌... ",
소포장 건기식,news,"종근당, 건기식 '데일리와이즈' 다이소 출시…소용량·소포장 라인업 확...",https://www.insightkorea.co.kr/news/articleView.html?idxno=245698,"종근당이 건강기능식품 브랜드 '데일리와이즈'를 다이소에 선보이며 초소용량·소포장 시장 공략에... 구미 제품군은 물 없이 먹을 수 있는 젤리 형태로, 7일분을 소포장 밀봉 파우치에 담아 휴대 편의성을 높였다.... ",
소포장 건기식,news,"종근당, 다이소 전용 건기식 ‘데일리와이즈’ 출시…소용량·소포장 1...",https://n.news.naver.com/mnews/article/011/0004616280?sid=101,종근당(185750)이 소용량·소포장 건강기능식품을 앞세운 다이소 전용 브랜드를 출시했다. 종근당은... 7일분 소포장 파우치 형태로 휴대성을 높였다. 글루타치온+PDRN 구미(글루타치온·PDRN·저분자 콜라겐 200mg)... ,
소포장 건기식,news,&quot;당신 몸을 위한 1000원&quot;…다이소 향하는 제약사들,https://n.news.naver.com/mnews/article/003/0013953996?sid=102,종근당은 지난달 소용량·소포장으로 선보인 건강기능식품을 다이소에 발매했다. 멀티비타민미네랄... 높은 다이소는 브랜드 노출 장점이 있다&quot;며 &quot;다만 저가용 건기식 시장이 매우 클 것으로 기대하진 않는다&quot;고 말했다．,
소포장 건기식,news,"종근당, 다이소 전용 건기식 브랜드 '데일리와이즈' 13종 출시",https://www.pharmnews.com/news/articleView.html?idxno=303197,종근당(대표 김영주)은 소용량 및 소포장으로 구성된 '데일리와이즈' 건강기능식품 6종과 구미 7종을... 데일리 케어 구미 7종은 과일맛 젤리 형태로 소포장 밀봉 파우치에 7일분을 담았다. 세부적으로 글루타치온... ,
소포장 건기식,news,"종근당, '데일리와이즈' 건기식·구미 13종 다이소 출시",http://www.dailysmart.co.kr/news/articleView.html?idxno=123484,"데일리와이즈는 '매일 실천하는 건강 관리'를 콘셉트로, 필요한 성분만 담은 소용량·소포장 형태로 기획된 것이 특징이다. 이번 출시 라인업은 건강기능식품 6종과 젤리형 구미 7종으로 구성됐다. 건기식 제품군에는... ",
소포장 건기식,news,"종근당, 다이소 브랜드 '데일리와이즈'로 건기식시장 공략",http://www.medisobizanews.com/news/articleView.html?idxno=138039,"소용량·소포장으로 구성한 것이 특징이다. 멀티비타민미네랄·오메가3·밀크씨슬·코엔자임Q10·혈당컷... 데일리 케어 구미 7종은 과일맛 젤리 형태로 물 없이 섭취할 수 있고, 소포장 밀봉 파우치에 7일분을 담아... ",
소포장 건기식,news,"[트렌드] 건기식, '보약'에서 '스낵'으로… 문턱 낮춘 유통업계",https://www.onews.tv/news/articleView.html?idxno=279582,"과거 특유의 쓴맛과 대용량 포장, 높은 가격대로 인해 진입 장벽이 높았던 건기식 시장이 최근 제형 다변화와 소포장 전략을 통해 편의성을 개선하며 일상적 루틴의 영역으로 접점을 넓히는 추세다. 종근당, 데일리와이즈... ",
소포장 건기식,news,"국내 제약사, '다이소 건기식' 전용 라인업 확대",http://www.bizwnews.com/news/articleView.html?idxno=136076,'매일의 건강을 위한 현명한 선택'을 의미하는 브랜드로 필요한 성분만 담아 소용량·소포장 형태로 구성한... 업계에서는 다이소 등 균일가 생활 유통 채널을 중심으로 건기식을 부담 없이 구매하려는 소비 수요가... ,
소포장 건기식,news,"'식약처인정 질건강유산균 5천원' 종근당, 다이소에 건기식·구미 13종 ...",https://www.catchnews.kr/news/articleView.html?idxno=123413,종근당 관계자는 30일 &quot;데일리와이즈는 소비자들이 건기식을 매일 부담 없이 챙길 수 있도록 소용량·소포장으로 선보인 제품&quot;이라며 &quot;일상 속 꾸준히 실천할 수 있는 건강 루틴 제품을 위해 합리적인 가격으로... ,
소포장 건기식,news,다이소에서 창고형까지 영역 넓히는 제약사들 … 약국 중심 소비구조 흔...,https://biz.newdaily.co.kr/site/data/html/2026/05/11/2026051100277.html,"과거 건기식이 고가·대용량 중심이었다면 최근에는 저가·소포장·즉시 섭취 형태가 빠르게 늘고 있다. 액상 스틱이나 구미, 7·14일 단위 소포장 제품들이 대표적이다. '한달치 건강관리'보다 '오늘 필요한 만큼 가볍게... ",
소포장 건기식,news,종근당·유한양행·대웅제약 등 제약사들 다이소 건기식 진출 러시,http://www.consumernews.co.kr/news/articleView.html?idxno=755090,소용량·소포장으로 선보인 제품&quot;이라며 &quot;일상 속 꾸준히 실천할 수 있는 건강 루틴 제품을 선보였다&quot;고... 가성비·소포장 제품을 통해 신규 고객의 시험 구매를 유도하기 쉽다. 대용량·고가 건강기능식품에 부담을... ,
소포장 건기식,news,약국 밖으로 나온 제약사들…소용량 건기식 확대,https://www.ajunews.com/view/20260502225701974,3일 업계에 따르면 종근당은 소용량·소포장으로 구성한 '데일리와이즈' 건강기능식품 6종과 구미 7종을... 종근당건강은 건기식 판매 확대에 힘입어 지난해 영업이익 373억원을 기록하며 흑자 전환했다. 대웅제약 역시... ,
소포장 건기식,news,"종근당, 다이소 건기식 브랜드 '데일리와이즈' 13종 선봬",https://www.megaeconomy.co.kr/news/newsview.php?ncode=1065607622693064,"소용량·소포장으로 구성한 것이 특징이다. ‘멀티비타민미네랄’과 ‘혈행건강 초임계 알티지 오메가3’... 데일리 케어 구미 7종은 과일맛 젤리 형태로 물 없이 섭취할 수 있고, 소포장 밀봉 파우치에 7일분을 담아... ",
소포장 건기식,news,"종근당, '데일리와이즈' 건기식·구미 13종 다이소 출시",https://www.pinpointnews.co.kr/news/articleView.html?idxno=449818,"함께 출시된 데일리 케어 구미 7종은 과일맛 젤리 형태로 물 없이 섭취 가능하며, 7일분 소포장으로 휴대성을 높였다. 글루타치온+PDRN, 포스트바이오틱스, 아르기닌, 테아닌, 푸룬, 홍삼, 알로에 등 다양한 기능성... ",
소포장 건기식,news,건기식 ‘섭취편의성’ 대세…파우더·구미·젤리 잇단 출시,https://www.g-enews.com/view.php?ud=202604301347062197b065b72042_1,소용량과 소포장으로 구성한 것이 특징이다. △오메가3 △밀크씨슬 △코엔자임Q10 △혈당컷 다이어트... 데일리 케어 구미 7종은 과일맛 젤리 형태로 간편하게 섭취할 수 있으며 7일분 소포장으로 휴대 편의성을 높였다.... ,
소포장 건기식,news,"종근당, 다이소전용 건기식 '데일리와이즈' 13종 출시",http://www.medical-tribune.co.kr/news/articleView.html?idxno=213781,"종근당(대표 김영주)이 소용량·소포장 브랜드 '데일리와이즈'의 건강기능식품 6종과 구미 7종을 다이소에 출시했다고 30일 밝혔다. 이들 제품은 멀티비타민, 오메가3 등 건기식 6종과 휴대성을 높인 구미 7종으로... ",
소포장 건기식,news,"종근당, 소용량 건기식 '데일리와이즈' 13종 다이소 출시",https://www.thefairnews.co.kr/news/articleView.html?idxno=75842,"전반적으로 필요한 성분 위주로 설계하고, 소용량·소포장 형태를 적용해 복용 편의성을 높인 것이... 구미 제품 7종은 젤리 형태로 구성돼 간편하게 섭취할 수 있으며, 1주일 분량으로 소포장됐다. 글루타치온... ",
소포장 건기식,news,고물가에 판이 바뀌었다...약국 대신 다이소 향하는 제약사들,https://www.ebn.co.kr/news/articleView.html?idxno=1709365,일반적인 건기식 제품 가격이 평균 2만~3만원대인 점을 고려하면 가성비 측면에서 높은 경쟁력을 확보한 셈이다. 업계에서는 소포장 전략과 대량 생산 체계가 가격 경쟁력을 가능하게 했다고 보고 있다. 다이소 판매... ,
소포장 건기식,news,다이소로 다 모인다,https://n.news.naver.com/mnews/article/082/0001380615?sid=101,"종근당건강 역시 소용량·소포장 전략을 앞세운 건기식 브랜드 '데일리와이즈'를 통해 멀티비타민, 오메가3, 혈당컷다이어트, 코엔자임Q10 등 6종과 구미 영양제 7종을 선보였다. 현재 다이소에 입점한 제약·식품기업의... ",
소포장 건기식,news,"종근당, 다이소 전용 '데일리와이즈' 출시... 건기식 문턱 낮춘다",https://www.pointe.co.kr/news/articleView.html?idxno=79000,"데일리와이즈는 필수 성분만을 엄선해 소포장 형태로 구성한 브랜드로, 휴대성과 가성비를 동시에 잡은... 글루타치온, 아르기닌, 테아닌, 홍삼 등 다양한 성분을 7일 분량의 소포장 파우치에 담았다. 1주일 분량 한... ",
소포장 건기식,news,"종근당, 건기식 브랜드 '데일리와이즈' 13종 다이소 출시",https://www.slist.kr/news/articleView.html?idxno=735945,"소용량·소포장으로 구성한 것이 특징이다. 멀티비타민미네랄·오메가3·밀크씨슬·코엔자임Q10·혈당컷... 데일리 케어 구미 7종은 과일맛 젤리 형태로 물 없이 섭취할 수 있고, 소포장 밀봉 파우치에 7일분을 담아 휴대... ",
소포장 건기식,news,"&quot;소용량·초저가 전략&quot;... 종근당, 다이소 전용 건기식 '데일리와이즈'...",http://www.thefirstmedia.net/news/articleView.html?idxno=198966,"이번 제품은 건강기능식품 6종과 데일리 케어 구미 7종으로 구성됐으며, 소용량·소포장 형태와 합리적인... 그동안 건기식 시장은 약국, 온라인 중심의 중고가 제품이 주류였지만, 다이소 유통망을 활용한 이번 전략은... ",
소포장 건기식,news,K-뷰티 다음은 ‘먹는 뷰티’… 건기식 새 성장축 부상,https://www.viva100.com/article/20260331500951,편의점 역시 소포장 건기식 판매를 확대하며 신규 수요를 끌어들이고 있다. 특히 다이어트·피부 건강 관련 제품을 중심으로 2030 여성 소비층이 빠르게 유입되는 모습이다. 업계에서는 이러한 변화가 단순한 상품 확대가... ,
소포장 건기식,news,건기식 '소포장 전략' 통했다…석 달만에 매출 19배 쑥,https://n.news.naver.com/mnews/article/011/0004538614?sid=101,건기식 업계도 자체적으로 소포장 제품을 잇따라 선보이고 있다. hy가 대표적이다. hy는 이달 ‘브이푸드 위클리 3종(올인원·스킨핏·컷앤핏)’을 출시했다. 소비자 편의를 고려해 패키지와 기능성을 새로 조합한 점이... ,
소포장 건기식,news,석달새 매출 19배…'소포장 건기식' 잘 나가네,https://n.news.naver.com/mnews/article/011/0004538519?sid=101,건기식 업계도 자체적으로 소포장 제품을 잇따라 선보이고 있다. KGC인삼공사에서 운영하는 홍삼 브랜드 정관장은 ‘지엘프로 더블컷 7-days’를 선보였다. 기존 대용량 제품에 진입하기 어려웠던 소비자들이 부담 없이... ,
소포장 건기식,news,"'봉지 스프, 스틱으로 바꿨더니'..1인 가구·캠핑족 홀렸다..'소포장의 ...",https://n.news.naver.com/mnews/article/014/0005484997?sid=101,또한 가격대가 높은 건기식의 경우 미리 소포장 제품을 구입해 체험용으로 먹을 수 있다는 이점이 있다. 최근 식품업계에선 과거 인기 제품을 재출시하는 '경력 상품'이 인기를 끌고 있는데 소포장 및 분말 제품도... ,
소포장 건기식,news,편의점 효자 상품은 '디저트·뷰티·건기식',https://n.news.naver.com/mnews/article/009/0005651633?sid=103,"이 회사 관계자는 &quot;5000대원 이하 소용량, 소포장으로 구성된 건기식이 1인 가구에게 인기가 높아 추후 다양한 상품군을 지속 확대할 계획&quot;이라고 설명했다. 건강을 중시하는 트렌드로 주류 시장이 부진했던 가운데... ",
소포장 건기식,news,&quot;편의점 강점 살려…건기식 소포장에 승부&quot;,https://n.news.naver.com/mnews/article/011/0004530574?sid=101,"편의점에서는 직관적 문구와 소포장, 합리적 가격의 건기식을 시도해볼 수 있는 점이 강점입니다.” 편의점 최초로 건기식을 출시한 CU에서 상품 기획부터 개발, 판매까지 전 과정을 진두지휘한 황지선 BGF리테일... ",
소포장 건기식,news,"동아제약, CU 전용 소포장 건기식 '셀파렉스 바로' 출시",https://www.cstimes.com/news/articleView.html?idxno=669610,회사는 최근 1인 가구 증가와 셀프 건강관리에 익숙한 MZ세대의 소비확산으로 즉시성·즉효성·휴대 편의성을 갖춘 소포장 건기식 수요가 커지고 있다고 분석했다. 이에 동아제약은 CU와 협업해 이러한 니즈를 반영한... ,
소포장 건기식,news,[Who Is ?] 박정부 아성다이소 회장,https://www.businesspost.co.kr/BP?command=article_view&num=437383,"10개 소포장을 유지하면서 가격을 낮췄다. 이는 다이소의 경영 철학인 '균일가'와 '천원 정신'에 따른... △건기식 시장 진출, 3천∼5천 원에 30여 종 판매 다이소가 건강기능식품 시장에 진출했다. 다이소를 운영하는... ",
소포장 건기식,news,"건기식 넘어 이너뷰티까지…K-편의점, 동네 '셀프케어 플랫폼'으로 각광",https://www.industrynews.co.kr/news/articleView.html?idxno=78386,"CU는 지난해 7월부터 전국 약 6000개 점포에서 건강기능식품 판매를 시작했으며, 제약사와 협업한 건기식 10종 이상을 소포장·합리적 가격으로 선보였다. CU는 전국 단위 '건기식 특화점' 운영을 추진하며 관련 카테고리를... ",
소포장 건기식,news,[Why] 유통사는 뛰어드는데 식품사는 관망하는 건기식 이유는,https://n.news.naver.com/mnews/article/366/0001143909?sid=101,"다이소는 저가·소포장 건기식을 매장 전면에 배치했다. 편의점 GS25, CU 등도 전용 매대를 운영하고 있다. CJ올리브영도 균일가·전용 매대를 확대했다. 유통업계를 중심으로 건기식 소비 구조가 빠른 회전 및 저가 중심으로... ",
소포장 건기식,news,"동아제약, CU와 손잡고 소포장 건기식 '셀파렉스 바로' 출시",https://www.topstarnews.net/news/articleView.html?idxno=15820432,"회사 측은 1인 가구 증가와 셀프 건강관리에 익숙한 MZ세대의 소비 트렌드에 따라, 즉시성·즉효성·휴대 편의성을 갖춘 소포장 건기식 수요가 확대되고 있다고 분석했다. 이에 CU와 협업해 실용적이고 직관적인 건강관리... ",
소포장 건기식,news,“소포장으로 문턱 낮춘다”…다이소 이어 편의점도 건기식 수요 공략,http://www.segyebiz.com/newsView/20250802502499?OutUrl=naver,최근 편의점 양대산맥인 CU와 GS25는 다이소가 쏘아 올린 소포장 초저가 건기식 시장에 참전해 새 판 짜기에 돌입했다. 2일 유로모니터에 따르면 국내 건기식 시장 규모는 2020년 6조1822억원에서 지난해 7조3438억원으로... ,
소포장 건기식,news,"[이슈포커스] '건강 챙기기도 시범용으로'…편의점, 소용량·저가로 건...",http://www.hansbiz.co.kr/news/articleView.html?idxno=765319,다이소가 저가·소포장 건기식으로 인기를 끌며 편의점 업계도 건기식 판매에 나서고 있다. CU는 전국 6000여 개 점포를 대상으로 건기식 판매 인허가를 취득해 지난 28일부터 판매에 나섰다. 이와 함께 종근당... ,
소포장 건기식,news,"유통 채널들까지 참전한 건기식 전쟁…식품사들, 진입 눈치만 보는 이유",https://www.greened.kr/news/articleView.html?idxno=336987,"다이소는 저가 소포장 건기식을 전면에 내세웠고, 편의점 GS25와 CU 역시 여러 점포에서 건기식 특화 매대를 운영 중이다. 드럭스토어 CJ올리브영도 6000원대 균일가 제품을 내놓으며 가세했다. 과거 '3개월분 프리미엄 제품... ",
소포장 건기식,news,"대웅제약ㆍ프리마인드, 미국 바이오텍 '제너럴 프록시미티'에 전략적 투...",http://www.newsmp.com/news/articleView.html?idxno=252996,"소용량·소포장으로 구성한 것이 특징이다. 멀티비타민미네랄ㆍ오메가3ㆍ밀크씨슬ㆍ코엔자임Q10ㆍ혈당컷... ◇휴온스엔, 100% 종속회사 바이오로제트 흡수합병 ▲ 휴온스엔은 30일, 건기식 제조 전문 기업... ",
소포장 건기식,news,"저가·소포장이 바꾸는 건기식 지도…제약사·약국, 생존전략 엇갈려",https://n.news.naver.com/mnews/article/030/0003313277?sid=102,하반기부터 편의점에서도 저가·소포장 건기식 상품을 도입한다. GS25는 주요 제약사와 협업해 올해 하반기 전국 3000여개 점포에 다이소와 유사한 가격대의 건기식을 판매할 계획이다. 이처럼 주요 제약사들은 다이소와... ,
소포장 건기식,news,"[결산] 다이소부터 편의점까지…제약사 건기식, 영역 확장 中",https://www.medipana.com/news/articleView.html?idxno=404228,"동아제약은 1인 가구가 많은 MZ세대에서 소포장 건기식 수요가 커지고 있는 점을 주목했고, 소비 트렌드를 반영해 휴대성 높은 건기식을 선보였다. 국내 제약사 건기식은 다른 편의점에서도 소비자와 만나고 있다. 19일... ",
소포장 건기식,news,"[헬스 이모저모] 휴온스엔 &quot;100% 종속회사 바이오로제트 흡수합병&quot;, 종근...",http://www.bizwnews.com/news/articleView.html?idxno=135542,"휴온스엔은 최근 건기식 제조 전문 기업 바이오로제트를 흡수합병하는 계약을 체결했다고 4일 밝혔다.... 사진=종근당 ◆종근당, 다이소 브랜드 '데일리와이즈' 13종 출시 종근당(대표 김영주)이 소용량·소포장... ",
소포장 건기식,news,'나도 이제 먹어볼까'…편의점 소용량 건기식 '열풍',https://www.cstimes.com/news/articleView.html?idxno=670112,동아제약은 1인 가구 확대와 MZ세대의 셀프 건강관리 확산으로 소포장 건기식 수요가 커지고 있어 제품을 출시했다고 설명했다. '셀파렉스 바로'는 특정 기능별 맞춤 건강관리를 위한 총 8종 제품으로 구성됐다.... ,
소포장 건기식,news,알약 건기식? 젤리로 간식처럼!… MZ세대 ‘이너뷰티’ 취향 저격한 유...,http://www.segyebiz.com/newsView/20251026507477?OutUrl=naver,"편의점 건기식은 특히 소용량·소포장 구성이 특징으로, 기존 대용량·고가 건기식보다 부담이 적고 테스트 구매 수요에도 적합해 입문형 소비자를 노린 타깃 전략이 주효했다는 분석이다.",
소포장 건기식,news,'젤·샷으로 챙긴다'…MZ세대 사로잡은 간편형 건기식 열풍,http://www.hansbiz.co.kr/news/articleView.html?idxno=785786,"편의점 건기식은 특히 소용량·소포장 구성이 특징으로, 기존 대용량·고가 건기식보다 부담이 적고 테스트 구매 수요에도 적합해 '입문형 소비자' 타깃 전략이 주효했다는 분석이다. GS25는 연령별 건기식 선호... ",
소포장 건기식,news,"GS25, 30대 여성 잡고 건기식 매출 키운다",https://www.newsfreezone.co.kr/news/articleView.html?idxno=644318,"업계 관계자는 &quot;체중 관리, 피부 건강, 다이어트, 영양 보충에 민감한 여성 소비자 특성이 소포장·저가형 건기식과 맞아떨어진 것&quot;이라면서 &quot;'시험 삼아 써보고 괜찮으면 반복 구매'하는 패턴도 여성 고객층에서 더욱... ",
소포장 건기식,news,"동아제약, CU와 손잡고 건기식 브랜드 '셀파렉스 바로' 출시",https://weekly.hankooki.com/news/articleView.html?idxno=7130233,동아제약은 최근 1인 가구 증가와 셀프 건강관리에 익숙한 MZ세대에서 즉시성·즉효성·휴대 편의성을 갖춘 소포장 건기식 수요가 커지는 상황에 주목했다. 회사가 CU와 협업에 나선 배경이다. 셀파렉스 바로는 ▲항산화... ,
소포장 건기식,news,"동아제약, CU 손잡고 건기식 브랜드 '셀파렉스 바로' 출시",https://www.startuptoday.co.kr/news/articleView.html?idxno=516365,"최근 1인 가구 증가와 건강관리에 익숙한 MZ세대의 소비확산으로, 즉시성•즉효성•휴대 편의성을 갖춘 소포장 건기식 수요가 커지고 있다. 이에 동아제약은 CU와 협업해 이러한 니즈를 반영한 새로운 건강관리 솔루션... ",
소포장 건기식,news,편의점에 간 제약사…&quot;소포장·저가&quot; 먹히나,https://www.the-pr.co.kr/news/articleView.html?idxno=53849,"올해 초 다이소가 소포장 건기식 판매를 시작하며 주목을 받았다. 다이소는 2월 200여 개 매장에서 대웅제약·종근당 소포장 건기식 판매를 시작했다. 이후 DXVX(4월), 동국제약·안국약품(5월)이 합류해 현재 5개... ",
소포장 건기식,news,편의점들의 하반기…'건기식·뷰티·스포츠'가 뜬다,https://www.asiatoday.co.kr/view.php?key=20250818010008138,"CU, 디저트 등 5개 카테고리와 건기식·뷰티 소포장 GS25, 500개 점포에 건기식·뷰티 전용 매대 설치 세븐일레븐, K리그 협업 상품·굿즈로 팬덤 소비 공략 편의점 업계가 하반기 매출 확대와 소비자 유입을 위해... ",
소포장 건기식,news,다이소 이어 편의점까지…'5000원 건기식' 가격·접근성으로 승부,https://www.ajunews.com/view/20250801142319065,"CU·GS25, 제약사 협업해 소용량·소포장 건기식 출시 건기식 시장 6조원 돌파…생활밀착형 채널로 재편 아주경제=홍승완 기자 veryhong@ajunews.com 편의점 CU에 진열된 건강기능식품들 [사진=BGF리테일] 편의점 업계가... ",
소포장 건기식,news,다이소 날자 편의점 뛰었다…'건기식' 새 판 [이슈 더보기],https://www.ngetnews.com/news/articleView.html?idxno=532479,뉴스저널리즘 길나영 기자 = 올해 초 다이소가 '소포장 건강기능식품(건기식)' 판매에 뛰어든 이후 유통업계 전반에 가성비 건기식 경쟁이 불붙고 있다. 3000원~5000원대의 초저가 소용량 제품을 내세운 다이소의 파격... ,
소포장 건기식,news,"상비약부터 건기식까지...유통업계 헬스케어 진출에 약사회 반발, 결론...",http://www.popcornnews.net/news/articleView.html?idxno=90851,"상비약에 이어 최근 건기식 유통도 유통업계의 신성장동력으로 떠오른 만큼 CU와 GS25는 지난달부터 5000원 이하의 소포장 건기식을 선보이며 제약사와의 협업을 확대하고 있으며, 세븐일레븐도 연내 제품 출시를 예고했다.... ",
소포장 건기식,news,&quot;다이소 나와&quot;…편의점도 5000원 ‘건기식 경쟁’ 참전,https://www.asiatoday.co.kr/view.php?key=20250728010016181,"CU, 전국 6000여 점포서 소포장 건기식 판매 개시 CU가 본격적으로 건강기능식품(이하 건기식) 시장에 참전했다. 다이소가 주도하던 5000원대 건기식 시장에 유통 접근성과 생활밀착도를 앞세워 진입하면서 업계... ",
소포장 건기식,news,"&quot;최신 트렌드 한자리에&quot;···CU, 2025 하반기 상품 컨벤션 개최",https://www.seoulfn.com/news/articleView.html?idxno=603971,"해당 상품들은 최근 편의점 업계의 핫이슈 상품으로 CU는 현재 업계에서 가장 많은 6천여 개 건기식 판매점을 확보하고 소포장 건기식을 지속 출시하고 있다. 뷰티 제품 역시 특화 점포 수를 더 늘리고 기초, 색조... ",
소포장 건기식,news,"&quot;건기식·뷰티 더 힘준다&quot;…CU, 점주 대상 하반기 상품 컨벤션 열어",https://n.news.naver.com/mnews/article/277/0005638173?sid=101,"CU는 현재 업계에서 가장 많은 6000여 개 건기식 판매점을 확보하고 소포장 건기식을 지속 출시하고 있다. 뷰티 제품 역시 특화 점포 수를 더 늘리고 기초, 색조, 기능성 화장품에서 초저가 상품의 대거 출시를 예고하고... ",
소포장 건기식,news,"CU, 하반기 유행상품 컨벤션 개최...건기식·뷰티 주목",https://www.slist.kr/news/articleView.html?idxno=669529,"해당 상품들은 최근 편의점 업계의 핫이슈 상품으로 CU는 현재 업계에서 가장 많은 6천여 개 건기식 판매점을 확보하고 소포장 건기식을 지속 출시하고 있다. 뷰티 제품 역시 특화 점포 수를 더 늘리고 기초, 색조... ",
소포장 건기식,news,판 커지는 건기식 시장… 다이소 이어 편의점도 합류,https://www.asiatime.co.kr/article/20250702500393,"그러나 1박스에 10캡슐에서 10정 등 소포장으로, 다이소 건기식과 유사하거나 낮은 가격으로 판매될 것으로 예상된다. 앞서 CU는 시범 판매에서도 개당 1500원대 상품을 중심으로 선보인 바 있다. 편의점업계는 하반기... ",
소포장 건기식,news,다이소 건기식 잘나가네…지속 품절에 입점 제약사만 5곳,https://www.dnews.co.kr/uhtml/view.jsp?idxno=202505091012157090472,다이소 건기식의 가격 경쟁력은 소포장 전략과 마케팅 비용 절감에서 나온다. 기존의 건기식은 3~6개월분을 한 번에 판매하는 방식이 주를 이루었지만 다이소에서는 1개월분 소포장 형태로 제공하며 대량 생산과 포장... ,
소포장 건기식,news,[대한민국 100대 CEO] 박정부 아성다이소 회장 | ‘천원 정신’으로 ‘국...,https://n.news.naver.com/mnews/article/024/0000105110?sid=102,지난해부터는 5000원 이하 건강기능식품(건기식)을 소포장으로 출시해 주목을 받았다. 올해 5월에는 ‘천원 정신’을 기반으로 ‘10매 1000원 생리대’를 판매할 계획이다. 고물가 시대가 이어지며 생필품 가격... ,
소포장 건기식,news,다이소몰서 제약사 건기식 26개품목 중 23개 품절 ‘완판 행진’,https://www.dnews.co.kr/uhtml/view.jsp?idxno=202504101354544100939,"다이소 건기식의 가격 경쟁력은 소포장 전략과 마케팅 비용 절감에서 나온다. 기존의 건기식은 3~6개월분을 한 번에 판매하는 방식이 주를 이루었지만, 다이소에서는 1개월분 소포장 형태로 제공하며 대량 생산과 포장... ",
소포장 건기식,news,"&quot;다이소는 못 참지&quot; 건기식 유통 지각변동, 안국약품과 동국제약도 합류...",https://www.businesspost.co.kr/BP?command=article_view&num=394480,약국이나 온라인 등의 채널과 달리 다이소에 납품되는 건기식들은 소포장이나 주요 성분을 제외한 다른 성분을 줄이는 등의 방식으로 가격을 낮춘 것이 특징으로 꼽힌다. 기존 건기식의 제품 가격은 2~3만 원 대라는 점과... ,
소포장 건기식,news,&quot;보이는 대로 쓸어 담자&quot; 다이소 난리더니…결국 시장 판도 바뀌었다,https://n.news.naver.com/mnews/article/277/0005684412?sid=101,"다이소 건기식은 특히 소용량·소포장 구성이 특징으로, 기존 대용량·고가 건기식보다 부담이 적고 테스트 구매 수요에도 적합해 '입문형 소비자' 타깃 전략이 주효했다는 분석이다. 다이소의 성공 공식을 본... ",
소포장 건기식,news,아무거나 한주먹씩?…'맞춤형 건기식' 산다,https://n.news.naver.com/mnews/article/374/0000428986?sid=103,관리사 상담을 통한 건기식의 소포장 판매가 이르면 이번 주부터 허용됩니다. 이정민 기자입니다. [기자] 병원에서 건강검진받기 전 설문조사를 하듯 약국에서 평소 내 생활과 건강상태에 대한 설문을 진행합니다. [이준경... ,
소포장 건기식,news,'영양제 다잇소' 다이소 건기식 대란…약사들 '난색',https://n.news.naver.com/mnews/article/648/0000033909?sid=101,"다이소에서 판매되는 제품은 기존 3~6개월분 단위로 판매되는 기존 건기식과 달리 1개월분 소포장 형태로 판매되며, 균일가 정책에 맞춰 3000원~5000원 선으로 가격이 책정됐다. 대웅제약은 루테인, 오메가3... ",
소포장 건기식,news,"공정위, '다이소 건기식 철수 논란' 대한약사회 현장조사",https://n.news.naver.com/mnews/article/448/0000513442?sid=101,"앞서 제약사들이 다이소를 통해 1개월분 소포장 건기식을 3,000원~5,000원에 출시하며 젊은 소비자층을 겨냥한 신시장 개척에 나섰지만 기존 약국 전용 건기식과의 품질·신뢰 차이를 우려한 대한약사회가 제약사들에 거래... ",
소포장 건기식,news,"종근당건강·대웅제약, 다이소 건기식 판매 이어가다",https://www.topstarnews.net/news/articleView.html?idxno=15616004,소비자들은 상대적으로 저렴한 건기식을 손쉽게 소포장 해 구매할 수 있는 '다이소 건기식'을 강력하게 원하고 있다. 한국소비자단체협의회는 &quot;건기식은 의약품이 아닌 만큼 소비자가 자유롭게 구매할 권리가 있다&quot;며... ,
소포장 건기식,news,종근당건강도 ‘다이소 건기식’ 판다,https://n.news.naver.com/mnews/article/011/0004459971?sid=103,소비자들은 상대적으로 저렴한 건기식을 손쉽게 소포장 해 구매할 수 있는 ‘다이소 건기식’을 강력하게 원하고 있다. 한국소비자단체협의회는 “건기식은 의약품이 아닌 만큼 소비자가 자유롭게 구매할 권리가... ,
소포장 건기식,news,"다이소 3천원 건기식 철수 논란에...공정위, 사실관계 파악 나서",https://n.news.naver.com/mnews/article/052/0002163092?sid=101,"앞서 일양약품은 지난달 24일 다이소를 통해 기존 3~6개월분 단위로 판매되는 기존 건기식과 다른 1개월분 소포장 형태의 건기식 9종을 출시했다. 가격은 자사몰에서 판매하는 제품 대비 6분의 1수준인 3,000원~5,000원... ",
소포장 건기식,news,"유별난 한국인 영양제 사랑…‘한달에 3000원’ 다이소 건기식, 진짜 가...",https://n.news.naver.com/mnews/article/009/0005455447?sid=105,다이소 건기식 저가 비결은 ‘소포장·함량 절감’ 현재 다이소에서 판매되는 건기식은 대웅제약의 26개 제품뿐입니다. 9개 제품을 공급하던 일양약품이 철수를 했기 때문이죠. 두 회사와 함께 다이소 진출을 선언한... ,
소포장 건기식,news,다이소 등 건기식 판매 채널 확대…약사들 “약국 신뢰도 하락 우려”,https://www.etoday.co.kr/news/view/2449912,시중에서 판매되던 건기식 제품이 대체로 ‘고함량 다기능’이었다면 다이소에서 판매되는 건기식은 단일 기능과 소포장을 통해 가격을 대폭 낮췄다. 소용량 건기식을 합리적인 가격에 구매할 수 있어 소비자들로부터... ,
소포장 건기식,news,‘단돈 3000원짜리’ 다이소 건기식 판매…약사들 뿔났다,https://www.ilyosisa.co.kr/news/article.html?no=247672,다이소에서 판매되는 제품은 기존 3~5개월분 단위로 판매되는 기존 건기식과 다르게 1개월분 소포장 형태로 판매되고 있다. 가격은 다이소 균일가 정책에 맞춘 3000~5000원 선이다. 기존 약국서 파는 건기식이 2만5000원에서... ,
소포장 건기식,news,“가격은 저렴한데 성분은 어떨까”… 다이소 건기식 판매 반응,https://n.news.naver.com/mnews/article/005/0001759770?sid=101,"다이소에서 판매되는 제품은 3~6개월분 단위로 판매되는 기존 건기식과 달리 1개월분 소포장 형태로 판매됐다. 균일가 정책에 맞춰 3000~5000원선으로 가격이 책정됐다. 대웅제약은 루테인, 오메가3, 멀티비타민미네랄... ",
소포장 건기식,news,대학가 매출 '쑥'…20대 건기식 입문지된 편의점,https://n.news.naver.com/mnews/article/018/0006246704?sid=101,"올리브유와 유기농 레몬즙, 사과즙 등이 함께 담긴 소포장 이중제형으로, 간편하게 섭취할 수 있는 게 특징이다. 이 상품은 입소문을 타며 출시 3주 만에 3만개 판매를 돌파했다. 편의점이 건기식을 확대하는 이유는... ",
소포장 건기식,news,석달새 매출 19배 뛰었다…편의점·다이소에서 불티나게 팔린 것은,https://n.news.naver.com/mnews/article/011/0004538561?sid=101,건기식 업계도 자체적으로 소포장 제품을 잇따라 선보이고 있다. KGC인삼공사에서 운영하는 홍삼 브랜드 정관장은 ‘지엘프로 더블컷 7-days’를 선보였다. 기존 대용량 제품에 진입하기 어려웠던 소비자들이 부담 없이... ,
소포장 건기식,news,"CU, 건기식 판매매장 1만개까지 늘린다…“웰니스 시장 공략 ”",https://n.news.naver.com/mnews/article/030/0003410352?sid=101,건강기능식품을 소포장·합리적인 가격대로 구성해 판매 중이다. 점주들 반응도 호의적이다. 건기식은 일반 상품과 달리 개별 점포가 지자체로부터 판매 허가를 받아야 상품 판매가 가능하다. 비용과 시간 등 문제로... ,
소포장 건기식,news,요즘 인기 대박 품목인데…편의점 중 CU에서만 단독 판매하는 '이것' 정...,https://www.wikitree.co.kr/articles/1084543,"최근 1인 가구 증가와 함께 스스로 건강을 챙기려는 MZ세대의 소비 패턴이 확대되면서 즉효성, 즉시성, 휴대 편의성을 갖춘 소포장 건기식에 대한 수요가 커지고 있다. 동아제약은 이러한 변화를 반영해 CU와 협업해 해당... ",
소포장 건기식,news,'다이소 건기식 '으로 바라본 약국의 변화와 고민,https://www.kpanews.co.kr/article/show.asp?idx=257537&category=A,"다이소의 소포장 저함량 초저가 건기식판매가 시끄러운 요즈음, 처방전에 매몰된 약국은 소비자의 변화의 의식전환패턴을 전혀 고려하지 못하고, '약은 약사에게'라는 달콤한 삼폐인에 심취하지 않았는지 반성해야... ",
소포장 건기식,news,"소분건기식 대응 나선 약사단체, '소포장·상담툴' 투트랙",http://www.dailypharm.com/Users/News/NewsView.html?ID=279215&REFERER=NP,"개인 맞춤형 소분건기식 대응에 나선 약사단체가 소포장 건기식과 약국용 상담툴 개발을 투트랙으로 준비한다. 10일(어제) 16개 시도약사회장협의회(회장 정현철, 이하 협의회)는 대한약사회관에서 네이처퓨어코리아... ",
소포장 건기식,news,건강기능식품 열풍… 편의점 매출 효녀,https://www.kbmaeil.com/article/20250828500260,"다이소에서 시작된 ‘소포장·저가 건기식’ 돌풍이 편의점까지 번진 것이다. 28일 포항시 북구의 한 편의점에는 비타민, 장 건강, 이너케어 제품 등이 3000~5000원 가격표를 달고 전면에 배치돼 있었다. 껌이나... ",
소포장 건기식,news,"액상 대신 분말, 영양제도 일주일치... 1인 가구·캠핑족 늘며 ‘소포장...",https://n.news.naver.com/mnews/article/014/0005484907?sid=101,대표적으로 고가 건기식 시장에서 진입 장벽을 낮추기 위한 체험용 소포장 제품이 소비자들의 지갑을 열고 있다. 정관장은 여름 휴가철을 겨냥해 혈당 전문 브랜드의 소포장 라인업인 'GLPro 더블컷 7-days'를 선보였다.... ,
소포장 건기식,news,올영·편의점에 배민까지… '소용량 건기식' 경쟁 치열,https://it.chosun.com/news/articleView.html?idxno=2023092157156,한국건강기능식품협회에 따르면 국내 건기식 시장 규모는 약 6조원에 육박한다. 10가구 중 8가구 이상이 구매 경험이 있을 정도로 대중화됐다. 유통사들은 접근성과 가격 경쟁력을 앞세운 소포장 제품을 전면에... ,
소포장 건기식,news,2030세대 '건기식'..약국 중심 유통 구조에 새로운 변화,http://www.wikileaks-kr.org/news/articleView.html?idxno=183861,2030 세대의 가성비 소비 트렌드가 건강기능식품(건기식) 시장으로 번지면서 약국 중심의 대용량 판매 관행이 흔들리고 있다. 다이소를 앞세운 '소포장·초저가' 시장이 새 성장축으로 부상하고 있다. 25일 관련 업계에... ,
소포장 건기식,news,&quot;약국보다 싸다&quot; 다이소 돌풍에 시작된 가성비 전쟁,https://n.news.naver.com/mnews/article/277/0005631624?sid=101,앞서 다이소는 지난 2월부터 제약사 3곳과 협업해 소포장 형태의 건기식 30여종을 3000~5000원에 판매했다. 기존 약국이나 건기식 전문점보다 판매 가격을 크게 낮춘 가성비 제품으로 관심을 받았다. 도입 초기 전국... ,
소포장 건기식,news,"편의점 업계, 건강기능식품 판매 본격화",https://n.news.naver.com/mnews/article/032/0003385859?sid=101,통상 1통에 30정 단위로 대용량·고단가인 기존 제품과 달리 편의점 건기식은 소용량·소포장 패키지로 판매된다는 것도 특징이다. CU 제품은 10일치 단위다. 소비자 입장에서는 해당 건기식이 몸에 잘 맞는지를 비용... ,
소포장 건기식,news,"제약사 건기식, 약국 넘어 배달앱으로…유통 다변화 신호탄",https://www.newsway.co.kr/news/view?ud=2026021310272631634,반면 퀵커머스 채널은 소포장·균일가 상품 중심으로 구성돼 있으며 빠른 배송이 가능하다는 게 특징이다. 이는 필요 시 바로 구매하는 소비를 염두에 둔 구조로 풀이된다. 국내 건기식 시장은 이미 6조원 안팎 규모로... ,
소포장 건기식,news,"다이소 이어 배민까지…배민B마트, 5000원 건기식 출시",https://n.news.naver.com/mnews/article/015/0005250708?sid=101,"다이소와 주요 편의점들이 1인 가구와 MZ세대를 겨냥해 소포장, 이중제형 등의 상품을 쏟아내며 시장을 선점하고 있다. 배달의민족이 가성비 건기식 시장에 출사표를 던지면서, 기존 오프라인 위주의 경쟁 구도는 이제... ",
소포장 건기식,news,"저가와 소포장으로 시장공략…제약街, 편의점 건기식 승부수",http://theviewers.co.kr/View.aspx?No=3740562,"종근당의 건기식은 ‘건강프로젝트 365’ 브랜드 제품들로 총 9종으로 가격은 모두 5000원이다. 해당 제품들은 10일치 단위 소용량, 소포장 패키지로 구성돼 복용 등에 대한 부담이 적고 테스트 구매용으로도 활용할... ",
소포장 건기식,news,"고객 건강챙기기 나선 편의점...CU, 소포장 건기식 '헬스존' 론칭",http://www.slist.kr/news/articleView.html?idxno=41968,닐슨코리아에 따르면 올해 1분기 국내 건강기능식품(이하 건기식) 시장 규모는 약 1376억원 규모로 지난해... 최근 편의점 건강식품이 큰 인기를 끌고 있는 것은 1회 적정 섭취량에 맞춰 소포장으로 판매되기 때문이다. 한... ,
소포장 건기식,news,다이소·편의점 향하는 건기식…새 유통창구 찾는 제약사들 [영양제 전...,https://www.kukinews.com/article/view/kuk202602030266,"영양제와 건기식 시장이 확대되면서, 이를 둘러싼 유통 채널과 소비 방식에도 변화가 나타나고 있다. 꼼꼼한... 소포장·저가 제품에 익숙한 소비자가 늘어나면서, 20~30대를 중심으로 한 영양제 시장의 외연도 점차 넓어질... ",
소포장 건기식,news,"권영희 회장, &quot;약사 한계를 두지 말자&quot; 경남 약사에 당부",https://www.kpanews.co.kr/article/show.asp?idx=260813&category=A,"개인 맞춤형 건기식, 소포장 건기식, 약국만 유통하는 학회제품 등 다양한 건기식이 유통되고 있는데 모든 것을 다 도전하라는 취지다. 권 회장은 “약국에서 처방에 따른 조제만 하면 상담이 사라진다. 약국에서 건강... ",
소포장 건기식,news,한의협 &quot;건기식 소포장 허용법안 즉각 폐기하라&quot;,https://www.kpanews.co.kr/article/show.asp?idx=205899&category=F,가능해진다면 건기식 판매업자가 한의원에서 조제한 의약품과 유사한 형태로 건기식을 조제·판매하게 됨으로써 국민 건강에 심각한 위해가 발생할 것임에 대한 우려를 표명한바 있다”고 지적했다. 그러나 “식약처는... ,
소포장 건기식,news,초저가 그늘에 가려진 품질···다이소 건기식 둘러싼 '가성비의 역설...,http://www.enewstoday.co.kr/news/articleView.html?idxno=2377709,소포장·균일가 구조를 통해 건기식 구매 진입 장벽을 낮췄다는 점에서 소비자 저변을 넓히는 효과는 뚜렷하게 작용한다는 평가다. 동일 브랜드 제품을 훨씬 저렴한 가격으로 판매하는 다이소의 이 같은 마케팅은 유통... ,
소포장 영양제,news,다이소에서 창고형까지 영역 넓히는 제약사들 … 약국 중심 소비구조 흔...,https://biz.newdaily.co.kr/site/data/html/2026/05/11/2026051100277.html,뉴데일리 성재용 기자 = 약국이 아니어도 약과 영양제를 사는 시대가 열리고 있다. 다이소에서는 3000원짜리... 과거 건기식이 고가·대용량 중심이었다면 최근에는 저가·소포장·즉시 섭취 형태가 빠르게 늘고 있다. 액상... ,
소포장 영양제,news,"영양제도 ‘가성비’ 시대…종근당, 다이소와 ‘맞손’",http://www.breaknews.com/1204328,"기존의 대용량 포장 방식에서 탈피해 일주일 내외로 섭취할 수 있는 소포장... 멀티비타민부터 오메가3, 밀크씨슬, 코엔자임Q10 등 현대인의 필수 영양제 6종을 2... ",
소포장 영양제,news,"액상 대신 분말, 영양제도 일주일치... 1인 가구·캠핑족 늘며 ‘소포장...",https://n.news.naver.com/mnews/article/014/0005484907?sid=101,극대화한 '소포장 제품'들이 인기를 끌고 있다. 제조사 입장에서도 신제품 개발 없이 기존 제품에 패키지만 변형해 매출이 증대되는 효과를 얻고 있다. 2일 업계에 따르면 건강기능식과 식음료 업계를 중심으로 소포장... ,
소포장 영양제,news,영양제도 다 있소! ‘다이소 영양제’,https://bravo.etoday.co.kr/view/atc_view/16402,"종근당건강 ‘락토핏골드’나 안국약품 ‘브이팩’은 소포장되어 있어 입문자가 영양제를 체험해보는 목적이라면 메리트 있는 선택지다. 대웅제약 ‘비타민 D’는 가격 대비 함량이 적절하고 저렴한 편이지만, 같은... ",
소포장 영양제,news,고물가에 판이 바뀌었다...약국 대신 다이소 향하는 제약사들,https://www.ebn.co.kr/news/articleView.html?idxno=1709365,"업계에서는 소포장 전략과 대량 생산 체계가 가격 경쟁력을 가능하게 했다고 보고 있다. 다이소 판매 제품은... 보령컨슈머헬스케어가 선보인 '보령 리베펫 닥터'는 다이소 최초의 반려동물 영양제 브랜드로, 기존 영양... ",
소포장 영양제,news,다이소·편의점 향하는 건기식…새 유통창구 찾는 제약사들 [영양제 전...,https://www.kukinews.com/article/view/kuk202602030266,"소포장·저가 제품에 익숙한 소비자가 늘어나면서, 20~30대를 중심으로 한 영양제 시장의 외연도 점차 넓어질 가능성이 제기된다. 제약사 관계자 B씨는 “아직 전체 영양제 시장의 구도를 바꿀 정도의 변화는 아니지만... ",
소포장 영양제,news,"롯데마트, 소포장 영양제 판매",https://n.news.naver.com/mnews/article/001/0009796966?sid=101,"8일 오전 롯데마트 서울역점에서 모델들이 소포장 파우치 건강기능식품을 홍보하고 있다. 롯데마트는 새해를 맞아 영양제를 찾는 고객을 위해 프로폴리스, 밀크씨슬 등 5종을 각 3천원에 판매한다. 2018.1.8 scape... ",
소포장 영양제,news,"GC녹십자, 비타민영양제 '비맥스 시리즈' 소포장 출시",https://n.news.naver.com/mnews/article/018/0004016481?sid=101,GC녹십자 직원이 ‘비맥스 시리즈’의 소포장 제품을 들고 있다.(사진=GC녹십자 제공) 녹십자(006280)는 고함량 비타민제 ‘비맥스 시리즈’의 소포장 제품을 출시했다고 22일 밝혔다. ‘비맥스 시리즈’는 20~40대 학생과... ,
소포장 영양제,news,"[먹어보니] 젤리형 영양제 CJ웰케어 '건강구미', 맛·편의성 모두 잡았다",https://www.ebn.co.kr/news/articleView.html?idxno=1704925,"일반 구미 캔디와 유사한 식감이라 영양제를 먹는다는 느낌보다는 간식을 먹는 느낌에 가까웠다. ◆하루 1구미 설계…휴대성도 강점 제품 구성에서도 편의성이 강조됐다. 건강구미는 10일 분량(30g, 3g X 10구미)을 소포장... ",
소포장 영양제,news,“계산대 옆 비타민”…유통가 ‘건강코너’ 확대가 만든 일상 [영양제...,https://www.kukinews.com/article/view/kuk202601260116,"영양제·건강기능식품이 유통 채널을 넓히며 일상 소비 공간으로 들어온 것이다. 다이소는 균일가 전략을 앞세워 가성비 건기식 시장을 열었고, 편의점들은 컨디션 관리 등 생활형 수요를 겨냥해 소용량·소포장... ",
소포장 영양제,news,CU에 건강식품 전용 '헬스존' 생겼다…소포장 영양제 판매,https://n.news.naver.com/mnews/article/001/0010259719?sid=101,"CU 관계자는 &quot;편의점 건강식품은 1회 섭취량에 맞춰 소포장으로 판매되기 때문에 피로, 숙취, 소화불량 등 소비자가 자신의 컨디션에 따라 부담 없이 구매할 수 있다&quot;고 말했다. gatsby@yna.co.kr ▶놓치면 아쉬운 '핫뉴스... ",
소포장 영양제,news,다이소로 다 모인다,https://n.news.naver.com/mnews/article/082/0001380615?sid=101,"종근당건강 역시 소용량·소포장 전략을 앞세운 건기식 브랜드 '데일리와이즈'를 통해 멀티비타민, 오메가3, 혈당컷다이어트, 코엔자임Q10 등 6종과 구미 영양제 7종을 선보였다. 현재 다이소에 입점한 제약·식품기업의... ",
소포장 영양제,news,&quot;소포장.전량 DNA 분석&quot;...'칠곡할매쌀'로 승부,https://www.tbc.co.kr/news/view?pno=20251127171740AE02965&id=201216,"칠곡군이 소비자 취향에 맞춘 '소포장 프리미엄' 쌀로 승부수를 던졌습니다. 전국에서 처음으로 수확한 쌀... 여기에다 토양검정을 거쳐 토질에 맞게 영양제를 넣고, 비료량을 조절하는 과학적인 벼 재배방식을... ",
소포장 영양제,news,"나에게 맞는 영양제, 분석부터 구독까지 ‘셀프메디케이션’",https://bravo.etoday.co.kr/view/atc_view/14389,뉴트리원의 맞춤 영양제 구독 서비스 ‘마이퍼즐’ 역시 자체 설계한 건강 설문과 전문가 상담을 통해 하루분씩 소포장한 맞춤 영양제를 30일에 한 번씩 정기 배송해준다. 한 팩을 구성하는 영양제는 추천 리스트에서... ,
소포장 영양제,news,[Who Is ?] 박정부 아성다이소 회장,https://www.businesspost.co.kr/BP?command=article_view&num=437383,"10개 소포장을 유지하면서 가격을 낮췄다. 이는 다이소의 경영 철학인 '균일가'와 '천원 정신'에 따른... 종합 비타민제부터 뼈·관절 기능에 도움이 되는 칼슘제, 루테인 성분을 함유한 눈 영양제, 체중 관리에 도움을... ",
소포장 영양제,news,"조아제약, 조아토닉캡슐 20T 단위 소포장 출시",http://www.dailypharm.com/News/238342,조아제약(대표 조성환·조성배)은 2일 단기간 영양보충에 필요한 소비자 요구에 맞춰 종합영양제 조아토닉캡슐 소포장 제품을 출시했다고 밝혔다. 조아토닉캡슐은 인체 대사에 필요한 필수아미노산과 비타민 복합... ,
소포장 영양제,news,"다이소 진짜 싸네… 10만 원 육박 제품도 있는데, 5천 원에 풀려 난리라...",https://www.wikitree.co.kr/articles/1082426,"10포 소포장 형태라 장기 복용을 전제로 하기보다는 맛이나 체감 여부를 가볍게 확인해볼 수 있는 점도 매력이다. 최근 영양제 전반의 가격이 전보다 낮아지며 ‘가성비 제품’이 다양하게 출시되는 분위기 속에서, 이번... ",
소포장 영양제,news,"싱글족 웃게 한 편의점 ‘소포장·간편식품’, 간편식 매출 260% 증가",http://fashion.mk.co.kr/view.php?no=1508307&year=2014,"이 밖에도 편의점 업계에서 1~2인 가구 고객을 겨냥해 내놓은 건강기능식품 매출이 94.4%까지 증가함에 따라 소포장 비타민부터 칼슘, 철분, 오메가, 간건강 등 편의점에 맞게 개발된 소포장 영양제가 속속들이... ",
소포장 영양제,news,"[이슈포커스] '건강 챙기기도 시범용으로'…편의점, 소용량·저가로 건...",http://www.hansbiz.co.kr/news/articleView.html?idxno=765319,다이소가 저가·소포장 건기식으로 인기를 끌며 편의점 업계도 건기식 판매에 나서고 있다. CU는 전국... 세븐일레븐도 영양제 등 건강식품을 판매해 오고 있다. 지난해에는 알약과 액상을 한 번에 섭취하는 이중제형... ,
소포장 영양제,news,편의점에서 영양제 산다고?...'건기식' 격전지 된 리테일 업계,http://www.opinionnews.co.kr/news/articleView.html?idxno=121540,"사진제공=BGF리테일  이젠 편의점에서도 영양제를 산다. 편의점과 다이소 등 일상 소매 채널이 잇따라... 모든 제품은 5000원 이하 가격에, 10일분 소포장 형태로 제공돼 구매 부담을 낮췄다. 고객들의 알뜰 소비를... ",
소포장 영양제,news,"아시아종묘, 가정원예용 액상 비료 ‘○○대로’ 시리즈 출시",http://www.newsam.co.kr/news/article.html?no=33811,아시아종묘가 직접 개발한 ‘○○대로’ 시리즈는 이러한 도시농부들의 고민들을 해소하기 위한 맞춤형 액상 소포장 영양제이다. 스틱형 제품은 한 포당 10ml로 소포장하여 물 500ml 또는 1L에 간편하게 희석하여 사용할... ,
소포장 영양제,news,"유별난 한국인 영양제 사랑…‘한달에 3000원’ 다이소 건기식, 진짜 가...",https://n.news.naver.com/mnews/article/009/0005455447?sid=105,"달간 영양제를 챙겨먹을 수 있다는 사실만으로도 상당히 끌리는데요. 열흘 넘게 논란이 이어지고 있는 다이소 건기식, MK약국에서 한번 들여다보겠습니다. 다이소 건기식 저가 비결은 ‘소포장·함량 절감’ 현재... ",
소포장 영양제,news,다이소 입점 제약사 5곳으로…판 커지는 건기식 시장,https://n.news.naver.com/mnews/article/011/0004482543?sid=101,다이소는 소비자들이 주로 찾는 영양제를 소포장하는 방식으로 가격을 낮췄다. 업계 관계자는 “다이소가 공전의 히트를 친 뷰티제품 ‘브이티 리들샷’도 소포장 전략이 주효했다”며 “건기식도 가격 접근성이... ,
소포장 영양제,news,다이소 '초 저렴 영양제' 공급사 1곳..'철수 결정',https://n.news.naver.com/mnews/article/660/0000080343?sid=102,"1개월분 소포장 형태에 3,000원과 5,000원이라는 저렴한 가격으로 책정됐습니다. 특히 가격이 자사 몰에서 파는 제품보다 최대 6분의 1가량 저렴해 '초 저렴' 영양제로 입소문이 났습니다. 이는 부차적인 성분과 함량을... ",
소포장 영양제,news,"“애매한데, OO는 돈값 하는 듯”…현직 약사의 ‘다이소 영양제’ 분석...",https://n.news.naver.com/mnews/article/022/0004016770?sid=102,구독자 192만 명을 보유한 현직 약사 유튜버가 다이소의 시판 영양제를 직접 구매해 분석하는 영상을 올려... 시중 판매 제품에 비해 함량을 줄이고 단일 기능과 소포장으로 가격을 낮췄다. 이에 대해 대한약사회는 최근... ,
소포장 영양제,news,'영양제 다잇소' 다이소 건기식 대란…약사들 '난색',https://n.news.naver.com/mnews/article/648/0000033909?sid=101,"종근당건가의 영양제를 비롯한 건기식 판매에 나섰다. 다이소에서 판매되는 제품은 기존 3~6개월분 단위로 판매되는 기존 건기식과 달리 1개월분 소포장 형태로 판매되며, 균일가 정책에 맞춰 3000원~5000원 선으로 가격이... ",
소포장 영양제,news,다이소 저가형 건강기능식품 인기에 불편한 약사들,http://www.kihoilbo.co.kr/news/articleView.html?idxno=1134579,"다이소는 지난달 24일부터 대웅제약, 종근당건강, 일양약품 등 국내 유명 제약회사 3곳의 건강기능식품 영양제를 소포장(15일∼1개월분)해 3천∼5천 원에 판매하고 있다. 5일 오전 10시께 수원시 팔달구 인계동에 위치한... ",
소포장 영양제,news,'실속·건강·정성 가득'… 친환경·유기농 꽉찬 선물이 대세,http://www.iusm.co.kr/news/articleView.html?idxno=764248,[Life Joy] 추석 선물 新풍속도 1인가구 위한 단품 소포장·젊은 직장인 영양제 필수 선물 '김영란법' 영향 저가 선물세트 강세… 비용 부담도 줄어 저탄소·GAP 인증 과일… 생활식용품 세트 인기도 여전 '추석(秋夕)'이... ,
소포장 영양제,news,"약사 82% &quot;다이소 저가 건식, 약국 영양제 판매에 타격&quot;",https://www.dailypharm.com/Users/News/NewsView.html?ID=320886&REFERER=NP,"및 영양제의 판매감소’를 가져올 것이라고 답한 반면, ‘별 영향 없음’이 16%, ‘건기식 노출 확대로 인한... 한편 다이소에 유통 중인 저가형 소포장 건기식 제품이 약국으로만 공급될 경우 취급할 용의가 있냐는... ",
소포장 영양제,news,3만원대가 5000원… 다이소 영양제 판매에 갑론을박,https://n.news.naver.com/mnews/article/005/0001759928?sid=101,서울 강남구 다이소 강남본점을 방문한 30대 정모씨는 “화장품에 이어 영양제까지 판매하는 걸 보니 없는... 건기식은 대개 3~6개월분 단위로 판매되는데 다이소에서는 1개월분 소포장 형태로 제공된다. 대량 생산과... ,
소포장 영양제,news,&quot;약국서 3만원인데&quot;…다이소 3천원 영양제에 약사들 '부글',http://www.seouleconews.com/news/articleView.html?idxno=82045,"다이소는 지난 24일부터 전국 200개 매장에서 영양제 등 건기식 판매를 시작했다고 26일 밝혔다. 다이소에... 약국 판매용 건기식은 3~6개월분 단위로 판매하지만, 다이소에서는 1개월분 소포장 형태로 팔고 있다.... ",
소포장 영양제,news,다이소에서 '영양제가 3천 원?'…약사들 '반발',https://n.news.naver.com/mnews/article/052/0002158070?sid=101,"종근당건강의 영양제를 비롯한 건기식 판매에 나섰다. 다이소에서 판매되는 제품은 기존 3~6개월분 단위로 판매되는 기존 건기식과 달리 1개월분 소포장 형태로 판매되며, 균일가 정책에 맞춰 3,000원~5,000원 선으로 가격이... ",
소포장 영양제,news,"편의점, 1~2인 가구 단골로 급부상",https://n.news.naver.com/mnews/article/417/0000076418?sid=101,"GNC비타민에 이어 대웅제약이 지난 해 9월 칼슘, 철분, 오메가, 간건강 등의 소포장 영양제를 내놓으면서 고객 선택의 폭이 크게 넓어졌다. GS25는 건강기능식품의 편의점 구매가 일반화 되어감에 따라 향후에는 현재... ",
소포장 영양제,news,"[유통가 투데이] 롯데百, 추석 소용량·소포장 세트 30% 확대 外",https://it.chosun.com/news/articleView.html?idxno=2023092122890,"4주차(23~29일)에는 본격적인 가을을 맞이해 커피, 티, 건강즙, 영양제 등 '환절기 식품' 테마관을 운영한다.... ◇롯데백화점, 추석 소용량·소포장 세트 30% 확대 롯데백화점은 추석을 맞이해 소용량·소포장 세트를... ",
소포장 영양제,news,[2014 편의점 트렌드]알뜰폰과 PB 상품이 뜨다,https://n.news.naver.com/mnews/article/277/0003389791?sid=101,"GNC비타민에 이어 대웅제약이 지난 해 9월 칼슘, 철분, 오메가, 간건강 등의 소포장 영양제를 내놓으면서 고객 선택의 폭이 크게 넓어졌다. GS25는 건강기능식품의 편의점 구매가 일반화 되어감에 따라 향후에는 현재... ",
소포장 영양제,news,"[이슈클릭] 다이소 이젠 ‘3천 원’ 영양제까지… “소비자 웃고, 약사...",https://n.news.naver.com/mnews/article/056/0011901552?sid=102,"제약업계에 따르면 우선 판매 단위당 용량을 줄인 소포장 형태라서 가격 절감이 가능했습니다. 기존 제품이... 소비자 입장에선 저렴한 가격으로 소포장된 제품을 체험하거나, 필요한 기능성 식품만 쏙쏙 골라살 수 있어... ",
소포장 영양제,news,[제약바이오 브리프] 지투지바이오ㆍ조아제약ㆍKGC인삼공사ㆍ동아제약...,https://www.dnews.co.kr/uhtml/view.jsp?idxno=202507140842419310461,"조아제약, 반려동물 의약품 및 영양제 ‘잘크개’ 6종 출시 조아제약이 반려동물 헬스케어 시장 진출을... 체지방 다이어트 전문 브랜드 ‘GLPro’가 체중 관리에 관심이 높아지는 여름 휴가철을 맞아, 소포장 제품... ",
소포장 영양제,news,‘나 혼자 산다’…대사증후군 위험 높은 1인 가구를 위한 영양제는?,https://www.hidoc.co.kr/healthstory/news/C0000929138,"이러한 위험을 예방하기 위해 반드시 챙겨야 할 영양제는 무엇일까. 현대인에게 꼭 필요한 필수 영양소... 최근 시중에서 쉽게 찾을 수 있는 소포장 과일을 활용하는 것도 좋은 방법이다. 또한, 혼자 식사할 때 식사 속도가... ",
소포장 영양제,news,"조아제약, 종합영양제 ‘조아토닉캡슐’ 소포장 출시",http://www.viva100.com/main/view.php?key=20180402020022462,"조아제약, 종합영양제 ‘조아토닉캡슐’ 소포장 출시 조아제약은  필수아미노산과 비타민을 함유한 종합영양제 ‘조아토닉캡슐’ 소포장(20캡슐) 제품을 출시했다고 2일 밝혔다. 소포장 제품은 감기몸살로 고생하거나... ",
소포장 영양제,news,&quot;3000원 영양제 살 수 있다더니&quot; 소비자 반발에 결국…공정위 나섰다,https://n.news.naver.com/mnews/article/011/0004459430?sid=102,앞서 일양약품은 다이소를 통해 기존 3~6개월분 단위로 판매되는 기존 건기식과 다른 1개월분 소포장 형태의 건기식 9종을 출시했다. 가격은 자사몰에서 판매하는 제품 대비 6분의 1수준인 3000원~5000원 선이었다.... ,
소포장 영양제,news,"일양약품, 다이소서 ‘영양제 판매’ 접는다",https://www.dnews.co.kr/uhtml/view.jsp?idxno=202503011447199910511,"기존 건기식은 3~6개월분 단위로 판매되는 것과 달리, 다이소에서는 대량 생산과 포장 간소화를 통해 ‘1개월분ㆍ소포장’ 형태로 원가를 낮출 수 있었다. 소비자들은 “가격 부담이 적어 좋다”, “1달분씩 구매해... ",
소포장 영양제,news,"“유커 특수로 웃는다”…제약업계, OTC 매출 ‘껑충’",https://www.mediapen.com/news/view/1052755,"현재 동국제약(‘마데카 리포좀 레티놀c’), 안국약품(‘브이팩 남성/여성’), 종근당건강, 대웅제약, DXVX 등 5개 주요 제약사는 다이소를 통해 건강기능식품 및 소포장 영양제를 전국 1500여 개 매장과 온라인몰에서 5000원... ",
소포장 영양제,news,"약사들 불매 여파?...다이소 3천 원 영양제, 결국 철수하는 제약사는?",https://n.news.naver.com/mnews/article/052/0002159334?sid=102,"일양약품이 지난 24일 다이소에 출시한 건기식 9종은 기존 3~6개월분 단위로 판매되는 기존 건기식과 달리 1개월분 소포장 형태다. 가격은 자사몰에서 판매하는 제품 대비 6분의 1수준인 3,000원~5,000원 선으로 책정했다.... ",
소포장 영양제,news,다이소 '3천원' 영양제 판매…약사들 단체행동 조짐,https://www.kpinews.kr/newsView/1065591957231253,"약국에서 판매되는 건기식은 3~6개월분 단위로 판매되지만, 다이소에서는 1개월분 소포장 형태로 제공돼 판매 가격이 상대적으로 저렴하다. 대량 생산 및 포장 간소화도 가격 경쟁력을 확보한 이유 중 하나다.... ",
소포장 영양제,news,"조아제약, 종합영양제 '조아토닉캡슐' 소포장 출시",https://n.news.naver.com/mnews/article/082/0000793120?sid=101,"조아제약은 종합영양제 '조아토닉캡슐' 소포장 제품을 약국에서 판매한다고 2일 밝혔다. '조아토닉캡슐'은 정상적인 인체 대사에 필요한 필수아미노산 과 비타민의 복합 처방으로 병중·병후, 임신·수유기, 체력 저하... ",
소포장 영양제,news,"조아제약, 종합영양제 `조아토닉캡슐` 소포장 출시",http://www.metroseoul.co.kr/news/newsview?newscd=2018040200090,조아제약이 바쁜 일상으로 쉽게 지치고 아픈 현대인의 건강 증진을 위한 종합영양제 '조아토닉캡슐' 소포장 제품을 출시했다고 2일 밝혔다. '조아토닉캡슐'은 정상적인 인체 대사에 필요한 필수아미노산과 비타민의 복합... ,
소포장 영양제,news,"조아제약, 종합영양제 '조아토닉캡슐' 소포장 출시",http://www.newstown.co.kr/news/articleView.html?idxno=320377,"조아제약(대표이사 조성환, 조성배)이 바쁜 일상으로 쉽게 지치고 아픈 현대인의 건강 증진을 위한 종합영양제 '조아토닉캡슐' 소포장 제품을 출시했다. '조아토닉캡슐'은 정상적인 인체 대사에 필요한 필수아미노산 과... ",
소포장 영양제,news,"조아제약, 종합영양제 `조아토닉캡슐` 소포장 출시",http://medipana.com/news/news_viewer.asp?NewsNum=218058&MainKind=A&NewsKind=5&vCount=12&vKind=1,"조아제약(대표이사 조성환, 조성배)이 바쁜 일상으로 쉽게 지치고 아픈 현대인의 건강 증진을 위한 종합영양제 `조아토닉캡슐` 소포장 제품을 출시했다. `조아토닉캡슐`은 정상적인 인체 대사에 필요한 필수아미노산과... ",
소포장 영양제,news,"조아제약, 종합영양제 '조아토닉캡슐' 소포장 제품 약국 판매",https://n.news.naver.com/mnews/article/014/0003993579?sid=103,"조아제약은 종합영양제 '조아토닉캡슐' 소포장 제품을 약국에서 판매한다고 2일 밝혔다. '조아토닉캡슐'은 정상적인 인체 대사에 필요한 필수아미노산 과 비타민의 복합 처방으로 병중·병후, 임신·수유기, 체력 저하... ",
소포장 영양제,news,"조아제약, 종합영양제 ‘조아토닉캡슐’ 소포장 출시",http://www.polinews.co.kr/news/article.html?no=351376,조아제약은 현대인의 건강 증진을 위한 종합영양제 ‘조아토닉캡슐’ 소포장 제품을 출시했다고 2일 밝혔다.조아제약에 따르면 조아토닉캡슐은 정상적인 인체 대사에 필요한 필수아미노산 과 비타민의 복합 처방으로... ,
소포장 영양제,news,"조아, 종합영양제 ‘조아토닉캡슐’ 소포장 출시",http://www.bosa.co.kr/news/articleView.html?idxno=2080770,"조아제약(대표 조성환, 조성배)이 종합영양제 ‘조아토닉캡슐’ 소포장 제품을 출시했다. ‘조아토닉캡슐’(사진)은 정상적인 인체 대사에 필요한 필수아미노산과 비타민의 복합 처방으로 병중·병후, 임신·수유기, 체력... ",
소포장 영양제,news,약사들 반대에도 대세는 '다이소'…안국약품·동국제약도 입점,https://n.news.naver.com/mnews/article/011/0004482545?sid=101,다이소는 소비자들이 주로 찾는 영양제를 소포장하는 방식으로 가격을 낮췄다. 업계 관계자는 “다이소에서 공전의 히트를 친 뷰티제품 ‘브이티 리들샷’도 소포장 전략이 주효했다”며 “건기식도 가격 접근성이... ,
소포장 영양제,news,[단독]약사들 반대해도 대세는 '다이소'…안국약품·동국제약도 입점한...,https://n.news.naver.com/mnews/article/011/0004482321?sid=101,다이소는 소비자들이 주로 찾는 영양제를 소포장하는 방식으로 가격을 낮췄다. 한국건강기능식품협회에 따르면 국내 건기식 시장 규모는 지난해 6조 440억 원으로 지난 20년간 5배 가량 성장했다. 업계 관계자는... ,
소포장 영양제,news,"CMG제약, 스틱형 액상 마그네슘 영양제 ‘씨엠지마그액’ 출시",https://n.news.naver.com/mnews/article/018/0005732489?sid=105,"스틱형 액상 마그네슘 영양제 ‘씨엠지마그액’(제공=CMG제약) CMG제약(058820)이 마시는 액상형 마그네슘... 씨엠지마그액은 30포 박스 안에 6포씩 소포장으로 구성됐으며, 일반의약품으로 처방전 없이 약국에서 구매할 수... ",
소포장 영양제,news,"CMG제약, 액상형 마그네슘 영양제 '씨엠지마그액' 출시",https://n.news.naver.com/mnews/article/030/0003204106?sid=102,"마그네슘 영양제는 일반적으로 연질캡슐 형태지만 씨엠지마그액은 스틱포 형태의 액상형 마그네슘으로, 손쉽게 개봉하여 물 없이 복용할 수 있으며 휴대가 용이하다. 씨엠지마그액은 30포 박스 안에 6포 소포장으로... ",
소포장 영양제,news,아미노산ㆍ비타민 함유 종합영양제 '조아토닉캡슐' 소포장 출시,http://www.seoulwire.com/news/articleView.html?idxno=11968,"조아제약(대표이사 조성환, 조성배)이 '조아토닉캡슐' 소포장 제품(20캡슐 포장 단위)을 출시했다. 3일... 조아토닉캡슐 소포장 제품은 병중·병후의 빠른 체력 회복이 필요한 소비자에게 초점을 맞췄다&quot;며 &quot;새롭게 출시된... ",
소포장 영양제,news,"아시아종묘, 가정원예용 액상비료 출시",http://www.youngnong.co.kr/news/articleView.html?idxno=36200,아시아종묘가 직접 개발한 '○○대로' 시리즈는 도시농부들의 고민들을 해소하기 위한 맞춤형 액상 소포장 영양제이다. 스틱형 제품은 한 포당 10ml로 소포장하여 물 500ml 또는 1L에 간편하게 희석하여 사용할 수 있으며... ,
소포장 영양제,news,아시아종묘 '도시농부' 틈새시장에도 크게 공들여,http://www.kenews.co.kr/news/article.html?no=80990,아시아종묘가 직접 개발한 ‘○○대로’ 시리즈는 이러한 도시농부들의 고민들을 해소하기 위한 맞춤형 액상 소포장 영양제이다. 스틱형 제품은 한 포당 10ml로 소포장하여 물 500ml 또는 1L에 간편하게 희석하여 사용할 수... ,
소포장 영양제,news,"신동빈-정용진, 헬스케어 시장서 또 '맞짱'",http://www.newsway.co.kr/news/view?tp=1&ud=2022031115084855198,아이엠은 개인 건강 상태와 라이프스타일을 분석해 필요한 영양제를 1회씩 소포장해 제공하는 서비스다. 소비자가 설문을 작성하면 인공지능(AI)이 이에 맞는 영양제를 추천해준다. 또 영양사 자격을 가진 상담사가 건강... ,
소포장 영양제,news,'단돈 3000원' 난리 난 다이소 건기식…오히려 더 비싼 거라고? [이슈+],https://n.news.naver.com/mnews/article/015/0005100913?sid=103,"지난달 28일 오후 5시 기준 다이소 온라인몰 검색어 순위에서도 1위 영양제, 4위 비타민 등이 오르는 등 관심도가 높다. 서울 다이소 비트플렉스왕십리역점을 방문한 20대 소비자 유모 씨는 “값도 싸고 소포장이라 부담... ",
소포장 영양제,news,아무거나 한주먹씩?…'맞춤형 건기식' 산다,https://n.news.naver.com/mnews/article/374/0000428986?sid=103,하지만 내 몸에 맞지 않는 영양제는 오히려 몸을 망치기도 하는데요. 관리사 상담을 통한 건기식의 소포장 판매가 이르면 이번 주부터 허용됩니다. 이정민 기자입니다. [기자] 병원에서 건강검진받기 전 설문조사를 하듯... ,
소포장 영양제,news,"&quot;이대목동 신생아 투약제, 소용량 아닌 대용량 사용&quot;",http://www.dailypharm.com/News/236372,앞서 윤 의원은 사태를 일으킨 여러 원인 중 지질영양제가 소포장이 제대로 안 돼 있다는 문제를 지적했다. 이에 대해 정 본부장은 &quot;소아는 적은 용량을 투여하는데 약품의 제조용량이 다양화 돼있지 않아서 분주... ,
소포장 영양제,news,'동상이몽2' 세븐♥이다해 극과 극 일상 공개에 月 예능 전체 1위!,https://m.entertain.naver.com/article/415/0000017867,이날 이다해가 직접 정리해둔 성분표에 따라 한 달 치 영양제를 꼼꼼히 소포장해 준비하며 '파워 J의 끝판왕' 면모를 보인 장면은 모두를 놀라게 하며 분당 시청률 6.7%로 '최고의 1분'을 기록하기도 했다. 반면 세븐은... ,
소포장 영양제,news,'동상이몽2' 세븐·이다해 &quot;공개 연애 후 욕밖에 없었다&quot;...월요 예능 1위,https://www.jeonmae.co.kr/news/articleView.html?idxno=959418,이날 이다해가 직접 정리해둔 성분표에 따라 한 달 치 영양제를 꼼꼼히 소포장해 준비하며 '파워 J의 끝판왕' 면모를 보인 장면은 분당 시청률 6.7%로 '최고의 1분'을 기록했다. 반면 세븐은 계획적인 이다해에 대해... ,
소포장 영양제,news,"세븐♥이다해 극과 극 “결혼 전 위기, ‘이 결혼 맞나’ 생각” (동상...",https://m.entertain.naver.com/article/382/0001052955,이날 이다해가 직접 정리해둔 성분표에 따라 한 달 치 영양제를 꼼꼼히 소포장해 준비하며 ‘파워 J의 끝판왕’ 면모를 보인 장면은 모두를 놀라게 하며 분당 시청률 6.7%로 ‘최고의 1분’을 기록하기도 했다. 하지만... ,
소포장 영양제,news,세븐 &quot;나 때문에 이다해도 욕 먹어…미안해&quot;,https://m.entertain.naver.com/article/015/0004847915,이날 이다해가 직접 정리해둔 성분표에 따라 한 달 치 영양제를 꼼꼼히 소포장해 준비하며 '파워 J의 끝판왕' 면모를 보인 장면은 모두를 놀라게 하며 분당 시청률 6.7%로 '최고의 1분'을 기록하기도 했다. 반면 세븐은... ,
소포장 영양제,news,세븐♥이다해 “열애 공개 후 욕밖에 없었다”…‘동상이몽’月 예능 1...,https://m.entertain.naver.com/article/410/0000939405,이날 이다해가 직접 정리해둔 성분표에 따라 한 달 치 영양제를 꼼꼼히 소포장해 준비하며 ‘파워 J의 끝판왕’ 면모를 보인 장면은 모두를 놀라게 하며 분당 시청률 6.7%로 ‘최고의 1분’을 기록하기도 했다. 반면 세븐은... ,
소포장 영양제,news,"‘동상이몽2’, 세븐♥이다해 ‘극과 극’ 일상 최초 공개..月 예능 전체...",http://www.breaknews.com/966547,이날 이다해가 직접 정리해둔 성분표에 따라 한 달 치 영양제를 꼼꼼히 소포장해 준비하며 ‘파워 J의 끝판왕’ 면모를 보인 장면은 모두를 놀라게 하며 분당 시청률 6.... ,
소포장 영양제,news,"'동상이몽2' 세븐 &quot;♥이다해와 공개 연애, 욕밖에 없었다…너무 미안&quot;",http://www.joynews24.com/view/1596602,이날 이다해가 직접 정리해둔 성분표에 따라 한 달 치 영양제를 꼼꼼히 소포장해 준비하며 '파워 J의 끝판왕' 면모를 보인 장면은 모두를 놀라게 하며 분당 시청률 6.7%로 '최고의 1분'을 기록하기도 했다. 반면 세븐은... ,
소포장 영양제,news,‘동상이몽’ 세븐 &quot;♥이다해와 연애 공개 후 욕밖에 없었다&quot;,https://m.entertain.naver.com/article/018/0005492156,이날 이다해가 직접 정리해둔 성분표에 따라 한 달 치 영양제를 꼼꼼히 소포장해 준비하며 ‘파워 J의 끝판왕’ 면모를 보인 장면은 모두를 놀라게 하며 분당 시청률 6.7%로 ‘최고의 1분’을 기록하기도 했다. 반면 세븐은... ,
소포장 영양제,news,세븐 &quot;♥이다해와 연애 공개 후 욕밖에 없었다&quot;..최고 6.7% [동상이몽][종...,https://m.entertain.naver.com/article/108/0003154345,이날 이다해가 직접 정리해둔 성분표에 따라 한 달 치 영양제를 꼼꼼히 소포장해 준비하며 '파워 J의 끝판왕' 면모를 보인 장면은 분당 시청률 6.7%로 '최고의 1분'을 기록하기도 했다. 반면 세븐은 소파에 누워 TV를 보며... ,
소포장 영양제,news,"세븐 &quot;연애 공개 후 욕밖에 없어, ♥이다해에 미안&quot;…'동상이몽2', 月 예...",https://m.entertain.naver.com/article/416/0000295555,이날 이다해가 직접 정리해둔 성분표에 따라 한 달 치 영양제를 꼼꼼히 소포장해 준비하며 '파워 J의 끝판왕' 면모를 보인 장면은 모두를 놀라게 하며 분당 시청률 6.7%로 '최고의 1분'을 기록하기도 했다. 반면 세븐은... ,
소포장 영양제,news,'이다해♥' 세븐 &quot;공개 열애 후 욕밖에 없었다…신혼여행 준비만 6개월...,https://m.entertain.naver.com/article/311/0001595827,이날 이다해가 직접 정리해둔 성분표에 따라 한 달 치 영양제를 꼼꼼히 소포장해 준비하며 ‘파워 J의 끝판왕’ 면모를 보인 장면은 모두를 놀라게 하며 분당 시청률 6.7%로 ‘최고의 1분’을 기록하기도 했다. 반면 세븐은... ,
소포장 영양제,news,"세븐♥이다해, 알고 보니 P vs J '극과 극'…결혼 준비하다 충돌 [동상이...",https://m.entertain.naver.com/article/117/0003732202,이날 이다해가 직접 정리해둔 성분표에 따라 한 달 치 영양제를 꼼꼼히 소포장해 준비하며 '파워 J의 끝판왕' 면모를 보인 장면은 모두를 놀라게 하며 분당 시청률 6.7%로 '최고의 1분'을 기록하기도 했다. 반면 세븐은... ,
소포장 영양제,news,'동상이몽' 세븐 &quot;연애 공개 후 욕밖에..♥이다해에 미안했다&quot;,https://m.entertain.naver.com/article/112/0003632889,이날 이다해가 직접 정리해둔 성분표에 따라 한 달 치 영양제를 꼼꼼히 소포장해 준비하며 ‘파워 J의 끝판왕’ 면모를 보인 장면은 모두를 놀라게 하며 분당 시청률 6.7%로 ‘최고의 1분’을 기록하기도 했다. 반면 세븐은... ,
소포장 영양제,news,세븐 “연애 공개 후 욕밖에 없었다…♥이다해에 계속 미안했다” (동상...,https://m.entertain.naver.com/article/408/0000189550,이날 이다해가 직접 정리해둔 성분표에 따라 한 달 치 영양제를 꼼꼼히 소포장해 준비하며 ‘파워 J의 끝판왕’ 면모를 보인 장면은 모두를 놀라게 하며 분당 시청률 6.7%로 ‘최고의 1분’을 기록하기도 했다. 반면 세븐은... ,
소포장 영양제,news,[저출산·고령화 유통 미래는④]초고령화 사회 '케어푸드·헬스케어' 주...,https://n.news.naver.com/mnews/article/003/0011529437?sid=101,"아이엠은 개인 건강 상태와 라이프스타일을 분석해 필요한 영양제를 1회씩 소포장해 제공하는 서비스다. 신세계그룹은 마이크로바이옴 기반 신약 개발기업인 고바이오랩과 합작법인을 설립, 마이크로바이옴 기반... ",
소포장 영양제,news,헬스케어 시장 450조원 규모로 급부상...식음료·유통업체도 본격 참여,http://thepublic.kr/news/newsview.php?ncode=1065588013270083,"아이엠은 개인 건강 상태와 라이프스타일을 분석해 필요한 영양제를 1회씩 소포장해 제공하는 서비스로, 소비자가 설문을 작성하면 인공지능이 영양제를 추천해준다. 이마트는 지난해 건강기능식품 PB브랜드... ",
소포장 영양제,news,&quot;이재현과 정용진 그리고 신동빈&quot;...450조 헬스케어시장 잡아라,https://www.fetv.co.kr/news/article.html?no=110679,"아이엠은 개인 건강 상태와 라이프스타일을 분석해 필요한 영양제를 1회씩 소포장해 제공하는 서비스로, 소비자가 설문을 작성하면 인공지능이 영양제를 추천해준다. 이마트는 지난해 건강기능식품 PB브랜드... ",
소포장 영양제,news,[유통가 '기능성'이 뜬다] 높아진 건기식 관심…진출 활발,http://www.ezyeconomy.com/news/articleView.html?idxno=118577,아이엠은 개인 건강 상태와 생활양식을 분석해 필요한 영양제를 1회씩 소포장해 제공하는 서비스다. 신세계그룹은 마이크로바이옴 기반 신약 개발기업인 고바이오랩과 합작법인을 설립하기로 했다. 양사는... ,
소포장 영양제,news,바이오·헬스케어 진출하는 유통대기업…450조 시장 '정조준',http://www.newsprime.co.kr/news/article.html?no=564338,"개인 건강 상태와 라이프스타일을 분석해 필요한 영양제를 1회씩 소포장 제공하는 서비스다. 이에 앞서 건기식 자체 개발 상품 브랜드 '바이오퍼블릭'도 론칭, 노브랜드를 통해 제품을 판매 중이다. CJ(001040)는 잠재력... ",
소포장 영양제,news,제약바이오 vs 유통 헬스케어 경쟁,http://www.m-i.kr/news/articleView.html?idxno=906657,아이엠에서는 개인 건강 상태와 라이프스타일을 분석해 필요한 영양제를 1회씩 소포장해 제공하고 있다. 신세계는 마이크로바이옴 기반 신약 개발기업인 고바이오랩과 협업해 올해 1분기 내 신규 합작법인을 출범할... ,
소포장 영양제,news,尹 당선인 주목한 헬스케어 시장…롯데·신세계·CJ 3파전 가열,https://n.news.naver.com/mnews/article/003/0011069754?sid=101,아이엠은 개인 건강 상태와 라이프스타일을 분석해 필요한 영양제를 1회씩 소포장해 제공하는 서비스다. 신세계그룹은 지난달 마이크로바이옴 기반 신약 개발기업인 고바이오랩과 합작법인을 설립하기로 했다. 양사는... ,
소포장 영양제,news,롯데헬스케어 만드는 롯데...유통업계 헬스케어 열풍,https://byline.network/?p=9004111222470394,개인 건강 상태와 라이프스타일을 분석해 필요한 영양제를 1회씩 소포장 제공하는 서비스다. CJ와 마찬가지로 마이크로바이옴 기술에도 주목하고 있다. 신세계는 마이크로바이옴 기반 신약 개발기업인 고바이오랩과... ,
소포장 영양제,news,"유통업계, 450조 '헬스케어' 시장 진출 나선다",https://sports.hankooki.com/lpage/economy/202203/sp20220311165248136980.htm?s_ref=nv,"개인 건강 상태와 라이프스타일을 분석해 필요한 영양제를 1회씩 소포장 제공하는 서비스다. 이에 앞서 건기식 자체 개발 상품 브랜드 ‘바이오퍼블릭’도 론칭, 노브랜드를 통해 제품을 판매 중이다. 이마트 역시 CJ와... ",
소포장 영양제,news,수능 막판 응원전 시작 …두뇌 영양제·에너지 보충 간식 인기,http://www.metroseoul.co.kr/article/20221115500524,"유통업계는 수험생들을 위한 영양제, 견과류를 비롯해 가족이 함께 즐길 수 있는 디저트 등을 선보이고... 있는 소포장 제품이 수험생 선물용으로 인기가 높은 것으로 나타났다. 수험생 응원하는 '아이스 찹쌀떡' 2종/SPC... ",
소포장 영양제,news,"경보제약, ‘반려동물 영양제’ 출시…“올해 수출 확대”",https://n.news.naver.com/mnews/article/018/0005435798?sid=101,경보제약이 반려동물 영양제를 출시했다. 올해는 수출을 확대해 반려동물 영양제 시장 개척에도 본격... 소포장 단위가 추가됨에 따라 필름형 제품이 생소한 반려인들도 부담 없이 구입할 수 있게 됐다. 앞서 지난해... ,
소포장 영양제,news,"효돈감귤, 제 값 받으려면 적기에 수확해야",http://www.aflnews.co.kr/news/articleView.html?idxno=163081,"이 전무는 &quot;노지에서 하늘만 보고 농사를 짓는 시대가 지났기 때문에 생산 환경을 바꾸는 것을 검토해볼 필요가 있다&quot;며 &quot;신품종 식재, 영양제 살포, 소포장 전문화 등도 고려해야 하는 상황&quot;이라고 설명했다. 효돈감귤의... ",
소포장 영양제,news,헷갈리기 쉬운 일반약·의약외품 '분리진열' 이렇게,http://www.dailypharm.com/News/186431,"어린이영양제의 경우도 텐텐츄정과 쎄쎄는 일반약이지만 그 밖에 소포장캐릭터 영양제는 의약외품 및 기타로 분리진열해야 하며 가글에는 헥사메딘과 케어가글이 일반약, 가그린과 세스타임, 리스테린은 의약외품으로... ",
소포장 영양제,news,[에너지경제신문 오프라인] 먼저 만나는 에너지경제신문 헤드라인 - 1월...,http://www.ekn.kr/news/article.html?no=336187,"롯데마트, 소포장 영양제로 건강 챙기세요 ◇기획 보험사 체질개선 &quot;건전성 강화하라&quot; 삼성생명 &quot;고객중심… 설계사 채널 확대&quot; 현대해상 올해 리스크 선제적 대응 박차 KB손보 직원·고객중심 경영 디지털금융... ",
소포장 영양제,news,[새상품]삼아약품 外,https://n.news.naver.com/mnews/article/020/0000292024?sid=101,"[동아일보] ▽삼아약품은 어린이 영양제 노마골드 소포장(사진)을 새로 개발해 4월부터 시판한다. 캐러멜 형태로 레몬 포도 멜론 딸기 등 4가지 과일 맛을 넣었다. 시력 발달에 좋은 비타민A, 골격 형성에 좋은 비타민C... ",
소포장 영양제,news,"기능성 식품사료, 종합영양제 등…대구펫쇼에 등장한 반려동물 아이템...",http://www.idaegu.com/newsView/idg202206120053,"지역 업체들은 생과일 100% 인섹트 프리미엄 사료, 종합영양제, 반려견 전용 향수, 유모차 등을 선보여 눈길을... 참외를 기반으로 하나 다른 과일과 식용곤충, 어류의 단백질 로도 진공상태로 소포장해 판매했다. 강아지... ",
소포장 영양제,news,&quot;애들 영양제 뭐 먹여?&quot; 여기에 공개해도 될까요,https://n.news.naver.com/mnews/article/047/0002338435?sid=103,&lt;기자말&gt; &quot;애들 영양제 뭐 먹여?&quot; 겨울방학이 되면 단톡방에 자주 올라오는 질문이다. 왠지 다음 학기에 대한... 가염버터 20g(낱개 소포장된 버터를 사용하면 쉽다)을 프라이팬에 녹인 후 썰어놓은 마늘을 넣어 볶는다(이때... ,
소포장 영양제,news,"&quot;이대목동병원 사건, 소포장 약품 대책 마련하고 주말·야간 약사 배치...",http://www.medigatenews.com/news/2914219236,"소청과의사회는 “미숙아에게 주는 지질영양제의 최소용량은 100㎖였고 미숙아에 맞는 20~30㎖짜리 소포장 단위 약품이 없었다”라며 “지질영양제는 100ml에 7393원에 불과한데도, 복지부가 병원에 이를 나눠서 주도록... ",
소포장 영양제,news,유명 게임사 창업자가 '영양제' 사업에 뛰어든 이유,https://byline.network/?p=9004111222454239,"그것도 온라인 소프트웨어만 만들었던 사람이 한국콜마 등과 손잡고 영양제를 스물한종이나 직접 만들고, 또 이걸 소포장하는 공장을 세워 구독자에 직접 배송하는 서비스를 기획하다니. 창업이 취미인 사람 중에 다양한... ",
소포장 영양제,news,일동·GC녹십자 이어 유한도…소포장 비타민 줄이어,http://www.kpanews.co.kr/article/show.asp?idx=196833&table=article&category=D,여기에 비타민 및 영양제는 필요할 때마다 찾게 되는 진통제 등의 의약품과는 달리 중간에 복용을 관두는 경우도 흔하거니와 복용의무도가 떨어지는 것이 일반적이다. 소포장은 약통에 덜어다닐 필요도 없거니와 휴대도... ,
소포장 영양제,news,소포장에 이색세트… 바뀌는 추석선물 트렌드,https://n.news.naver.com/mnews/article/396/0000489929?sid=103,"집중됐고, 소포장 식품, HMR(간편가정식) 등 1인 가구을 위한 선물세트가 대거 등장 했다. 기존 선물세트에... 비타민·영양제·홍삼제품 등 건강기능식은 대포장 식품 선물세트를 꺼리는 1인가구가 반기는 선물... ",
소포장 영양제,news,비타민 영양제 3대 키워드는 '고함량‧멀티‧천연',http://www.kpanews.co.kr/article/show.asp?idx=203640&table=article&category=H,여기에 비타민 및 영양제는 필요할 때마다 찾게 되는 진통제 등의 의약품과는 달리 중간에 복용을 관두는 경우도 흔하거니와 복용의무도가 떨어지는 것이 일반적이다. 소포장은 약통에 덜어다닐 필요도 없거니와 휴대도... ,
소포장 영양제,news,"&quot;호핑족을 잡아라&quot;…제약업계, 소포장 제품 선보여",http://www.ekn.kr/news/article.html?no=353162,조아제약은 바쁜 일상으로 쉽게 지치고 아픈 현대인의 건강 증진을 위한 종합영양제 ‘조아토닉캡슐’ 소포장 제품을 출시했다. ‘조아토닉캡슐’은 정상적인 인체 대사에 필요한 필수아미노산 과 비타민의 복합... ,
소포장 영양제,news,"유통 채널들까지 참전한 건기식 전쟁…식품사들, 진입 눈치만 보는 이유",https://www.greened.kr/news/articleView.html?idxno=336987,B마트 내 건강·식단관리 카테고리 거래액이 전월 대비 25% 증가하는 등 '장보며 영양제 함께 담기' 수요가 늘어난 점을 겨냥했다. 오프라인에선 균일가 생활용품점 다이소의 활약에 눈길이 간다. 다이소는 저가 소포장... ,
소용량 영양제,news,약국 대신 다이소에서 영양제 쇼핑… 제약사도 가성비 경쟁,https://n.news.naver.com/mnews/article/014/0005521130?sid=103,"1000~5000원대의 소용량 제품은 소비자 진입 장벽을 크게 낮추며, 생활용품 구매 동선 안에서 자연스럽게... 6~12일분 소용량 구성과 저가 전략을 결합해 일상적인 섭취를 유도한 것이 특징이다. 동화약품 역시 '편안 활' 등... ",
소용량 영양제,news,친환경 물결에 동참하는 케냐 비료 시장 동향,http://dream.kotra.or.kr/kotranews/cms/news/actionKotraBoardDetail.do?SITE_NO=3&MENU_ID=180&CONTENTS_NO=1&bbsGbn=243&bbsSn=243&pNttSn=241282,"특수 영양제 케냐 (소용량 포장으로 원예 및 도시 농부 대상 액상 비료 유통망 확보) [자료: KOTRA 나이로비무역관 종합] 케냐 내 유기질 비료 유통은 여전히 물류 인프라의 한계, 특히 외곽 농촌 지역으로의... ",
소용량 영양제,news,"&quot;소용량·가성비 영양제&quot;…배민B마트, 필수 영양제 4종 단독 출시",https://n.news.naver.com/mnews/article/421/0008770333?sid=101,배달의민족(배민) 운영사 우아한형제들은 12일부터 동아제약과 협업해 필수 영양제 4종을 B마트에서 단독... 특히 불황형 소비 트렌드인 '소용량·가성비'를 선호하는 현상이 지속되고 있다. B마트 건강기능식품 핵심... ,
소용량 영양제,news,"센트럴팜, 메리루스 베스트셀러 ‘모닝 액상 멀티비타민’ 450ml 소용량...",https://n.news.naver.com/mnews/article/396/0000742049?sid=103,"센트럴팜 이종욱 사업총괄본부장은 “기존 대용량 제품은 장기간 꾸준한 섭취를 원하는 소비자에게 적합했다면, 이번 450ml 소용량 제품은 처음 액상 영양제를 접하는 소비자나 가족 단위로 다양한 연령대가 함께... ",
소용량 영양제,news,&quot;1019702 사봤어?&quot; 품번이 입소문 타…다이소가 바꾼 쇼핑의 문법,https://n.news.naver.com/mnews/article/008/0005353094?sid=101,"건강기능식품 전문 브랜드들이 다이소 전용 소용량 제품을 출시하면서, 소비자들이 부담 없이 새로운 영양제를 시험해볼 수 있는 플랫폼이 됐다. 다이소 경쟁사가 올리브영·이마트? 다이소가 올리브영, 이마트와... ",
소용량 영양제,news,고물가에 판이 바뀌었다...약국 대신 다이소 향하는 제약사들,https://www.ebn.co.kr/news/articleView.html?idxno=1709365,"다이소 판매 제품은 주로 1개월분 소용량 형태로 구성됐으며, 전국 1500여개 매장을 기반으로 한 대량 판매... 보령컨슈머헬스케어가 선보인 '보령 리베펫 닥터'는 다이소 최초의 반려동물 영양제 브랜드로, 기존 영양 간식... ",
소용량 영양제,news,올영·편의점에 배민까지… '소용량 건기식' 경쟁 치열,https://it.chosun.com/news/articleView.html?idxno=2023092157156,"배달의민족 운영사 우아한형제들은 12일부터 동아제약과 협업한 '5000원 필수 영양제 4종'을 B마트에서 단독 판매한다. 멀티비타민, 루테인, 오메가3, 프로바이오틱스 등을 1개월 분량의 소용량으로 구성해 가격... ",
소용량 영양제,news,"배민B마트, 동아제약과 ‘5000원 균일가’ 필수 영양제 4종 출시",https://www.dizzotv.com/site/data/html_dir/2026/02/12/2026021280035.html,배달의민족 운영사 우아한형제들은 동아제약과 협업해 ‘5000원 필수 영양제 4종’을 B마트에서 단독... 특히 불황형 소비 트렌드인 ‘소용량’·’가성비’를 선호하는 현상이 지속되고 있다. B마트 건강기능식품 핵심... ,
소용량 영양제,news,"&quot;영양제도 퀵커머스&quot;⋯배민 B마트, 새 격전지로 부각",https://n.news.naver.com/mnews/article/031/0001007195?sid=101,"소비자들 사이에서 소용량 가성비 건강기능식품(건기식) 소비 패턴이 뚜렷해지면서, 제약사들이 다이소... 균일가 5000원에 맞춘 '셀파렉스' 영양제를 출시했다. 제품은 멀티비타민, 루테인지아잔틴, 프로바이오틱스, rTG... ",
소용량 영양제,news,"배민, 배민페스타·영양제 기획전 등 진행...고물가 속 이용자 공략",https://www.techm.kr/news/articleView.html?idxno=149771,이 일환으로 동아제약과 협업해 '5000원 필수 영양제 4종'을 B마트에서 단독 출시했다. / 사진=우아한형제들... 특히 불황형 소비 트렌드인 소용량·가성비를 선호하는 현상이 지속되고 있다. B마트 건강기능식품 핵심... ,
소용량 영양제,news,"배민B마트-동아제약, '5000원 균일가' 필수 영양제 4종 눈길",http://www.00news.co.kr/news/articleView.html?idxno=101869,이번 협업은 특히 2030 여성층을 중심으로 소용량·실속형 제품을 선호하는 '웰니스 소비' 트렌드가 확산됨에 따라 기획됐다. 우아한형제들은 12일부터 동아제약과 협업해 '5000원 필수 영양제 4종'을 B마트에서 단독... ,
소용량 영양제,news,"&quot;영양제도 가성비&quot; 배민 B마트, 동아제약과 5000원 균일가 영양제 4종 출...",https://n.news.naver.com/mnews/article/277/0005721024?sid=101,배달의민족 운영사 우아한형제들은 동아제약과 협업해 '5000원 필수 영양제 4종'을 B마트에서 단독... 불황형 소비 트렌드인 소용량·가성비를 선호하는 현상도 지속되고 있다. B마트 건강기능식품 핵심 구매층은 25~34세... ,
소용량 영양제,news,"배민B마트, 동아제약과 5000원 균일가 영양제 출시",https://www.newsclaim.co.kr/news/articleView.html?idxno=3055552,필수 영양제 4종을 배민B마트에서 단독 출시한다. 우아한형제들 제공 배달의민족 운영사 우아한형제들(대표... 가격의 소용량·실속형 제품을 선호하고 재구매율도 높은 것으로 나타났습니다. 실제 지난해 여름 진행한... ,
소용량 영양제,news,&quot;영양제도 배달&quot;…배민B마트-동아제약 '5000원 영양제' 출시,https://n.news.naver.com/mnews/article/008/0005317560?sid=105,장을 보면서 영양제를 함께 구매하는 경향이 강했다. 장기 복용 제품보다 가격 부담이 적은 소용량 제품 선호도도 높았다. 실제 지난해 여름 진행한 소용량 기획전에서는 거래액이 전주 대비 20% 이상 늘었다. 추석... ,
소용량 영양제,news,"배민B마트, 동아제약과 '5000원 균일가' 필수 영양제 4종 출시",https://www.cnbnews.com/news/article.html?no=778869,배달의민족 운영사 우아한형제들이 동아제약과 협업해 ‘5000원 필수 영양제 4종’을 B마트에서 단독... 특히 불황형 소비 트렌드인 ‘소용량’·’가성비’를 선호하는 현상이 지속되고 있다. B마트 건강기능식품 핵심... ,
소용량 영양제,news,"배민B마트, 동아제약과 ‘5000원 균일가’ 필수 영양제 4종 출시",https://www.inthenews.co.kr/news/article.html?no=83125,"멀티비타민, 오메가3 등 현대인 필수 영양제…고물가 시대 '가성비' 구성 1월 건강 카테고리 주문액 25% 증가... 특히, 불황형 소비 트렌드인 '소용량'·'가성비'를 선호하는 현상이 지속되고 있습니다. B마트 건강기능식품... ",
소용량 영양제,news,"배민B마트, 동아제약과 5000원 영양제 4종 단독 출시...설 앞두고 가성비...",https://www.joongangenews.com/news/articleView.html?idxno=495412,"|중앙이코노미뉴스 윤남웅 기자|배민B마트, 동아제약과 '5000원 균일가' 필수 영양제 4종 출시. [사진... 특히 불황형 소비 트렌드인 '소용량'·'가성비'를 선호하는 현상이 지속되고 있다. B마트 건강기능식품 핵심... ",
소용량 영양제,news,&quot;배민에서 가성비 영양제 배달하세요&quot;,https://n.news.naver.com/mnews/article/138/0002217925?sid=101,배달의민족(배민) 운영사 우아한형제들은 12일부터 동아제약과 협업해 5000원 필수 영양제 4종’을... 특히 불황형 소비 트렌드인 소용량·가성비를 선호하는 현상이 지속되고 있다. B마트 건강기능식품 핵심 구매층은 25... ,
소용량 영양제,news,&quot;가성비 영양제도 배민B마트서&quot;…'5천원 균일가' 필수 영양제 출시,https://www.m-i.kr/news/articleView.html?idxno=1336726,배민B마트가 동아제약과 협업해 '5000원 필수 영양제 4종'을 B마트에서 단독 출시한다. 사진=우아한형제들... 특히 불황형 소비 트렌드인 '소용량'·'가성비'를 선호하는 현상이 지속되고 있다. B마트 건강기능식품 핵심... ,
소용량 영양제,news,"배민B마트, 동아제약과 손잡고 ‘5천 원 균일가’ 필수 영양제 선보여",https://www.seoultimes.news/news/article.html?no=2000091568,"중심 ‘소용량·실속형’ 수요 반영 제약사 협업으로 신뢰도 강화…웰니스 소비 확장에 상품군 확대... 배달의민족 운영사 우아한형제들은 12일부터 동아제약과 협업해 ‘5,000원 균일가 필수 영양제 4종’을... ",
소용량 영양제,news,"“배민에서 가성비 영양제 이용하세요” 배민B마트, 동아제약과 ‘5천 ...",http://www.thebigdata.co.kr/view.php?ud=202602120837533290a3c244e1c9_23,필수 영양제 4종'을 B마트에서 단독 출시한다고 밝혔다. 이번 상품은 고물가 시대에 가격과 품질을 모두... 특히 불황형 소비 트렌드인 '소용량'·'가성비'를 선호하는 현상이 지속되고 있다. B마트 건강기능식품 핵심... ,
소용량 영양제,news,"배민B마트·동아제약, '5천원 균일가' 필수 영양제 4종 출시",https://www.youthdaily.co.kr/news/article.html?no=212976,우아한형제들은 동아제약과 협업해 ‘5천원 필수 영양제 4종’을 B마트에서 단독 출시한다고 12일 밝혔다.... 특히 불황형 소비 트렌드인 ‘소용량’·’가성비’를 선호하는 현상이 지속되고 있다. B마트 건강기능식품... ,
소용량 영양제,news,"배민B마트, 동아제약 손잡고 ‘5000원 균일가’ 영양제 출시",https://n.news.naver.com/mnews/article/018/0006218068?sid=101,"배민B마트가 5000원 균일가 영양제로 ‘가성비 웰니스’ 수요 공략에 나섰다. 고물가 속 장보기와... 이들은 소용량·가성비 제품을 선호하며, 장을 보면서 함께 구매하는 경향이 강한 것으로 나타났다. 배민B마트... ",
소용량 영양제,news,“계산대 옆 비타민”…유통가 ‘건강코너’ 확대가 만든 일상 [영양제...,https://www.kukinews.com/article/view/kuk202601260116,"중심이던 영양제·건강기능식품이 유통 채널을 넓히며 일상 소비 공간으로 들어온 것이다. 다이소는 균일가 전략을 앞세워 가성비 건기식 시장을 열었고, 편의점들은 컨디션 관리 등 생활형 수요를 겨냥해 소용량... ",
소용량 영양제,news,"배민B마트, 동아제약과 ‘5천 원 균일가’ 필수 영양제 4종 출시",https://n.news.naver.com/mnews/article/119/0003059245?sid=101,배달의민족(이하 배민) 운영사 ㈜우아한형제들은 12일부터 동아제약과 협업해 ‘5000원 필수 영양제 4종’을... 특히 불황형 소비 트렌드인 ‘소용량’·’가성비’를 선호하는 현상이 지속되고 있다. B마트... ,
소용량 영양제,news,"배민B마트, 동아제약과 5,000원 균일가 영양제 출시",http://www.ttlnews.com/news/articleView.html?idxno=3079793,"필수 영양제 4종을 단독 출시했다고 12일 밝혔다. 이번 상품은 멀티비타민, 루테인지아잔틴, rTG오메가3, 프로바이오틱스 등 현대인에게 필요한 필수 영양소를 1개월치 소용량으로 구성했다. 배민B마트 운영사... ",
소용량 영양제,news,"배민B마트, 동아제약과 ‘5000원 필수 영양제 4종’ 단독 출시",https://www.socialvalue.kr/news/view/1065578618693395,"▲배민B마트가 동아제약과 협업해 ‘5,000원 필수 영양제 4종’을 B마트에서 단독 출시한다./사진... 특히 불황형 소비 트렌드인 ‘소용량’·’가성비’를 선호하는 현상이 지속되고 있다. B마트 건강기능식품 핵심... ",
소용량 영양제,news,"&quot;불법 아닙니다&quot;... 동아제약 영양제, 단돈 5000원에 득템가능한 곳",https://www.insight.co.kr/news/542897,"이들은 소용량 제품과 가성비를 중시하며, 장보기와 함께 영양제를 구매하는 패턴을 보입니다. 고물가 상황에서 소비자들이 합리적 가격으로 건강관리를 하려는 수요가 증가하면서 배민B마트는 이러한 '가성비 웰니스... ",
소용량 영양제,news,"배민B마트, 동아제약과 함께 '5천 원 균일가' 필수 영양제 4종 선봬",http://www.thefirstmedia.net/news/articleView.html?idxno=193488,필수 영양제 4종'을 B마트에서 단독 출시한다고 밝혔다. 이번 상품은 고물가 시대에 가격과 품질을 모두... 특히 불황형 소비 트렌드인 '소용량'·'가성비'를 선호하는 현상이 지속되고 있다. B마트 건강기능식품 핵심... ,
소용량 영양제,news,"배민B마트, 동아제약 협업해 '5천 원 균일가' 필수 영양제 4종 출시",https://www.startuptoday.co.kr/news/articleView.html?idxno=586081,"배달의민족(이하 배민) 운영사 우아한형제들은 12일부터 동아제약과 협업해 '5,000원 필수 영양제 4종'을... 특히 불황형 소비 트렌드인 '소용량'·'가성비'를 선호하는 현상이 지속되고 있다. B마트 건강기능식품 핵심... ",
소용량 영양제,news,"배민B마트, 동아제약과 ‘5000원 균일가’ 필수 영양제 4종 출시",https://www.ceoscoredaily.com/page/view/2026021209255030604,배달의민족(이하 배민) 운영사 우아한형제들은 동아제약과 협업해 ‘5000원 필수 영양제 4종’을 B마트에서... 특히 불황형 소비 트렌드인 ‘소용량’·’가성비’를 선호하는 현상이 지속되고 있다. B마트 건강기능식품... ,
소용량 영양제,news,"&quot;커피 한 잔 값&quot; 배민 B마트, 동아제약과 '5000원 필수 영양제' 4종 출시",https://www.financialpost.co.kr/news/articleView.html?idxno=247876,우아한형제들은 12일 동아제약과 협업해 '5000원 필수 영양제 4종'을 B마트에서 단독 출시한다고 밝혔다.... 특히 불황형 소비 트렌드인 '소용량'·'가성비' 선호 현상이 뚜렷하다. B마트 건강기능식품 핵심 구매층은 25~34세... ,
소용량 영양제,news,"배민B마트 '가성비 영양제' 출시 … 멀티비타민·오메가3, 5000원",https://www.ilovepc.co.kr/news/articleView.html?idxno=58153,"소용량·실속형 선호 뚜렷 배민이 동아제약과 협업해 출시한 건강기능식품 4종 (사진=우아한형제들) [디지털포스트(PC사랑)=이백현 기자] 배달의민족 운영사 우아한형제들이 동아제약과 협업해 5,000원 균일가 영양제... ",
소용량 영양제,news,"배민, B마트서 동아제약 필수영양제 출시…5000원 균일가",https://n.news.naver.com/mnews/article/030/0003398926?sid=101,"배달의민족 운영사인 우아한형제들은 12일부터 동아제약과 협업해 '5000원 필수 영양제 4종'을 B마트에서... 특히 불황형 소비 트렌드인 '소용량', '가성비'를 선호하는 현상이 지속되고 있다. B마트 건강기능식품 핵심... ",
소용량 영양제,news,다이소·편의점 향하는 건기식…새 유통창구 찾는 제약사들 [영양제 전...,https://www.kukinews.com/article/view/kuk202602030266,"제약사 관계자 B씨도 “온라인 검색이나 인공지능(AI)을 활용해 자신에게 맞는 영양제를 찾는 방식이 일상화됐다”며 “대용량 제품을 한 번에 구매하기보다는 소용량 제품으로 효능을 먼저 확인한 뒤, 맞을 경우 반복... ",
소용량 영양제,news,"우아한형제들, 동아제약과 웰니스 수요 겨냥한 영양제 출시 내용은?",http://www.newsworker.co.kr/news/articleView.html?idxno=414181,"우아한형제들이 동아제약과 협업해 '5,000원 필수 영양제 4종'을 B마트에서 단독 선보인다. 회사는 가격 부담을... 가격 효율성과 소용량 선호 현상도 고려됐다. 주요 구매층에서 부담이 적은 제품을 찾는 경향이... ",
소용량 영양제,news,"배민, 동아제약 필수 영양제 4종 5,000원 단독 판매",https://www.globale.co.kr/news/articleView.html?idxno=36577,"배달의민족(배민) 운영사 우아한형제들이 12일부터 동아제약과 협업해 5,000원 필수 영양제 4종을 B마트에서... 불황형 소비 트렌드인 소용량·가성비를 선호하는 현상이 지속되고 있다. B마트 건강기능식품 핵심... ",
소용량 영양제,news,"배민B마트, 동아제약 손잡고 ‘5천원 균일가’ 영양제 출시",https://www.ekn.kr/web/view.php?key=20260212027039033,배달의민족 운영사인 우아한형제들은 동아제약과 협업해 '5000원 필수 영양제 4종'을 B마트에서 단독... 불황형 소비 트렌드인 소용량·가성비 선호하는 현상도 짙어지고 있다. B마트 건강기능식품 핵심 구매층은 25세... ,
소용량 영양제,news,"배민B마트, 동아제약과 '5천원 균일가' 필수영양제 4종 출시",https://www.slist.kr/news/articleView.html?idxno=716397,우아한형제들이 12일부터 동아제약과 협업해 '5000원 필수 영양제 4종'을 배민B마트에서 단독 출시한다. 사진... 특히 불황형 소비 트렌드인 '소용량'·'가성비'를 선호하는 현상이 지속되고 있다. B마트 건강기능식품 핵심... ,
소용량 영양제,news,"배민B마트, 동아제약과 협업…균일가 영양제 출시",http://www.hansbiz.co.kr/news/articleView.html?idxno=816767,필수 영양제 4종'을 B마트에서 단독 출시한다고 12일 밝혔다. 이번 상품은 고물가 시대에 가격과 품질을... 불황형 소비 트렌드인 소용량·가성비를 선호하는 현상이 지속되고 있다. B마트 건강기능식품 핵심 구매층은 25... ,
소용량 영양제,news,"배민B마트, 동아제약과 균일가 필수 영양제 4종 출시",https://www.ziksir.com/news/articleView.html?idxno=123939,배민B마트과 동아제약이 협업해 출시한 '5000원 균일가' 필수 영양제 4종 이미지. [우아한형제들]... 특히 불황형 소비 트렌드인 '소용량'·'가성비'를 선호하는 현상이 지속되고 있다. B마트 건강기능식품 핵심 구매층은... ,
소용량 영양제,news,"[유통갤러리] 배민B마트, ‘5000원’ 필수 영양제 4종 출시 外",https://theviewers.co.kr/View.aspx?No=3973415,"뷰어스 전지현 기­자 gee7871@viewers.co.kr ◆배민B마트, 동아제약과 영양제 4종 단독 출시 배달의민족(이하... 장을 보면서 건강기능식품을 함께 구매하는 경향이 강하며, 장기 복용 제품보다 부담 없는 가격의 소용량... ",
소용량 영양제,news,"배민·동아제약, 가성비 영양제 4종 B마트 단독 출시",https://www.straightnews.co.kr/news/articleView.html?idxno=294916,"배달의민족 운영사 우아한형제들이 12일부터 동아제약과 협업해 '5,000원 필수 영양제 4종'을 B마트에서 단독... 우아한형제들은 향후 '소용량·가성비' 중심의 불황형 소비 트렌드를 반영한 맞춤형 건강상품 라인업을... ",
소용량 영양제,news,"배민, ‘5000원 영양제’로 건기식 시장 도전",https://n.news.naver.com/mnews/article/020/0003697300?sid=101,필수 영양제 4종’을 B마트에서 판매한다. 이번 협업은 배민 B마트 내 급증하는 ‘웰니스 소비’... GS25는 지난해 8월부터 5000원 이하 소용량 건기식 판매를 본격화했다. 현재 전국 5000여 개 매장을 건기식 특화... ,
소용량 영양제,news,"배민B마트, 동아제약과 협업한 5천 원 균일가 영양제 4종 출시",http://www.lawissue.co.kr/view.php?ud=202602121758533640204ead0791_12,"배달의민족 운영사 우아한형제들이 동아제약과 협업해 5,000원 균일가 영양제 4종을 B마트에서 단독... 특히 소용량과 가성비를 선호하는 2030 여성층의 구매 비중이 높은 점을 반영해 장기 복용 제품보다 부담 없는... ",
소용량 영양제,news,"배민B마트, 동아제약과 '5천 원 균일가' 필수 영양제 4종 출시",http://www.dailysmart.co.kr/news/articleView.html?idxno=120026,배달의민족(이하 배민) 운영사 우아한형제들은 12일부터 동아제약과 협업해 '5000원 필수 영양제 4종'을... B마트가 지난해 여름(8/27~9/9) 진행한 소용량 테마 기획전의 경우 거래액이 전주 대비 20% 이상 증가했다. 또 지난... ,
소용량 영양제,news,"배민B마트, 동아제약과 손잡고 5000원 필수영양제 출시",https://www.etoday.co.kr/news/view/2556142,필수 영양제 4종’을 B마트에서 단독 출시한다고 밝혔다. 이번 상품은 가성비 전략을 내세워 5000원... 장기 복용 제품보다 부담 없는 가격의 소용량 제품을 선호하는 것으로 파악됐다. 배민B마트 관계자는 “고물가... ,
소용량 영양제,news,"건국대 수의대 임상 검증 ‘아나포유® 옥스탑’, 간·항산화 케어에 30...",https://www.dailyvet.co.kr/news/newproduct/270406,"기존의 60정 포장 제품에 더해 30정 소용량 포장 제품을 추가로 선보이면서 첫 급여를 고민하는 보호자들도... 반려동물 영양제”라고 강조했다.아나포유®는 옥스탑 외에도 이뮨프로, 알앤유(R&amp;U), 헴프씨드오일, 바울콘... ",
소용량 영양제,news,"우리엔터프라이즈, ‘클라리온’ 영양제 4종 출시…“한 달에 3990원”",http://www.fntimes.com/html/view.php?ud=202601141031113980892e2583cc_18,클라리온은 일상에서 매일 믿고 섭취할 수 있는 품질에 초점을 맞춘 데일리 영양제 브랜드로... 특히 유기농 올리브오일 캡슐은 기존 스틱 형태 섭취에 부담을 느끼던 소비자 의견을 반영해 캡슐 타입으로 소용량... ,
소용량 영양제,news,"롯데마트, 소용량 영양제 3천원에 판매",https://n.news.naver.com/mnews/article/001/0009796963?sid=101,"롯데마트는 새해를 맞아 영양제를 찾는 고객을 위해 프로폴리스, 밀크씨슬 등 5종을 각 3천원에 판매한다. 2018.1.8 scape@yna.co.kr ▶기사제보 및 문의 ▶기자와 1:1 채팅  ▶최신 트렌드",
소용량 영양제,news,간편한 소용량 영양제로 건강 챙기세요,https://n.news.naver.com/mnews/article/001/0009796960?sid=101,"롯데마트는 새해를 맞아 영양제를 찾는 고객을 위해 프로폴리스, 밀크씨슬 등 5종을 각 3천원에 판매한다. 2018.1.8 scape@yna.co.kr ▶기사제보 및 문의 ▶기자와 1:1 채팅  ▶최신 트렌드",
소용량 영양제,news,새해 소용량 영양제로 건강 챙기세요,https://n.news.naver.com/mnews/article/001/0009796959?sid=101,"롯데마트는 새해를 맞아 영양제를 찾는 고객을 위해 프로폴리스, 밀크씨슬 등 5종을 각 3천원에 판매한다. 2018.1.8 scape@yna.co.kr ▶기사제보 및 문의 ▶기자와 1:1 채팅  ▶최신 트렌드",
소용량 영양제,news,다이소로 다 모인다,https://n.news.naver.com/mnews/article/082/0001380615?sid=101,"종근당건강 역시 소용량·소포장 전략을 앞세운 건기식 브랜드 '데일리와이즈'를 통해 멀티비타민, 오메가3, 혈당컷다이어트, 코엔자임Q10 등 6종과 구미 영양제 7종을 선보였다. 현재 다이소에 입점한 제약·식품기업의... ",
소용량 영양제,news,"우리엔터프라이즈, ‘클라리온’ 영양제 신제품 4종 출시",https://www.etoday.co.kr/news/view/2545657,‘클라리온’은 일상에서 매일 믿고 섭취할 수 있는 품질에 초점을 맞춘 데일리 영양제 브랜드로... 특히 유기농 올리브오일 캡슐은 기존 스틱 형태 섭취에 부담을 느끼던 소비자 의견을 반영해 캡슐 타입으로 소용량... ,
소용량 영양제,news,"우리엔터프라이즈, 데일리 영양제 브랜드 '클라리온' 신제품 4종 출시",https://www.econovill.com/news/articleView.html?idxno=725594,"회사 측에 따르면 클라리온은 일상에서 매일 믿고 섭취할 수 있는 품질에 초점을 맞춘 데일리 영양제... 타입으로 소용량 설계됐으며, 휴대성과 섭취 편의성을 강화했다고 강조했다. 건강기능식품 전문 계열사... ",
소용량 영양제,news,"1582만 방한객, 명품 대신 ‘K-일상품’ 담았다...언더웨어·영양제·편...",https://www.news2day.co.kr/article/20251229500240,"화장품, 영양제, 편의점 PB 간식 등 한국인의 일상 제품을 먼저 찾는 모습이다. [사진=한국관광데이터랩] 30일... 관광업계에서는 기념용 소용량 간식 패키지와 지역 미식 체험을 결합할 경우, 귀국 이후 온라인 재구매로... ",
소용량 영양제,news,[브리프]현대백화점 이마트 우아한형제들 롯데면세점 다이소 外,http://www.biztribune.co.kr/news/articleView.html?idxno=348952,"특히 2.5kg 미만 소용량 과일 선물세트는 명절 직전 80% 이상 매출이 발생할 만큼 핸드캐리 선물세트 비중이... ■배민B마트, 동아제약과 '5천 원 균일가' 필수 영양제 4종 출시 동아제약 '5천 원 균일가' 필수 영양제 4종... ",
소용량 영양제,news,"“가성비도 전략 경쟁”…편의점·대형마트·홈쇼핑, 소비 공략법 달라...",https://www.kukinews.com/article/view/kuk202603160207,"기존 온라인이나 약국에서 판매되는 대용량 제품과 달리 제약사와 협업해 2주분, 30일분 등 소용량 영양제와 비타민을 선보이는 방식이다. 세븐일레븐은 지난해 말 대웅제약과 함께 ‘2주 건강습관 프로젝트’를... ",
소용량 영양제,news,배민도 ‘건기식’ 출시? 5000원짜리 비타민도 배달된다,https://n.news.naver.com/mnews/article/032/0003427612?sid=101,건강기능식품이 생활용품점 다이소와 편의점 등에서 소용량·가성비 제품으로 판매되자 배달 플랫폼도 영양제를 출시하고 나섰다. 배달의민족(배민) 운영사인 우아한형제들은 동아제약과 협업해 ‘5000원 필수 영양제... ,
소용량 영양제,news,"유통 채널들까지 참전한 건기식 전쟁…식품사들, 진입 눈치만 보는 이유",https://www.greened.kr/news/articleView.html?idxno=336987,"균일가 '필수 영양제 4종'을 선보였다. 멀티비타민, 오메가3, 프로바이오틱스 등을 1개월 소용량으로 구성한 상품이다. B마트 내 건강·식단관리 카테고리 거래액이 전월 대비 25% 증가하는 등 '장보며 영양제 함께 담기... ",
소용량 영양제,news,"[KFE 유통로그]배민B마트·hy, 웰니스 시장 겨냥",https://www.kfenews.co.kr/news/articleView.html?idxno=654431,"배달의민족 운영사 우아한형제들은 12일부터 동아제약과 협업해 '5000원 필수 영양제 4종'을 B마트에서 단독... 건강기능식품 구매층의 79%는 25~34세 여성으로, '소용량·가성비' 제품 선호 경향이 뚜렷했다. 지난해 소용량... ",
소용량 영양제,news,"노삼석·조현민 한진 사장, 물류현장 점검 外 시몬스‧배민B마트‧롯데...",https://www.kukinews.com/article/view/kuk202602120244,"배민B마트, 동아제약과 ‘5000원 균일가’ 필수 영양제 4종 출시 배민B마트가 설 명절을 앞두고 국내 유명... 특히 불황형 소비 트렌드인 ‘소용량’·’가성비’를 선호하는 현상이 지속되고 있다. B마트 건강기능식품... ",
소용량 영양제,news,"[이슈포커스] '건강 챙기기도 시범용으로'…편의점, 소용량·저가로 건...",http://www.hansbiz.co.kr/news/articleView.html?idxno=765319,소용량 저가 상품으로 구성해 접근성을 높이고 시범용 가벼운 소비를 겨냥한다. 글로벌 시장조사기관... 세븐일레븐도 영양제 등 건강식품을 판매해 오고 있다. 지난해에는 알약과 액상을 한 번에 섭취하는 이중제형... ,
소용량 영양제,news,"[신제품] 웅진식품, '맥스타민' 출시…마시는 고함량 비타민 영양제",https://www.banronbodo.com/news/articleView.html?idxno=30955,"'마시는 영양제'를 콘셉트로 한 이번 제품에는 현대인에게 필수적인 10종의 비타민과 미네랄이 담겼다.... 120mL 소용량으로 제작돼 휴대성도 높였다. 아침 출근길이나 중요한 일정 전, 피로가 누적된 일상 등 다양한... ",
소용량 영양제,news,"'먹일까 말까' 고민 끝…반려동물 영양제 닥터레이, 체험 키트 출시",https://n.news.naver.com/mnews/article/421/0008316957?sid=101,한국반려동물영양연구소(대표 정설령)는 자사 반려동물 영양제 브랜드 '닥터레이(Dr. Ray)'의 대표 제품인 '마그네타'와 '오메가-3' 2종을 소용량으로 구성한 트라이얼 키트를 선보였다고 밝혔다. 17일 닥터레이에 따르면... ,
소용량 영양제,news,장마철 '댕댕이' 건강관리 빨간불…올바른 사료‧영양제 관리 필요,http://www.newsdream.kr/news/articleView.html?idxno=88067,사료나 영양제가 세균과 곰팡이에 쉽게 오염될 수 있는 만큼 반려견의 건강관리를 위해서는 무엇보다 올바른... 대용량보다는 소용량 제품을 구매하거나 지퍼백이나 밀폐용기에 산소와 습기가 들어가지 않도록 잘... ,
소용량 영양제,news,"영양제도 '올인원' 시대…대웅제약, 7가지 기능 담은 신제품 ‘합쎈’ ...",https://www.thepowernews.co.kr/view.php?ud=202507110903108890de3f0aa1be_7,복수의 건강기능식품을 따로 챙기기보다 한 번에 섭취하려는 소비자 수요가 늘면서 '영양제 복합시대... 성분을 소용량으로 구현했다. 또 장용성 코팅 기술인 ‘베어쉴드(BearShield)’ 공법은 위산에 민감한 유산균... ,
소용량 영양제,news,"국민 건강 챙기기 나선다, 편의점에 영양제 입점",https://bravo.etoday.co.kr/view/atc_view/16794,출시 상품은 인지도 높은 브랜드의 주력 상품을 1주~1개월 단위 소용량 패키지로 구성해 고객이 5000원대의 합리적인 가격으로 부담 없이 구매하도록 했다. 또 기능별로 다양한 라인업을 갖췄다. GS25는 건강기능식품... ,
소용량 영양제,news,"너도나도 건기식 시장 진출, 유통가 휩쓴 '헬시 플레저' 바람 [트렌드경...",https://n.news.naver.com/mnews/article/088/0000974672?sid=101,"다이소에서 종종 건기식을 구매한다는 직장인 김모(43) 씨는 &quot;챙겨 먹는 영양제 종류가 많은 편인데, 꾸준히 먹는 것들은 주로 약국에서 사지만 이 외에는 저렴한 제품을 선호한다&quot;며 &quot;소용량으로 낮은 가격에 판매하니... ",
소용량 영양제,news,약국서 3만원 영양제가 다이소에선 3000원?,https://n.news.naver.com/mnews/article/022/0004014851?sid=101,"영양제 가격 논란에 약사들 “부글부글” vs 소비자는 &quot;환영&quot; 초저가 생활용품 판매점 다이소가 영양제 등... 기존 건기식은 3개월분이나 6개월분으로 이뤄졌으나, 다이소에서 유통되는 건 1개월분으로 소용량이다. 한 달... ",
소용량 영양제,news,[Weekly New펫] 소중한 반려동물 간식·영양제 뭘 고를까,https://biz.newdaily.co.kr/site/data/html/2025/02/13/2025021300201.html,10g의 소용량 스틱형 제품이라 급여와 휴대가 편리하다. 일동후디스 후디스펫은 ‘산양유초유케어’와 ‘크랜베리케어’를 출시하며 반려동물 건강을 위한 영양제 라인업을 확장했다. 후디스펫 산양유초유케어는 근육과... ,
소용량 영양제,news,'단돈 3000원' 난리 난 다이소 건기식…오히려 더 비싼 거라고? [이슈+],https://n.news.naver.com/mnews/article/015/0005100913?sid=103,"멀티비타민, 프로바이오틱스(유산균), 코엔자임 큐텐 등의 영양제들로 1개월분 소용량이 3000~5000원에 판매된다. 대웅제약은 루테인, 오메가3, 멀티비타민 미네랄, 비오틴, 철분 등 총 26종으로 가장 많은 제품을 출시했다.... ",
소용량 영양제,news,[Why] 유통사는 뛰어드는데 식품사는 관망하는 건기식 이유는,https://n.news.naver.com/mnews/article/366/0001143909?sid=101,"24일 관련 업계에 따르면 배달의민족은 동아제약과 협업해 배민B마트에서 5000원 균일가 소용량 영양제를 최근 출시했다. 다이소는 저가·소포장 건기식을 매장 전면에 배치했다. 편의점 GS25, CU 등도 전용 매대를 운영하고... ",
소용량 영양제,news,3만원 영양제가 다이소는 3000원?… “제약사 괘씸” 약사들 부글부글,https://n.news.naver.com/mnews/article/023/0003890169?sid=102,"초저가 생활용품 판매점 다이소가 영양제 등 건강기능식품(건기식) 판매에 나서자 약사들 사이에서 불만이... 기존 건기식은 3개월분이나 6개월분으로 이뤄졌으나, 다이소에서 유통되는 건 1개월분으로 소용량이다. 한 달... ",
소용량 영양제,news,[기획] 유통 채널의 반격… 불황형 히트상품 쏟아내,https://www.m-i.kr/news/articleView.html?idxno=1337050,배달의민족 B마트는 동아제약과 협업해 5000원 균일가 소용량 영양제를 단독 출시하고 전월 대비 관련 거래액을 25% 끌어올렸다. 고가 상품이 매출 신장을 담당하는 백화점과 홈쇼핑 채널마저 불황형 마케팅으로... ,
소용량 영양제,news,직장인의 적 '춘곤증'…'서브푸드'로 해소?,http://www.metroseoul.co.kr/news/newsview?newscd=2018032600057,"그래서 영양제, 소용량 과일, 츄잉푸드 등 를 다양한 서브푸드를 살펴본다. 비타민 영양제는 활력을 되찾는데 큰 도움을 준다. 종근당은 활성비타민인 벤포티아민을 포함한 비타민 B군 9종과 코엔자임Q10, 비타민C·D·E 등을... ",
소용량 영양제,news,"[유통가 투데이] 롯데百, 추석 소용량·소포장 세트 30% 확대 外",https://it.chosun.com/news/articleView.html?idxno=2023092122890,"4주차(23~29일)에는 본격적인 가을을 맞이해 커피, 티, 건강즙, 영양제 등 '환절기 식품' 테마관을 운영한다.... ◇롯데백화점, 추석 소용량·소포장 세트 30% 확대 롯데백화점은 추석을 맞이해 소용량·소포장 세트를... ",
소용량 영양제,news,"롯데마트·슈퍼, 소용량 과일 전년비 2배 확대.. SSG닷컴, 여름철 건강·...",http://www.4th.kr/news/articleView.html?idxno=2064105,"포쓰저널 문기수 기자 사진=롯데마트 ◇ 롯데마트·슈퍼, 소용량 과일 상품 전년대비 2배 확대 롯데마트... 13일은 '홍삼', 14일엔 '영양제', 15일 및 16일은 '시니어 및 어린이 건강식품'을 살펴볼 수 있다. 단 하루만... ",
소용량 영양제,news,"초저가 비타민·유산균 꺼낸 다이소, 건강기능식 시장서도 메기 될까",https://n.news.naver.com/mnews/article/025/0003423085?sid=101,"멀티비타민, 프로바이오틱스(유산균), 코엔자임 큐텐 등의 영양제들로 1개월분 소용량이 3000원, 5000원에 판매된다. 이르면 다음 달부터 종근당건강도 10여 종을 다이소에 출시한다. ㈜아성다이소 관계자는 “다이소의... ",
소용량 영양제,news,“마트에서 꼭 사라”… 의사도 먹는다는 ‘건강식’ 5가지,https://n.news.naver.com/mnews/article/346/0000108394?sid=103,"이원경 원장은 “알약이나 영양제 형태로 복용하는 것은 추천하지 않는다”며 “두부전, 두유, 볶음콩... 이원경 원장은 “소용량 제품이나 1회분 포장제품을 구매해 보관을 하지 않는 편”이라고 말했다. ▷등푸른 생선... ",
소용량 영양제,news,"대웅펫, '임팩타민펫 강아지·고양이 2종' 30정 소용량 선봬",http://www.thefirstmedia.net/news/articleView.html?idxno=134301,"임팩타민펫 30정은 지난 2022년 임팩타민펫 60정 출시 이후, 한 달 간만 섭취해 볼 수 있는 소용량 체험분을... 종합영양제 부문에서 지속적으로 큰 관심을 받고 있다. 또한, 11월 글로벌 쇼핑 플랫폼 큐텐(Qoo10)의 일본... ",
소용량 영양제,news,"대웅펫, '임팩타민펫 강아지·고양이 2종' 소용량 출시",http://www.newsbrite.net/news/articleView.html?idxno=178985,"임팩타민펫 30정은 지난 2022년 임팩타민펫 60정 출시 이후, 한 달 간만 섭취해 볼 수 있는 소용량 체험분을... 종합영양제 부문에서 지속적으로 큰 관심을 받고 있다. 또한, 11월 글로벌 쇼핑 플랫폼 큐텐의 일본 온라인몰 및... ",
소용량 영양제,news,"대웅펫, '임팩타민펫 강아지·고양이 2종' 1개월분 소용량 출시",http://www.enewstoday.co.kr/news/articleView.html?idxno=2067959,"임팩타민펫 30정은 지난 2022년 임팩타민펫 60정 출시 이후, 한 달 간만 섭취해 볼 수 있는 소용량 체험분을... 종합영양제 부문에서 지속적으로 큰 관심을 받고 있다. 또 11월 글로벌 쇼핑 플랫폼 큐텐(Qoo10)의 일본... ",
소용량 영양제,news,"대웅펫, 임팩타민펫 강아지·고양이 2종 한달 분 소용량 출시",https://it.chosun.com/news/articleView.html?idxno=2023092106441,"임팩타민펫 30정은 지난 2022년 임팩타민펫 60정 출시 이후, 한 달 간만 섭취해 볼 수 있는 소용량 체험분을... 종합영양제 부문에서 지속적으로 큰 관심을 받고 있다. 또한 11월 글로벌 쇼핑 플랫폼 큐텐(Qoo10)의 일본... ",
소용량 영양제,news,"대웅펫, 임팩타민펫 강아지·고양이 2종 소용량 출시",http://www.economytalk.kr/news/articleView.html?idxno=247326,"임팩타민펫 30정은 지난 2022년 임팩타민펫 60정 출시 이후 소용량 체험분을 구매하기 원하는 소비자 니즈를... 종합영양제 부문에서 지속적으로 큰 관심을 받고 있다. 또한, 11월 글로벌 쇼핑 플랫폼 큐텐(Qoo10)의 일본... ",
소용량 영양제,news,대웅펫 '임팩타민펫 강아지·고양이' 2종 1개월분 소용량 출시,https://www.medipana.com/article/view.php?news_idx=320383&sch_cate=D,"임팩타민펫 30정은 지난 2022년 임팩타민펫 60정 출시 이후, 한 달 간만 섭취해 볼 수 있는 소용량 체험분을... 종합영양제 부문에서 지속적으로 큰 관심을 받고 있다. 또한, 11월 글로벌 쇼핑 플랫폼 큐텐(Qoo10)의 일본... ",
소용량 영양제,news,"지역 장인 손길 담은 장류, 주류 등 ‘명인&amp;명작’을 설 선물로..",https://n.news.naver.com/mnews/article/417/0000082032?sid=101,"또 세노비스 영양제, 소용량 홍삼 제품 등 건강기능식품 구색도 대폭 강화했다. 유산소 운동 기구인 ‘숀리 엑스바이크’(179000원), ‘숀리 원더코어 스마트’(69000원)과 컬러풀한 디자인의 요가 매트 2종 등 좁은... ",
소용량 영양제,news,"세븐일레븐, 미니조미료·견과류 등 ‘싱글족’ 최적합 설 선물세트 선...",http://www.ajunews.com/view/20150114012937679,"세노비스 영양제, 소용량 홍삼 제품 등 건강기능식품 구색도 대폭 강화했다. 유산소 운동 기구인 ‘숀리 엑스바이크’(179000원), ‘숀리 원더코어 스마트’(69000원)와 컬러풀한 디자인의 요가 매트 2종 등 좁은... ",
소용량 영양제,news,"세븐일레븐, ‘싱글족’ 최적합 설 선물 선보인다",https://n.news.naver.com/mnews/article/277/0003411727?sid=101,"또 세노비스 영양제, 소용량 홍삼 제품 등 건강기능식품 구색도 대폭 강화했다. 유산소 운동 기구인 ‘숀리 엑스바이크’(17만9000원), ‘숀리 원더코어 스마트’(6만9000원)과 컬러풀한 디자인의 요가 매트 2종 등... ",
소용량 영양제,news,"세븐일레븐 VS GS25, 설 선물세트 어디서 살까",http://www.econovill.com/news/articleView.html?idxno=230788,"여성을 위해서는 캔들세트와 소용량 영양제, 좁은 공간을 활용할 수 있는 운동기구, 애완용품 등을, 남성을 위해서는 무인항공체 드론과 보급형 3D프린터까지 준비됐다. 아울러 고추장, 된장 세트와 문배주, 이강주... ",
소용량 영양제,news,올해 편의점 설 선물세트 키워드는 '싱글족'으로 통한다,https://n.news.naver.com/mnews/article/277/0003411797?sid=101,"해외 유명 향초 브랜드인 ‘양키캔들’의 ‘보티브 캔들 세트’(1만2900원), ‘자캔들’ 623g(3만원), 411g(2만9000원) 2종 등 총 3종을 판매하고 또 세노비스 영양제, 소용량 홍삼 제품 등 건강기능식품 구색도 대폭... ",
소용량 영양제,news,병원서 필수 된 영양집중지원팀 &quot;수가 현실화 시급&quot;,https://www.medicaltimes.com/Main/News/NewsView.html?ID=1149713&ref=naverpc,따라서 NST가 과학적인 계산법을 통해 개별 환자마다 맞춤 영양치료법을 컨설팅해 그 방안에 맞춰 치료스케쥴을 적용하고 필요시 소용량의 정맥 영양제 등을 활용한 SPN을 적용하는 방법으로 역할을 수행하는 것이다.... ,
소용량 영양제,news,"설 선물전, 실속 vs 프리미엄 vs 차별화",http://www.econovill.com/news/articleView.html?idxno=231348,"주요 타깃은 혼자 사는 싱글족으로 18개 다양한 맛의 미니 조미료 세트, 세척 사과 12입 세트부터 양키 캔들 세트와 소용량 영양제, 좁은 공간을 활용할 수 있는 운동기구, 애완용품, 심지어 무인항공체 드론과 보급형... ",
소용량 영양제,news,"닥터뮨, 원육 95%이상 함유 반려동물 영양 간식 ‘데일리 미니캔’ 4종 ...",https://n.news.naver.com/mnews/article/468/0001224241?sid=101,"- ‘데일리 미니캔’ 4종출시, 강아지·고양이 겸용 30g 소용량 캔, - 원육 중심 영양 설계에 기능성 성분 배합… 데일리 미니캔 4종 출시 반려동물 영양제 전문 브랜드 닥터뮨(dr.mune)이 원물 함량 95% 이상(수분 제외 기준)... ",
소용량 영양제,news,"배달업계, 장보기 판 키운다",http://www.hansbiz.co.kr/news/articleView.html?idxno=821522,배달의민족은 동아제약과 협업해 '5000원 필수 영양제 4종'을 B마트에서 단독 출시했다. 이번 상품은 고물가... 불황형 소비 트렌드인 소용량·가성비 선호 현상도 지속되고 있다. B마트 건강기능식품 핵심 구매층은 25~34세... ,
소용량 영양제,news,"다이소 이어 배민까지…배민B마트, 5000원 건기식 출시",https://n.news.naver.com/mnews/article/015/0005250708?sid=101,다이소와 편의점이 주도하던 소용량 가성비 건기식 시장에 뛰어든 것이다. 배달의민족은 동아제약과 손잡고 '5000원 필수 영양제 4종'을 배민B마트에서 출시한다고 12일 밝혔다. 제품은 △멀티비타민 △루테인지아잔틴... ,
소용량 영양제,news,소박해진 설 선물세트…유통업계 소용량 판매 주력,http://www.joongdo.co.kr/jsp/article/article_view.jsp?pq=201502080309,"8일 유통업계에 따르면 갤러리아백화점은 1~2인 가구를 타깃으로 한 소용량 선물세트 품목을 늘렸다.... 세븐일레븐은 미니조미료, 영양제, 견과류, 운동용품 등 싱글족을 위한 설 선물을 대폭 출시했다. 싱글족의 건강한... ",
소용량 영양제,news,비타민 영양제 3대 키워드는 '고함량‧멀티‧천연',http://www.kpanews.co.kr/article/show.asp?idx=203640&table=article&category=H,가능한 소용량 포장을 선호하는 형태가 늘어난다는 것이다. 여기에 비타민 및 영양제는 필요할 때마다 찾게 되는 진통제 등의 의약품과는 달리 중간에 복용을 관두는 경우도 흔하거니와 복용의무도가 떨어지는 것이... ,
소용량 영양제,news,"'5천원 비타민'도 배달 … 배민B마트, 동아제약 손잡고 저가 건기식 시...",https://biz.newdaily.co.kr/site/data/html/2026/02/12/2026021200075.html,배달의민족 운영사 우아한형제들은 12일부터 동아제약과 협업해 ‘5000원 필수 영양제 4종’을 B마트에서... 특히 불황형 소비 트렌드인 ‘소용량’·‘가성비’를 선호하는 현상이 지속되고 있다. B마트 건강기능식품... ,
소용량 영양제,news,"&quot;이대목동 신생아 투약제, 소용량 아닌 대용량 사용&quot;",http://www.dailypharm.com/News/236372,질병관리본부가 소용량 제품이 있다는 사실을 확인시켰다. 소아 사용 안전문제와 관련해서는 세균 배양이... 앞서 윤 의원은 사태를 일으킨 여러 원인 중 지질영양제가 소포장이 제대로 안 돼 있다는 문제를 지적했다.... ,
